0.01 0.695208481875866 0.78472713079571 0.695356130988493 0.695356130988568 0.695356130988577 0.784727130795991 0.69709582919192 0.698285743884233 0.698704935890842 0.697187833138562
0.310581162324649 1.22282560252145 1.38776578253901 1.23111602921635 1.23111602921639 1.23111602921652 1.3877657825389 1.24441724671368 1.25148119152418 1.25367364450071 1.24329180019888
0.611162324649299 1.01035107396162 1.14930293163565 1.02391852770464 1.02391852770537 1.02391852770464 1.14930293163531 1.03671534916278 1.04290237535194 1.0447451856635 1.03464443200988
0.911743486973948 0.869488526292116 0.991003350014886 0.886972604583384 0.886972604583754 0.886972604583924 0.991003350015113 0.898214703006389 0.903333039391569 0.904820142079302 0.895544671721829
1.2123246492986 0.770364433919262 0.879679461569118 0.791023105727263 0.791023105726715 0.791023105727263 0.879679461569154 0.800588639114686 0.804761511807349 0.805953519347838 0.797503560574555
1.51290581162325 0.695977063281632 0.796242398246733 0.719330794417495 0.719330794418028 0.719330794417452 0.796242398246733 0.727287006086328 0.730649555534463 0.731598419773761 0.723897342052126
1.8134869739479 0.637448197612137 0.73069990402881 0.663155323418664 0.663155323418167 0.663155323418565 0.73069990402886 0.669615974256701 0.672282036354339 0.673027614499048 0.665994017946609
2.11406813627254 0.589757813218213 0.677396700521562 0.617559540163278 0.617559540163008 0.617559540163363 0.677396700521591 0.622646635266136 0.624708550328187 0.625281347841927 0.61884264931328
2.41464929859719 0.549849325703526 0.632888311378615 0.579541563303046 0.579541563303387 0.579541563303195 0.632888311378331 0.583373567330035 0.584906353079369 0.585330098909026 0.579424073760308
2.71523046092184 0.515747051613062 0.594948519549895 0.547164449444892 0.547164449445724 0.547164449444971 0.594948519549867 0.54985269404613 0.550917976213313 0.551211479913562 0.545785136542861
3.01581162324649 0.486111296268106 0.562068408333666 0.519117526599011 0.519117526599189 0.519117526599068 0.562068408333261 0.520765430955116 0.521414504498921 0.521592944256767 0.516600984053667
3.31639278557114 0.459997524858999 0.533185012151179 0.494479057709178 0.494479057709683 0.494479057709505 0.533185012151208 0.495182345360533 0.495458462059126 0.495534282422526 0.490937700918806
3.61697394789579 0.436717962950588 0.507525323927716 0.472579937288998 0.472579937288963 0.472579937288849 0.507525323927659 0.47242718112846 0.472367251836744 0.472350799876921 0.468115734661268
3.91755511022044 0.415757976498 0.484512040109209 0.452921407349365 0.452921407349656 0.452921407349287 0.484512040109529 0.451994646810071 0.451630518246702 0.45153050312225 0.447627313814593
4.21813627254509 0.3967233685728 0.463704171057941 0.43512325356371 0.43512325356361 0.435123253563539 0.463704171057735 0.433498587115416 0.432858011078444 0.432681842426213 0.429084381713757
4.51871743486974 0.37930594012348 0.444758261965632 0.418890005443451 0.418890005443728 0.418890005443359 0.444758261965561 0.416638125485804 0.415745504368381 0.415499545936413 0.412184581100568
4.81929859719439 0.363260268034274 0.427402283891837 0.403988196144212 0.403988196144162 0.403988196144383 0.427402283891773 0.401174859536113 0.4000518272695 0.399741590166698 0.396688341431464
5.11987975951904 0.34838760593717 0.41141758231155 0.390230650726323 0.390230650726096 0.390230650726544 0.411417582311678 0.386917088407088 0.385582968851317 0.385213260999386 0.382403030343497
5.42046092184369 0.334524436956876 0.396626102066257 0.377465373851585 0.377465373851315 0.377465373851926 0.396626102066207 0.373708646605401 0.372180819491042 0.371755862771941 0.369171733061798
5.72104208416834 0.321534139047507 0.38288116067573 0.365567528687095 0.365567528687123 0.365567528687322 0.382881160675623 0.361420836728811 0.35971503296782 0.359238556197596 0.356865145276252
6.02162324649299 0.309300770122697 0.370060660026319 0.354433538705514 0.3544335387055 0.354433538705671 0.370060660026468 0.349946492349154 0.348077034794578 0.347552348336499 0.345375606411949
6.32220440881764 0.29772431697311 0.35806201156641 0.343976680478448 0.343976680478399 0.343976680478953 0.358062011566211 0.339195538238151 0.337175539794487 0.336605596057545 0.334612637445154
6.62278557114229 0.286716956305554 0.346798285239082 0.334123740693791 0.334123740694409 0.334123740694118 0.346798285238975 0.32909162025755 0.326933148325317 0.326320591294646 0.324499553639363
6.92336673346693 0.2762000072955 0.336195249368792 0.324812447634052 0.324812447634294 0.324812447634351 0.336195249368792 0.319569514210905 0.317283728304588 0.316630934427693 0.314970860069117
7.22394789579158 0.266101331951354 0.326189066502444 0.315989472533339 0.31598947253336 0.315989472533722 0.326189066502337 0.310573108360245 0.308170376125226 0.307479488366162 0.305970223679367
7.52452905811623 0.25635298558781 0.316724481091207 0.307608858100693 0.307608858100409 0.307608858101332 0.316724481091207 0.302053816177818 0.29954381190926 0.298816768296881 0.297448877732513
7.82511022044088 0.246888935026881 0.307753378992466 0.299630769831587 0.299630769831097 0.299630769832341 0.307753378992615 0.293969314436545 0.2913611032671 0.290599661029887 0.28936435324114
8.12569138276553 0.237642653286201 0.299233632271232 0.292020494919662 0.292020494919363 0.29202049492028 0.299233632271317 0.286282530966929 0.283584641257967 0.282790397343057 0.281679461329439
8.42627254509018 0.228544358298777 0.291128164576712 0.284747632577684 0.284747632577222 0.284747632578203 0.291128164576797 0.278960825534497 0.276181311466054 0.275355720107264 0.274361469701375
8.72685370741483 0.219517577714576 0.283404189087662 0.2777854340396 0.277785434039579 0.277785434040354 0.283404189087584 0.271975321784453 0.269121817763981 0.268266205618495 0.267381430958785
9.02743486973948 0.210474563284471 0.276032582845247 0.271110260918412 0.271110260918554 0.27111026091923 0.276032582845225 0.2653003586707 0.262380126834195 0.261495706106309 0.260713630993237
9.32801603206413 0.201309789742787 0.268987369006261 0.264701137132015 0.264701137132114 0.264701137133024 0.268987369006467 0.25891303639694 0.255933008273637 0.255020888152686 0.2543351323935
9.62859719438878 0.191890242431313 0.262245286087875 0.258539376325594 0.25853937632592 0.258539376326539 0.262245286087811 0.252792838609736 0.249759651800879 0.248820848504153 0.248225394493339
9.92917835671343 0.182040182383041 0.255785427538264 0.25260827032006 0.252608270320572 0.252608270321289 0.255785427538186 0.246921316222526 0.243841346784123 0.242876792417796 0.242365955343132
10.2297595190381 0.17151604516463 0.249588938087996 0.246892826827086 0.246892826826993 0.246892826828557 0.249588938088102 0.241281821031151 0.238161212148668 0.237171762581362 0.236740163743711
10.5303406813627 0.159962813210143 0.243638756742207 0.241379547648506 0.241379547648719 0.241379547649828 0.243638756742179 0.235859280230812 0.232703967650565 0.231690409560912 0.231332952379184
10.8309218436874 0.146833350404066 0.237919398404379 0.236056240446558 0.23605624044616 0.236056240446445 0.237919398404394 0.230640004828579 0.227455739437055 0.226418796655985 0.226130645007878
11.131503006012 0.131227615557279 0.232416767113712 0.230911857963889 0.230911857964038 0.230911857963783 0.232416767113925 0.225611525812099 0.222403893687876 0.221344232958934 0.221120791562562
11.4320841683367 0.111540080008773 0.227117995909282 0.225936360411502 0.225936360412135 0.225936360411275 0.22711799590941 0.22076245369184 0.217536893889104 0.216455130137767 0.216292026755546
11.7326653306613 0.084581674480546 0.222011308729783 0.221120596999121 0.221120596999114 0.221120596999199 0.222011308729734 0.216082357405135 0.212844177686158 0.211740878888477 0.211633948244831
12 0.048724609460038 0.217622085692163 0.216964917704153 0.216964917704438 0.216964917704132 0.217622085692327 0.212054121072974 0.208809081598091 0.207687072484433 0.20762675810051
12.0066889632107 0.047594840570142 0.217514040056898 0.216862426289026 0.216862426288706 0.216862426288792 0.21751404005699 0.211954892725508 0.208709733599804 0.207587261427818 0.207528074255599
12.0133779264214 0.046450260080889 0.217406079659597 0.216760006335527 0.216760006335356 0.216760006335612 0.217406079659739 0.211855739292837 0.208610463038603 0.207487528051438 0.207429466206129
12.0200668896321 0.045290543940205 0.21729820439522 0.216657657762717 0.216657657763022 0.216657657762596 0.217298204395171 0.211756660682006 0.208511269820377 0.207387872259943 0.207330933859325
12.0267558528428 0.044115358634414 0.217190414157258 0.216555380488302 0.216555380488977 0.216555380488451 0.217190414157415 0.211657656798366 0.20841215384943 0.207288293957397 0.207232477121082
12.033246492986 0.042959903844356 0.21708590100716 0.216456203745317 0.216456203745238 0.216456203745459 0.217085901007103 0.211561659657178 0.208316050352813 0.20719174206863 0.207137011746646
12.0334448160535 0.042924360817388 0.217082708841119 0.216453174431507 0.216453174431443 0.21645317443123 0.217082708841161 0.211558727547271 0.208313115030656 0.207188793048736 0.207134095897906
12.0401337792642 0.041717196965827 0.216975088338366 0.216351039508922 0.216351039509185 0.216351039509085 0.216975088338387 0.211459872836279 0.208214153267924 0.207089369438158 0.207035790096029
12.0468227424749 0.040493503009302 0.216867552547612 0.2162489756425 0.216248975642159 0.21624897564238 0.216867552547583 0.211361092571764 0.208115268469832 0.206990023032262 0.206937559624386
12.0535117056856 0.039252903912555 0.216760101364365 0.216146982751603 0.216146982751646 0.216146982751425 0.216760101364422 0.211262386663172 0.208016460541437 0.206890753737127 0.206839404390863
12.0602006688963 0.037995013256101 0.216652734684082 0.21604506075704 0.21604506075689 0.216045060756905 0.216652734684068 0.211163755017246 0.207917729391816 0.206791561460143 0.206741324304829
12.066889632107 0.03671943283409 0.216545452399224 0.215943209573538 0.215943209573609 0.215943209573631 0.216545452399302 0.21106519753814 0.207819074921694 0.206692446102565 0.206643319269588
12.0735785953177 0.035425752151674 0.216438254414022 0.215841429130407 0.215841429130307 0.215841429130272 0.216438254414101 0.210966714141726 0.207720497046644 0.206593407578595 0.206545389201395
12.0802675585284 0.03411354800074 0.216331140616035 0.215739719338721 0.215739719338593 0.215739719338593 0.216331140615821 0.210868304727022 0.207621995663949 0.206494445787278 0.206447534000347
12.0869565217391 0.032782383911155 0.216224110904129 0.215638080122375 0.215638080122574 0.215638080122375 0.216224110904051 0.210769969205728 0.20752357068546 0.206395560637098 0.206349753578607
12.0936454849498 0.031431809686097 0.216117165173301 0.215536511398156 0.215536511398454 0.21553651139812 0.216117165173252 0.210671707482369 0.207425222013669 0.206296752032699 0.206252047841318
12.1003344481605 0.030061360797731 0.216010303321852 0.215435013089092 0.215435013089014 0.215435013089113 0.21601030332176 0.21057351946915 0.207326949559416 0.206198019882954 0.206154416700201
12.1070234113712 0.02867055785719 0.215903525246034 0.215333585116305 0.215333585116376 0.215333585116191 0.215903525246063 0.210475405072444 0.207228753229231 0.20609936409511 0.206056860063811
12.1137123745819 0.027258905990841 0.2157968308411 0.215232227397159 0.215232227397088 0.215232227397145 0.21579683084115 0.210377364200262 0.207130632929349 0.206000784573853 0.205959377839648
12.1204013377926 0.025825894209234 0.21569022001173 0.215130939860749 0.21513093986092 0.215130939860579 0.215690220011538 0.210279396766758 0.207032588573433 0.20590228123293 0.205861969942866
12.1270903010033 0.024370994768688 0.215583692649531 0.215029722422592 0.215029722422464 0.215029722422557 0.21558369264941 0.210181502678083 0.206934620064303 0.205803853975127 0.205764636278595
12.133779264214 0.022893662450848 0.215477248651425 0.214928575002816 0.214928575003306 0.214928575002787 0.215477248651375 0.210083681840267 0.206836727309813 0.205705502708042 0.20566737675577
12.1404682274248 0.021393333860928 0.215370887915817 0.214827497523643 0.214827497523849 0.214827497523537 0.215370887915967 0.209985934164038 0.206738910218093 0.20560722733881 0.205570191284288
12.1471571906355 0.01986942663261 0.215264610337819 0.21472648990364 0.214726489903825 0.214726489903491 0.215264610337947 0.209888259556109 0.206641168695654 0.205509027773772 0.205473079772069
12.1538461538462 0.018321338644462 0.215158415820198 0.214625552068817 0.214625552068611 0.214625552068647 0.215158415820326 0.209790657930114 0.206543502654249 0.205410903924708 0.20537604213289
12.1605351170569 0.016748447184938 0.215052304256517 0.214524683936652 0.214524683936467 0.214524683936339 0.215052304256524 0.209693129192701 0.206445911999545 0.20531285569627 0.205279078273783
12.1672240802676 0.015150108017231 0.214946275552322 0.214423885435565 0.214423885435146 0.214423885435522 0.214946275552215 0.209595673257994 0.206348396645339 0.205214883002213 0.205182188110101
12.1739130434783 0.013525654497805 0.214840329605146 0.214323156486834 0.214323156486849 0.214323156486827 0.214840329605082 0.209498290037217 0.206250956500945 0.205116985750166 0.205085371552606
12.180602006689 0.011874396562533 0.214734466309054 0.21422249700862 0.214222497008713 0.214222497008585 0.214734466309004 0.209400979435472 0.206153591471597 0.205019163847481 0.204988628508758
12.1872909698997 0.010195619694493 0.214628685563333 0.214121906922344 0.214121906922244 0.214121906922188 0.214628685563355 0.209303741362703 0.206056301464244 0.204921417199841 0.204891958887295
12.1939799331104 0.008488583822 0.214522987269994 0.214021386153838 0.214021386153775 0.214021386153917 0.214522987270165 0.209206575732786 0.205959086393072 0.204823745720532 0.204795362603583
12.2006688963211 0.006752522186382 0.214417371324693 0.213920934622081 0.213920934622486 0.213920934622152 0.214417371324572 0.209109482453293 0.205861946164148 0.204726149314602 0.204698839565197
12.2073578595318 0.004986640114275 0.214311837626482 0.213820552249238 0.213820552248904 0.213820552249004 0.214311837626255 0.209012461432181 0.205764880685763 0.204628627891722 0.204602389682613
12.2140468227425 0.003190113734277 0.214206386079717 0.213720238962949 0.213720238962658 0.213720238962814 0.214206386079816 0.208915512587509 0.205667889873375 0.204531181366029 0.204506012872791
12.2207357859532 0.001362088616503 0.214101016589723 0.213619994691065 0.213619994691165 0.213619994691172 0.214101016589808 0.208818635835037 0.205570973641358 0.204433809650553 0.204409709051383
12.2274247491639 0.000498321616817 0.213995729046331 0.213519819347461 0.213519819347276 0.213519819347269 0.213995729046488 0.208721831075216 0.205474131890462 0.204336512647231 0.20431347812147
12.2341137123746 0.002392036845315 0.213890523352504 0.213419712857203 0.213419712857181 0.213419712857082 0.213890523352589 0.208625098222136 0.205377364533248 0.204239290268426 0.204217319997468
12.2408026755853 0.004320012051139 0.213785399408209 0.213319675144305 0.213319675144277 0.213319675144312 0.213785399408245 0.208528437188264 0.205280671481852 0.204142142423798 0.204121234592243
12.247491638796 0.006283238964677 0.213680357115578 0.213219706133621 0.213219706133614 0.213219706133401 0.213680357115699 0.208431847886516 0.205184052646572 0.204045069025327 0.204025221818789
12.2541806020067 0.008282747889112 0.213575396370544 0.213119805743474 0.213119805743659 0.213119805743553 0.213575396370786 0.208335330223214 0.205087507934245 0.203948069978708 0.203929281585502
12.2608695652174 0.010319609592287 0.21347051707896 0.213019973902981 0.213019973903428 0.213019973902917 0.213470517078875 0.208238884115559 0.204991037260235 0.203851145199195 0.203833413809257
12.2675585284281 0.01239493726635 0.213365719144576 0.212920210539053 0.212920210539067 0.212920210538883 0.213365719144583 0.208142509478442 0.204894640538043 0.203754294600024 0.20373761840581
12.2742474916388 0.014509888729258 0.213261002468457 0.212820515575046 0.21282051557489 0.212820515575267 0.213261002468649 0.208046206223401 0.204798317679398 0.203657518091141 0.203641895287795
12.2809364548495 0.016665668600012 0.213156366945533 0.212720888929354 0.212720888929724 0.212720888929226 0.213156366945476 0.207949974258391 0.204702068589874 0.203560815579792 0.203546244363672
12.2876254180602 0.018863530750316 0.213051812481211 0.21262133052938 0.212621330529551 0.212621330529387 0.213051812481361 0.207853813498303 0.20460589318342 0.203464186979041 0.203450665549006
12.2943143812709 0.021104780829397 0.212947338975212 0.212521840298407 0.212521840298507 0.212521840298471 0.212947338975304 0.207757723853256 0.204509791371358 0.203367632198741 0.203355158756331
12.3010033444816 0.023390778948695 0.212842946331804 0.212422418163271 0.21242241816342 0.212422418163143 0.212842946332003 0.20766170524022 0.204413763068082 0.203271151153707 0.203259723902363
12.3076923076923 0.025722942574767 0.212738634453743 0.212323064048334 0.212323064048661 0.212323064048306 0.212738634453757 0.207565757571011 0.204317808183148 0.203174743753372 0.203164360898882
12.314381270903 0.028102749566344 0.212634403239534 0.212223777876488 0.212223777876275 0.212223777876332 0.212634403239427 0.207469880757145 0.204221926629536 0.20307840990943 0.203069069660032
12.3210702341137 0.030531741438168 0.212530252602036 0.212124559581554 0.212124559581504 0.212124559581525 0.212530252602079 0.207374074720072 0.204126118325789 0.202982149541867 0.202973850107185
12.3277591973244 0.033011526814178 0.212426182431962 0.212025409078478 0.212025409078024 0.212025409078358 0.212426182431912 0.207278339363654 0.204030383175493 0.202885962552514 0.202878702145547
12.3338276553106 0.035306624415256 0.212331835926761 0.211935514916171 0.211935514915787 0.211935514916178 0.212331835926612 0.207191546029705 0.203943592167214 0.202798761813632 0.202792442504773
12.3344481605351 0.035543785128567 0.212322192637423 0.211926326296279 0.211926326295945 0.211926326296279 0.212322192637338 0.207182674605278 0.203934721095472 0.202789848857272 0.202783625693549
12.3411371237458 0.038130270570406 0.212218283117721 0.211827311157641 0.21182731115762 0.211827311157741 0.212218283117906 0.207087080356949 0.203839131995124 0.202693808366817 0.202688620663565
12.3478260869565 0.040772816271556 0.212114453781375 0.211728363593615 0.211728363593998 0.211728363593529 0.212114453781183 0.206991556535826 0.203743615792725 0.202597840998138 0.202593686975177
12.3545150501672 0.043473338830467 0.212010704529028 0.211629483526927 0.211629483527091 0.211629483526913 0.212010704529142 0.206896103054717 0.203648172398935 0.202501946661179 0.202498824541266
12.3612040133779 0.046233843063135 0.211907035264041 0.211530670883626 0.211530670883462 0.211530670883526 0.211907035264048 0.206800719827193 0.203552801726453 0.202406125269903 0.202404033277318
12.3678929765886 0.04905642721409 0.211803445890567 0.211431925589316 0.211431925589309 0.211431925589267 0.211803445890617 0.206705406768172 0.203457503689229 0.202310376735966 0.202309313098723
12.3745819397993 0.051943288411259 0.211699936318759 0.211333247577265 0.211333247577421 0.211333247577414 0.211699936318809 0.206610163797961 0.203362278207607 0.202214700979916 0.202214663927997
12.38127090301 0.054896728512858 0.211596506442035 0.211234636764061 0.211234636764061 0.211234636764061 0.211596506442014 0.206514990823401 0.203267125185533 0.202119097905715 0.202120085672099
12.3879598662207 0.057919160572844 0.211493156167357 0.211136093077364 0.211136093077357 0.211136093077144 0.211493156167556 0.206419887759807 0.203172044537936 0.202023567428725 0.202025578248424
12.3946488294314 0.061013115482766 0.211389885402973 0.211037616447776 0.211037616447619 0.211037616447612 0.211389885403115 0.206324854525491 0.203077036183927 0.201928109465577 0.201931141577411
12.4013377926421 0.064181249322097 0.211286694050543 0.210939206800099 0.21093920680044 0.210939206799935 0.211286694050649 0.206229891034909 0.202982100034404 0.201832723929741 0.201836775573838
12.4080267558528 0.067426351223993 0.211183582017092 0.210840864063009 0.210840864062767 0.210840864062824 0.211183582016993 0.206134997204977 0.202887236006788 0.201737410734843 0.201742480156319
12.4147157190635 0.070751351731985 0.211080549205143 0.210742588160549 0.210742588160649 0.210742588160549 0.211080549205178 0.206040172948107 0.202792444012275 0.2016421697938 0.201648255239391
12.4214046822742 0.074159331984781 0.210977595521051 0.210644379022483 0.210644379022341 0.210644379022391 0.210977595520937 0.205945418182274 0.202697723967901 0.201547001023421 0.201554100742669
12.428093645485 0.077653533396564 0.210874720870656 0.210546236575254 0.210546236575531 0.21054623657502 0.210874720870379 0.205850732821837 0.202603075787295 0.201451904337532 0.201460016583077
12.4347826086957 0.081237368294609 0.210771925156941 0.210448160745578 0.210448160744832 0.210448160745287 0.210771925156855 0.205756116783675 0.202508499386383 0.201356879649154 0.201366002678178
12.4414715719064 0.084914431330887 0.210669208287676 0.210350151461334 0.210350151461128 0.210350151461192 0.210669208287655 0.2056615699844 0.202413994679482 0.201261926875105 0.201272058946699
12.4481605351171 0.088688511791851 0.210566570168488 0.210252208651362 0.210252208651355 0.210252208651397 0.210566570168524 0.205567092339443 0.202319561582541 0.201167045929459 0.201178185306759
12.4548494983278 0.092563607006248 0.210464010704733 0.210154332241949 0.210154332241721 0.210154332241913 0.210464010704726 0.205472683765429 0.202225200011192 0.20107223672791 0.201084381677276
12.4615384615385 0.096543936712053 0.210361529802803 0.210056522162212 0.210056522162439 0.210056522162105 0.210361529802562 0.205378344179117 0.202130909880495 0.200977499184965 0.200990647976788
12.4682274247492 0.100633958846309 0.210259127365418 0.209958778336428 0.209958778336407 0.209958778336301 0.210259127365511 0.205284073494447 0.202036691104134 0.200882833213932 0.200896984122352
12.4749163879599 0.104838386642591 0.210156803305438 0.209861100698888 0.209861100698738 0.209861100698909 0.210156803305587 0.20518987163306 0.20194254360247 0.200788238734972 0.200803390037848
12.4816053511706 0.109162206956739 0.210054557523989 0.209763489173142 0.209763489173007 0.209763489173156 0.210054557523932 0.205095738508795 0.201848467287263 0.200693715660535 0.200709865639467
12.4882943143813 0.113610700662363 0.209952389932361 0.209665943691625 0.209665943691817 0.209665943691419 0.209952389932397 0.205001674041462 0.201754462079649 0.200599263908444 0.20061641085092
12.494983277592 0.118189464475677 0.209850300433388 0.20956846417991 0.209568464180045 0.209568464180016 0.209850300433636 0.204907678145766 0.201660527891541 0.200504883394458 0.200523025589938
12.5016722408027 0.122904435015599 0.209748288936261 0.209471050567224 0.209471050567259 0.209471050567274 0.209748288936289 0.204813750739241 0.201566664640985 0.200410574032766 0.200429709777417
12.5083612040134 0.127761914930623 0.209646355346742 0.209373702782187 0.209373702782415 0.209373702782258 0.20964635534682 0.204719891740567 0.20147287224404 0.200316335740681 0.200336463334885
12.5150501672241 0.132768601651094 0.209544499571393 0.209276420753 0.209276420753127 0.209276420753021 0.209544499571457 0.204626101064889 0.201379150616511 0.200222168434443 0.200243286182982
12.5217391304348 0.137931618684675 0.209442721520162 0.209179204410027 0.209179204409772 0.209179204409899 0.209442721520389 0.204532378632415 0.201285499676736 0.200128072030139 0.200150178244549
12.5284280936455 0.143258550170586 0.209341021103675 0.209082053685897 0.209082053686394 0.209082053686025 0.209341021103668 0.20443872436406 0.20119191934451 0.200034046448508 0.200057139445185
12.5351170568562 0.148757478527081 0.209239398223318 0.208984968505149 0.208984968504978 0.208984968504879 0.209239398223225 0.204345138173345 0.201098409533479 0.199940091602009 0.199964169703946
12.5418060200669 0.154437026250818 0.209137852790597 0.208887948797901 0.208887948798271 0.208887948797901 0.209137852790647 0.20425161997894 0.201004970161435 0.199846207408967 0.199871268945003
12.5484949832776 0.160306401772097 0.209036384712938 0.208790994495359 0.208790994495637 0.208790994495494 0.209036384712874 0.204158169701891 0.200911601146231 0.199752393786532 0.199778437092959
12.5551839464883 0.166375449948724 0.208934993895831 0.208694105523605 0.208694105523541 0.208694105523691 0.208934993895859 0.204064787256193 0.200818302404109 0.199658650650612 0.199685674070288
12.561872909699 0.172654708155314 0.208833680251011 0.208597281815365 0.208597281815258 0.208597281815244 0.208833680251125 0.203971472563808 0.200725073853363 0.199564977919287 0.199592979803477
12.5685618729097 0.179155468159543 0.20873244368763 0.208500523301566 0.208500523301666 0.208500523301389 0.208732443687659 0.203878225544486 0.20063191541422 0.199471375512779 0.199500354220291
12.5752508361204 0.185889845030999 0.208631284112791 0.208403829910587 0.208403829910658 0.208403829910566 0.208631284112634 0.203785046114533 0.200538827002617 0.199377843345737 0.199407797245108
12.5819397993311 0.192870853311966 0.20853020143803 0.20830720157501 0.208307201574883 0.208307201574911 0.208530201437867 0.203691934196144 0.200445808538362 0.199284381338252 0.199315308807329
12.5886287625418 0.200112492249048 0.208429195571185 0.208210638223946 0.208210638223946 0.208210638223754 0.20842919557105 0.203598889707798 0.200352859939471 0.199190989408365 0.199222888834981
12.5953177257525 0.207629840770721 0.208328266419691 0.208114139785813 0.208114139786026 0.208114139785643 0.208328266419642 0.203505912565994 0.2002599811224 0.199097667471655 0.199130537255257
12.6020066889632 0.215439163404653 0.208227413891926 0.208017706191292 0.208017706191171 0.208017706191079 0.208227413891706 0.2034130026912 0.200167172005358 0.19900441544668 0.199038253998459
12.6086956521739 0.223558029181547 0.208126637886629 0.207921337358826 0.207921337358741 0.207921337358627 0.208126637886821 0.203320159991343 0.200074432497551 0.198911233241169 0.19894603898608
12.6153846153846 0.23200544566167 0.208025938340199 0.207825033246429 0.207825033246529 0.207825033246266 0.208025938340242 0.203227384411214 0.199981762540027 0.198818120797839 0.198853892173979
12.6220735785953 0.240802008205407 0.207925315149872 0.207728793772503 0.207728793772844 0.207728793772461 0.207925315149851 0.203134675859438 0.199889162042425 0.198725078023706 0.198761813486193
12.628762541806 0.249970070139497 0.207824768224121 0.207632618866846 0.20763261886691 0.207632618867002 0.207824768224086 0.203042034254558 0.199796630921867 0.198632104837017 0.198669802857353
12.6344088176353 0.25801601812902 0.207739954023765 0.207551486080362 0.207551486080241 0.207551486080149 0.20773995402363 0.202963885835601 0.199718577654849 0.198553678576516 0.198592187934324
12.6354515050167 0.259533934009035 0.207724297474172 0.207536508461565 0.207536508461381 0.207536508461622 0.207724297474314 0.202949459517875 0.199704169098659 0.198539201156287 0.198577860225761
12.6421404682274 0.269520068879764 0.207623902809331 0.207440462485998 0.207440462485536 0.207440462485906 0.207623902809438 0.202856951568101 0.19961177649008 0.198446366901244 0.198485985530347
12.6488294314381 0.279957357377448 0.207523584139956 0.207344480872777 0.207344480873033 0.207344480872862 0.207523584140041 0.202764510326389 0.199519453017963 0.198353601989936 0.198394178714132
12.6555183946488 0.290877377014894 0.207423341378906 0.207248563554771 0.207248563554614 0.207248563554614 0.207423341378941 0.202672135714785 0.199427198601455 0.198260906343592 0.198302439722674
12.6622073578595 0.302314722122794 0.20732317443651 0.207152710463795 0.207152710463639 0.207152710463681 0.207323174436347 0.202579827654105 0.199335013161075 0.198168279882765 0.198210768504644
12.6688963210702 0.314307372901936 0.207223083221635 0.207056921529031 0.207056921529109 0.207056921528896 0.207223083221606 0.202487586062595 0.19924289661607 0.198075722524329 0.198119059210221
12.6755852842809 0.326897119931921 0.207123067644602 0.206961196681348 0.206961196681263 0.206961196681192 0.207123067644524 0.202395410860987 0.199150848884024 0.197983234187198 0.198027523475723
12.6822742474916 0.34013005453221 0.20702312761712 0.206865535854469 0.206865535854412 0.206865535854277 0.207023127617035 0.202303301970744 0.199058869886564 0.19789081479221 0.197936055378754
12.6889632107023 0.354057136320677 0.206923263058343 0.206769938986589 0.206769938986298 0.206769938986476 0.206923263058293 0.202211259319732 0.198966959549708 0.197798464264977 0.197844654889984
12.695652173913 0.368734853499035 0.206823473869449 0.20667440600235 0.206674406002399 0.206674406002115 0.206823473869534 0.202119282821954 0.198875117788269 0.197706182519319 0.197753321974822
12.7023411371237 0.384225993776809 0.206723759967915 0.206578936836372 0.206578936836515 0.206578936836323 0.20672375996805 0.202027372401503 0.198783344522816 0.197613969477302 0.197662056612167
12.7090301003344 0.400600546981266 0.206624121263381 0.206483531421064 0.206483531420886 0.206483531420957 0.206624121263545 0.201935527978733 0.198691639676206 0.197521825059681 0.197570858789618
12.7157190635452 0.417936768843205 0.206524557668615 0.206388189689449 0.206388189689164 0.206388189689406 0.206524557668409 0.201843749476772 0.198600003168465 0.197429749186931 0.197479728503112
12.7224080267559 0.436322437846428 0.20642506909271 0.206292911570848 0.206292911570891 0.206292911570848 0.20642506909283 0.201752036815023 0.198508434917613 0.197337741777318 0.197388665757849
12.7290969899666 0.455856349710714 0.206325655450883 0.206197697002011 0.206197697001762 0.206197697002111 0.206325655450847 0.201660389917649 0.198416934848993 0.197245802755297 0.197297670578841
12.7357859531773 0.476650101049074 0.206226316657464 0.206102545916444 0.206102545916266 0.206102545916259 0.206226316657521 0.201568808708068 0.198325502883549 0.197153932041289 0.197206561198996
12.742474916388 0.498830232438664 0.206127052627401 0.206007458250561 0.206007458250419 0.206007458250561 0.206127052627373 0.201477293111644 0.198234138945885 0.197062129560216 0.197115701433205
12.7491638795987 0.52254081635062 0.206027863266662 0.205912433930401 0.205912433930045 0.20591243393033 0.206027863266691 0.20138584304339 0.19814284295169 0.196970395226948 0.197024909407588
12.7558528428094 0.547946601886082 0.20592874849121 0.205817472892079 0.205817472892015 0.205817472892043 0.20592874849126 0.201294458429857 0.198051614824671 0.196878728965046 0.196934185234809
12.7625418060201 0.575236862129152 0.205829708210658 0.205722575066261 0.205722575066567 0.205722575066027 0.205829708210764 0.201203139191293 0.197960454485084 0.196787130694041 0.196843529059009
12.7692307692308 0.604630133438995 0.205730742341373 0.205627740389474 0.205627740389524 0.205627740389367 0.205730742341494 0.201111885252047 0.197869361856469 0.196695600338011 0.1967529410719
12.7759197324415 0.636380097614683 0.205631850797999 0.205532968796078 0.205532968795794 0.205532968795829 0.205631850798106 0.201020696536233 0.197778336861475 0.196604137819151 0.196662421518525
12.7826086956522 0.670782942537564 0.205533033491697 0.205438260218806 0.205438260218877 0.20543826021877 0.205533033491641 0.200929572965535 0.19768737942244 0.196512743058861 0.196571970711766
12.7892976588629 0.708186654408827 0.205434290336221 0.205343614590134 0.205343614589893 0.205343614589971 0.205434290336193 0.200838514462745 0.197596489459364 0.196421415978037 0.196481589049846
12.7959866220736 0.74900285540452 0.205335621250661 0.205249031850975 0.205249031851288 0.205249031850883 0.20533562125069 0.200747520957208 0.197505666901925 0.196330156503919 0.196391277050331
12.8026755852843 0.79372204767563 0.20523702614318 0.205154511927418 0.205154511927795 0.205154511927468 0.205237026143159 0.20065659236505 0.197414911664993 0.196238964553629 0.196301035361657
12.809364548495 0.842933456569646 0.205138504927902 0.205060054755577 0.20506005475567 0.205060054755549 0.20513850492771 0.200565728611949 0.19732422367305 0.196147840050116 0.19621086482843
12.8160535117057 0.897351180123295 0.205040057519732 0.204965660270979 0.204965660270567 0.204965660270915 0.205040057519604 0.200474929621301 0.197233602849934 0.196056782916635 0.196120766544119
12.8227424749164 0.957849114049587 0.204941683833717 0.204871328407094 0.204871328407044 0.204871328407165 0.204941683833681 0.200384195317561 0.197143049118203 0.195965793075956 0.196030741936433
12.8294314381271 1.02550829551877 0.204843383784983 0.204777059101104 0.204777059101055 0.204777059101005 0.204843383784926 0.200293525626535 0.197052562403385 0.195874870453011 0.19594079289363
12.8361204013378 1.10168212922854 0.204745157287178 0.204682852284193 0.204682852284193 0.204682852284243 0.204745157287036 0.200202920470097 0.196962142624187 0.195784014966748 0.195850921933101
12.8428093645485 1.18808791447275 0.204647004252607 0.204588707890807 0.204588707891169 0.204588707890856 0.204647004252628 0.200112379769706 0.196871789705433 0.195693226541302 0.19576113247679
12.8494983277592 1.28693793578807 0.20454892460323 0.204494625861635 0.20449462586172 0.204494625861422 0.204548924603401 0.200021903457582 0.196781503574478 0.195602505104326 0.195671429252819
12.8561872909699 1.40113159789261 0.204450918249684 0.204400606128388 0.204400606128289 0.204400606128168 0.204450918249769 0.199931491453661 0.196691284152749 0.195511850576096 0.195581818912032
12.8628762541806 1.53454456768871 0.204352985105572 0.20430664862328 0.204306648623422 0.204306648623209 0.204352985105707 0.199841143680615 0.196601131362051 0.195421262877716 0.195492311049648
12.8695652173913 1.69247728106257 0.20425512509194 0.204212753287365 0.204212753287301 0.204212753287479 0.204255125091926 0.199750860068136 0.196511045130677 0.195330741938491 0.195402919903387
12.876254180602 1.88237560368341 0.204157338116588 0.204118920050192 0.20411892005005 0.204118920050256 0.204157338116843 0.199660640537012 0.196421025377028 0.195240287676938 0.195313667283095
12.8829431438127 2.11503789145622 0.204059624101809 0.204025148851578 0.204025148851571 0.204025148851443 0.204059624101852 0.199570485014043 0.1963310720298 0.19514990001975 0.195224587977684
12.8896321070234 2.40673966579718 0.203961982960379 0.203931439625535 0.203931439625578 0.203931439625435 0.203961982960521 0.199480393424459 0.196241185012156 0.195059578890955 0.195135740188277
12.8963210702341 2.7832070500629 0.203864414602975 0.203837792301776 0.203837792301591 0.203837792301613 0.203864414603061 0.199390365687016 0.196151364241601 0.194969324207619 0.197703692945325
12.9030100334448 3.28763130624168 0.203766918957591 0.203744206828027 0.203744206827722 0.203744206827928 0.203766918957662 0.199300401739258 0.196061609655821 0.194879135906305 0.197613572441121
12.9096989966555 3.99848774339888 0.203669495936275 0.203650683136232 0.203650683136267 0.203650683136281 0.203669495936261 0.199210501502236 0.195971921174014 0.194789013906345 0.197523516882534
12.9163879598662 5.07468557502821 0.203572145450046 0.203557221157666 0.203557221157794 0.20355722115778 0.20357214544989 0.199120664897215 0.195882298717137 0.194698958129877 0.197433526191567
12.9230769230769 6.8934130455216 0.203474867420276 0.203463820832205 0.203463820831942 0.203463820832198 0.203474867420319 0.199030891853809 0.195792742213989 0.194608968503445 0.197343600297579
12.9297658862876 10.6141197668392 0.203377661762069 0.203370482095146 0.203370482094854 0.203370482094996 0.20337766176192 0.19894118229638 0.195703251587716 0.194519044951271 0.197253739125188
12.9349899799599 17.985691902075 0.203301794227038 0.203297627147535 0.203297627147485 0.203297627147549 0.203301794226967 0.198871163058676 0.195633404998752 0.194448860382941 0.197183602335677
12.9364548494983 22.1757175531817 0.203280528390572 0.203277204882404 0.203277204882625 0.20327720488217 0.203280528390493 0.198851536150684 0.195613826764237 0.194429187398939 0.197163942600874
12.943143812709 69.2788190089367 0.203183467223802 0.203183989129357 0.203183989129478 0.203183989129236 0.203183467223916 0.198761953343109 0.195524467667788 0.194339395768942 0.197074210650079
12.9498327759197 17.5587030827692 0.203086478177056 0.203090834772631 0.20309083477219 0.203090834772361 0.203086478177347 0.198672433797178 0.195435174222503 0.19424966998637 0.196984543197679
12.9565217391304 9.62934157453537 0.20298956117233 0.202997741751915 0.202997741751687 0.202997741751886 0.202989561172174 0.198582977445241 0.195345946357506 0.194160009980848 0.196894940174808
12.9632107023411 6.64730269796765 0.202892716126875 0.202904710005498 0.202904710005377 0.202904710005349 0.202892716126918 0.198493584212336 0.195256784000783 0.194070415677409 0.196805401508641
12.9698996655518 5.09236722118848 0.202795942956868 0.202811739468146 0.202811739468061 0.202811739468125 0.202795942956826 0.198404254025498 0.195167687075276 0.193980887001146 0.196715927124636
12.9765886287625 4.13920639283271 0.202699241576873 0.20271883007446 0.202718830074737 0.202718830074275 0.20269924157688 0.198314986807276 0.195078655503501 0.193891423874256 0.196626516946132
12.9832775919732 3.49543588342934 0.202602611908375 0.20262598176506 0.202625981764541 0.202625981764868 0.202602611908269 0.198225782488265 0.194989689216975 0.193802026226201 0.19653717090452
12.9899665551839 3.0315482867804 0.202506053865108 0.202533194472878 0.202533194472927 0.202533194472444 0.202506053865328 0.198136640992814 0.194900788136209 0.193712693979698 0.19908339355861
12.9966555183946 2.68142568418816 0.202409567368093 0.202440468138064 0.202440468138136 0.202440468137958 0.20240956736825 0.198047562249279 0.19481195219155 0.193623427062484 0.198992730561628
13.0033444816054 2.40780195406361 0.202313152333325 0.20234780269584 0.202347802695932 0.202347802695826 0.202313152333261 0.197958546183393 0.194723181306145 0.193534225398189 0.198901900150219
13.0100334448161 2.18807907597523 0.202216808680582 0.202255198086156 0.202255198085957 0.202255198085972 0.20221680868049 0.197869592723656 0.194634475407725 0.193445088916491 0.198810989333424
13.0167224080268 2.00775911403903 0.202120536334462 0.202162654252298 0.202162654252398 0.202162654252263 0.202120536334561 0.197780701804334 0.194545834431565 0.193356017548034 0.198720047916112
13.0234113712375 1.85711438526211 0.202024335209245 0.202070171127005 0.202070171126977 0.202070171126756 0.20202433520916 0.197691873347651 0.194457258296644 0.193267011215099 0.198629106041203
13.0301003344482 1.72937507398517 0.201928205219048 0.201977748644929 0.201977748644737 0.201977748645014 0.201928205219303 0.197603107277736 0.194368746927246 0.193178069840926 0.198538182809791
13.0367892976589 1.61968464240113 0.201832146284453 0.201885386744536 0.201885386744358 0.201885386744365 0.201832146284566 0.197514403523009 0.194280300253098 0.193089193353721 0.198447290792203
13.0434782608696 1.52446863983622 0.20173615832563 0.201793085365438 0.201793085365395 0.201793085365331 0.201736158325673 0.197425762014511 0.194191918200424 0.193000381681387 0.198356438524094
13.0501672240803 1.4410378830153 0.201640241260414 0.201700844445838 0.20170084444576 0.201700844445511 0.201640241260556 0.197337182677479 0.194103600696906 0.192911634750224 0.198265631954911
13.056856187291 1.3673304130692 0.201544395008518 0.201608663922357 0.201608663922073 0.201608663922343 0.201544395008405 0.197248665441265 0.194015347669264 0.192822952485713 0.19817487532854
13.0635451505017 1.30173872385586 0.201448619493526 0.201516543738705 0.20151654373889 0.201516543738506 0.201448619493668 0.197160210236632 0.193927159049885 0.192734334821701 0.198084171735772
13.0702341137124 1.2429911134622 0.201352914630554 0.201424483828717 0.201424483828944 0.201424483828568 0.201352914630498 0.197071816989855 0.193839034760899 0.192645781679836 0.197993523454741
13.0769230769231 1.19006836036473 0.201257280348301 0.201332484140551 0.201332484140316 0.201332484140359 0.201257280348116 0.196983485637439 0.193750974739018 0.192557292995915 0.197902932205551
13.0836120401338 1.14214403075658 0.201161716551198 0.201240544597468 0.201240544597326 0.201240544597468 0.201161716551283 0.196895216093154 0.193662978899646 0.192468868684891 0.197812399273175
13.0903010033445 1.09854096076161 0.201066223166684 0.201148665145716 0.20114866514524 0.201148665145595 0.201066223166634 0.196807008292886 0.193575047175543 0.19238050868023 0.197721925659835
13.0969899665552 1.05869901210463 0.200970800116529 0.201056845724842 0.201056845725191 0.2010568457247 0.200970800116607 0.19671886216792 0.193487179496415 0.192292212910864 0.197631512136979
13.1036789297659 1.02215084084794 0.200875447316449 0.20096508627114 0.200965086271083 0.200965086270919 0.200875447316463 0.196630777641346 0.193399375787408 0.192203981301894 0.197541159299441
13.1103678929766 0.988503447199257 0.20078016468949 0.200873386725988 0.20087338672559 0.200873386725782 0.200780164689604 0.196542754646984 0.193311635978887 0.192115813783623 0.197450867618066
13.1170568561873 0.957423959138943 0.200684952158355 0.200781747029559 0.200781747029737 0.200781747029438 0.200684952158355 0.196454793113816 0.193223960001014 0.192027710285117 0.197360637460193
13.123745819398 0.928628556807588 0.200589809640313 0.200690167119866 0.200690167119966 0.200690167119873 0.200589809640327 0.196366892971213 0.193136347780609 0.19193967073344 0.1972704691118
13.1304347826087 0.901873758686364 0.200494737060922 0.200598646939149 0.200598646939291 0.200598646939149 0.200494737060637 0.196279054149493 0.193048799249247 0.191851695059945 0.197180362799493
13.1371237458194 0.876949501786946 0.200399734334795 0.200507186422641 0.200507186422705 0.200507186422399 0.200399734334653 0.196191276575703 0.192961314331257 0.191763783188407 0.197090318693967
13.1438127090301 0.85367359823077 0.200304801385634 0.200415785512376 0.200415785512426 0.200415785512156 0.200304801385514 0.196103560180418 0.192873892957593 0.191675935050277 0.19700033693131
13.1505016722408 0.831887260449278 0.200209938134819 0.200324444146489 0.200324444146453 0.200324444146432 0.200209938134677 0.196015904893272 0.192786535056797 0.191588150572933 0.196910250064292
13.1571906354515 0.811451460959695 0.200115144499705 0.200233162262968 0.200233162262755 0.200233162263011 0.200115144499726 0.195928310641911 0.192699240554845 0.191500429683728 0.196820393571272
13.1638795986622 0.792243951949004 0.200020420406275 0.200141939806556 0.20014193980677 0.200141939806343 0.200020420406346 0.195840777360225 0.192612009386899 0.191412772315324 0.196730599653129
13.1705685618729 0.774156807418088 0.199925765776968 0.200050776715983 0.200050776715912 0.200050776715962 0.199925765776861 0.195753304977934 0.192524841480449 0.191325178396276 0.196640868344687
13.1772575250836 0.757094385980992 0.199831180529046 0.199959672928912 0.199959672928749 0.199959672928927 0.199831180528939 0.195665893423623 0.192437736762223 0.191237647854052 0.196551199664427
13.1839464882943 0.740971631376226 0.199736664583597 0.19986862838509 0.199868628385438 0.199868628384834 0.199736664583661 0.195578542625995 0.192350695162048 0.191150180616759 0.196461593619858
13.190635451505 0.725712647674975 0.199642217874164 0.199777643034935 0.199777643035205 0.199777643034864 0.199642217874327 0.195491252524931 0.192263716618974 0.191062776622495 0.196372050218564
13.1973244147157 0.711249497942788 0.199547840311091 0.199686716808486 0.199686716808415 0.199686716808365 0.199547840311148 0.195404023041753 0.192176801053336 0.190975435792879 0.196282569440257
13.2040133779264 0.69752118828098 0.199453531817497 0.199595849647615 0.199595849647558 0.199595849647373 0.199453531817575 0.195316854109066 0.192089948395811 0.190888158058598 0.196193151268055
13.2107023411371 0.684472802522024 0.199359292314711 0.199505041490973 0.19950504149088 0.199505041490951 0.199359292314782 0.195229745654885 0.19200315857502 0.19080094334592 0.196103700547646
13.2173913043478 0.672054763878698 0.199265121730569 0.199414292285084 0.199414292284885 0.199414292284928 0.199265121730861 0.195142697615495 0.191916431525904 0.190713791592025 0.196014407685709
13.2240802675585 0.660222201347807 0.199171019984092 0.1993236019674 0.199323601967663 0.199323601967336 0.199171019984306 0.195055709919494 0.191829767175776 0.190626702723371 0.195925177340811
13.2307692307692 0.648934404323548 0.199076986996076 0.199232970477397 0.199232970477105 0.199232970477325 0.199076986996076 0.194968782496524 0.191743165455215 0.19053967666855 0.195836009473148
13.2355711422846 0.641146155763117 0.199009524410151 0.199167943664222 0.199167943664413 0.199167943664065 0.199009524410265 0.194906415665841 0.19168103389309 0.190477240597367 0.195772035633254
13.2374581939799 0.638154351343445 0.198983022694513 0.199142397759971 0.199142397759729 0.1991423977599 0.198983022694598 0.194881915280746 0.191656626295838 0.190452713361552 0.195746904043823
13.2441471571906 0.627848301568818 0.198889127000164 0.199051883756098 0.199051883756567 0.199051883756042 0.198889127000072 0.194795108205128 0.191570149629733 0.19036581273226 0.195657861008698
13.2508361204013 0.617985439168933 0.19879529984064 0.198961428410065 0.198961428410541 0.198961428410108 0.198795299840846 0.194708361201904 0.191483735390165 0.19027897471419 0.195568880322696
13.257525083612 0.608537562924091 0.198701541129708 0.198871031654626 0.198871031655003 0.198871031654477 0.198701541129708 0.194621674195943 0.191397383499535 0.190192199230452 0.195479961928072
13.2642140468227 0.599478815159507 0.198607850793316 0.198780693433392 0.198780693433704 0.198780693433122 0.198607850793316 0.194535047121761 0.191311093891024 0.190105486213348 0.19539110577572
13.2709030100334 0.590785442754672 0.198514228757453 0.198690413690983 0.198690413690962 0.198690413690798 0.198514228757453 0.194448479911479 0.191224866499894 0.190018835596852 0.195302311814807
13.2775919732442 0.582435587755342 0.198420674944188 0.198600192366264 0.198600192366676 0.198600192366158 0.198420674944117 0.194361972496807 0.19113870125333 0.189932247309947 0.195213579988653
13.2842809364548 0.574409101637954 0.198327189276604 0.198510029402549 0.198510029401945 0.198510029402343 0.198327189276718 0.194275524810365 0.191052598083886 0.189845721283746 0.195124910241916
13.2909698996656 0.566687381755763 0.198233771679604 0.198419924741096 0.198419924741586 0.198419924741124 0.198233771679682 0.194189136784686 0.19096655692384 0.189759257450326 0.195036302518339
13.2976588628763 0.559253225671142 0.198140422076818 0.198329878324259 0.198329878324401 0.198329878324053 0.198140422076769 0.194102808350969 0.190880577704014 0.189672855740326 0.194947756758864
13.304347826087 0.552090701970968 0.198047140396156 0.198239890098321 0.198239890098115 0.198239890098328 0.198047140396163 0.194016539446608 0.190794660359849 0.189586516089705 0.194859272909198
13.3110367892977 0.545185034851407 0.197953926560025 0.198149960001878 0.198149960001942 0.198149960001764 0.197953926559869 0.193930330000512 0.190708804820318 0.189500238425694 0.19477085090611
13.3177257525084 0.538522501259848 0.197860780486678 0.198060087972848 0.198060087972948 0.198060087972735 0.197860780486792 0.193844179941465 0.190623011013777 0.189414022677774 0.194682490685594
13.3244147157191 0.532090338979181 0.197767702105793 0.197970273958596 0.197970273958973 0.197970273958653 0.197767702105672 0.193758089206803 0.190537278876477 0.189327868781383 0.194594192191424
13.3311036789298 0.525876663661514 0.197674691336218 0.197880517896074 0.197880517896216 0.197880517895904 0.197674691336367 0.193672057724228 0.190451608335358 0.189241776663785 0.194505955356341
13.3377926421405 0.51987039489898 0.197581748109194 0.197790819732703 0.197790819732703 0.197790819732681 0.197581748109123 0.193586085432415 0.19036599932668 0.189155746261072 0.194417780124148
13.3444816053512 0.514061189164579 0.197488872349048 0.197701179412164 0.197701179412185 0.19770117941183 0.197488872349034 0.19350017226364 0.190280451784815 0.189069777506312 0.194329666432729
13.3511705685619 0.508439379747244 0.197396063975461 0.197611596872086 0.197611596871859 0.197611596871894 0.197396063975575 0.19341431814685 0.190194965636792 0.188983870327128 0.194241614214846
13.3578595317726 0.502995922112333 0.197303322920433 0.197522072061169 0.197522072060913 0.197522072060863 0.197303322920305 0.193328523020917 0.190109540821013 0.188898024662016 0.194153623413193
13.3645484949833 0.497722344734889 0.197210649104655 0.197432604918546 0.197432604918582 0.197432604918411 0.197210649104804 0.193242786816064 0.190024177265087 0.188812240438196 0.194065693960773
13.371237458194 0.492610704394409 0.197118042457362 0.197343195390623 0.197343195390154 0.197343195390332 0.197118042457241 0.193157109468899 0.189938874907774 0.188726517592258 0.193977825798122
13.3779264214047 0.487653545589083 0.197025502895805 0.197253843412732 0.197253843412987 0.197253843412739 0.197025502895826 0.193071490906398 0.18985363367289 0.188640856051137 0.193890018854091
13.3846153846154 0.482843863864204 0.196933030351616 0.197164548934055 0.197164548934381 0.197164548934104 0.19693303035163 0.192985931066943 0.189768453499376 0.188555255751538 0.193802273070197
13.3913043478261 0.478175072000816 0.196840624749598 0.197075311897812 0.197075311897969 0.19707531189777 0.196840624749356 0.192900429883835 0.189683334319483 0.188469716625924 0.193714588381823
13.3979933110368 0.473640969301435 0.196748286013552 0.196986132244234 0.196986132243978 0.196986132244163 0.19674828601368 0.192814987288926 0.189598276065013 0.188384238605579 0.193626964722945
13.4046822742475 0.469235714065519 0.196656014072559 0.196897009920491 0.196897009920221 0.196897009920434 0.196656014072381 0.19272960321986 0.189513278671384 0.188298821627036 0.193539402032762
13.4113712374582 0.464953797579078 0.196563808848516 0.196807944866393 0.196807944866194 0.196807944866251 0.196563808848452 0.192644277607094 0.18942834206954 0.188213465618844 0.193451900243474
13.4180602006689 0.460790020963927 0.196471670270242 0.196718937027036 0.19671893702688 0.19671893702688 0.196471670270405 0.19255901038585 0.189343466193762 0.188128170516087 0.193364459291779
13.4247491638796 0.456739473513764 0.196379598268564 0.196629986352164 0.19662998635188 0.196629986352029 0.196379598268763 0.192473801496163 0.189258650982914 0.188042936258753 0.193277079119298
13.4314381270903 0.45279751314645 0.196287592760626 0.19654109277608 0.196541092775995 0.196541092775988 0.196287592760612 0.192388650864594 0.189173896362163 0.18795776277021 0.193189759652562
13.438127090301 0.448959748238686 0.196195653677357 0.196452256245991 0.196452256245756 0.196452256245912 0.196195653677329 0.192303558428293 0.189089202269379 0.187872649988357 0.193102500830598
13.4448160535117 0.445222020885261 0.19610378094508 0.19636347670663 0.196363476706757 0.196363476706694 0.196103780945187 0.192218524120868 0.18900456863733 0.187787597846359 0.193015302588208
13.4515050167224 0.44158039166026 0.196011974489842 0.196274754101935 0.196274754101822 0.196274754101822 0.196011974489984 0.192133547879138 0.188919995402031 0.187702606278762 0.192928164862444
13.4581939799331 0.438031125371836 0.195920234240575 0.196186088377416 0.196186088377388 0.19618608837731 0.195920234240582 0.192048629638656 0.188835482496827 0.187617675220089 0.192841087589251
13.4648829431438 0.434570678242288 0.195828560118443 0.196097479471796 0.196097479471831 0.196097479471817 0.195828560118365 0.191963769328865 0.188751029851659 0.187532804599606 0.192754070698911
13.4715719063545 0.431195685341741 0.195736952055896 0.196008927334447 0.19600892733434 0.196008927334191 0.195736952055896 0.191878966889199 0.188666637405696 0.187447994356383 0.192667114131609
13.4782608695652 0.427902949811909 0.195645409978987 0.195920431909265 0.19592043190935 0.195920431909201 0.195645409979129 0.191794222255808 0.188582305093561 0.187363244424368 0.192580217823327
13.4849498327759 0.424689432257651 0.195553933815958 0.195831993141454 0.195831993141312 0.195831993141191 0.19555393381583 0.19170953536225 0.188498032848536 0.187278554737702 0.19249338170868
13.4916387959866 0.42155224155681 0.195462523494591 0.195743610976216 0.195743610976258 0.195743610976137 0.195462523494655 0.191624906146409 0.188413820606939 0.187193925231163 0.192406605724798
13.4983277591973 0.418488625519451 0.195371178938849 0.195655285354476 0.195655285354249 0.195655285354434 0.195371178938913 0.19154033453971 0.188329668299872 0.187109355836654 0.192319889803606
13.505016722408 0.415495962698834 0.195279900078191 0.195567016222824 0.195567016222292 0.195567016222562 0.195279900078134 0.191455820479149 0.188245575863895 0.187024846490111 0.192233233882384
13.5117056856187 0.412571754868246 0.195188686840446 0.195478803526321 0.195478803526697 0.195478803526228 0.195188686840403 0.19137136389994 0.188161543234259 0.186940397127024 0.192146637896897
13.5183946488294 0.409713620424824 0.195097539150062 0.195390647207489 0.195390647207091 0.19539064720729 0.195097539150346 0.191286964737238 0.188077570343388 0.186856007678685 0.192060101781124
13.5250836120401 0.406919285458223 0.195006456940803 0.195302547215036 0.195302547214666 0.195302547214887 0.195006456940831 0.19120262292914 0.18799365712983 0.186771678084618 0.191973625473473
13.5317725752508 0.404186581414251 0.194915440137315 0.195214503492672 0.195214503492593 0.195214503492508 0.194915440137187 0.191118338410178 0.187909803528214 0.186687408278061 0.191887208909137
13.5361523046092 0.402429680741612 0.194855880502935 0.195156885600163 0.195156885600426 0.195156885600149 0.19485588050285 0.191063182477798 0.187854931004757 0.186632263332172 0.191830658307424
13.5384615384615 0.401513430784668 0.194824488665873 0.195126515982459 0.195126515982629 0.195126515982324 0.194824488665979 0.191034111114483 0.187826009469759 0.186603198191897 0.191800852020059
13.5451505016722 0.398897866682745 0.194733602465149 0.195038584640855 0.195038584640955 0.195038584640756 0.19473360246517 0.190949940987295 0.187742274902 0.186519047770695 0.191714554755059
13.5518394648829 0.396337982979261 0.194642781452686 0.194950709403052 0.194950709403201 0.194950709402839 0.194642781452799 0.190865827956003 0.187658599748914 0.186434956940843 0.191628317037946
13.5585284280936 0.393831971879557 0.194552025560924 0.194862890216079 0.194862890216065 0.194862890216044 0.194552025560974 0.190781771959109 0.187574983949105 0.186350925639083 0.19154213880784
13.5652173913044 0.391378100753762 0.194461334715804 0.19477512702548 0.194775127025601 0.194775127025473 0.194461334715811 0.190697772931415 0.187491427437109 0.186266953801002 0.191456019999734
13.5719063545151 0.388974709136292 0.194370708846819 0.194687419775867 0.19468741977623 0.194687419775846 0.194370708846819 0.190613830809895 0.187407930148879 0.186183041361666 0.191369960549757
13.5785953177258 0.386620207133902 0.194280147885358 0.194599768417049 0.194599768416758 0.194599768416659 0.194280147885308 0.190529945534294 0.187324492023315 0.186099188260378 0.191283960397641
13.5852842809365 0.384313071207359 0.194189651756886 0.19451217288934 0.194512172889624 0.194512172889347 0.194189651756943 0.190446117037013 0.187241112993171 0.186015394427521 0.191198019475316
13.5919732441472 0.382051840015194 0.19409922039172 0.194424633141701 0.194424633141715 0.19442463314148 0.194099220391777 0.190362345256688 0.187157792995102 0.185931659802606 0.19111213772085
13.5986622073579 0.379835111981841 0.19400885372243 0.194337149122049 0.194337149122049 0.194337149122042 0.19400885372248 0.190278630133584 0.187074531967504 0.185847984322983 0.191026315073863
13.6053511705686 0.377661541971463 0.193918551681321 0.194249720780533 0.194249720780398 0.194249720780363 0.193918551681193 0.190194971605884 0.186991329851082 0.185764367928122 0.190940551473346
13.6120401337793 0.375529838911319 0.193828314191755 0.194162348056842 0.194162348056473 0.194162348056778 0.193828314191784 0.190111369608132 0.186908186577483 0.185680810549194 0.190854846851892
13.61872909699 0.373438762492896 0.193738141177974 0.194075030892279 0.19407503089252 0.194075030892115 0.193738141177889 0.190027824070178 0.186825102075282 0.185597312117658 0.190769201139396
13.6254180602007 0.371387120997248 0.193648032577876 0.193987769240671 0.193987769240778 0.193987769240692 0.193648032577705 0.189944334937763 0.186742076291523 0.185513872576834 0.19068361428144
13.6321070234114 0.369373769001584 0.19355798831802 0.193900563047009 0.193900563046682 0.193900563046789 0.193557988317892 0.189860902146194 0.186659109159933 0.185430491861702 0.190598086212574
13.6387959866221 0.367397605068462 0.193468008329134 0.193813412256752 0.193813412256787 0.193813412256631 0.193468008329276 0.189777525633204 0.186576200617118 0.185347169909413 0.190512616869803
13.6454849498328 0.365457569573408 0.193378092538765 0.193726316814889 0.19372631681474 0.193726316814676 0.193378092538673 0.18969420533346 0.186493350597964 0.185263906653141 0.190427206187586
13.6521739130435 0.36355264294329 0.193288240881039 0.193639276671767 0.193639276671618 0.193639276671568 0.193288240880776 0.189610941189848 0.186410559042926 0.18518070203406 0.190341854107565
13.6588628762542 0.361681843658296 0.193198453284609 0.193552291773102 0.193552291772882 0.193552291772996 0.193198453284687 0.189527733137119 0.186327825887851 0.185097555988506 0.19025656056499
13.6655518394649 0.359844226402998 0.193108729683637 0.193465362069709 0.193465362069361 0.193465362069468 0.193108729683765 0.18944458111914 0.186245151074786 0.185014468456103 0.190171325502327
13.6722408026756 0.358038880659059 0.193019070005747 0.193378487504745 0.193378487504951 0.193378487504667 0.193019070005704 0.189361485068282 0.186162534535882 0.184931439371667 0.190086148851904
13.6789297658863 0.356264928750107 0.192929474177362 0.193291668022731 0.193291668022582 0.193291668022646 0.192929474177348 0.18927844492233 0.186079976208227 0.184848468669863 0.190001030550256
13.685618729097 0.354521524836656 0.1928399421314 0.193204903571967 0.193204903572102 0.193204903571903 0.192839942131485 0.18919546061872 0.185997476028469 0.18476555628915 0.189915970534855
13.6923076923077 0.352807853074417 0.192750473798334 0.193118194099618 0.193118194099469 0.193118194099526 0.192750473798355 0.189112532097916 0.185915033935501 0.184682702167187 0.189830968744673
13.6989966555184 0.351123126467819 0.192661069108702 0.19303153955196 0.193031539551825 0.193031539551875 0.192661069108951 0.189029659295194 0.185832649866825 0.184599906239939 0.189746025115632
13.7056856187291 0.349466585767836 0.192571727995862 0.192944939879958 0.19294493987983 0.192944939879787 0.192571727995976 0.188946842153875 0.185750323761617 0.184517168448878 0.18966113958934
13.7123745819398 0.34783749789252 0.192482450390571 0.192858395029866 0.192858395030264 0.192858395029766 0.192482450390628 0.188864080611232 0.18566805555772 0.184434488731 0.189576312102766
13.7190635451505 0.346235155159469 0.192393236220767 0.192771904946135 0.192771904946156 0.192771904945964 0.192393236220831 0.188781374602051 0.185585845190261 0.18435186702019 0.189491542590346
13.7257525083612 0.344658873952753 0.192304085423785 0.192685469582827 0.192685469582571 0.192685469582642 0.192304085423828 0.188698724073127 0.185503692602872 0.184269303260749 0.189406830997385
13.7324414715719 0.343107993847063 0.192214997931956 0.192599088887903 0.192599088888116 0.19259908888781 0.192214997931949 0.188616128962281 0.185421597734617 0.184186797391405 0.1893221772619
13.7391304347826 0.341581876556212 0.19212597366748 0.192512762801499 0.192512762801371 0.192512762801407 0.192125973667252 0.188533589201988 0.185339560516617 0.184104349343016 0.189237581314849
13.7458193979933 0.340079905119538 0.19203701256663 0.192426491274183 0.192426491274063 0.192426491273785 0.192037012566807 0.188451104732764 0.185257580890053 0.184021959056857 0.189153043097413
13.752508361204 0.338601482805984 0.191948114559224 0.192340274252487 0.192340274252359 0.192340274252572 0.191948114559182 0.188368675493905 0.185175658791316 0.183939626469609 0.189068562546787
13.7591973244147 0.337146032579838 0.191859279580882 0.192254111688044 0.192254111687966 0.192254111687774 0.191859279580875 0.188286301426878 0.185093794163791 0.183857351522974 0.188984139604912
13.7658862876254 0.335712996060337 0.191770507559248 0.192168003526184 0.192168003526298 0.192168003525921 0.191770507559028 0.18820398246929 0.185011986941554 0.183775134152555 0.188899774207471
13.7725752508361 0.33430183288074 0.191681798429279 0.192081949716062 0.192081949715956 0.192081949716147 0.191681798429414 0.18812171856095 0.184930237065537 0.183692974298388 0.188815466294614
13.7792642140468 0.33291201996385 0.191593152123048 0.191995950206611 0.191995950206483 0.191995950206675 0.191593152122984 0.188039509642962 0.184848544475159 0.183610871899354 0.18873121580603
13.7859531772575 0.331543050735227 0.191504568573471 0.191910004947736 0.19191000494785 0.191910004947623 0.191504568573372 0.187957355655506 0.184766909110678 0.183528826896179 0.1886470226816
13.7926421404682 0.330194434688174 0.191416047719244 0.191824113892942 0.191824113892864 0.191824113892835 0.191416047719237 0.1878752565433 0.184685330915343 0.183446839231969 0.188562886865419
13.7993311036789 0.328865696515777 0.191327589479762 0.191738276978562 0.191738276978604 0.191738276978391 0.191327589479819 0.187793212235242 0.184603809817382 0.183364908834776 0.188478808285147
13.8060200668896 0.327556375660379 0.191239193791525 0.191652494156124 0.19165249415606 0.191652494155939 0.191239193791702 0.187711222673656 0.184522345759738 0.183283035646639 0.188394786882874
13.8127090301003 0.326266025739159 0.191150860589453 0.191566765377793 0.191566765377885 0.19156676537758 0.191150860589559 0.187629287802139 0.184440938684531 0.18320121960992 0.188310822601409
13.819397993311 0.32499421400437 0.191062589804375 0.191481090588958 0.191481090589399 0.191481090588781 0.191062589804254 0.187547407556764 0.184359588526583 0.183119460660507 0.188226915375822
13.8260869565217 0.323740520716647 0.190974381370665 0.191395469741181 0.191395469741259 0.191395469741188 0.190974381370587 0.187465581881519 0.184278295230115 0.183037758740824 0.188143065149724
13.8327759197324 0.322504538865523 0.190886235222671 0.191309902784667 0.191309902784859 0.191309902784617 0.190886235222742 0.187383810717115 0.184197058734078 0.182956113790539 0.188059271862734
13.8367334669339 0.321781444460058 0.190834112562101 0.191259302164674 0.191259302164255 0.191259302164404 0.190834112561902 0.187335456178438 0.184149021612122 0.182907835084272 0.188009722071797
13.8394648829431 0.321285873486033 0.190798151291673 0.191224389665372 0.191224389665464 0.191224389665415 0.190798151291673 0.187302094001389 0.184115878977174 0.182874525747351 0.18797553545248
13.8461538461538 0.320084141321708 0.190710129511004 0.191138930334496 0.191138930334709 0.191138930334375 0.190710129511253 0.187220431677254 0.184034755899759 0.182792994552386 0.187891855860563
13.8528428093646 0.318898970417273 0.19062216982168 0.191053524746643 0.191053524746572 0.191053524746472 0.1906221698219 0.187138823689637 0.183953689446945 0.182711520150107 0.187808233031454
13.8595317725753 0.317729999614698 0.19053427214304 0.190968172838531 0.190968172838815 0.190968172838538 0.190534272143275 0.187057269967724 0.183872679547562 0.182630102470192 0.187724666893708
13.866220735786 0.316576878207762 0.190446436414774 0.190882874564963 0.190882874565204 0.190882874564863 0.190446436414938 0.186975770457487 0.183791726147177 0.182548741456856 0.187641157392633
13.8729096989967 0.315439265621556 0.190358662570262 0.190797629875824 0.190797629875718 0.190797629875611 0.19035866257034 0.186894325100724 0.183710829185628 0.182467437049958 0.187557704468738
13.8795986622074 0.314316830973972 0.190270950544374 0.190712438721093 0.190712438720908 0.190712438720972 0.190270950544488 0.186812933838809 0.183629988603968 0.18238618919132 0.187474308062811
13.8862876254181 0.313209252741174 0.190183300272359 0.190627301051585 0.190627301051343 0.1906273010514 0.190183300272416 0.186731596613868 0.183549204343812 0.182304997821461 0.187390968116368
13.8929765886288 0.312116218457717 0.19009571168521 0.190542216814166 0.190542216813661 0.190542216814102 0.190095711685082 0.186650313363323 0.183468476343592 0.182223862878047 0.187307684566662
13.8996655518395 0.311037424428683 0.190008184718096 0.190457185960881 0.190457185960582 0.190457185960703 0.190008184718153 0.186569084032293 0.183387804544523 0.182142784304716 0.187224457357061
13.9063545150502 0.309972575328551 0.189920719305718 0.190372208440081 0.190372208439847 0.190372208439882 0.189920719305817 0.186487908559123 0.183307188886971 0.182061762039154 0.187141286426119
13.9130434782609 0.308921383969555 0.189833315380838 0.190287284201972 0.190287284201901 0.190287284201844 0.189833315380952 0.186406786887268 0.183226629312934 0.181980796023517 0.187058171715897
13.9197324414716 0.307883571077689 0.189745972878868 0.19020241319604 0.190202413196438 0.190202413195685 0.189745972878931 0.186325718956404 0.183146125760317 0.181899886197314 0.186975113165374
13.9264214046823 0.306858864926156 0.189658691733889 0.190117595372755 0.190117595372811 0.190117595372904 0.189658691733868 0.186244704709218 0.183065678172369 0.181819032502141 0.186892110716812
13.933110367893 0.305847001123922 0.189571471879731 0.190032830682135 0.190032830681972 0.190032830681808 0.18957147187983 0.186163744088141 0.182985286489071 0.181738234878658 0.186809164310915
13.9397993311037 0.304847722378923 0.189484313251441 0.189948119073314 0.189948119073264 0.189948119073364 0.189484313251285 0.186082837032203 0.182904950651746 0.181657493267572 0.186726273887601
13.9464882943144 0.303860778282448 0.189397215784581 0.189863460498621 0.1898634604987 0.189863460498394 0.189397215784645 0.186001983485731 0.18282467060218 0.181576807610533 0.186643439389492
13.9531772575251 0.30288592499025 0.189310179412757 0.189778854906713 0.189778854906635 0.189778854906713 0.189310179412978 0.185921183390533 0.182744446280879 0.181496177848075 0.186560660757152
13.9598662207358 0.301922925115129 0.18922320407318 0.189694302249848 0.189694302249777 0.189694302249848 0.189223204073123 0.18584043668843 0.182664277631396 0.181415603922957 0.186477937933077
13.9665551839465 0.30097154745679 0.189136289698176 0.18960980247617 0.189609802475864 0.189609802476134 0.189136289697977 0.185759743320538 0.182584164591496 0.181335085773974 0.186395270856202
13.9732441471572 0.300031566793479 0.189049436217509 0.189525355530954 0.189525355530641 0.189525355530833 0.189049436217474 0.185679103223983 0.182504107098985 0.181254623338106 0.18631265946329
13.9799331103679 0.299102763757375 0.188962643585079 0.189440961383575 0.18944096138307 0.189440961383433 0.188962643585043 0.185598516358169 0.182424105111856 0.181174216573652 0.186230103713569
13.9866220735786 0.298184924548863 0.188875911718874 0.189356619966915 0.189356619967036 0.189356619966723 0.188875911718711 0.185517982649998 0.182344158556539 0.181093865406439 0.186147603532312
13.9933110367893 0.297277840828926 0.18878924055926 0.189272331237405 0.189272331237795 0.189272331237497 0.18878924055943 0.185437502045744 0.18226426737953 0.181013569783346 0.186065158865986
14 0.296381309522204 0.188702630041206 0.189188095144949 0.189188095145163 0.189188095144694 0.188702630041114 0.185357074487662 0.182184431521826 0.180933329644418 0.185982769655354
14.1373146292585 0.280016038143273 0.186937937204085 0.187470402195338 0.187470402195288 0.187470402195018 0.186937937203986 0.183717641961543 0.180557646892808 0.179298282076921 0.184303598518049
14.4378957915832 0.253753248116951 0.18316149522493 0.183785719023064 0.183785719022914 0.183785719023 0.183161495224937 0.180204520745249 0.177075525800035 0.175798312225531 0.180707001338753
14.7384769539078 0.235259315565216 0.179499314106693 0.180201079627977 0.180201079627921 0.180201079627757 0.179499314106806 0.176791216736881 0.173697721271118 0.172402981492766 0.177214987395693
15.0390581162325 0.221232547906496 0.175946274360236 0.176712577082967 0.176712577083308 0.17671257708286 0.175946274360264 0.173473168377491 0.170419609820961 0.169107663672399 0.173822929583999
15.3396392785571 0.210025084883441 0.172497579548242 0.173316546210792 0.173316546210941 0.173316546210565 0.172497579548242 0.170246102561407 0.16723685438285 0.165908023474508 0.170526490528346
15.6402204408818 0.200721774042748 0.169148729430802 0.170009541940104 0.170009541940487 0.170009541939876 0.169148729430624 0.16710601162432 0.16414537989376 0.162799992411223 0.167321598673333
15.9408016032064 0.192773043048213 0.165895495770876 0.166788319941489 0.166788319941602 0.166788319941361 0.165895495770677 0.164049132677008 0.161141351200357 0.159779747056291 0.164204426646847
16.2413827655311 0.185828453427156 0.162733900641072 0.163649819432749 0.163649819432955 0.163649819432379 0.162733900641165 0.161071929177886 0.158221153164121 0.156843689562365 0.16117137186037
16.5419639278557 0.17965363697882 0.159660196813974 0.160591147753642 0.160591147753415 0.160591147753394 0.159660196813796 0.158171074326255 0.155381372554544 0.153988430038041 0.158219038949326
16.8425450901804 0.174085634034562 0.156670850038815 0.157609566557589 0.157609566557426 0.157609566557241 0.156670850038999 0.155343436129741 0.1526187815778 0.151210770619315 0.155344223910319
17.143126252505 0.169007400169093 0.153762523002591 0.154702479430547 0.154702479430313 0.154702479430256 0.153762523002527 0.152586063947965 0.149930322841428 0.148507691047328 0.152543899744785
17.4437074148297 0.164332522253119 0.150932060816977 0.15186742080747 0.151867420808472 0.151867420807193 0.150932060816871 0.14989617637324 0.147313095624526 0.14587633563265 0.14981520347532
17.7442885771543 0.15999567081235 0.148176477682526 0.149102045850597 0.14910204585059 0.149102045850434 0.148176477682462 0.147271150108793 0.144764343114311 0.143314001255618 0.147155424200413
18.044869739479 0.155946424096918 0.145492945015832 0.146404121595722 0.146404121595523 0.146404121595545 0.145492945015903 0.144708510141292 0.142281440902792 0.140818126696686 0.144561992488434
18.3454509018036 0.152145150617898 0.142878780343665 0.143771518688155 0.143771518688091 0.14377151868792 0.142878780343665 0.142205920514158 0.139861886073859 0.138386282643268 0.142032470431197
18.6460320641283 0.148560191530351 0.140331437334687 0.141202204079335 0.141202204079505 0.141202204078908 0.140331437334687 0.139761176073996 0.137503287256898 0.136016162727863 0.13956454273341
18.9466132264529 0.145165887266437 0.137848496572659 0.1386942343144 0.138694234314464 0.138694234314094 0.137848496572573 0.137372194805025 0.135203355279486 0.133705575231019 0.137156008463876
19.2471943887776 0.141941167108584 0.135427657196772 0.136245749539057 0.136245749539349 0.136245749538567 0.135427657196765 0.135037010859705 0.132959894545067 0.131452435555417 0.134804773589913
19.5477755511022 0.13886852230943 0.133066729154159 0.133854967980056 0.133854967980291 0.133854967979531 0.133066729154045 0.132753768050627 0.130770794931834 0.129254759263148 0.132508844067921
19.8483567134269 0.135933246208324 0.130763626128406 0.131520180971442 0.131520180971343 0.131520180971002 0.130763626128221 0.13052071384125 0.128634024289809 0.127110655707163 0.130266319545903
20.1489378757515 0.133122863432263 0.128516359035103 0.129239748434529 0.129239748434713 0.129239748434031 0.128516359035181 0.12833619375197 0.126547621482743 0.125018322182164 0.1280753875998
20.4495190380762 0.130426695118757 0.12632302989573 0.127012094607259 0.127012094607139 0.127012094606705 0.126323029895602 0.126198645963079 0.12450968984043 0.122976038413263 0.125934318546214
20.7501002004008 0.127835524008347 0.124181826405092 0.124835704378107 0.124835704378079 0.124835704377347 0.124181826405135 0.124106596450162 0.122518391386471 0.120982161657416 0.123841459971267
21.0506813627255 0.125341333106853 0.122091016753629 0.122709119760295 0.122709119760067 0.122709119759683 0.1220910167536 0.122058654198746 0.120571941512736 0.119035122048302 0.121795232902905
21.3512625250501 0.122937099829258 0.12004894488269 0.120630936709517 0.120630936709595 0.120630936708672 0.12004894488269 0.120053506683853 0.118668604371784 0.117133418320122 0.119794127642656
21.6518436873748 0.120616632060241 0.118054025971247 0.118599802076943 0.118599802076766 0.118599802076076 0.118054025971205 0.118089915408554 0.116806688914934 0.11527561374178 0.117836699886134
21.9524248496994 0.118374436910159 0.116104742589954 0.116614411160668 0.116614411160633 0.116614411160697 0.116104742590089 0.116166711955273 0.114984546143312 0.113460332641459 0.11592156762967
22.253006012024 0.116205613962769 0.11419964068628 0.114673504979884 0.114673504980289 0.114673504979983 0.114199640686209 0.114282793683287 0.113200566936584 0.111686256782022 0.114047407950963
22.5535871743487 0.114105768503556 0.112337326160826 0.11277586809581 0.112775868095795 0.112775868095788 0.112337326160926 0.112437119898438 0.11145318139161 0.109952122266392 0.112212954476355
22.8541683366733 0.112070939958556 0.110516461487656 0.110920326377844 0.110920326377716 0.110920326377688 0.110516461487769 0.110628707893284 0.109740859321164 0.108256716463607 0.110416994955763
23.154749498998 0.11009754291694 0.10873576279922 0.109105745185204 0.109105745185197 0.109105745185197 0.108735762799313 0.108856629335641 0.108062112551266 0.106598875354493 0.108658369414712
23.4553306613226 0.108182317714132 0.106993996910312 0.107331027413217 0.107331027413203 0.107331027413217 0.106993996910198 0.107120006473849 0.106415498680668 0.104977480802368 0.106935968349092
23.7559118236473 0.106322289195063 0.105289978718567 0.105595111861 0.105595111861177 0.105595111861135 0.105289978718474 0.105418008614208 0.104799626893595 0.103391458144351 0.105248731406249
24.0564929859719 0.104514731769505 0.103622568619848 0.103896971550576 0.103896971550824 0.103896971550526 0.103622568619912 0.103749848524622 0.10321316555487 0.10183977376834 0.103595646178434
24.3570741482966 0.102757139973441 0.101990670263746 0.102235612340131 0.102235612340451 0.102235612340266 0.101990670263781 0.102114779118942 0.101654851902921 0.10032143295782 0.101975747425008
24.6576553106212 0.101047203205439 0.100393228293061 0.100610071464057 0.100610071463947 0.100610071464068 0.100393228293189 0.100512090064978 0.100123503335308 0.098835477650727 0.10038811631896
24.9582364729459 0.099382784193026 0.098829226322959 0.099019416267282 0.099019416267492 0.099019416267264 0.09882922632298 0.098941104613932 0.098618030203852 0.097380984330325 0.098831879936114
25.2588176352705 0.097761900402869 0.09729768499442 0.097462742968457 0.097462742968226 0.097462742968361 0.097297684994395 0.097401176491452 0.097137449429923 0.095957061829889 0.097306210748876
25.5593987975952 0.096182707975135 0.095797660143902 0.095939175496238 0.095939175496159 0.09593917549627 0.095797660144022 0.095891686917661 0.095680898192203 0.094562848997303 0.095810326081761
25.8599799599198 0.094643487795089 0.094328241109448 0.094447864422456 0.094447864422399 0.094447864422463 0.094328241109462 0.094412041796151 0.09424764673523 0.093197512087322 0.09434348745511
26.1605611222445 0.093142633364828 0.092888549143819 0.09298798596538 0.092987985965284 0.092987985965341 0.092888549143741 0.092961669063353 0.092837109086808 0.091860241536828 0.092904999680762
26.4611422845691 0.091678640116324 0.091477735853481 0.091558740981462 0.091558740981231 0.091558740981455 0.091477735853381 0.091540016128921 0.091448850345366 0.090550247478095 0.091494209523479
26.7617234468938 0.090250096085416 0.090094981784212 0.090159354071343 0.090159354071343 0.090159354071382 0.090094981784187 0.09014654754559 0.090082589411257 0.089266752864383 0.090110503956485
27.0623046092184 0.088855673678182 0.088739495074254 0.08878907272539 0.08878907272539 0.088789072725383 0.088739495074197 0.088780742850741 0.088738196025695 0.088008981374408 0.088753307869386
27.3628857715431 0.087494122331929 0.087410510131871 0.087447166458567 0.08744716645872 0.087447166458738 0.087410510131832 0.087442094533401 0.087415681345107 0.086776133226611 0.087422081144951
27.6634669338677 0.086164262115936 0.086107286493064 0.086132926103691 0.086132926103645 0.086132926103684 0.086107286493057 0.086130106302552 0.086115181997315 0.085567329681361 0.086116315285725
27.9640480961924 0.084864977914947 0.084829107623506 0.084845663020278 0.084845663020271 0.084845663020392 0.084829107623513 0.084844291425373 0.084836937758993 0.084381461176804 0.084835529422943
28.264629258517 0.083595214199651 0.083575279746231 0.083584708308891 0.083584708308727 0.083584708308802 0.08357527974632 0.083584171216909 0.083581263956141 0.083216657281231 0.083579265909428
28.5652104208417 0.08235397059709 0.082345130991087 0.082349412319879 0.082349412319839 0.082349412319911 0.08234513099104 0.082349273981837 0.082348520479496 0.082067478100978 0.08234708596164
28.8657915831663 0.081140297628775 0.081138010290772 0.081139143895893 0.081139143895797 0.081139143895943 0.081138010290747 0.081139133833286 0.081139078860964 0.080879222142258 0.081138564979966
29.166372745491 0.07995329293006 0.079953286398421 0.079953289708389 0.079953289708495 0.079953289708406 0.0799532863984 0.079953289752524 0.079953289994176 0.079953772043137 0.079953293235136
29.4669539078156 0.078792097995557 0.078790347107219 0.078791253787671 0.078791253787784 0.078791253787689 0.078790347107326 0.078791284984074 0.078791454746554 0.07884027820154 0.078792206224705
29.7675350701403 0.077655895026087 0.077648598301167 0.077652456860651 0.077652456860712 0.077652456860751 0.077648598301195 0.077652666360432 0.077653798928871 0.077778789755264 0.077656452132146
30.0681162324649 0.076543904225542 0.076527463204897 0.076536335878345 0.076536335878217 0.076536335878302 0.07652746320489 0.076536983943683 0.076540454330598 0.07674259601194 0.076545387920572
30.3686973947896 0.075455381242549 0.0754263815667 0.075442343460726 0.075442343460757 0.075442343460733 0.075426381566675 0.075443790689516 0.075451446281399 0.075727750742935 0.075458380818056
30.6692785571142 0.074389614864266 0.074344808902623 0.074369947391361 0.074369947391229 0.074369947391311 0.074344808902694 0.074372642264976 0.07438668794692 0.074732786253328 0.074394806904156
30.9698597194389 0.073345924912271 0.073282215776402 0.073318630136122 0.073318630136303 0.073318630136235 0.073282215776335 0.07332309697069 0.073345980868474 0.07375684874086 0.073354050467785
31.2704408817635 0.072323660379755 0.072238087167794 0.072287888444073 0.072287888444084 0.072287888444222 0.072238087167779 0.072294715823315 0.072329020887491 0.072799303970495 0.072335504047182
31.5710220440882 0.071322197582532 0.071211921724601 0.071277232819099 0.071277232819131 0.071277232819128 0.07121192172459 0.071287062570196 0.071335408080518 0.071859617367899 0.071338568791841
31.8716032064128 0.070340938567807 0.070203231154192 0.070286187126381 0.070286187126364 0.07028618712631 0.070203231154281 0.070299703888399 0.070364659678784 0.070937308743307 0.070362655254726
32.1721843687375 0.069379309698039 0.069211539679895 0.069314288257864 0.069314288257946 0.069314288257829 0.069211539679849 0.069332209682937 0.069416224671002 0.070031932423433 0.069407184411013
32.4727655310621 0.068436760124453 0.068236383293972 0.068361085589448 0.068361085589405 0.068361085589444 0.068236383294011 0.068384153203699 0.068489498710683 0.069143067246639 0.068471588516985
32.7733466933868 0.067512760605144 0.067277309269613 0.06742614069071 0.067426140690685 0.067426140690742 0.067277309269592 0.067455111433244 0.067583838904529 0.068270311273921 0.067555312182947
33.0739278557114 0.066606802355356 0.066333875622625 0.066509026985287 0.066509026985404 0.066509026985386 0.066333875622629 0.066544665432513 0.066698577507992 0.067413278638529 0.066657813291396
33.3745090180361 0.06571839588867 0.065405650498711 0.065609329332133 0.065609329332276 0.06560932933207 0.065405650498676 0.065652400609768 0.06583303406816 0.066571597456477 0.065778563689857
33.6750901803607 0.064847069982466 0.064492211611132 0.064726643659384 0.064726643659483 0.064726643659434 0.064492211611206 0.064777907033967 0.064986525892017 0.065744908415091 0.064917049766663
33.9756713426854 0.063992370831414 0.063593145815442 0.06386057673334 0.063860576733443 0.063860576733347 0.063593145815389 0.063920779867974 0.06415837684877 0.064932863858964 0.064072772980033
34.27625250501 0.063153861074806 0.062708048497633 0.063010745744261 0.063010745744304 0.06301074574424 0.062708048497598 0.063080619599759 0.063347924227934 0.064135126921286 0.063245250031507
34.5768336673347 0.062331119049407 0.061836523135632 0.062176778069365 0.062176778069269 0.0621767780694 0.061836523135568 0.062257032428079 0.062554524141472 0.063351370972036 0.062434013054119
34.8774148296593 0.06152373793033 0.060978180704005 0.061358310879804 0.061358310879935 0.061358310879903 0.060978180703973 0.061449630462843 0.061777555308037 0.062581278999463 0.061638609497642
35.177995991984 0.060731325145163 0.060132639303035 0.06055499098273 0.06055499098272 0.060554990982698 0.060132639302974 0.06065803212989 0.061016421814003 0.061824543284324 0.060858602120522
35.4785771543086 0.059953501580349 0.059299523538567 0.059766474416907 0.059766474416836 0.059766474416968 0.059299523538641 0.059881862295175 0.060270554577205 0.061080864878704 0.060093568630968
35.7791583166333 0.059189901017199 0.058478464088601 0.058992426246633 0.058992426246746 0.058992426246661 0.058478464088598 0.05912075255646 0.059539412151924 0.060349953312045 0.059343101438113
36.0797394789579 0.058440169512263 0.05766909717692 0.058232520270806 0.058232520270799 0.058232520270806 0.057669097176891 0.058374341408637 0.05882248077112 0.059631526223974 0.058606807246171
36.3803206412826 0.057703964888521 0.056871064116201 0.057486438813356 0.057486438813278 0.057486438813381 0.056871064116166 0.057642274461124 0.058119273951643 0.058925309106968 0.057884306679331
36.6809018036072 0.056980956173966 0.056084010759957 0.056753872438225 0.056753872438236 0.056753872438254 0.0560840107599 0.056924204538728 0.057429331644368 0.058231034980288 0.05717523378976
36.9814829659319 0.056270823115934 0.055307586992971 0.056034519715677 0.056034519715667 0.05603451971573 0.055307586993017 0.056219791802938 0.056752219158575 0.057548444124816 0.056479235589702
37.2820641282565 0.055573255725918 0.054541446211868 0.055328086999861 0.055328087000007 0.055328086999918 0.054541446211925 0.055528703847202 0.056087525922809 0.056877283839921 0.055795971576231
37.5826452905812 0.054887953832406 0.053785244777693 0.054634288195636 0.054634288195601 0.054634288195608 0.053785244777743 0.054850615751263 0.055434864124592 0.056217308192569 0.055125113235555
37.8832264529058 0.054214626696997 0.053038641489433 0.053952844568833 0.053952844568709 0.053952844568752 0.053038641489366 0.054185210145278 0.054793867339257 0.055568277813276 0.054466343586004
38.1838076152305 0.053552992602761 0.052301296988095 0.05328348451631 0.053283484516253 0.053283484516282 0.052301296988116 0.053532177203682 0.054164189113536 0.054929959661529 0.053819356682716
38.4843887775551 0.052902778468123 0.051572873143112 0.052625943344108 0.052625943344143 0.052625943344207 0.051572873143119 0.05289121462166 0.053545501576608 0.054302126798813 0.053183857135977
38.7849699398798 0.052263719536804 0.050853032473551 0.051979963111624 0.051979963111599 0.051979963111588 0.050853032473494 0.052262027627869 0.052937494156293 0.053684558228024 0.05255955970004
39.0855511022044 0.051635559033944 0.050141437478661 0.051345292424792 0.05134529242482 0.051345292424792 0.050141437478708 0.051644328922837 0.052339872309869 0.053077038690148 0.051946188825202
39.3861322645291 0.05101804783164 0.049437749932984 0.050721686231924 0.050721686231952 0.050721686231938 0.04943774993296 0.051037838598131 0.051752356318815 0.052479358463142 0.051343478220318
39.6867134268537 0.050410944171791 0.048741630181684 0.050108905666669 0.050108905666619 0.050108905666711 0.048741630181628 0.050442284080532 0.051174680204476 0.051891313207499 0.050751170474275
39.9872945891784 0.049814013402212 0.048052736388058 0.049506717890253 0.049506717890264 0.049506717890289 0.04805273638809 0.049857400055082 0.050606590713365 0.051312703812503 0.050169016689424
40.287875751503 0.049227027669769 0.047370723671332 0.048914895886842 0.048914895886817 0.048914895886849 0.047370723671321 0.049282928327521 0.050047846336973 0.050743336202334 0.049596776082066
40.5884569138277 0.048649765677297 0.046695243235639 0.048333218311989 0.048333218311854 0.048333218311932 0.046695243235654 0.048718617720269 0.049498216446111 0.050183021191217 0.049034215645854
40.8890380761523 0.048082012431543 0.046025941411941 0.047761469325643 0.04776146932554 0.047761469325657 0.04602594141188 0.048164223941601 0.048957480483868 0.049631574327208 0.048481109809007
41.189619238477 0.047523559040009 0.045362458663309 0.047199438467096 0.047199438467111 0.047199438467015 0.045362458663231 0.04761950948047 0.048425427258209 0.049088815773732 0.047937240156585
41.4902004008016 0.046974202469684 0.044704428449716 0.046646920485458 0.046646920485557 0.04664692048549 0.044704428449762 0.047084243451014 0.047901854254146 0.048554570151502 0.047402395110847
41.7907815631263 0.046433745351809 0.04405147603562 0.046103715212279 0.046103715212283 0.046103715212254 0.044051476035627 0.046558201462947 0.047386567038576 0.048028666421807 0.046876369656744
42.0913627254509 0.045901995765963 0.043403217146985 0.045569627403726 0.045569627403836 0.045569627403829 0.04340321714697 0.04604116545827 0.046879378689411 0.047510937742168 0.046358965060748
42.3919438877756 0.045378767041015 0.042759256513652 0.045044466599386 0.045044466599386 0.045044466599446 0.04275925651363 0.04553292355488 0.046380109280936 0.047001221336867 0.045849988608509
42.6925250501002 0.044863877569942 0.042119186270451 0.044528046987743 0.044528046987711 0.044528046987711 0.042119186270437 0.0450332698891 0.045888585423828 0.046499358375101 0.045349253360339
42.9931062124249 0.044357150668763 0.041482584230391 0.044020187312707 0.0440201873127 0.044020187312729 0.041482584230426 0.044542004496403 0.045404639876477 0.046005193886945 0.044856577954207
43.2936873747495 0.043858414402561 0.040849011922923 0.043520710743728 0.043520710743746 0.043520710743824 0.040849011922926 0.044058933148516 0.044928111153688 0.045518576647989 0.044371786380058
43.5942685370742 0.043367501396237 0.040218012392959 0.043029444725011 0.043029444725011 0.043029444725036 0.04021801239292 0.04358386716704 0.044458843154939 0.045039359041883 0.043894707743316
43.8948496993988 0.042884248667711 0.039589107762105 0.042546220846745 0.042546220846724 0.042546220846791 0.039589107762144 0.043116623258253 0.043996684830628 0.044567396945354 0.043425176054829
44.1954308617235 0.042408497510483 0.03896179654793 0.042070874759823 0.042070874759823 0.042070874759837 0.038961796547977 0.042657023383701 0.043541489921044 0.044102549659108 0.042963030071036
44.4960120240481 0.041940093431411 0.03833555071456 0.041603246146636 0.041603246146664 0.041603246146668 0.038335550714486 0.042204894687913 0.04309311676499 0.04364467987849 0.04250811319184
44.7965931863727 0.041478885841301 0.037709812050675 0.041143178438084 0.041143178438073 0.041143178438084 0.037709812050686 0.041760069173385 0.042651427888966 0.043193653439982 0.042060273119564
45.0971743486974 0.041024728060943 0.037083988442699 0.040690518845178 0.040690518845164 0.040690518845235 0.03708398844265 0.041322383685536 0.04221628991715 0.042749339360558 0.041619361830339
45.397755511022 0.040577477105842 0.03645744939659 0.040245118169725 0.040245118169757 0.040245118169761 0.036457449396526 0.040891679677223 0.041787573274974 0.042311609657915 0.041185235328971
45.6983366733467 0.040136993721163 0.035829521208751 0.039806830858712 0.039806830858655 0.039806830858755 0.035829521208701 0.040467803214874 0.041365152150032 0.041880339415535 0.040757753652596
45.9989178356713 0.039703142056887 0.035199481033732 0.039375514700268 0.039375514700112 0.039375514700289 0.035199481033701 0.040050604633283 0.040948904119077 0.041455406504184 0.040336780526182
46.299498997996 0.039275789692038 0.034566550512434 0.038951030865455 0.03895103086543 0.038951030865491 0.034566550512395 0.039639938528389 0.040538710112525 0.041036691625234 0.039922183357685
46.6000801603206 0.038854807528793 0.033929888264041 0.038533243819412 0.038533243819465 0.038533243819508 0.033929888263995 0.039235663622915 0.040134454269403 0.04062407823815 0.039513833111286
46.9006613226453 0.038440069626088 0.033288581170243 0.038122021170096 0.038122021170011 0.038122021170199 0.033288581170307 0.038837642572474 0.03973602373279 0.040217452417537 0.039111604119796
47.2012424849699 0.038031453170376 0.032641634402062 0.037717233651758 0.037717233651772 0.037717233651829 0.03264163440198 0.038445741904948 0.03934330859498 0.039816702859845 0.03871537403845
47.5018236472946 0.037628838324057 0.031987959711181 0.037318754985908 0.037318754985872 0.037318754986064 0.031987959711142 0.038059831840364 0.038956201718044 0.03942172074715 0.03832502367387
47.8024048096192 0.037232108150512 0.031326361831969 0.036926461818411 0.036926461818428 0.036926461818567 0.03132636183193 0.037679786184498 0.038574598638036 0.039032399697543 0.037940436892459
48.1029859719439 0.036841148575757 0.030655522543178 0.036540233690381 0.03654023369036 0.036540233690445 0.03065552254315 0.037305482263069 0.038198397513551 0.038648635752683 0.037561500569179
48.4035671342685 0.036455848193025 0.029973981750686 0.03615995285212 0.036159952852085 0.036159952852202 0.029973981750743 0.036936800694463 0.037827498913814 0.038270327197004 0.037188104375435
48.7041482965932 0.036076098336348 0.029280115348438 0.035785504345331 0.03578550434538 0.035785504345462 0.029280115348492 0.036573625436045 0.037461805885137 0.037897374658911 0.036820140842398
49.0047294589178 0.03570179285731 0.028572108560852 0.035416775786391 0.035416775786395 0.035416775786587 0.028572108560859 0.03621584353197 0.037101223718306 0.037529680897194 0.036457505123437
49.3053106212425 0.035332828139797 0.027847924307096 0.035053657388804 0.035053657388829 0.035053657388975 0.027847924307171 0.035863345101287 0.036745659960236 0.037167150841622 0.036100095000268
49.6058917835671 0.034969103000286 0.027105265015301 0.034696041868337 0.03469604186833 0.034696041868532 0.027105265015329 0.035516023209326 0.036395024310146 0.036809691507212 0.035747810771746
49.9064729458918 0.034610518560623 0.026341526359676 0.034343824321468 0.034343824321479 0.034343824321649 0.026341526359715 0.035173773716366 0.036049228490473 0.036457211879167 0.035400555117068
50.2070541082164 0.034256978346605 0.025553741187434 0.03399690232909 0.033996902329104 0.033996902329232 0.02555374118743 0.034836495348746 0.03570818634449 0.036109623033131 0.03505823318633
50.5076352705411 0.033908387975927 0.024738510238912 0.033655175646946 0.033655175647002 0.033655175647166 0.024738510238834 0.034504089364447 0.035371813528546 0.035766837831247 0.034720752280446
50.8082164328657 0.033564655333901 0.023891917172485 0.033318546386891 0.033318546386816 0.033318546387093 0.023891917172506 0.034176459703556 0.035040027687376 0.035428771119289 0.034388022020245
51.1087975951904 0.033225690404922 0.023009422345577 0.032986918850046 0.032986918849964 0.032986918850281 0.02300942234562 0.033853512797474 0.034712748286449 0.035095339561341 0.034059954168861
51.409378757515 0.032891405138663 0.022085729486825 0.032660199395799 0.032660199395849 0.032660199396069 0.022085729486797 0.033535157412757 0.034389896487756 0.034766461524988 0.033736462494098
51.7099599198397 0.032561713590578 0.02111461716396 0.032338296585369 0.032338296585405 0.032338296585699 0.021114617163995 0.033221304770727 0.034071395286731 0.034442057231441 0.033417462901554
52.0105410821643 0.032236531637857 0.020088722578558 0.032021120897994 0.032021120897968 0.032021120898321 0.020088722578526 0.032911868245364 0.03375716924295 0.034122048486372 0.033102873148209
52.311122244489 0.031915777095057 0.018999262653813 0.031708584850309 0.031708584850369 0.031708584850655 0.01899926265382 0.032606763455599 0.033447144590483 0.033806358801554 0.032792612949661
52.6117034068136 0.03159936958367 0.017835668728132 0.031400602864537 0.031400602864483 0.031400602864846 0.017835668728104 0.03230590811993 0.03314124912151 0.033494913276348 0.03248660384766
52.9122845691383 0.031287230542716 0.016585102968371 0.031097091282142 0.031097091282122 0.03109709128252 0.016585102968321 0.032009222047085 0.032839412194457 0.033187638602565 0.032184769211568
53.2128657314629 0.030979283131643 0.015231808506764 0.030797968267169 0.030797968267089 0.030797968267182 0.015231808506755 0.031716627023286 0.03254156464944 0.032884463036695 0.031887034152383
53.5134468937876 0.030675452139061 0.013756223009629 0.030503153712854 0.030503153712912 0.030503153712905 0.013756223009581 0.03142804670529 0.032247638720508 0.03258531620285 0.031593325401836
53.8140280561122 0.030375664085785 0.012133748831492 0.030212569348894 0.030212569348894 0.030212569348894 0.012133748831463 0.031143406707193 0.031957568144559 0.03229012930273 0.031303571433913
54.1146092184369 0.030079847017246 0.01033301301281 0.029926138530785 0.029926138530911 0.029926138530815 0.010333013012799 0.03086263437865 0.031671287959201 0.031998834921099 0.031017702256769
54.4151903807615 0.029787930554335 0.008313352897861 0.029643786291846 0.029643786291839 0.029643786291842 0.0083133528979 0.030585658844233 0.03138873456478 0.031711367029638 0.030735649449035
54.7157715430862 0.029499845858796 0.006021092546431 0.02936543930811 0.029365439308085 0.029365439308089 0.006021092546343 0.030312410949911 0.03110984568527 0.031427660945663 0.030457346116235
55.0163527054108 0.029215525495394 0.003383871943067 0.02909102575968 0.029091025759604 0.029091025759684 0.00338387194309 0.030042823120597 0.03083456024941 0.031147653271598 0.030182726771816
55.3169338677355 0.028934903588752 0.000301728998354 0.028820475487324 0.028820475487352 0.028820475487358 0.000301728998398 0.029776829498394 0.030562818542958 0.030871282005975 0.0299117274759
55.6175150300601 0.028657915505246 0.00336746606825 0.028553719673473 0.028553719673452 0.028553719673484 0.00336746606833 0.029514365618072 0.030294561903421 0.030598486252131 0.029644285522853
55.9180961923848 0.028384498133303 0.007832886219896 0.028290691122027 0.02829069112205 0.028290691122011 0.007832886220005 0.029255368673447 0.030029733000735 0.030329206493793 0.029380339715509
56.2186773547094 0.028114589552297 0.013415588791633 0.028031323925426 0.02803132392545 0.028031323925397 0.013415588791707 0.028999777181088 0.029768275520395 0.03006338428318 0.029119830038614
56.5192585170341 0.027848129256064 0.02063490145766 0.027775553688438 0.027775553688422 0.027775553688432 0.020634901457363 0.028747531186319 0.029510134379196 0.029800962452177 0.028862697872237
56.8198396793587 0.027585057879582 0.03038946424795 0.027523317252728 0.027523317252715 0.02752331725271 0.030389464247994 0.028498571991184 0.029255255473064 0.029541884860914 0.028608885726968
57.1204208416834 0.027325317410362 0.04438096039339 0.027274552907397 0.027274552907398 0.027274552907398 0.044380960393472 0.028252842349355 0.029003585882139 0.029286096605183 0.02835833744763
57.421002004008 0.027068850917372 0.066269286347339 0.02702920011706 0.027029200117074 0.027029200117099 0.066269286347749 0.028010286190797 0.028755073609069 0.029033543748595 0.028110997942843
57.7215831663327 0.026815602739113 0.105627140188435 0.026787199707945 0.026787199707972 0.026787199707997 0.105627140189217 0.02777084880179 0.028509667772898 0.028784173521597 0.027866813373597
58 0.026583852213541 0.187103160758019 0.026565984184892 0.026565984184906 0.026565984184901 0.187103160758367 0.02755180277053 0.028285085535945 0.028555985589799 0.027643403152117
58.0033444816054 0.026581084635849 0.18867650029247 0.026563343829347 0.026563343829304 0.026563343829327 0.188676500293235 0.027549187295334 0.0282824035229 0.028553260644957 0.027640735447029
58.0066889632107 0.026578317444015 0.190272722119953 0.026560703875404 0.026560703875358 0.026560703875431 0.190272722121485 0.027546572193844 0.028279721882763 0.028550536082573 0.027638068120432
58.0100334448161 0.026575550636972 0.191892330019464 0.026558064322087 0.026558064322059 0.026558064322051 0.191892330020018 0.027543957465021 0.028277040614539 0.028547811902051 0.02763540117134
58.0133779264214 0.026572784214222 0.193535842636884 0.026555425168876 0.026555425168901 0.02655542516888 0.193535842637557 0.027541343108739 0.028274359718326 0.028545088100806 0.02763273459904
58.0167224080268 0.026570018174907 0.195203794090473 0.026552786414802 0.026552786414721 0.026552786414749 0.195203794092517 0.027538729123673 0.028271679192535 0.028542364677573 0.027630068402191
58.0200668896321 0.026567252520037 0.196896734512983 0.026550148061046 0.026550148060974 0.026550148061032 0.196896734512727 0.027536115511119 0.028268999038428 0.028539641638547 0.027627402583347
58.0221643286573 0.026565518281089 0.197971437759211 0.026548493664892 0.026548493664969 0.026548493664926 0.197971437760579 0.027534476616703 0.028267318413525 0.02853793412212 0.027625730950788
58.0234113712375 0.026564487252737 0.198615230680597 0.026547510110378 0.026547510110424 0.026547510110467 0.19861523068122 0.027533502273682 0.028266319259144 0.02853691898107 0.02762473714397
58.0267558528428 0.026561722371087 0.200359866641113 0.026544872561337 0.026544872561326 0.026544872561335 0.200359866640717 0.027530889409926 0.028263639852531 0.028534196706149 0.027622072082945
58.0301003344482 0.026558957875212 0.202131244368591 0.026542235413801 0.026542235413707 0.026542235413757 0.202131244367708 0.027528276919954 0.028260960819225 0.028531474813093 0.027619407400351
58.0334448160535 0.026556193763307 0.203929984496767 0.026539598665934 0.026539598665984 0.026539598665936 0.203929984495813 0.027525664802004 0.028258282157141 0.028528753300408 0.027616743094406
58.0367892976589 0.026553430037062 0.205756726947751 0.026536962319437 0.02653696231943 0.026536962319447 0.205756726948842 0.027523053057383 0.028255603867981 0.028526032169902 0.027614079166662
58.0401337792642 0.026550666695318 0.207612131828515 0.026534326373302 0.026534326373335 0.026534326373291 0.207612131827423 0.027520441685356 0.028252925950723 0.028523311419084 0.027611415615823
58.0434782608696 0.026547903738441 0.209496880096768 0.026531690827735 0.026531690827733 0.026531690827717 0.209496880097142 0.027517830686183 0.028250248405753 0.028520591050603 0.027608752442804
58.0468227424749 0.026545141165929 0.211411674491044 0.026529055682215 0.026529055682202 0.02652905568225 0.211411674490602 0.027515220059302 0.028247571232072 0.028517871062112 0.027606089646513
58.0501672240803 0.026542378979032 0.213357240343369 0.026526420938033 0.02652642093801 0.02652642093801 0.213357240345525 0.027512609805902 0.028244894431618 0.028515151455558 0.027603427228478
58.0535117056856 0.026539617175688 0.215334326567934 0.02652378659319 0.02652378659317 0.026523786593192 0.215334326568049 0.027509999924284 0.028242218001568 0.02851243222902 0.027600765186662
58.056856187291 0.026536855757815 0.217343706503097 0.026521152649526 0.026521152649497 0.026521152649501 0.217343706504792 0.027507390415691 0.028239541944826 0.028509713384402 0.027598103522957
58.0602006688963 0.026534094723468 0.21938617906871 0.026518519104993 0.026518519105014 0.02651851910502 0.21938617907108 0.027504781278697 0.028236866258826 0.028506994919352 0.027595442235338
58.0635451505017 0.026531334073711 0.221462569721938 0.026515885960933 0.026515885960977 0.026515885960924 0.221462569719552 0.027502172514414 0.02823419094474 0.028504276835253 0.027592781325009
58.066889632107 0.026528573807925 0.223573731589779 0.026513253216326 0.026513253216237 0.026513253216342 0.22357373159152 0.027499564121916 0.028231516002094 0.028501559131886 0.02759012079134
58.0702341137124 0.026525813925986 0.225720546681794 0.026510620871509 0.026510620871452 0.026510620871484 0.225720546682814 0.027496956101237 0.028228841430661 0.028498841808345 0.027587460634118
58.0735785953177 0.026523054428104 0.227903927083227 0.026507988926291 0.026507988926243 0.026507988926307 0.227903927083021 0.027494348452807 0.028226167230674 0.028496124864788 0.027584800853511
58.0769230769231 0.026520295314136 0.230124816233575 0.026505357380772 0.026505357380765 0.02650535738078 0.230124816230507 0.027491741176068 0.02822349340175 0.028493408302007 0.027582141449514
58.0802675585284 0.026517536584203 0.232384190333921 0.026502726234934 0.02650272623495 0.026502726234899 0.232384190333319 0.027489134271264 0.028220819944414 0.028490692118478 0.027579482421926
58.0836120401338 0.02651477823731 0.234683059763903 0.026500095487826 0.026500095487778 0.026500095487792 0.234683059764393 0.027486527737414 0.028218146857579 0.028487976315972 0.027576823770456
58.0869565217391 0.026512020273179 0.237022470545318 0.026497465139071 0.026497465139105 0.026497465139125 0.237022470545806 0.027483921574579 0.028215474140833 0.028485260892035 0.027574165494297
58.0903010033445 0.026509262693429 0.239403505997679 0.026494835190512 0.026494835190524 0.026494835190569 0.239403505997098 0.027481315783991 0.028212801795979 0.028482545848565 0.027571507595138
58.0936454849498 0.026506505496657 0.241827288407613 0.02649220564053 0.026492205640526 0.02649220564051 0.241827288405426 0.027478710364259 0.028210129821298 0.028479831184505 0.027568850071498
58.0969899665552 0.026503748683622 0.244294980705464 0.026489576489874 0.026489576489919 0.026489576489864 0.244294980705854 0.027476105316117 0.028207458217755 0.0284771169003 0.027566192924175
58.1003344481605 0.026500992253647 0.246807788427624 0.026486947738023 0.026486947738029 0.026486947738093 0.246807788427693 0.02747350063952 0.028204786984798 0.028474402995938 0.027563536152844
58.1036789297659 0.026498236207214 0.249366961690674 0.026484319385435 0.02648431938546 0.026484319385435 0.249366961692953 0.027470896334018 0.028202116122925 0.028471689471177 0.027560879757591
58.1070234113712 0.026495480543774 0.251973797130569 0.026481691431373 0.02648169143137 0.026481691431371 0.251973797131612 0.027468292399551 0.028199445631387 0.02846897632643 0.027558223738085
58.1103678929766 0.02649272526431 0.254629640264488 0.026479063876874 0.026479063876941 0.026479063876922 0.254629640266815 0.027465688836861 0.028196775511141 0.028466263560876 0.027555568094897
58.1137123745819 0.026489970367919 0.257335887721963 0.02647643672128 0.026476436721305 0.026476436721314 0.257335887725246 0.027463085645577 0.028194105761624 0.028463551175376 0.027552912827744
58.1170568561873 0.026487215854935 0.260093989661206 0.026473809964625 0.026473809964692 0.026473809964635 0.260093989660485 0.027460482825781 0.028191436383057 0.028460839170061 0.027550257936794
58.1204013377926 0.026484461724884 0.262905452459806 0.026471183606592 0.02647118360659 0.026471183606603 0.262905452460714 0.0274578803767 0.028188767374742 0.028458127542962 0.027547603421105
58.123745819398 0.02648170797757 0.265771841409721 0.026468557646965 0.026468557646966 0.026468557646974 0.265771841408974 0.027455278298307 0.02818609873667 0.028455416295659 0.027544949280964
58.1270903010033 0.026478954613543 0.268694783588749 0.026465932086131 0.026465932086175 0.026465932086167 0.268694783591217 0.027452676591315 0.028183430469298 0.028452705428004 0.027542295516836
58.1304347826087 0.026476201632084 0.271675971015947 0.026463306923583 0.026463306923509 0.026463306923537 0.27167597101837 0.027450075254675 0.028180762572061 0.028449994939818 0.027539642128046
58.133779264214 0.026473449036228 0.27471716387849 0.026460682162016 0.026460682162075 0.026460682162028 0.274717163881402 0.027447474291639 0.028178095047489 0.028447284832957 0.027536989117284
58.1371237458194 0.026470696822731 0.277820194004155 0.026458057798715 0.026458057798664 0.026458057798681 0.277820194006813 0.027444873698949 0.028175427892892 0.028444575104663 0.027534336481551
58.1404682274247 0.02646794499211 0.280986968549596 0.026455433833844 0.02645543383391 0.026455433833858 0.280986968549291 0.027442273477329 0.028172761108833 0.028441865756248 0.02753168422165
58.1438127090301 0.026465193540792 0.284219473906642 0.026452810263807 0.026452810263811 0.026452810263788 0.284219473905592 0.027439673622705 0.028170094691394 0.028439156782366 0.027529032333261
58.1471571906355 0.026462442471662 0.287519779898133 0.026450187091593 0.026450187091523 0.026450187091539 0.287519779898529 0.027437074138424 0.028167428643803 0.02843644818754 0.027526380819975
58.1505016722408 0.026459691785091 0.290890044086291 0.026447564317483 0.026447564317362 0.026447564317474 0.290890044088227 0.027434475024759 0.028164762965991 0.028433739972325 0.027523729682057
58.1538461538462 0.026456941480305 0.294332516675457 0.026444941940703 0.026444941940746 0.026444941940755 0.294332516676027 0.027431876280886 0.028162097657631 0.028431032134906 0.027521078918557
58.1571906354515 0.026454191557893 0.297849545291516 0.026442319961957 0.026442319961969 0.026442319961964 0.297849545291623 0.027429277907128 0.028159432719212 0.02842832467555 0.027518428529888
58.1605351170569 0.026451442017789 0.301443580547268 0.026439698381074 0.026439698381125 0.026439698381081 0.301443580550966 0.027426679903913 0.028156768150575 0.028425617595824 0.027515778516508
58.1638795986622 0.026448692859706 0.305117181602416 0.026437077197871 0.026437077197908 0.02643707719785 0.305117181601855 0.027424082270594 0.02815410395139 0.028422910894426 0.027513128877747
58.1672240802676 0.026445944083113 0.308873022260094 0.026434456411664 0.026434456411689 0.026434456411689 0.308873022263533 0.027421485006906 0.028151440121459 0.028420204570253 0.027510479613101
58.1705685618729 0.026443195689046 0.312713897537749 0.026431836023434 0.026431836023452 0.026431836023466 0.312713897539119 0.027418888113672 0.028148776661379 0.028417498625599 0.027507830723741
58.1739130434783 0.026440447676972 0.316642730480934 0.026429216032893 0.026429216032861 0.026429216032875 0.316642730479263 0.027416291590489 0.028146113570893 0.028414793059568 0.0275051822092
58.1772575250836 0.026437700046376 0.320662579717238 0.02642659643946 0.026426596439428 0.026426596439434 0.32066257971773 0.027413695436668 0.028143450849582 0.028412087871038 0.027502534068709
58.180602006689 0.026434952798496 0.324776647356956 0.02642397724421 0.026423977244134 0.026423977244162 0.324776647353257 0.027411099653682 0.028140788498314 0.028409383061346 0.027499886303547
58.1839464882943 0.02643220593202 0.328988287455378 0.026421358445713 0.026421358445763 0.026421358445749 0.328988287455893 0.027408504239984 0.02813812651617 0.028406678630175 0.02749723891268
58.1872909698997 0.026429459447256 0.333301015206683 0.026418740044701 0.026418740044736 0.026418740044758 0.333301015203766 0.027405909196137 0.028135464903175 0.028403974577325 0.027494591896309
58.190635451505 0.026426713343762 0.337718516662203 0.026416122040471 0.026416122040482 0.026416122040486 0.33771851666522 0.027403314521768 0.028132803659169 0.028401270900863 0.027491945253649
58.1939799331104 0.026423967621556 0.342244659377366 0.026413504433082 0.026413504433052 0.026413504433069 0.342244659374238 0.027400720216301 0.02813014278421 0.028398567603196 0.027489298985193
58.1973244147157 0.026421222280892 0.346883503516148 0.026410887222738 0.026410887222689 0.026410887222687 0.346883503517397 0.02739812628063 0.028127482278023 0.0283958646832 0.027486653090906
58.2006688963211 0.026418477320416 0.35163931418597 0.026408270408082 0.026408270408082 0.026408270408092 0.351639314186018 0.027395532713106 0.028124822139873 0.028393162140288 0.027484007569722
58.2040133779264 0.026415732740791 0.35651657441942 0.026405653989844 0.026405653989839 0.02640565398981 0.356516574418471 0.027392939514661 0.028122162370032 0.02839045997538 0.027481362422266
58.2073578595318 0.026412988542305 0.361519999337283 0.026403037968207 0.026403037968178 0.026403037968203 0.361519999340485 0.02739034668523 0.028119502969331 0.028387758186355 0.027478717648309
58.2107023411371 0.026410244725229 0.366654551294724 0.026400422343455 0.026400422343476 0.026400422343427 0.36665455130006 0.027387754225115 0.028116843937019 0.028385056776463 0.027476073248643
58.2140468227425 0.026407501288183 0.371925456368 0.026397807114391 0.026397807114428 0.026397807114387 0.371925456368185 0.027385162133362 0.028114185272751 0.028382355742178 0.027473429221677
58.2173913043478 0.026404758232676 0.377338222091939 0.026395192282267 0.026395192282301 0.026395192282289 0.377338222092103 0.027382570411012 0.028111526977709 0.028379655087298 0.027470785569349
58.2207357859532 0.026402015557768 0.382898656565978 0.026392577846266 0.026392577846291 0.026392577846256 0.382898656561713 0.027379979057376 0.028108869050875 0.0283769548076 0.027468142289855
58.2240802675585 0.02639927326354 0.38861288948361 0.026389963806413 0.026389963806452 0.026389963806398 0.388612889484298 0.027377388072296 0.028106211492242 0.028374254906167 0.027465499384009
58.2274247491639 0.026396531350619 0.39448739442949 0.026387350163349 0.026387350163342 0.026387350163333 0.394487394429465 0.027374797456631 0.028103554302341 0.028371555381991 0.027462856852059
58.2307692307692 0.026393789817735 0.400529013518742 0.026384736915892 0.026384736915876 0.026384736915933 0.400529013516676 0.027372207209092 0.028100897480746 0.028368856234975 0.0274602146932
58.2341137123746 0.02639104866582 0.406744983893274 0.026382124064742 0.026382124064771 0.026382124064716 0.40674498389523 0.027369617330281 0.028098241027227 0.028366157465229 0.027457572907821
58.2374581939799 0.026388307894266 0.413142966676803 0.026379511609619 0.026379511609621 0.026379511609594 0.41314296667603 0.027367027820365 0.02809558494198 0.028363459071798 0.027454931495617
58.2408026755853 0.026385567503178 0.419731078609802 0.026376899550369 0.026376899550417 0.026376899550407 0.419731078605514 0.027364438678729 0.028092929224807 0.028360761056424 0.027452290456818
58.2441471571906 0.026382827495239 0.426517926248847 0.026374287889503 0.026374287889523 0.026374287889558 0.4265179262436 0.027361849908129 0.0280902738784 0.028358063420159 0.027449649793729
58.247491638796 0.026380087867418 0.43351264353486 0.026371676624505 0.026371676624468 0.026371676624523 0.433512643536329 0.027359261505897 0.028087618899978 0.028355366159829 0.027447009503462
58.2508361204013 0.026377348620839 0.440724932844557 0.026369065756111 0.026369065756109 0.026369065756118 0.440724932842812 0.027356673472673 0.028084964290384 0.028352669277608 0.027444369587192
58.2541806020067 0.026374609754244 0.448165109902623 0.026366455283254 0.026366455283258 0.026366455283279 0.448165109904013 0.027354085807783 0.028082310048275 0.028349972771887 0.027441730043714
58.257525083612 0.026371871267623 0.455844153032642 0.026363845205655 0.026363845205646 0.026363845205648 0.455844153039232 0.027351498510472 0.02807965617402 0.028347276642904 0.027439090872962
58.2608695652174 0.026369133160765 0.463773757175755 0.026361235523373 0.026361235523409 0.026361235523346 0.463773757167932 0.027348911581626 0.028077002667045 0.028344580890298 0.027436452074898
58.2642140468227 0.026366395434197 0.47196639344263 0.026358626236815 0.02635862623676 0.026358626236792 0.471966393434775 0.027346325020668 0.028074349528263 0.028341885513889 0.027433813649648
58.2675585284281 0.026363658087123 0.480435374412963 0.026356017345112 0.026356017345126 0.026356017345153 0.480435374417015 0.027343738827369 0.028071696756596 0.028339190514474 0.027431175596954
58.2709030100334 0.026360921118389 0.489194926530438 0.026353408847237 0.026353408847209 0.026353408847234 0.489194926537163 0.02734115300051 0.028069044350883 0.028336495888915 0.027428537915082
58.2742474916388 0.026358184527357 0.498260269631443 0.026350800742508 0.026350800742487 0.02635080074249 0.498260269637367 0.027338567539122 0.02806639231058 0.028333801637878 0.027425900603692
58.2775919732442 0.026355448315421 0.507647705560585 0.026348193032332 0.026348193032272 0.026348193032304 0.507647705560059 0.027335982445209 0.028063740637347 0.028331107762453 0.027423263664309
58.2809364548495 0.026352712483025 0.517374715576077 0.026345585717033 0.02634558571701 0.026345585717031 0.517374715575933 0.027333397719042 0.028061089331089 0.028328414263205 0.027420627097266
58.2842809364549 0.026349977030721 0.527460069417069 0.026342978797255 0.02634297879724 0.026342978797281 0.527460069417691 0.02733081336072 0.028058438392769 0.0283257211413 0.027417990903194
58.2876254180602 0.02634724195698 0.537923946032453 0.026340372271456 0.026340372271417 0.026340372271402 0.537923946039362 0.027328229369077 0.028055787820947 0.028323028393194 0.027415355080205
58.2909698996656 0.026344507262682 0.548788068287623 0.026337766140451 0.026337766140468 0.02633776614047 0.54878806829214 0.027325645744966 0.028053137616214 0.028320336021924 0.027412719629659
58.2943143812709 0.026341772947722 0.560075853702701 0.026335160404301 0.026335160404276 0.026335160404285 0.560075853692066 0.027323062488291 0.028050487778689 0.02831764402567 0.027410084551036
58.2976588628763 0.02633903901256 0.571812582821712 0.026332555063254 0.026332555063256 0.026332555063311 0.571812582829324 0.027320479599391 0.028047838308545 0.028314952406822 0.027407449845233
58.3010033444816 0.026336305456068 0.584025588314221 0.026329950116356 0.026329950116315 0.026329950116347 0.584025588312773 0.027317897077378 0.028045189205006 0.028312261162256 0.027404815510716
58.304347826087 0.026333572279432 0.596744467441628 0.026327345564667 0.026327345564621 0.026327345564603 0.596744467446799 0.027315314923222 0.028042540468922 0.028309570295143 0.027402181549068
58.3076923076923 0.026330839482206 0.610001321636471 0.026324741407743 0.026324741407743 0.026324741407706 0.610001321636471 0.027312733136428 0.028039892100027 0.028306879802896 0.027399547959297
58.3110367892977 0.026328107063622 0.623831026906554 0.026322137644856 0.026322137644829 0.026322137644835 0.623831026908347 0.027310151716549 0.028037244097742 0.028304189686574 0.027396914741273
58.314381270903 0.026325375022692 0.638271540387297 0.026319534274981 0.026319534274972 0.026319534275025 0.638271540382778 0.027307570662588 0.028034596461048 0.028301499944911 0.027394281893898
58.3177257525084 0.02632264336083 0.653364248186083 0.026316931299576 0.026316931299508 0.02631693129957 0.653364248184525 0.02730498997523 0.028031949190769 0.02829881057818 0.027391649417954
58.3210702341137 0.026319912077494 0.669154361519491 0.02631432871801 0.026314328717987 0.026314328718018 0.669154361519491 0.027302409654855 0.028029302287155 0.02829612158658 0.027389017313549
58.322745490982 0.026318544114817 0.677341141107879 0.026313025228145 0.026313025228159 0.026313025228179 0.677341141108027 0.027301117305497 0.028027976585952 0.028294774806861 0.027387699027207
58.3244147157191 0.026317181172598 0.685691369032808 0.026311726530278 0.026311726530304 0.026311726530283 0.685691369023473 0.027299829700906 0.028026655749994 0.02829343297052 0.02738638558054
58.3277591973244 0.026314450646019 0.703029554742153 0.026309124736304 0.026309124736274 0.026309124736287 0.703029554723782 0.027297250113547 0.028024009578683 0.028290744728938 0.027383754218555
58.3311036789298 0.026311720498551 0.721228593685876 0.026306523336714 0.026306523336691 0.026306523336672 0.721228593696436 0.027294670893351 0.028021363774332 0.02828805686379 0.027381123228665
58.3344481605351 0.026308990728387 0.740354237642784 0.026303922329749 0.026303922329765 0.026303922329726 0.740354237639338 0.027292092038286 0.028018718335403 0.028285369371078 0.027378492608545
58.3377926421405 0.026306261337533 0.760479109339531 0.026301321717536 0.02630132171751 0.026301321717488 0.760479109341402 0.027289513550676 0.028016073263221 0.028282682256078 0.027375862360922
58.3411371237458 0.026303532324537 0.781683623071309 0.026298721498325 0.026298721498288 0.026298721498334 0.781683623072993 0.027286935429325 0.028013428556843 0.028279995513579 0.027373232483596
58.3444816053512 0.026300803689679 0.804057059677644 0.026296121672713 0.026296121672751 0.026296121672756 0.804057059676653 0.02728435767375 0.028010784216631 0.028277309147729 0.027370602977658
58.3478260869565 0.026298075433205 0.827698821851101 0.026293522240893 0.02629352224092 0.026293522240909 0.827698821860365 0.027281780285128 0.028008140242456 0.028274623155474 0.027367973842633
58.3511705685619 0.026295347554859 0.852719911119044 0.026290923202495 0.026290923202517 0.026290923202478 0.852719911099461 0.027279203262422 0.028005496634426 0.028271937538333 0.02736534507865
58.3545150501672 0.026292620054656 0.879244669664782 0.02628832455752 0.026288324557532 0.0262883245575 0.879244669679318 0.027276626605934 0.028002853392403 0.028269252295839 0.027362716685591
58.3578595317726 0.026289892934539 0.90741284716673 0.026285726307968 0.02628572630802 0.026285726308018 0.907412847166935 0.027274050317677 0.028000210518181 0.0282665674301 0.027360088665471
58.3612040133779 0.026287166192626 0.937382062407036 0.026283128451953 0.026283128451921 0.026283128451901 0.937382062433505 0.027271474395761 0.027997568009866 0.028263882939184 0.027357461016358
58.3645484949833 0.02628443982829 0.969330753948356 0.026280530988734 0.026280530988775 0.026280530988734 0.96933075397077 0.027268898839484 0.027994925867221 0.028261198823193 0.027354833737901
58.3678929765886 0.026281713842767 1.00346173464455 0.026277933919699 0.026277933919683 0.02627793391969 1.0034617346255 0.027266323650155 0.027992284091155 0.028258515081754 0.027352206830823
58.371237458194 0.026278988234452 1.04000650012722 0.026275337243156 0.026275337243211 0.02627533724317 1.04000650008842 0.027263748826078 0.027989642680506 0.028255831713977 0.027349580293834
58.3745819397993 0.026276263003899 1.07923048428525 0.026272740959748 0.026272740959742 0.026272740959744 1.07923048429287 0.027261174367981 0.027987001635246 0.028253148721415 0.027346954127639
58.3779264214047 0.026273538150916 1.12143951514393 0.026270145069015 0.026270145069081 0.026270145069015 1.12143951515935 0.027258600275323 0.027984360955394 0.028250466102721 0.027344328331692
58.38127090301 0.026270813674808 1.16698780033863 0.026267549570648 0.026267549570616 0.026267549570623 1.16698780032885 0.027256026547894 0.027981720640648 0.0282477838583 0.027341702905808
58.3846153846154 0.02626808957638 1.21628788722085 0.026264954465066 0.02626495446512 0.02626495446509 1.21628788717005 0.027253453186262 0.027979080691239 0.028245101985959 0.027339077849792
58.3879598662207 0.026265365855244 1.26982318773115 0.026262359752131 0.026262359752058 0.02626235975216 1.26982318773315 0.027250880189987 0.0279764411072 0.028242420489592 0.027336453164521
58.3913043478261 0.026262642510929 1.32816387220831 0.026259765431281 0.026259765431268 0.02625976543127 1.32816387221607 0.027248307558484 0.027973801887914 0.028239739365873 0.027333828848661
58.3946488294314 0.026259919543385 1.39198724506332 0.026257171502675 0.02625717150265 0.026257171502609 1.39198724505871 0.027245735292269 0.027971163033227 0.028237058615519 0.027331204902501
58.3979933110368 0.026257196953052 1.46210414030822 0.026254577966251 0.026254577966194 0.026254577966244 1.4621041402628 0.027243163390926 0.027968524543866 0.028234378239153 0.027328581326398
58.4013377926421 0.026254474737241 1.53949352530545 0.026251984819723 0.026251984819741 0.026251984819744 1.53949352535679 0.027240591852356 0.027965886416986 0.028231698234713 0.02732595811788
58.4046822742475 0.026251752897167 1.6253484531775 0.02624939206412 0.026249392064097 0.026249392064132 1.6253484530801 0.027238020677869 0.027963248653594 0.028229018601502 0.027323335277677
58.4080267558528 0.026249031433942 1.72113794486112 0.026246799700784 0.026246799700759 0.026246799700726 1.72113794486492 0.027235449868295 0.027960611255059 0.028226339342332 0.027320712807345
58.4113712374582 0.026246310347343 1.82869165459316 0.026244207729201 0.026244207729239 0.026244207729224 1.82869165464347 0.027232879423323 0.027957974221403 0.028223660456382 0.027318090706508
58.4147157190635 0.026243589637604 1.9503177240774 0.026241616149637 0.026241616149594 0.026241616149681 1.9503177240728 0.02723030934313 0.027955337552085 0.028220981944639 0.027315468975422
58.4180602006689 0.026240869304624 2.08897005982074 0.026239024962349 0.026239024962319 0.026239024962305 2.08897005977648 0.027227739628247 0.027952701248168 0.028218303805367 0.027312847613994
58.4214046822743 0.026238149348309 2.24849103360103 0.026236434166789 0.026236434166762 0.026236434166766 2.24849103362922 0.02722517027807 0.027950065308289 0.028215626040312 0.027310226622198
58.4247491638796 0.026235429768081 2.43397245008884 0.026233843762462 0.026233843762487 0.02623384376245 2.43397245004756 0.027222601292145 0.027947429732718 0.028212948648495 0.027307605999541
58.428093645485 0.026232710563441 2.65230793048961 0.026231253749096 0.02623125374917 0.02623125374914 2.65230793053301 0.027220032669851 0.027944794520821 0.028210271627287 0.027304985744909
58.4314381270903 0.026229991736059 2.91306650198808 0.026228664128098 0.026228664128034 0.026228664128095 2.91306650202457 0.027217464412846 0.02794215967395 0.02820759498057 0.027302365860489
58.4347826086957 0.026227273284501 3.22992838530475 0.026226074898149 0.026226074898194 0.026226074898212 3.22992838543339 0.027214896519913 0.027939525191107 0.028204918707632 0.027299746345209
58.438127090301 0.026224555209719 3.6231552147915 0.026223486060292 0.026223486060332 0.026223486060291 3.6231552144024 0.027212328992084 0.02793689107329 0.028202242806486 0.027297127199262
58.4414715719064 0.026221837511026 4.12408100002446 0.026220897613664 0.026220897613655 0.026220897613651 4.12408099996327 0.027209761828239 0.027934257319226 0.028199567278794 0.02729450842231
58.4448160535117 0.026219120188209 4.78385153896366 0.026218309558088 0.026218309558152 0.026218309558084 4.78385153930116 0.027207195028485 0.027931623929131 0.028196892124157 0.027291890014302
58.4481605351171 0.026216403241529 5.69195988163102 0.026215721893978 0.026215721893957 0.026215721893943 5.69195988047294 0.02720462859318 0.027928990903316 0.028194217342238 0.02728927197537
58.4515050167224 0.026213686670616 7.02024981632157 0.026213134620635 0.026213134620679 0.026213134620626 7.0202498177024 0.027202062521363 0.027926358241391 0.028191542931817 0.027286654304769
58.4548494983278 0.026210970475619 9.14487129834943 0.026210547738597 0.026210547738568 0.026210547738597 9.14487129814076 0.027199496813958 0.0279237259432 0.028188868895294 0.027284037003382
58.4581939799331 0.02620825465665 13.0706338406711 0.026207961247691 0.026207961247687 0.026207961247636 13.0706338402555 0.027196931470813 0.027921094009306 0.028186195231022 0.027281420070866
58.4615384615385 0.026205539213056 22.5676097085797 0.026205375147308 0.026205375147278 0.026205375147328 22.5676097175252 0.027194366490976 0.027918462438489 0.028183521938683 0.027278803506423
58.4648829431438 0.026202824145337 63.0308608079741 0.026202789437912 0.026202789437944 0.026202789437885 63.0308608391564 0.027191801875185 0.027915831231928 0.028180849019048 0.027276187310893
58.4682274247492 0.026200109454184 35.8347391761685 0.026200204120386 0.026200204120345 0.026200204120379 35.8347391990572 0.027189237624221 0.02791320038971 0.028178176472419 0.027273571484766
58.4715719063545 0.026197395139976 16.981343450388 0.026197619195084 0.026197619195026 0.02619761919501 16.9813434461436 0.027186673738257 0.027910569912889 0.028175504300071 0.027270956028708
58.4749163879599 0.026194681201913 10.9660655485561 0.026195034660848 0.026195034660816 0.026195034660843 10.9660655495454 0.027184110216425 0.02790793979988 0.028172832500006 0.027268340941417
58.4782608695652 0.026191967638589 8.08067959163462 0.026192450516554 0.026192450516581 0.026192450516541 8.08067959143378 0.027181547057598 0.027905310049686 0.02817016107177 0.027265726221909
58.4816053511706 0.026189254450905 6.39499360092539 0.026189866763057 0.026189866763067 0.026189866763055 6.3949936008611 0.027178984262573 0.027902680663168 0.028167490015328 0.027263111870775
58.4849498327759 0.026186541638557 5.29133601348723 0.026187283400093 0.026187283400065 0.02618728340012 5.29133601356365 0.027176421831015 0.027900051640215 0.028164819331835 0.027260497888211
58.4882943143813 0.026183829201157 4.51317467219434 0.026184700427264 0.026184700427255 0.026184700427221 4.51317467204477 0.027173859762728 0.027897422980344 0.028162149019401 0.02725788427337
58.4916387959866 0.026181117138929 3.93521476207873 0.026182117844734 0.026182117844766 0.026182117844758 3.93521476153911 0.027171298057661 0.027894794683533 0.028159479079392 0.027255271026725
58.494983277592 0.026178405451566 3.48908526846165 0.026179535652208 0.026179535652201 0.026179535652174 3.48908526820472 0.027168736715575 0.027892166750133 0.028156809510357 0.027252658147765
58.4983277591973 0.026175694139724 3.13433831127861 0.026176953850255 0.026176953850287 0.026176953850312 3.13433831126008 0.027166175737245 0.027889539180215 0.028154140314316 0.027250045637423
58.5016722408027 0.026172983202715 2.84552537718808 0.026174372438307 0.026174372438403 0.026174372438362 2.84552537706515 0.027163615122088 0.027886911973079 0.028151471489293 0.027247433494727
58.505016722408 0.026170272639728 2.60583875679368 0.026171791415536 0.026171791415578 0.026171791415564 2.60583875684723 0.027161054868994 0.027884285128298 0.028148803035119 0.027244821719021
58.5083612040134 0.026167562452139 2.40373306339024 0.026169210783362 0.026169210783284 0.026169210783335 2.40373306346113 0.027158494979497 0.027881658647111 0.028146134953483 0.027242210311785
58.5117056856187 0.026164852638537 2.23101620906342 0.026166630540185 0.026166630540235 0.026166630540207 2.23101620906379 0.0271559354522 0.027879032528158 0.028143467242266 0.027239599271415
58.5150501672241 0.026162143199802 2.08171486878143 0.02616405068693 0.026164050686884 0.026164050686939 2.08171486878156 0.027153376287888 0.027876406772016 0.028140799902969 0.027236988598872
58.5183946488294 0.026159434135336 1.95137121715869 0.026161471223214 0.02616147122319 0.026161471223183 1.95137121716475 0.027150817485952 0.027873781378096 0.028138132934887 0.027234378293548
58.5217391304348 0.0261567254454 1.83659112054662 0.026158892149013 0.026158892149024 0.026158892148981 1.8365911204993 0.027148259046767 0.027871156347436 0.028135466337718 0.027231768355737
58.5250836120401 0.026154017129867 1.73474482206275 0.026156313464338 0.026156313464314 0.026156313464368 1.73474482213762 0.027145700970317 0.027868531678854 0.028132800111996 0.027229158785287
58.5284280936455 0.026151309188434 1.64376329042197 0.026153735168824 0.026153735168899 0.026153735168828 1.64376329045754 0.027143143255964 0.027865907372588 0.028130134257133 0.027226549581833
58.5317725752508 0.026148601617651 1.56199636581821 0.026151157259163 0.026151157259134 0.026151157259182 1.56199636581601 0.027140585900584 0.027863283425258 0.028127468769114 0.027223940741909
58.5351170568562 0.026145894421418 1.48811188881233 0.026148579739015 0.026148579739099 0.026148579739036 1.48811188880732 0.027138028907865 0.027860659840618 0.028124803653576 0.027221332269747
58.5384615384615 0.026143187598248 1.4210226342755 0.026146002607142 0.026146002607119 0.026146002607144 1.42102263428324 0.027135472276434 0.027858036617337 0.028122138907412 0.027218724163547
58.5418060200669 0.026140481148834 1.35983250115887 0.026143425863957 0.026143425863934 0.026143425863955 1.359832501133 0.027132916006803 0.027855413755727 0.028119474531799 0.027216116423958
58.5451505016722 0.026137775072677 1.30379629000473 0.026140849509311 0.026140849509268 0.026140849509309 1.30379628997834 0.027130360099182 0.027852791256121 0.02811681052615 0.027213509050869
58.5484949832776 0.026135069371048 1.2522892272483 0.026138273544078 0.026138273543985 0.026138273544032 1.2522892272804 0.027127804553505 0.027850169118979 0.028114146892131 0.027210902045065
58.5518394648829 0.026132364043367 1.20478358615487 0.026135697967964 0.02613569796803 0.026135697967916 1.20478358614016 0.027125249370599 0.027847547344013 0.028111483629061 0.027208295406402
58.5551839464883 0.026129659089506 1.16083055003175 0.026133122780671 0.026133122780632 0.026133122780625 1.16083055006321 0.027122694549517 0.027844925931179 0.02810882073595 0.027205689134345
58.5585284280936 0.026126954509447 1.12004599771191 0.026130547982179 0.026130547982207 0.026130547982163 1.12004599769907 0.027120140090297 0.027842304880069 0.028106158213673 0.027203083229019
58.561872909699 0.026124250303218 1.08209925197974 0.026127973572614 0.026127973572605 0.026127973572628 1.08209925196326 0.027117585993171 0.027839684191225 0.028103496062201 0.027200477690604
58.5652173913044 0.026121546470678 1.04670409867236 0.026125399551862 0.026125399551845 0.026125399551837 1.04670409868446 0.027115032257905 0.027837063864279 0.028100834281233 0.027197872518878
58.5685618729097 0.026118843011664 1.01361155746785 0.02612282591968 0.026122825919671 0.026122825919648 1.01361155748016 0.027112478884661 0.027834443899231 0.028098172870896 0.027195267713811
58.5719063545151 0.026116139926153 0.982604017691349 0.026120252675948 0.026120252675975 0.026120252675925 0.982604017694511 0.02710992587264 0.027831824295594 0.0280955118305 0.027192663274933
58.5752508361204 0.026113437214145 0.953490450082217 0.026117679820777 0.026117679820725 0.026117679820738 0.953490450072676 0.027107373222807 0.027829205054168 0.028092851161185 0.027190059203001
58.5785953177258 0.026110734875326 0.926102468154761 0.026115107353842 0.026115107353846 0.026115107353842 0.926102468156584 0.027104820934202 0.027826586173712 0.028090190860658 0.027187455496746
58.5819397993311 0.026108032910406 0.900291070140655 0.026112535275773 0.026112535275763 0.026112535275823 0.900291070141037 0.027102269007681 0.027823967655539 0.028087530931456 0.027184852157591
58.5852842809365 0.026105331320849 0.875923927784632 0.026109963588207 0.026109963588242 0.026109963588168 0.875923927789918 0.027099717444484 0.027821349501156 0.028084871374103 0.027182249186645
58.5886287625418 0.026102630104232 0.852883118277587 0.026107392288404 0.026107392288374 0.026107392288436 0.85288311827013 0.027097166242447 0.027818731707722 0.028082212186629 0.027179646581631
58.5919732441472 0.026099929260724 0.831063215323205 0.02610482137696 0.026104821376999 0.026104821376958 0.831063215333847 0.027094615402049 0.027816114275764 0.028079553369592 0.027177044342963
58.5953177257525 0.026097228789977 0.810369677132966 0.026102250853196 0.026102250853258 0.026102250853201 0.810369677138073 0.02709206492265 0.027813497204623 0.028076894922087 0.027174442469997
58.5986622073579 0.026094528692211 0.790717476713967 0.026099680717367 0.026099680717337 0.026099680717357 0.790717476707762 0.027089514804098 0.027810880494872 0.028074236843613 0.027171840962728
58.6020066889632 0.026091828967116 0.772029934709511 0.026097110969209 0.026097110969275 0.026097110969229 0.772029934711927 0.027086965046737 0.027808264146248 0.028071579134965 0.027169239821337
58.6053511705686 0.026089129614066 0.754237719473741 0.02609454160821 0.026094541608178 0.02609454160821 0.754237719470389 0.027084415649528 0.027805648157932 0.028068921796164 0.0271666390452
58.6086956521739 0.026086430634386 0.737277987496979 0.026091972635449 0.026091972635451 0.026091972635438 0.737277987496118 0.027081866613765 0.027803032531235 0.028066264826311 0.027164038635103
58.6120401337793 0.026083732026379 0.721093641817236 0.026089404049527 0.026089404049477 0.026089404049522 0.72109364182108 0.027079317938281 0.027800417264693 0.028063608226528 0.027161438590211
58.6153846153846 0.026081033791416 0.705632690110718 0.026086835851331 0.026086835851356 0.026086835851393 0.705632690109345 0.027076769623708 0.027797802359304 0.0280609519954 0.027158838910889
58.61872909699 0.026078335928746 0.690847686566626 0.026084268040632 0.02608426804064 0.026084268040627 0.690847686561078 0.027074221669578 0.027795187814309 0.028058296134082 0.027156239597025
58.6220735785953 0.026075638438368 0.6766952455555 0.026081700617223 0.026081700617226 0.026081700617201 0.67669524555069 0.027071674076561 0.027792573630485 0.028055640642002 0.027153640648724
58.6233266533066 0.026074627867399 0.671547448909926 0.026080738782161 0.026080738782085 0.026080738782163 0.671547448908822 0.027070719664261 0.027791594268999 0.028054645805249 0.027152666996495
58.6254180602007 0.026072941320457 0.663135616420279 0.026079133581131 0.026079133581069 0.026079133581094 0.663135616423917 0.027069126843751 0.027789959807247 0.028052985519194 0.027151042065741
58.628762541806 0.026070244574818 0.65013231063323 0.026076566932204 0.026076566932215 0.026076566932218 0.650132310636675 0.027066579971701 0.027787346344665 0.028050330764918 0.02714844384796
58.6321070234114 0.026067548200816 0.637651773988955 0.026074000670018 0.026074000670011 0.026074000670029 0.637651773987644 0.02706403345938 0.027784733242257 0.028047676380382 0.027145845995175
58.6354515050167 0.026064852199106 0.625663097401121 0.026071434795137 0.026071434795146 0.026071434795123 0.625663097399849 0.027061487307721 0.027782120500339 0.028045022364422 0.027143248507576
58.6387959866221 0.026062156569765 0.61413776126088 0.026068869307546 0.026068869307592 0.026068869307501 0.614137761255787 0.027058941516691 0.027779508119219 0.028042368717214 0.027140651385253
58.6421404682274 0.026059461311643 0.603049408915167 0.026066304206003 0.026066304205967 0.026066304206008 0.603049408916482 0.0270563960849 0.027776896097676 0.028039715439222 0.027138054627413
58.6454849498328 0.026056766425754 0.592373645648076 0.026063739491754 0.026063739491747 0.026063739491768 0.592373645647678 0.027053851013912 0.027774284436507 0.028037062529409 0.027135458234637
58.6488294314381 0.026054071911439 0.582087859180227 0.026061175163903 0.026061175163912 0.026061175163916 0.582087859181344 0.027051306302544 0.027771673135504 0.028034409988425 0.027132862206582
58.6521739130435 0.026051377768027 0.572171059929074 0.02605861122208 0.026058611222048 0.026058611222032 0.572171059929635 0.02704876195031 0.02776906219383 0.028031757815267 0.02713026654247
58.6555183946488 0.02604868399597 0.562603738090839 0.026056047666302 0.026056047666275 0.026056047666343 0.56260373809188 0.027046217957807 0.027766451611598 0.028029106010553 0.027127671242756
58.6588628762542 0.026045990594685 0.553367735267287 0.02605348449638 0.02605348449638 0.026053484496377 0.553367735277192 0.027043674324322 0.027763841388946 0.028026454573634 0.027125076307007
58.6622073578595 0.026043297562104 0.544446129670551 0.026050921710045 0.026050921710036 0.026050921710061 0.54444612966493 0.027041131047573 0.027761231523252 0.028023803501975 0.027122481732834
58.6655518394649 0.02604060490072 0.535823132577717 0.026048359309856 0.026048359309881 0.026048359309877 0.53582313257631 0.027038588130612 0.027758622017132 0.028021152798917 0.027119887523126
58.6688963210702 0.026037912610725 0.527483994973478 0.026045797295986 0.026045797295927 0.026045797295971 0.527483994974164 0.027036045573272 0.027756012871027 0.028018502464509 0.027117293678007
58.6722408026756 0.026035220692105 0.51941492346328 0.026043235668368 0.026043235668368 0.026043235668309 0.519414923460664 0.027033503375456 0.027753404084358 0.02801585249714 0.027114700196847
58.6755852842809 0.026032529144423 0.511603004028922 0.02604067442652 0.026040674426611 0.026040674426508 0.511603004030455 0.027030961536687 0.027750795657219 0.028013202898366 0.027112107079892
58.6789297658863 0.026029837968306 0.504036133018133 0.026038113571254 0.026038113571168 0.026038113571227 0.504036133016401 0.027028420057899 0.027748187590305 0.02801055366818 0.027109514327686
58.6822742474916 0.026027147163726 0.49670295475871 0.026035553102368 0.026035553102361 0.026035553102375 0.496702954757136 0.027025878938872 0.027745579883151 0.028007904806819 0.027106921940131
58.685618729097 0.026024456730074 0.489592804444628 0.026032993019289 0.026032993019301 0.026032993019307 0.489592804444225 0.027023338179028 0.027742972535283 0.028005256312307 0.027104329916284
58.6889632107023 0.026021766667498 0.482695656469019 0.026030433322202 0.026030433322275 0.026030433322204 0.482695656466429 0.027020797778622 0.027740365546885 0.02800260818699 0.027101738256896
58.6923076923077 0.026019076976301 0.476002077217169 0.026027874011328 0.026027874011401 0.026027874011303 0.476002077217332 0.027018257737881 0.027737758918399 0.027999960429048 0.027099146961724
58.695652173913 0.026016387656313 0.469503182092788 0.026025315086674 0.026025315086738 0.026025315086692 0.469503182094897 0.027015718056326 0.027735152649575 0.027997313039496 0.027096556030863
58.6989966555184 0.026013698709274 0.463190596028623 0.026022756549763 0.0260227565498 0.0260227565498 0.463190596028502 0.027013178736258 0.027732546742209 0.027994666020549 0.027093965466266
58.7023411371237 0.02601101013313 0.457056417588134 0.026020198398594 0.026020198398602 0.026020198398587 0.45705641758919 0.027010639775185 0.027729941193979 0.027992019367932 0.027091375265165
58.7056856187291 0.026008321928135 0.451093185886249 0.026017640633509 0.026017640633471 0.026017640633469 0.451093185888889 0.027008101173596 0.027727336005434 0.027989373084973 0.027088785428724
58.7090301003344 0.02600563409337 0.445293850369703 0.026015083253553 0.02601508325357 0.026015083253538 0.445293850368806 0.027005562930416 0.027724731175582 0.027986727168734 0.027086195955485
58.7123745819398 0.026002946629147 0.439651742877787 0.026012526258851 0.026012526258793 0.026012526258816 0.439651742876078 0.027003025046019 0.027722126704726 0.027984081619232 0.027083606845599
58.7157190635452 0.026000259535278 0.434160552170658 0.026009969649342 0.026009969649314 0.026009969649353 0.434160552168216 0.027000487520404 0.027719522592845 0.027981436437701 0.027081018099407
58.7190635451505 0.025997572811326 0.428814300325012 0.026007413424793 0.026007413424754 0.02600741342482 0.428814300324156 0.026997950353097 0.027716918838952 0.027978791623129 0.027078429716212
58.7224080267559 0.02599488645815 0.423607321001748 0.026004857585731 0.026004857585724 0.026004857585676 0.423607320999711 0.026995413544677 0.027714315444634 0.027976147175883 0.027075841696773
58.7257525083612 0.025992200474809 0.418534239414932 0.02600230213142 0.026002302131429 0.026002302131426 0.418534239417825 0.026992877094275 0.027711712409046 0.027973503096089 0.027073254040513
58.7290969899666 0.025989514861019 0.413589953867545 0.025999747061365 0.025999747061315 0.025999747061381 0.413589953869996 0.026990341002078 0.027709109731378 0.027970859382268 0.027070666746814
58.7324414715719 0.025986829617262 0.408769618540489 0.025997192376352 0.025997192376336 0.025997192376337 0.408769618538143 0.026987805268084 0.027706507411837 0.027968216035829 0.027068079816198
58.7357859531773 0.02598414474352 0.404068627748716 0.02599463807603 0.025994638075995 0.02599463807603 0.404068627748899 0.026985269892077 0.027703905450974 0.027965573056992 0.02706549324885
58.7391304347826 0.0259814602394 0.399482601111091 0.025992084160251 0.025992084160356 0.025992084160299 0.399482601111544 0.026982734874279 0.027701303848438 0.027962930443664 0.027062907044035
58.742474916388 0.025978776105465 0.395007370096582 0.025989530629447 0.025989530629461 0.025989530629497 0.395007370096316 0.026980200214768 0.027698702604706 0.027960288198145 0.027060321202644
58.7458193979933 0.025976092340999 0.390638965284277 0.025986977482997 0.025986977482926 0.025986977483008 0.390638965279914 0.026977665913213 0.02769610171881 0.027957646319246 0.027057735723913
58.7491638795987 0.025973408946936 0.386373604593107 0.025984424721752 0.025984424721777 0.025984424721752 0.386373604591574 0.026975131970444 0.027693501191902 0.027955004807634 0.027055150608637
58.752508361204 0.025970725922678 0.38220768241168 0.025981872345016 0.02598187234509 0.025981872345012 0.382207682410124 0.02697259838568 0.027690901023414 0.027952363662829 0.027052565856316
58.7558528428094 0.025968043267282 0.378137759435772 0.025979320351951 0.025979320351901 0.025979320351945 0.378137759433232 0.026970065158157 0.027688301212342 0.02794972288355 0.027049981465872
58.7591973244147 0.025965360981781 0.374160553070006 0.02597676874367 0.025976768743695 0.025976768743703 0.374160553070126 0.026967532288667 0.027685701759772 0.027947082471883 0.027047397438631
58.7625418060201 0.025962679065046 0.37027292881357 0.025974217518989 0.025974217518964 0.025974217518966 0.370272928812527 0.026964999776508 0.027683102664433 0.027944442425733 0.027044813773255
58.7658862876254 0.025959997516965 0.366471891801435 0.025971666677636 0.025971666677657 0.025971666677645 0.366471891800595 0.026962467621088 0.027680503926593 0.027941802745271 0.027042230469643
58.7692307692308 0.025957316338264 0.362754579212643 0.025969116220493 0.025969116220509 0.025969116220505 0.362754579215514 0.026959935823495 0.027677905546634 0.027939163431197 0.027039647528557
58.7725752508361 0.025954635528224 0.359118253056975 0.025966566146867 0.025966566146869 0.02596656614686 0.359118253056447 0.026957404383056 0.027675307523859 0.027936524483321 0.027037064949461
58.7759197324415 0.025951955088027 0.355560293402215 0.02596401645768 0.025964016457683 0.025964016457666 0.355560293401824 0.026954873300396 0.027672709859658 0.027933885901661 0.027034482733063
58.7792642140468 0.025949275016684 0.352078192200452 0.025961467152262 0.025961467152286 0.025961467152266 0.352078192201231 0.026952342575061 0.027670112552686 0.027931247685764 0.027031900878637
58.7826086956522 0.025946595313796 0.348669547214353 0.025958918230009 0.025958918229991 0.025958918230007 0.348669547213015 0.026949812206507 0.027667515603172 0.027928609835843 0.027029319385999
58.7859531772575 0.02594391597985 0.345332056643471 0.025956369691532 0.025956369691535 0.025956369691537 0.345332056645402 0.026947282195144 0.027664919010684 0.027925972351937 0.02702673825535
58.7892976588629 0.025941237014656 0.342063513792153 0.025953821536572 0.025953821536536 0.025953821536536 0.342063513791288 0.026944752541036 0.027662322775784 0.027923335233886 0.027024157486689
58.7926421404682 0.025938558415009 0.338861802354542 0.025951273761784 0.025951273761793 0.025951273761809 0.338861802355654 0.02694222324056 0.027659726895045 0.027920698478326 0.027021577076639
58.7959866220736 0.025935880183891 0.335724891706102 0.02594872637051 0.02594872637051 0.025948726370466 0.335724891704148 0.026939694297093 0.027657131371644 0.027918062088089 0.027018997028288
58.7993311036789 0.025933202322083 0.332650832671844 0.025946179363079 0.025946179362991 0.025946179363029 0.332650832672234 0.026937165711202 0.027654536205967 0.027915426064325 0.02701641734236
58.8026755852843 0.025930524828118 0.329637753512163 0.02594363273829 0.025943632738235 0.025943632738271 0.329637753512163 0.026934637481682 0.027651941396824 0.027912790405479 0.027013838017485
58.8060200668896 0.025927847703159 0.326683856016279 0.025941086497323 0.025941086497293 0.025941086497333 0.326683856018089 0.026932109609266 0.027649346945427 0.027910155112524 0.02701125905471
58.809364548495 0.02592517094724 0.323787412030983 0.025938540640068 0.025938540640079 0.025938540640068 0.323787412031393 0.026929582093992 0.027646752851483 0.027907520186425 0.027008680454202
58.8127090301003 0.025922494561835 0.320946759993138 0.025935995168046 0.025935995168062 0.025935995167988 0.320946759993035 0.026927054937819 0.027644159116331 0.027904885627665 0.027006102217293
58.8160535117057 0.025919818545063 0.318160301862425 0.025933450079371 0.025933450079325 0.025933450079361 0.318160301863227 0.026924528138716 0.027641565739238 0.027902251433833 0.027003524342163
58.819397993311 0.025917142897018 0.315426500014347 0.025930905374247 0.025930905374217 0.025930905374226 0.31542650001311 0.026922001696642 0.027638972719158 0.027899617606286 0.027000946829025
58.8227424749164 0.025914467617884 0.312743874456867 0.02592836105266 0.025928361052692 0.025928361052676 0.312743874455489 0.026919475611482 0.027636380056467 0.027896984145075 0.026998369677861
58.8260869565217 0.025911792706337 0.310111000162642 0.025925817113439 0.025925817113393 0.025925817113432 0.310111000164623 0.026916949882466 0.027633787750153 0.027894351048229 0.026995792887496
58.8294314381271 0.025909118163153 0.307526504482588 0.025923273557261 0.025923273557279 0.025923273557268 0.307526504482734 0.026914424510316 0.027631195800982 0.02789171831593 0.026993216458445
58.8327759197324 0.025906443988026 0.304989064844285 0.025920730383902 0.025920730383899 0.025920730383845 0.304989064845667 0.026911899494373 0.027628604208424 0.027889085949942 0.026990640390896
58.8361204013378 0.025903770180738 0.302497406432021 0.025918187593 0.025918187592998 0.025918187592993 0.30249740643371 0.026909374834411 0.027626012972647 0.027886453948874 0.026988064684332
58.8394648829431 0.025901096741098 0.300050300053083 0.025915645184462 0.025915645184439 0.025915645184481 0.300050300052817 0.026906850530736 0.027623422092933 0.027883822312289 0.026985489338584
58.8428093645485 0.025898423669103 0.297646560148726 0.02591310315829 0.025913103158281 0.025913103158256 0.297646560147303 0.026904326582956 0.027620831569852 0.027881191040708 0.026982914353727
58.8461538461539 0.025895750964338 0.295285042847038 0.025910561514021 0.025910561513976 0.025910561513984 0.295285042848857 0.026901802990652 0.027618241402317 0.027878560133385 0.026980339729185
58.8494983277592 0.025893078627686 0.292964644158472 0.025908020252533 0.025908020252556 0.025908020252542 0.292964644160104 0.02689927975506 0.027615651591944 0.027875929590319 0.026977765465794
58.8528428093646 0.02589040665781 0.290684298243598 0.025905479372529 0.025905479372506 0.025905479372558 0.290684298243226 0.026896756874592 0.027613062137073 0.027873299412347 0.026975191562702
58.8561872909699 0.025887735055804 0.288442975779246 0.025902938875154 0.025902938875156 0.025902938875149 0.288442975779761 0.026894234350476 0.027610473038655 0.027870669599045 0.026972618020595
58.8595317725753 0.025885063820837 0.286239682425803 0.02590039875933 0.025900398759387 0.025900398759331 0.286239682425968 0.026891712181511 0.027607884296288 0.027868040150024 0.02697004483877
58.8628762541806 0.025882392953427 0.284073457330743 0.025897859025843 0.025897859025827 0.025897859025838 0.284073457329296 0.02688919036841 0.027605295909822 0.027865411065005 0.026967472017379
58.866220735786 0.025879722453114 0.281943371749069 0.025895319674126 0.025895319674094 0.025895319674119 0.28194337175068 0.026886668910713 0.027602707879309 0.027862782345178 0.026964899556591
58.8695652173913 0.025877052320357 0.279848527697631 0.025892780704506 0.025892780704561 0.025892780704513 0.279848527698437 0.02688414780919 0.02760012020531 0.027860153989806 0.026962327456596
58.8729096989967 0.025874382553791 0.277788056732483 0.025890242115873 0.025890242115843 0.025890242115901 0.277788056733394 0.026881627062096 0.027597532886118 0.027857525997495 0.026959755715859
58.876254180602 0.025871713154633 0.275761118677696 0.025887703909191 0.025887703909259 0.02588770390922 0.275761118678936 0.026879106670728 0.027594945923317 0.027854898370409 0.026957184335927
58.8795986622074 0.025869044122441 0.273766900495193 0.025885166084292 0.025885166084319 0.025885166084274 0.273766900495959 0.026876586635174 0.027592359316143 0.027852271106703 0.026954613316116
58.8829431438127 0.025866375456834 0.271804615261383 0.02588262864052 0.025882628640483 0.025882628640456 0.271804615261654 0.026874066954282 0.027589773064266 0.027849644206782 0.02695204265603
58.8862876254181 0.025863707157864 0.269873501065256 0.025880091577964 0.025880091577976 0.025880091577966 0.269873501065154 0.026871547628222 0.027587187168004 0.027847017671448 0.026949472355989
58.8896321070234 0.025861039226317 0.267972820047785 0.025877554897509 0.025877554897553 0.025877554897525 0.267972820046831 0.026869028658281 0.027584601627991 0.027844391499571 0.026946902416393
58.8929765886288 0.02585837166086 0.266101857470057 0.025875018597724 0.02587501859777 0.025875018597709 0.266101857469829 0.02686651004254 0.027582016442352 0.027841765691539 0.02694433283606
58.8963210702341 0.025855704462007 0.264259920774835 0.025872482679285 0.025872482679317 0.025872482679274 0.264259920775435 0.026863991781925 0.027579431612496 0.027839140247226 0.026941763615703
58.8996655518395 0.025853037629746 0.262446338785148 0.025869947142004 0.025869947142075 0.025869947142081 0.262446338784343 0.026861473876284 0.027576847138091 0.02783651516703 0.026939194755261
58.9030100334448 0.025850371164108 0.260660460835325 0.025867411986001 0.025867411986022 0.025867411985965 0.260660460834929 0.026858956325665 0.02757426301892 0.027833890450118 0.0269366262545
58.9063545150502 0.025847705064853 0.258901656043333 0.025864877210859 0.025864877210909 0.025864877210893 0.258901656044101 0.026856439129402 0.027571679255095 0.027831266096687 0.026934058113243
58.9096989966555 0.025845039332008 0.257169312507962 0.025862342816877 0.025862342816812 0.025862342816844 0.257169312507402 0.026853922288492 0.027569095846612 0.027828642107084 0.026931490331872
58.9130434782609 0.02584237396519 0.255462836658049 0.025859808803482 0.025859808803455 0.025859808803498 0.255462836657241 0.026851405801665 0.02756651279276 0.027826018481406 0.026928922909837
58.9163879598662 0.025839708964892 0.253781652518814 0.025857275171278 0.025857275171266 0.02585727517125 0.253781652518814 0.026848889669948 0.027563930094219 0.027823395218471 0.026926355847332
58.9197324414716 0.025837044330922 0.252125201110344 0.025854741919844 0.025854741919913 0.025854741919856 0.252125201111109 0.026846373892882 0.027561347750751 0.027820772318924 0.026923789144307
58.9230769230769 0.025834380059076 0.250492939800404 0.025852209045251 0.025852209045306 0.025852209045244 0.250492939800365 0.026843858465979 0.027558765758419 0.027818149778744 0.026921222796636
58.9239078156313 0.02583371821259 0.250091115700206 0.025851579844984 0.025851579844934 0.025851579844966 0.25009111570064 0.026843233596582 0.027558124351657 0.027817498300129 0.026920585277381
58.9264214046823 0.025831716154096 0.248884341691022 0.025849676552147 0.025849676552147 0.025849676552138 0.248884341691559 0.026841343394837 0.027556184122057 0.027815527603227 0.026918656809436
58.9297658862876 0.025829052617553 0.247298895099888 0.02584714444199 0.025847144441986 0.025847144441979 0.247298895100199 0.026838828680267 0.027553602842479 0.027812905793377 0.026916091183754
58.933110367893 0.025826389446904 0.245736102995219 0.025844612712279 0.025844612712275 0.025844612712279 0.245736102994703 0.026836314320057 0.027551021917583 0.027810284345661 0.026913525916937
58.9364548494983 0.025823726642592 0.244195482462528 0.025842081363621 0.025842081363605 0.025842081363585 0.244195482462301 0.026833800314433 0.027548441347948 0.027807663262376 0.026910961009929
58.9397993311037 0.025821064204012 0.242676564231566 0.02583955039516 0.025839550395134 0.025839550395162 0.242676564231626 0.026831286663089 0.02754586113303 0.027805042540852 0.026908396461693
58.943143812709 0.025818402131247 0.241178892164301 0.025837019807097 0.025837019807099 0.025837019807083 0.241178892164633 0.026828773365827 0.027543281272706 0.027802422183275 0.02690583227268
58.9464882943144 0.025815740424381 0.239702022822298 0.02583448959949 0.02583448959958 0.025834489599486 0.239702022822048 0.026826260422876 0.027540701767208 0.027799802189119 0.026903268442931
58.9498327759197 0.025813079082692 0.238245525029102 0.025831959771542 0.025831959771603 0.025831959771578 0.238245525030006 0.026823747833602 0.027538122615731 0.027797182556372 0.026900704971386
58.9531772575251 0.025810418107124 0.23680897942619 0.025829430324393 0.025829430324405 0.025829430324444 0.236808979425518 0.026821235598742 0.027535543819239 0.027794563287275 0.026898141859256
58.9565217391304 0.025807757496168 0.235391978105399 0.025826901256497 0.02582690125651 0.025826901256501 0.235391978105318 0.026818723717144 0.027532965376452 0.02779194438085 0.026895579105354
58.9598662207358 0.025805097251196 0.233994124187515 0.025824372568975 0.025824372569028 0.025824372568971 0.233994124188117 0.026816212189676 0.027530387288483 0.027789325836691 0.026893016710343
58.9632107023411 0.025802437371512 0.232615031480947 0.025821844261332 0.025821844261333 0.025821844261342 0.232615031480769 0.026813701016039 0.027527809554382 0.027786707655679 0.026890454674049
58.9665551839465 0.025799777856618 0.231254324096408 0.025819316332992 0.025819316333001 0.025819316332987 0.231254324095737 0.026811190195627 0.02752523217417 0.027784089835972 0.026887892995646
58.9698996655519 0.025797118706549 0.229911636124623 0.025816788784111 0.025816788784088 0.025816788784079 0.229911636124998 0.026808679728546 0.027522655147926 0.027781472379118 0.02688533167566
58.9732441471572 0.02579445992194 0.228586611309975 0.025814261615052 0.025814261614995 0.025814261615068 0.228586611309602 0.026806169615174 0.027520078475975 0.027778855283879 0.026882770714032
58.9765886287625 0.025791801502232 0.227278902712509 0.025811734825512 0.025811734825478 0.025811734825531 0.227278902712603 0.026803659855157 0.027517502157833 0.027776238551709 0.026880210110829
58.9799331103679 0.025789143447506 0.22598817243148 0.025809208415547 0.02580920841557 0.025809208415504 0.225988172430359 0.026801150448499 0.027514926193666 0.0277736221816 0.026877649865872
58.9832775919732 0.025786485756799 0.224714091306851 0.025806682384008 0.025806682383992 0.025806682384015 0.22471409130681 0.026798641394349 0.027512350582388 0.027771006172653 0.026875089978203
58.9866220735786 0.025783828430441 0.22345633862121 0.025804156731358 0.025804156731372 0.025804156731375 0.223456338620659 0.026796132692887 0.02750977532425 0.027768390524955 0.026872530447975
58.9899665551839 0.02578117146914 0.222214601834166 0.025801631458316 0.025801631458313 0.025801631458347 0.222214601834082 0.026793624345224 0.027507200420505 0.027765775240335 0.026869971276504
58.9933110367893 0.025778514871741 0.22098857634014 0.025799106563635 0.025799106563573 0.025799106563602 0.220988576340794 0.026791116349626 0.027504625869318 0.027763160316299 0.026867412461908
58.9966555183946 0.025775858639548 0.219777965218062 0.02579658204869 0.025796582048679 0.025796582048646 0.219777965218123 0.026788608707879 0.027502051672514 0.027760545755477 0.02686485400613
59 0.025773202772411 0.218582478978796 0.025794057913379 0.025794057913299 0.025794057913322 0.218582478978236 0.02678610141953 0.02749947782973 0.02775793155698 0.026862295908687
59.2244889779559 0.025595764889372 0.162382208672772 0.025625495085699 0.025625495085613 0.025625495085645 0.162382208672609 0.026618610123702 0.027327520653454 0.027583284447738 0.026691405330087
59.5250701402806 0.025360718621363 0.124316602266967 0.025402432241766 0.025402432241759 0.025402432241768 0.124316602266935 0.026396801306058 0.027099737860146 0.027351957313334 0.026465079582694
59.8256513026052 0.025128531153298 0.102977435756896 0.025182340154695 0.025182340154665 0.025182340154716 0.102977435756824 0.026177760267419 0.026874731550379 0.02712347089979 0.026241561460028
60.1262324649299 0.024899155082459 0.089282650585641 0.024965168599717 0.024965168599755 0.024965168599698 0.089282650585641 0.02596144102869 0.026652458044261 0.026897779987976 0.026020805220604
60.4268136272545 0.024672544099419 0.079718427303609 0.024750868524809 0.024750868524793 0.024750868524768 0.079718427303623 0.025747798736985 0.026432874635864 0.026674840375595 0.025802766191681
60.7273947895792 0.024448652679411 0.072638944406501 0.024539391741094 0.024539391741094 0.024539391741083 0.072638944406476 0.02553678936067 0.026215939299144 0.026454608578629 0.025587400466431
61.0279759519038 0.02422743624533 0.067170669859547 0.024330691083904 0.024330691083904 0.024330691083913 0.067170669859545 0.02532836984331 0.026001610847828 0.026237041990545 0.025374665062522
61.3285571142285 0.024008851084322 0.06280692402232 0.024124720327958 0.024124720328018 0.024124720327999 0.062806924022349 0.025122498017277 0.025789848855403 0.026022098802077 0.025164517838844
61.6291382765531 0.023792854337311 0.059233589435587 0.023921434175861 0.023921434175872 0.023921434175884 0.059233589435591 0.024919132594208 0.025580613655697 0.025809738000328 0.024956917489501
61.9297194388778 0.023579403961021 0.056245563704525 0.023720788217878 0.023720788217888 0.023720788217899 0.056245563704525 0.024718233118401 0.025373866297491 0.025599919322399 0.024751823499472
62.2303006012024 0.023368458718645 0.053703237981315 0.023522738921527 0.023522738921546 0.023522738921512 0.053703237981303 0.02451975995754 0.025169568546945 0.025392603257593 0.02454919614021
62.5308817635271 0.023159978236944 0.051508283702804 0.023327243687481 0.023327243687518 0.023327243687453 0.051508283702788 0.024323674357444 0.024967682943164 0.025187751101042 0.024348996524491
62.8314629258517 0.022953922799458 0.049589441811028 0.023134260640989 0.02313426064096 0.023134260640976 0.049589441811039 0.024129938232692 0.024768172597904 0.024985324753267 0.02415118640152
63.1320440881764 0.02275025353166 0.047893804555857 0.022943748815495 0.022943748815443 0.022943748815472 0.047893804555852 0.023938514347057 0.024571001378554 0.024785286903029 0.0239557283394
63.432625250501 0.022548932286435 0.04638126284806 0.022755668036984 0.022755668037005 0.022755668037014 0.046381262848049 0.023749366201054 0.024376133803278 0.024587600919444 0.023762585614509
63.7332064128257 0.022349921590669 0.04502085461068 0.02256997886929 0.022569978869315 0.022569978869278 0.045020854610693 0.023562457972979 0.024183534984504 0.024392230796305 0.023571722155143
64.0337875751503 0.022153184770827 0.04378829616509 0.022386642737413 0.022386642737475 0.022386642737432 0.043788296165076 0.023377754642754 0.02399317075793 0.024199141280169 0.023383102667488
64.334368737475 0.021958685737227 0.042664271971713 0.02220562171166 0.02220562171169 0.022205621711663 0.042664271971702 0.023195221777973 0.023805007474037 0.024008297660412 0.023196692423209
64.6349498997996 0.021766389120886 0.041633224549392 0.0220268786424 0.022026878642439 0.022026878642418 0.041633224549397 0.023014825666572 0.023619012133512 0.023819665905007 0.023012457394327
64.9355310621243 0.02157626023498 0.040682481608389 0.021850377119948 0.021850377119918 0.021850377119948 0.040682481608391 0.022836533275237 0.023435152349336 0.023633212619272 0.022830364212807
65.2361122244489 0.021388264980919 0.039801615677698 0.021676081380333 0.021676081380308 0.021676081380282 0.039801615677702 0.02266031215814 0.02325339625974 0.023448904961905 0.022650380081366
65.5366933867736 0.021202369955239 0.038981967174179 0.021503956409536 0.021503956409569 0.021503956409488 0.038981967174184 0.02248613055863 0.023073712633426 0.023266710746883 0.022472472877059
65.8372745490982 0.021018542332399 0.038216284004703 0.021333967826111 0.021333967826108 0.021333967826138 0.038216284004715 0.022313957293744 0.022896070757005 0.023086598329501 0.022296611035708
66.1378557114229 0.020836749876267 0.037498445970542 0.021166081890989 0.021166081890995 0.021166081891003 0.037498445970547 0.022143761762864 0.022720440446738 0.022908536620017 0.022122763563564
66.4384368737475 0.020656960962333 0.036823251547018 0.021000265528674 0.021000265528644 0.021000265528658 0.03682325154702 0.021975513970977 0.022546792075634 0.022732495108627 0.021950900061008
66.7390180360722 0.020479144537326 0.036186251037938 0.020836486285115 0.020836486285102 0.020836486285111 0.03618625103794 0.021809184485118 0.022375096531791 0.022558443822614 0.021780990680272
67.0395991983968 0.020303270108734 0.035583614896318 0.020674712316813 0.020674712316794 0.020674712316803 0.035583614896329 0.021644744424561 0.022205325211045 0.022386353319133 0.021613006116414
67.3401803607215 0.020129307733573 0.035012028773652 0.020514912377285 0.020514912377221 0.020514912377271 0.035012028773668 0.021482165447168 0.022037450005847 0.022216194673742 0.021446917595286
67.6407615230461 0.019957228024023 0.034468609239374 0.020357055822849 0.020357055822878 0.020357055822844 0.034468609239362 0.021321419756307 0.021871443316371 0.02204793949007 0.021282696881496
67.9413426853708 0.019787002090762 0.033950835467048 0.020201112554375 0.020201112554378 0.020201112554394 0.033950835467048 0.021162480044371 0.021707277994016 0.02188155984342 0.021120316221584
68.2419238476954 0.019618601573559 0.033456493581165 0.020047053046403 0.020047053046449 0.020047053046421 0.033456493581175 0.021005319519366 0.021544927371883 0.021717028310279 0.020959748373439
68.5425050100201 0.019451998646247 0.03298363095398 0.019894848350791 0.019894848350733 0.019894848350782 0.03298363095398 0.020849911910981 0.021384365270208 0.021554317973042 0.020800966610967
68.8430861723447 0.019287165919034 0.032530518387111 0.019744469999242 0.019744469999237 0.019744469999232 0.032530518387112 0.020696231373854 0.021225565906237 0.021393402330002 0.020643944630503
69.1436673346693 0.019124076515283 0.032095618772424 0.019595890077817 0.019595890077879 0.019595890077804 0.03209561877242 0.02054425256333 0.02106850396653 0.021234255366954 0.020488656624705
69.444248496994 0.018962704059861 0.031677560854172 0.019449081214527 0.019449081214544 0.019449081214512 0.031677560854163 0.020393950620946 0.020913154597793 0.021076851546269 0.020335077270628
69.7448296593187 0.018803022583461 0.031275117129127 0.019304016483455 0.019304016483421 0.019304016483435 0.031275117129116 0.020245301083019 0.020759493316501 0.020921165718837 0.020183181638382
70.0454108216433 0.018645006605281 0.030887185297145 0.019160669485375 0.019160669485427 0.019160669485373 0.030887185297157 0.020098279959381 0.020607496087855 0.020767173199111 0.02003294526973
70.345991983968 0.018488631067397 0.030512772428008 0.019019014281863 0.0190190142819 0.019019014281883 0.030512772427986 0.019952863669309 0.02045713926462 0.020614849705817 0.019884344115322
70.6465731462926 0.01833387136829 0.03015098155216 0.018879025427308 0.018879025427296 0.018879025427303 0.030150981552156 0.019809029072945 0.020308399619143 0.020464171392877 0.019737354566614
70.9471543086172 0.018180703346742 0.02980100014133 0.018740677952041 0.018740677952044 0.01874067795203 0.029801000141331 0.01966675345613 0.020161254329885 0.02031511483519 0.019591953440948
71.2477354709419 0.018029103214667 0.029462090188732 0.018603947295384 0.018603947295384 0.018603947295388 0.029462090188742 0.019526014465772 0.020015680918091 0.020167656965686 0.019448117916873
71.5483166332665 0.017879047616702 0.029133579719314 0.018468809362855 0.018468809362775 0.018468809362794 0.029133579719302 0.019386790165658 0.019871657303874 0.020021775130038 0.019305825590568
71.8488977955912 0.017730513587376 0.028814855396489 0.018335240482777 0.018335240482756 0.018335240482804 0.028814855396489 0.019249058993291 0.01972916176646 0.019877447047255 0.019165054434453
72.1494789579158 0.017583478560335 0.028505356136472 0.018203217415573 0.018203217415586 0.018203217415588 0.028505356136469 0.019112799772524 0.019588172955313 0.019734650819519 0.019025782807706
72.4500601202405 0.017437920350085 0.028204567513189 0.018072717333936 0.018072717333931 0.018072717333913 0.028204567513187 0.018977991692486 0.019448669871565 0.019593364914634 0.018887989437429
72.7506412825651 0.01729381714323 0.027912016877165 0.017943717812994 0.01794371781299 0.017943717812978 0.027912016877174 0.018844614299134 0.019310631860178 0.019453568156308 0.018751653409654
73.0512224448898 0.017151147493053 0.027627269098979 0.01781619682515 0.017816196825127 0.017816196825143 0.027627269098973 0.018712647491714 0.019174038607329 0.019315239722415 0.018616754166077
73.3518036072144 0.017009890305904 0.02734992278752 0.017690132724683 0.017690132724669 0.017690132724644 0.027349922787527 0.018582071506279 0.019038870124286 0.019178359127876 0.018483271488002
73.6523847695391 0.016870024864076 0.027079607018582 0.017565504270127 0.017565504270099 0.017565504270104 0.027079607018564 0.018452866940574 0.018905106774343 0.019042906250942 0.018351185521507
73.9529659318638 0.016731530781423 0.02681597837398 0.017442290579938 0.017442290579915 0.01744229057991 0.026815978373986 0.01832501470969 0.018772729228386 0.018908861289248 0.018220476733228
74.2535470941884 0.01659438800746 0.02655871835565 0.017320471135001 0.017320471134989 0.017320471134999 0.026558718355659 0.018198496049706 0.018641718469088 0.018776204763556 0.018091125914008
74.554128256513 0.01645857683272 0.026307531092508 0.017200025783589 0.01720002578357 0.017200025783536 0.026307531092501 0.018073292523246 0.018512055797526 0.018644917523728 0.017963114184774
74.8547094188377 0.016324077840242 0.026062141248881 0.017080934691766 0.017080934691757 0.017080934691761 0.026062141248893 0.017949385969997 0.018383722784703 0.01851498069944 0.01783642294747
75.1552905811623 0.016190871986854 0.025822292287421 0.016963178424758 0.016963178424737 0.016963178424746 0.025822292287408 0.017826758590189 0.018256701354243 0.0183863757842 0.017711033967917
75.455871743487 0.016058940518452 0.025587744753768 0.016846737861107 0.016846737861098 0.01684673786113 0.025587744753771 0.017705392858387 0.018130973698979 0.018259084549799 0.017586929290703
75.7564529058116 0.015928264959024 0.02535827480788 0.016731594181628 0.016731594181671 0.016731594181637 0.025358274807875 0.01758527151399 0.018006522270341 0.018133089036732 0.017464091229094
76.0570340681363 0.015798827159147 0.02513367295879 0.016617728916485 0.016617728916446 0.016617728916472 0.025133672958793 0.017466377608431 0.017883329826399 0.018008371601392 0.017342502412452
76.3576152304609 0.015670609274126 0.024913742867496 0.016505123922966 0.016505123922926 0.016505123922974 0.024913742867507 0.017348694483975 0.017761379411317 0.017884914895928 0.017222145765485
76.6581963927856 0.015543593719114 0.024698300241698 0.016393761340549 0.016393761340569 0.016393761340574 0.024698300241696 0.017232205729561 0.017640654311554 0.017762701823355 0.017103004463586
76.9587775551102 0.015417763199817 0.02448717190786 0.016283623620456 0.016283623620422 0.016283623620402 0.024487171907879 0.017116895210824 0.017521138087152 0.017641715568296 0.01698506196358
77.2593587174349 0.015293100723675 0.02428019495818 0.016174693536432 0.016174693536389 0.016174693536448 0.024280194958188 0.017002747081961 0.017402814582583 0.01752193960921 0.016868302015134
77.5599398797595 0.015169589547525 0.024077215913458 0.016066954132088 0.016066954132067 0.016066954132107 0.024077215913458 0.016889745733396 0.017285667875524 0.017403357665511 0.016752708608547
77.8605210420842 0.015047213195219 0.023878090031049 0.015960388737743 0.015960388737741 0.015960388737751 0.023878090031043 0.016777875809608 0.017169682295262 0.017285953716803 0.016638265992937
78.1611022044088 0.014925955451397 0.023682680650123 0.015854980963615 0.015854980963606 0.01585498096363 0.023682680650117 0.016667122202714 0.017054842416549 0.017169711994748 0.016524958669492
78.4616833667335 0.014805800360783 0.023490858606993 0.015750714699022 0.015750714699012 0.015750714699029 0.023490858606993 0.016557470052435 0.016941133059726 0.017054616985431 0.016412771391901
78.7622645290581 0.014686732225126 0.023302501695448 0.015647574108497 0.015647574108469 0.015647574108531 0.023302501695452 0.016448904743771 0.016828539288301 0.016940653424356 0.016301689162999
79.0628456913828 0.014568735584232 0.023117494159096 0.01554554361263 0.015545543612654 0.015545543612635 0.023117494159095 0.016341411886476 0.016717046389787 0.016827806279839 0.016191697216177
79.3634268537074 0.014451795220587 0.022935726248981 0.015444607891743 0.015444607891765 0.015444607891779 0.022935726248983 0.016234977321419 0.016606639881765 0.016716060755305 0.016082781019724
79.6640080160321 0.014335896154226 0.02275709381096 0.015344751880929 0.015344751880902 0.015344751880933 0.022757093810965 0.016129587115495 0.016497305506331 0.016605402286933 0.015974926272761
79.9645891783567 0.014221023641693 0.022581497910992 0.015245960768073 0.015245960768043 0.015245960768073 0.022581497910986 0.016025227559528 0.016389029229512 0.016495816541145 0.015868118903319
80.2651703406814 0.014107163186476 0.022408844496154 0.015148220003507 0.015148220003485 0.015148220003538 0.022408844496151 0.015921885179621 0.016281797252077 0.016387289424869 0.015762345079075
80.565751503006 0.013994300473738 0.02223904402753 0.015051515235873 0.015051515235893 0.015051515235896 0.02223904402754 0.015819546672979 0.016175595945786 0.01627980702356 0.015657591143709
80.8663326653307 0.013882421427138 0.022072011236592 0.014955832366933 0.014955832366901 0.014955832366935 0.022072011236596 0.015718198964146 0.016070411909942 0.016173355655247 0.015553843672599
81.1669138276553 0.013771512192307 0.021907664844163 0.014861157535373 0.014861157535367 0.014861157535389 0.021907664844159 0.015617829188416 0.015966231954246 0.016067921855203 0.01545108945645
81.46749498998 0.01366155913172 0.02174592730927 0.014767477110993 0.014767477110964 0.014767477110969 0.021745927309266 0.01551842468642 0.015863043095562 0.01596349237064 0.015349315496504
81.7680761523046 0.01355254880828 0.021586724587485 0.014674777678079 0.014674777678097 0.014674777678079 0.021586724587474 0.015419972989296 0.015760832540301 0.015860054145327 0.015248508988505
82.0686573146293 0.013444467972975 0.021429985909715 0.014583046022995 0.014583046022941 0.014583046023002 0.021429985909726 0.015322461806061 0.015659587674183 0.015757594306938 0.015148657310598
82.3692384769539 0.013337303588673 0.021275643610294 0.01449226915722 0.014492269157192 0.01449226915723 0.021275643610299 0.015225879047286 0.015559296085549 0.015656100191563 0.015049748047337
82.6698196392786 0.01323104282753 0.021123632945849 0.014402434314457 0.014402434314512 0.014402434314512 0.02112363294586 0.015130212822485 0.01545994556281 0.015555559340328 0.014951768986596
82.9704008016032 0.013125673037651 0.02097389189758 0.014313528917449 0.014313528917448 0.014313528917503 0.020973891897596 0.015035451407949 0.015361524062343 0.015455959467515 0.014854708087521
83.2709819639279 0.013021181771516 0.020826361039515 0.014225540604834 0.01422554060488 0.014225540604884 0.020826361039507 0.014941583273854 0.015264019735095 0.015357288487238 0.01475855350733
83.5715631262525 0.012917556754459 0.020680983372476 0.014138457200814 0.014138457200809 0.014138457200813 0.020680983372483 0.014848597054308 0.01516742089768 0.015259534484162 0.014663293571697
83.8721442885772 0.012814785897598 0.020537704199954 0.014052266726974 0.014052266726951 0.014052266726991 0.020537704199966 0.01475648155977 0.015071716045409 0.015162685726086 0.014568916787422
84.1727254509018 0.012712857291482 0.020396470995682 0.013966957395394 0.013966957395383 0.013966957395426 0.0203964709957 0.014665225770931 0.01497689384404 0.015066730655856 0.014475411834992
84.4733066132265 0.012611759179229 0.02025723326813 0.013882517582288 0.013882517582308 0.013882517582326 0.020257233268137 0.014574818812409 0.014882943105761 0.014971657867768 0.014382767543671
84.7738877755511 0.012511480010294 0.020119942501022 0.013798935880636 0.01379893588063 0.013798935880663 0.020119942501019 0.014485250005694 0.014789852841575 0.014877456159015 0.014290972943936
85.0744689378758 0.012412008407321 0.019984552024132 0.013716201067328 0.013716201067373 0.013716201067393 0.019984552024138 0.014396508837368 0.014697612228966 0.014784114497521 0.014200017235214
85.3750501002004 0.012313333144012 0.019851016897679 0.013634302080695 0.013634302080679 0.01363430208075 0.019851016897685 0.014308584936765 0.014606210590356 0.014691622000283 0.014109889763828
85.6756312625251 0.012215443146612 0.019719293827445 0.013553228021761 0.013553228021758 0.013553228021788 0.01971929382743 0.014221468077571 0.014515637394696 0.014599967935187 0.014020580024777
85.9762124248497 0.01211832751051 0.01958934109817 0.013472968170319 0.013472968170322 0.013472968170359 0.019589341098167 0.014135148195115 0.014425882273774 0.014509141737093 0.013932077678219
86.2767935871744 0.012021975486994 0.019461118485706 0.013393511971834 0.013393511971831 0.013393511971882 0.019461118485704 0.014049615371871 0.014336935009963 0.014419132994705 0.01384437253609
86.577374749499 0.011926376479663 0.019334587181522 0.013314849033146 0.013314849033156 0.013314849033193 0.019334587181535 0.013964859835439 0.014248785532339 0.014329931447574 0.01375745455919
86.8779559118237 0.01183152008019 0.019209709756283 0.013236969157268 0.013236969157246 0.013236969157328 0.019209709756263 0.013880871992256 0.014161423950571 0.014241527019685 0.013671313891055
87.1785370741483 0.011737395973312 0.019086450017619 0.013159862250716 0.013159862250707 0.013159862250778 0.0190864500176 0.013797642336864 0.01407484046512 0.014153909729337 0.013585940766951
87.479118236473 0.011643994000934 0.018964773003629 0.01308351838533 0.013083518385348 0.013083518385385 0.018964773003624 0.013715161513308 0.013989025428325 0.014067069750444 0.01350132557575
87.7796993987976 0.011551304165468 0.018844644934698 0.01300792780184 0.013007927801847 0.013007927801922 0.018844644934696 0.01363342031881 0.013903969347928 0.013980997415571 0.013417458863128
88.0802805611222 0.011459316631619 0.018726033158995 0.012933080910832 0.012933080910846 0.012933080910938 0.018726033158989 0.013552409705082 0.013819662888394 0.013895683217503 0.013334331333011
88.3808617234469 0.011368021695812 0.018608906078576 0.012858968262846 0.01285896826279 0.012858968262866 0.018608906078584 0.013472120749396 0.013736096842386 0.013811117779789 0.013251933818508
88.6814428857716 0.011277409734936 0.018493233057132 0.012785580497383 0.012785580497352 0.012785580497467 0.01849323305713 0.013392544603964 0.013653262079852 0.013727291807816 0.013170257231383
88.9820240480962 0.011187471295951 0.018378984456929 0.012712908431266 0.012712908431238 0.012712908431346 0.018378984456905 0.013313672583892 0.013571149636205 0.013644196174135 0.013089292649548
89.2826052104209 0.011098197064015 0.018266131569387 0.012640943026456 0.012640943026471 0.012640943026546 0.018266131569389 0.013235496135935 0.013489750680208 0.01356182188893 0.013009031286244
89.5831863727455 0.011009577900681 0.0181546466135 0.012569675427927 0.012569675427939 0.012569675428016 0.018154646613524 0.01315800687617 0.013409056552852 0.01348016013696 0.012929464527652
89.8837675350702 0.010921604704953 0.018044502574635 0.012499096827303 0.012499096827297 0.012499096827422 0.018044502574637 0.013081196454574 0.013329058632433 0.013399202143272 0.012850583797354
90.1843486973948 0.01083426852859 0.017935673269166 0.012429198574576 0.012429198574564 0.012429198574689 0.017935673269167 0.01300505666745 0.013249748444463 0.013318939283268 0.012772380667899
90.4849298597195 0.010747560562533 0.017828133303943 0.012359972165418 0.012359972165417 0.012359972165521 0.017828133303934 0.012929579443024 0.013171117650513 0.013239363070694 0.012694846848231
90.7855110220441 0.010661472136948 0.017721858047689 0.012291409241197 0.0122914092412 0.01229140924132 0.017721858047705 0.012854756844515 0.013093158047824 0.01316046515809 0.012617974184332
91.0860921843688 0.010575994675034 0.01761682355631 0.012223501542819 0.012223501542827 0.012223501542965 0.017616823556314 0.012780581021683 0.013015861524092 0.013082237291108 0.012541754612928
91.3866733466934 0.010491119682799 0.017513006540592 0.012156240901346 0.012156240901323 0.012156240901484 0.017513006540596 0.012707044203843 0.01293922004866 0.01300467129971 0.012466180152976
91.6872545090181 0.010406838839497 0.017410384419507 0.012089619325679 0.012089619325708 0.012089619325844 0.017410384419515 0.012634138786576 0.012863225759478 0.012927759184674 0.012391242992878
91.9878356713427 0.010323143920716 0.017308935230502 0.012023628928219 0.012023628928188 0.012023628928333 0.017308935230494 0.012561857257932 0.012787870890244 0.012851493044791 0.012316935416814
92.2884168336674 0.010240026814064 0.01720863761702 0.011958261938776 0.011958261938752 0.011958261938928 0.017208637617027 0.012490192213292 0.012713147783144 0.012775865090783 0.01224324981883
92.588997995992 0.010157479458206 0.017109470744463 0.011893510643472 0.011893510643502 0.011893510643633 0.017109470744461 0.012419136293223 0.012639048829137 0.012700867583762 0.012170178641709
92.8895791583166 0.010075493992121 0.017011414428201 0.011829367533765 0.011829367533738 0.011829367533917 0.017011414428208 0.012348682333344 0.012565566616302 0.012626492984266 0.012097714526128
93.1901603206413 0.009994062615658 0.016914448984736 0.011765825169067 0.011765825169059 0.011765825169055 0.016914448984736 0.012278823228036 0.012492693793801 0.012552733816562 0.012025850174015
93.4907414829659 0.009913177645468 0.016818555262477 0.011702876230519 0.011702876230522 0.011702876230549 0.016818555262469 0.01220955198392 0.01242042312654 0.012479582722114 0.011954578402843
93.7913226452906 0.009832831424915 0.016723714528011 0.011640513430304 0.011640513430338 0.011640513430333 0.016723714528011 0.012140861628397 0.012348747401268 0.012407032367638 0.011883892053386
94.0919038076152 0.009753016488432 0.016629908623656 0.011578729677471 0.011578729677452 0.011578729677465 0.016629908623648 0.012072745377394 0.012277659596436 0.01233507561258 0.011813784157685
94.3924849699399 0.009673725452392 0.016537119836838 0.011517517967476 0.011517517967487 0.011517517967489 0.016537119836846 0.012005196523348 0.01220715277002 0.012263705398202 0.011744247827555
94.6930661322645 0.009594951018929 0.016445330890613 0.011456871386487 0.01145687138647 0.011456871386494 0.016445330890605 0.011938208441714 0.012137220064091 0.012192914752447 0.011675276259771
94.9936472945892 0.009516685962378 0.016354524916583 0.011396783097577 0.011396783097572 0.011396783097557 0.016354524916573 0.011871774575558 0.012067854691642 0.012122696775731 0.011606862721795
95.2942284569138 0.009438923185717 0.016264685499571 0.011337246397868 0.011337246397861 0.01133724639788 0.016264685499569 0.011805888494268 0.011999049994687 0.012053044699326 0.011539000609991
95.5948096192385 0.009361655668902 0.016175796608957 0.011278254665433 0.011278254665432 0.011278254665449 0.01617579660896 0.011740543840035 0.01193079938994 0.011983951831163 0.011471683395886
95.8953907815631 0.009284876448088 0.016087842567026 0.01121980133906 0.011219801339057 0.011219801339041 0.016087842567022 0.011675734307706 0.011863096349049 0.011915411536315 0.011404904606237
96.1959719438878 0.009208578724671 0.016000808141964 0.011161880025588 0.011161880025618 0.0111618800256 0.016000808141949 0.011611453752484 0.011795934506472 0.011847417344002 0.011338657930814
96.4965531062124 0.009132755722071 0.015914678409819 0.011104484361518 0.011104484361511 0.011104484361524 0.015914678409816 0.011547696051868 0.011729307522054 0.011779962811044 0.01127293708412
96.7971342685371 0.009057400767835 0.015829438808876 0.011047608090032 0.011047608090025 0.011047608090029 0.015829438808865 0.011484455183241 0.011663209156856 0.011713041596849 0.011207735882388
97.0977154308617 0.008982507290654 0.015745075123598 0.010991245057117 0.010991245057098 0.010991245057117 0.015745075123602 0.011421725218781 0.011597633269304 0.01164664745991 0.011143048239728
97.3982965931864 0.008908068770086 0.015661573447759 0.010935389167852 0.010935389167861 0.010935389167828 0.015661573447765 0.0113595002834 0.011532573773635 0.011580774216499 0.011078868125105
97.698877755511 0.008834078778269 0.015578920198191 0.010880034422516 0.01088003442254 0.010880034422506 0.015578920198188 0.011297774590919 0.011468024674281 0.011515415774697 0.01101518959818
97.9994589178357 0.008760531039433 0.015497102158243 0.010825174974087 0.010825174974111 0.010825174974083 0.015497102158227 0.011236542500259 0.01140398012331 0.011450566191232 0.010952006866658
98.3000400801603 0.008687419227715 0.015416106295096 0.010770804933949 0.010770804933959 0.010770804933973 0.015416106295099 0.01117579832321 0.011340434228571 0.011386219480819 0.010889314093034
98.600621242485 0.008614737130201 0.015335919893858 0.010716918528895 0.010716918528917 0.010716918528927 0.015335919893854 0.011115536480708 0.011277381208301 0.011322369770217 0.010827105550764
98.9012024048096 0.008542478732357 0.015256530628477 0.010663510184149 0.010663510184154 0.010663510184147 0.015256530628477 0.011055751585239 0.011214815475512 0.011259011381232 0.010765375707913
99.2017835671343 0.008470637934042 0.015177926300157 0.010610574248458 0.010610574248482 0.010610574248482 0.015177926300142 0.010996438168183 0.011152731363167 0.011196138558929 0.010704118952396
99.5023647294589 0.008399208795578 0.015100095047207 0.010558105231439 0.010558105231443 0.010558105231449 0.015100095047188 0.010937590915339 0.011091123361923 0.011133745705757 0.01064332982934
99.8029458917836 0.008328185465456 0.015023025273601 0.010506097732979 0.010506097732942 0.010506097732954 0.015023025273588 0.01087920459663 0.011029986047911 0.011071827312509 0.010583002970285
100.103527054108 0.008257562062131 0.014946705542572 0.010454546330987 0.010454546330962 0.010454546330974 0.014946705542569 0.010821273955849 0.01096931397427 0.011010377847024 0.010523132981905
100.404108216433 0.008187332874515 0.014871124741602 0.010403445772702 0.010403445772709 0.010403445772697 0.014871124741607 0.010763793900313 0.010909101858086 0.010949391943533 0.010463714636452
100.704689378758 0.008117492244903 0.014796271978102 0.010352790863151 0.01035279086316 0.010352790863152 0.014796271978116 0.010706759389127 0.010849344472281 0.010888864292689 0.010404742760945
101.005270541082 0.008048034527857 0.01472213653603 0.010302576425238 0.010302576425236 0.010302576425232 0.014722136536043 0.010650165395737 0.010790036604772 0.010828789601765 0.010346212197094
101.305851703407 0.007978954216236 0.014648707980151 0.010252797420478 0.010252797420456 0.010252797420461 0.014648707980156 0.010594007026251 0.010731173178832 0.010769162714704 0.010288117922312
101.606432865731 0.007910245843226 0.014575976065969 0.01020344885507 0.010203448855082 0.010203448855075 0.014575976065959 0.010538279426698 0.010672749159905 0.010709978518685 0.010230454955656
101.907014028056 0.007841903964142 0.014503930717153 0.010154525762029 0.010154525762022 0.010154525762018 0.014503930717145 0.010482977766602 0.010614759538008 0.010651231926738 0.010173218340428
102.207595190381 0.007773923253261 0.014432562104573 0.01010602329336 0.010106023293366 0.010106023293385 0.014432562104557 0.010428097328076 0.01055719941906 0.010592917969103 0.010116403236006
102.508176352705 0.007706298445208 0.014361860591793 0.010057936664722 0.010057936664722 0.01005793666472 0.014361860591814 0.010373633453785 0.010500063970091 0.010535031738122 0.010060004862832
102.80875751503 0.007639024279369 0.014291816688272 0.010010261103721 0.010010261103746 0.010010261103721 0.014291816688278 0.01031958149415 0.01044334836907 0.0104775683382 0.010004018450989
103.109338677355 0.007572095616747 0.014222421137172 0.009962991958713 0.009962991958697 0.009962991958718 0.014222421137169 0.01026593691536 0.010387047911304 0.010420522992463 0.009948439348571
103.409919839679 0.007505507380937 0.014153664860005 0.009916124642153 0.009916124642142 0.009916124642132 0.014153664860012 0.010212695244391 0.010331157953901 0.010363890986682 0.00989326296559
103.710501002004 0.007439254492626 0.014085538903219 0.009869654570415 0.009869654570437 0.009869654570416 0.014085538903215 0.01015985200801 0.01027567385707 0.010307667610837 0.009838484713876
104.011082164329 0.007373331994857 0.014018034544119 0.00982357728414 0.009823577284111 0.009823577284128 0.014018034544114 0.01010740285338 0.010220591102806 0.010251848277766 0.009784100127054
104.311663326653 0.007307734916122 0.013951143152175 0.009777888311258 0.00977788831126 0.009777888311253 0.013951143152175 0.010055343411571 0.010165905158041 0.010196428386683 0.009730104724056
104.612244488978 0.007242458422294 0.013884856333791 0.009732583317899 0.009732583317909 0.009732583317905 0.013884856333786 0.010003669447475 0.010111611627504 0.010141403473837 0.009676494160261
104.912825651303 0.007177497722694 0.013819165853252 0.009687658020927 0.009687658020926 0.009687658020923 0.013819165853247 0.00995237677423 0.010057706162799 0.010086769126651 0.00962326413921
105.213406813627 0.007112848022572 0.013754063560674 0.009643108132527 0.009643108132507 0.00964310813252 0.013754063560678 0.009901461196379 0.010004184411417 0.010032520926356 0.009570410358553
105.513987975952 0.007048504625921 0.013689541501783 0.009598929466831 0.009598929466788 0.009598929466801 0.013689541501791 0.009850918616907 0.009951042119831 0.009978654555738 0.009517928615596
105.814569138277 0.006984462847536 0.013625591833883 0.009555117854258 0.009555117854244 0.009555117854248 0.013625591833883 0.009800744952708 0.009898275050725 0.009925165713892 0.009465814722587
106.115150300601 0.006920718109641 0.013562206897512 0.009511669230142 0.009511669230132 0.009511669230133 0.013562206897512 0.009750936221279 0.009845879068916 0.009872050203532 0.00941406459483
106.415731462926 0.006857265885609 0.013499379183537 0.009468579587921 0.009468579587916 0.009468579587916 0.013499379183535 0.00970148849642 0.009793850096913 0.009819303885709 0.009362674204174
106.716312625251 0.006794101638612 0.01343710125474 0.009425844912468 0.009425844912506 0.009425844912491 0.013437101254735 0.009652397839502 0.009742184047144 0.00976692261245 0.009311639512245
107.016893787575 0.006731220895366 0.013375365813581 0.009383461252498 0.009383461252492 0.009383461252491 0.013375365813569 0.009603660373286 0.009690876894675 0.0097149022989 0.00926095654328
107.3174749499 0.006668619328607 0.013314165798233 0.009341424808971 0.00934142480899 0.009341424808982 0.013314165798236 0.009555272370173 0.00963992476607 0.009663239013045 0.009210621472304
107.618056112224 0.006606292526467 0.013253494131025 0.009299731697571 0.009299731697528 0.009299731697556 0.013253494131022 0.009507230014247 0.009589323700873 0.009611928736521 0.009160630387545
107.918637274549 0.006544236156442 0.013193343896837 0.009258378118854 0.009258378118892 0.009258378118856 0.01319334389682 0.009459529572188 0.009539069823571 0.009560967536352 0.009110979461015
108.219218436874 0.006482446015877 0.013133708377469 0.009217360403513 0.009217360403492 0.009217360403493 0.013133708377478 0.009412167437691 0.009489159386997 0.009510351609087 0.009061664993437
108.519799599198 0.006420917834752 0.013074580858733 0.009176674817285 0.009176674817278 0.009176674817288 0.013074580858713 0.009365139938245 0.009439588578395 0.00946007708651 0.009012683219737
108.820380761523 0.006359647472325 0.013015954830994 0.009136317760321 0.00913631776031 0.00913631776032 0.013015954830981 0.009318443532063 0.009390353718639 0.00941014023494 0.008964030507659
109.120961923848 0.006298630826638 0.012957823879353 0.009096285669513 0.009096285669483 0.009096285669496 0.01295782387936 0.009272074712293 0.009341451164742 0.00936053735686 0.008915703261107
109.421543086172 0.006237863728664 0.012900181600099 0.009056574922481 0.009056574922487 0.009056574922474 0.012900181600099 0.009226029910779 0.009292877213795 0.009311264696355 0.008867697823376
109.722124248497 0.0061773422039 0.012843021840947 0.009017182091152 0.009017182091147 0.009017182091147 0.01284302184095 0.009180305751347 0.009244628356299 0.009262318691355 0.008820010731055
110.022705410822 0.00611706223956 0.012786338466436 0.008978103708778 0.008978103708803 0.00897810370877 0.012786338466425 0.009134898816923 0.009196701043357 0.009213695741053 0.008772638481538
110.323286573146 0.006057019875026 0.012730125468141 0.008939336369616 0.008939336369641 0.008939336369597 0.012730125468139 0.00908980574953 0.009149091787094 0.009165392306429 0.008725577631828
110.623867735471 0.005997211200506 0.012674376936762 0.008900876716709 0.008900876716714 0.00890087671669 0.012674376936776 0.009045023238326 0.009101797147462 0.009117404897201 0.008678824787315
110.924448897796 0.005937632291162 0.012619087003767 0.008862721380122 0.008862721380153 0.008862721380148 0.01261908700376 0.00900054795668 0.009054813671154 0.009069730009902 0.008632376539472
111.22503006012 0.005878279405334 0.012564250046712 0.008824867178914 0.008824867178924 0.008824867178921 0.012564250046701 0.008956376766216 0.0090081380933 0.009022364330928 0.008586229667864
111.525611222445 0.00581914861651 0.012509860308242 0.008787310747773 0.008787310747758 0.008787310747771 0.012509860308234 0.008912506341436 0.008961766964679 0.008975304362334 0.008540380767232
111.82619238477 0.005760236287537 0.012455912367981 0.008750049011189 0.00875004901119 0.008750049011196 0.012455912367986 0.008868933645408 0.008915697124851 0.008928546896156 0.008494826721436
112.126773547094 0.005701538624784 0.012402400712356 0.008713078744956 0.008713078744956 0.008713078744945 0.012402400712357 0.008825655490778 0.008869925265196 0.008882088576444 0.00844956426472
112.427354709419 0.005643051934104 0.01234931996464 0.008676396821123 0.008676396821119 0.008676396821127 0.01234931996464 0.008782668784788 0.008824448172514 0.008835926143481 0.008404590227449
112.727935871744 0.005584772645996 0.012296664927155 0.008640000241551 0.008640000241557 0.008640000241535 0.012296664927161 0.00873997056299 0.008779262763537 0.008790056467807 0.008359901569005
113.028517034068 0.005526697011372 0.012244430275377 0.008603885833239 0.00860388583325 0.008603885833243 0.012244430275386 0.008697557684493 0.008734365779846 0.008744476246098 0.008315495073336
113.329098196393 0.005468821609873 0.012192611041616 0.008568050746354 0.008568050746343 0.008568050746343 0.012192611041626 0.008655427329863 0.008689754285856 0.008699182497723 0.008271367847575
113.629679358717 0.005411142749058 0.012141202059083 0.008532491873884 0.008532491873902 0.008532491873885 0.012141202059068 0.008613576421635 0.008645425089282 0.008654171986154 0.008227516740327
113.930260521042 0.005353657048268 0.012090198487092 0.008497206409814 0.008497206409827 0.00849720640982 0.012090198487085 0.008572002181141 0.008601375297887 0.00860944177582 0.008183938901771
114.230841683367 0.005296360944454 0.012039595367907 0.008462191378219 0.008462191378184 0.008462191378217 0.012039595367899 0.00853070165948 0.008557601850428 0.008564988762073 0.008140631311201
114.531422845691 0.005239251039466 0.011989387938843 0.008427443965384 0.008427443965421 0.008427443965363 0.011989387938847 0.008489672067961 0.008514101847068 0.008520810002919 0.00809759111
114.832004008016 0.005182323906436 0.011939571455649 0.008392961334099 0.008392961334109 0.008392961334085 0.011939571455648 0.008448910593421 0.008470872365121 0.008476902533447 0.008054815415651
115.132585170341 0.005125576177985 0.011890141264224 0.008358740704899 0.008358740704889 0.008358740704894 0.011890141264216 0.008408414479174 0.008427910539178 0.008433263446963 0.008012301403417
115.433166332665 0.005069004485723 0.011841092763783 0.008324779307052 0.008324779307063 0.008324779307024 0.011841092763777 0.008368180976029 0.008385213513228 0.00838988984638 0.007970046256411
115.73374749499 0.00501260557416 0.011792421484476 0.008291074475647 0.008291074475651 0.00829107447564 0.011792421484467 0.008328207439841 0.008342778536584 0.00834677894076 0.007928047264325
116.034328657315 0.004956376070665 0.011744122898557 0.008257623441812 0.008257623441818 0.008257623441821 0.011744122898548 0.008288491121334 0.008300602755251 0.008303927835942 0.007886301611517
116.334909819639 0.004900312802405 0.011696192692364 0.008224423628428 0.008224423628413 0.008224423628399 0.01169619269238 0.008249029461346 0.008258683506621 0.00826133383023 0.007844806675045
116.635490981964 0.004844412514425 0.011648626527296 0.008191472389057 0.008191472389048 0.008191472389017 0.011648626527296 0.008209819831614 0.008217018059437 0.008218994153379 0.007803559761615
116.936072144289 0.004788671990251 0.011601420117071 0.008158767108336 0.008158767108315 0.008158767108315 0.011601420117083 0.008170859633015 0.008175603713776 0.008176906066629 0.007762558209848
117.236653306613 0.004733088122 0.011554569336275 0.008126305290983 0.008126305290993 0.008126305290978 0.011554569336265 0.008132146385602 0.008134437889456 0.008135066952281 0.007721799477253
117.537234468938 0.004677657702141 0.011508069978037 0.008094084337258 0.008094084337234 0.008094084337233 0.011508069978043 0.008093677504825 0.008093517902642 0.008093474088718 0.007681280917881
117.837815631263 0.004622377676415 0.011461918033321 0.00806210180922 0.008062101809225 0.008062101809221 0.011461918033323 0.008055450566513 0.008052841231091 0.008052124916915 0.007641000046635
118.138396793587 0.004567244941171 0.011416109466305 0.008030355217729 0.008030355217753 0.008030355217714 0.011416109466307 0.008017463094529 0.008012405302442 0.008011016827487 0.007600954328015
118.438977955912 0.004512256430306 0.011370640316318 0.007998842116911 0.007998842116865 0.007998842116876 0.011370640316318 0.007979712655431 0.007972207587101 0.007970147254903 0.007561141269109
118.739559118236 0.004457409148656 0.011325506719092 0.007967560132034 0.007967560132063 0.007967560132026 0.0113255067191 0.007942196886124 0.007932245627549 0.007929513705806 0.007521558448807
119.040140280561 0.004402700050775 0.011280704793734 0.007936506842798 0.007936506842798 0.007936506842778 0.011280704793729 0.007904913377096 0.007892516920719 0.007889113641734 0.007482203399938
119.340721442886 0.004348126194716 0.011236230789951 0.007905679933779 0.007905679933791 0.007905679933785 0.011236230789954 0.007867859822847 0.007853019068804 0.007848944630228 0.007443073760529
119.64130260521 0.004293684618458 0.011192080965743 0.007875077072343 0.007875077072346 0.007875077072318 0.011192080965741 0.007831033900644 0.007813749657351 0.007809004222145 0.007404167151528
119.941883767535 0.004239372388174 0.011148251637135 0.007844695957471 0.007844695957464 0.007844695957458 0.011148251637133 0.007794433318313 0.007774706303938 0.00776929000103 0.007365481225536
120.24246492986 0.004185186624471 0.011104739199215 0.007814534343975 0.007814534343972 0.007814534343972 0.011104739199227 0.007758055838872 0.007735886682461 0.0077297996069 0.007327013691225
120.543046092184 0.004131124426687 0.011061540055529 0.007784589969607 0.00778458996958 0.007784589969588 0.011061540055529 0.007721899207948 0.007697288449784 0.007690530663697 0.007288762240115
120.843627254509 0.004077182943342 0.011018650685717 0.007754860624457 0.007754860624244 0.00775486062443 0.011018650685713 0.007685961222382 0.007658909315945 0.00765148084832 0.007250724616131
121.144208416834 0.004023359368406 0.010976067634254 0.007725344143062 0.007725344143037 0.007725344143031 0.010976067634258 0.007650239724329 0.007620747036497 0.00761264788361 0.007212898608952
121.444789579158 0.003969650836581 0.010933787423981 0.007696038310506 0.007696038310509 0.007696038310484 0.010933787423983 0.007614732504196 0.007582799316469 0.007574029442784 0.007175281956983
121.745370741483 0.003916054658277 0.010891806760458 0.007666941080721 0.007666941080718 0.007666941080697 0.010891806760458 0.007579437521895 0.007545064031918 0.007535623369806 0.007137872569855
122.045951903808 0.003862567943109 0.010850122194857 0.0076380502213 0.007638050221297 0.007638050221284 0.010850122194861 0.007544352550564 0.007507538871634 0.007497427322419 0.007100668169075
122.346533066132 0.003809188106549 0.01080873058453 0.007609363796235 0.007609363796247 0.007609363796233 0.010808730584523 0.007509475658877 0.007470221822941 0.007459439256442 0.007063666774951
122.647114228457 0.003755912249786 0.01076762851929 0.007580879570324 0.007580879570315 0.007580879570296 0.01076762851929 0.007474804615918 0.00743311057288 0.007421656828446 0.007026866106516
122.947695390782 0.003702737868731 0.010726812986235 0.00755259569511 0.007552595695121 0.007552595695069 0.010726812986235 0.007440337577856 0.007396203196981 0.007384078083488 0.006990264271934
123.248276553106 0.003649662076759 0.010686280629416 0.007524509951522 0.007524509951552 0.007524509951533 0.010686280629426 0.007406072328801 0.007359497400138 0.007346700696549 0.006953859007425
123.548857715431 0.003596682441224 0.010646028554723 0.00749662056987 0.007496620569902 0.007496620569892 0.010646028554723 0.007372007102905 0.007322991337595 0.007309522793026 0.006917648500194
123.849438877756 0.003543796091902 0.010606053467382 0.007468925353839 0.007468925353847 0.007468925353847 0.010606053467386 0.007338139706571 0.007286682738067 0.007272542072392 0.006881630509795
124.15002004008 0.0034910006366 0.010566352553652 0.007441422578233 0.007441422578246 0.007441422578249 0.010566352553654 0.007304468417691 0.007250569802722 0.007235756706616 0.006845803268865
124.450601202405 0.003438293269403 0.010526922630954 0.007414110120114 0.007414110120128 0.007414110120141 0.010526922630949 0.007270991115942 0.007214650334579 0.007199164470205 0.006810164610535
124.751182364729 0.003385671599479 0.010487760923061 0.007386986258618 0.007386986258608 0.007386986258606 0.010487760923065 0.007237706082541 0.007178922540673 0.007162763541532 0.006774712772957
125.051763527054 0.003333132911796 0.010448864382515 0.007360048969536 0.007360048969545 0.007360048969531 0.010448864382518 0.0072046112954 0.007143384323818 0.007126551795712 0.006739445688468
125.352344689379 0.003280674784864 0.010410230247338 0.007333296509915 0.007333296509899 0.007333296509916 0.010410230247336 0.007171705013655 0.00710803387032 0.007090527390803 0.006704361573586
125.652925851703 0.003228294591376 0.010371855586231 0.007306726943401 0.007306726943403 0.007306726943388 0.010371855586231 0.007138985302368 0.0070728691725 0.007054688291953 0.006669458450155
125.953507014028 0.003175989918765 0.010333737699688 0.007280338550332 0.00728033855038 0.00728033855035 0.010333737699689 0.007106450443045 0.007037888440495 0.007019032682037 0.006634734557414
126.254088176353 0.003123758202384 0.010295873746736 0.007254129457338 0.007254129457342 0.00725412945734 0.010295873746741 0.007074098564036 0.007003089731706 0.006983558591425 0.00660018798212
126.554669338677 0.003071597017577 0.010258261058006 0.007228097941414 0.00722809794141 0.007228097941424 0.010258261058017 0.007041927943364 0.006968471253789 0.006948264201421 0.006565816960537
126.855250501002 0.003019503897677 0.010220896927464 0.007202242233533 0.007202242233518 0.007202242233517 0.010220896927461 0.007009936813139 0.006934031169945 0.006913147648779 0.006531619684646
127.155831663327 0.002967476408624 0.010183778713773 0.007176560608318 0.007176560608286 0.00717656060829 0.010183778713781 0.006978123448439 0.006899767686961 0.006878207114238 0.00649759438908
127.456412825651 0.002915512105446 0.010146903768156 0.007151051324541 0.007151051324539 0.007151051324546 0.010146903768154 0.006946486109294 0.006865678997092 0.006843440764504 0.006463739294704
127.756993987976 0.002863608625422 0.010110269555899 0.007125712734782 0.007125712734779 0.007125712734783 0.010110269555902 0.006915023148698 0.006831763387125 0.00680884686024 0.00643005271518
128.057575150301 0.002811763529704 0.010073873476288 0.007100543114621 0.007100543114627 0.007100543114615 0.010073873476302 0.006883732842866 0.006798019066262 0.006774423586464 0.006396532888013
128.358156312625 0.002759974493247 0.01003771305513 0.007075540854191 0.007075540854188 0.007075540854201 0.01003771305513 0.006852613582643 0.00676444436115 0.006740169244017 0.006363178166743
128.65873747495 0.002708239113403 0.01000178577119 0.007050704277554 0.007050704277521 0.007050704277558 0.010001785771206 0.006821663692433 0.006731037531168 0.006706082067946 0.006329986837594
128.959318637275 0.002656555082295 0.009966089198229 0.007026031797276 0.007026031797271 0.007026031797284 0.009966089198229 0.006790881585407 0.006697796925944 0.006672160383655 0.006296957277475
129.259899799599 0.002604920043124 0.00993062089576 0.007001521791276 0.007001521791244 0.007001521791282 0.009930620895763 0.006760265639551 0.006664720860916 0.006638402481773 0.006264087827383
129.560480961924 0.002553331697069 0.009895378478841 0.006977172687967 0.006977172687988 0.006977172687978 0.00989537847884 0.006729814284038 0.006631807702835 0.006604806705799 0.006231376881204
129.861062124248 0.002501787720107 0.00986035957176 0.006952982905025 0.006952982905017 0.006952982905019 0.009860359571749 0.006699525936647 0.006599055808107 0.00657137138821 0.006198822820705
130.161643286573 0.0024502858666 0.009825561878027 0.006928950933227 0.006928950933226 0.00692895093322 0.009825561878035 0.006669399088811 0.006566463607444 0.00653809493638 0.006166424102774
130.462224448898 0.002398823810755 0.009790983044247 0.006905075191349 0.006905075191352 0.006905075191349 0.009790983044244 0.006639432159767 0.006534029460213 0.006504975686403 0.006134179112117
130.762805611222 0.002347399319004 0.009756620827976 0.00688135419621 0.006881354196222 0.006881354196222 0.009756620827985 0.006609623666468 0.006501751824291 0.006472012073251 0.006102086331632
131.063386773547 0.002296010168886 0.009722473001144 0.006857786472122 0.006857786472103 0.00685778647212 0.00972247300114 0.006579972133786 0.006469629166291 0.006439202540869 0.00607014425342
131.363967935872 0.002244654063267 0.009688537293723 0.006834370483229 0.006834370483205 0.006834370483225 0.009688537293724 0.006550476026674 0.006437659892697 0.006406545473254 0.006038351308281
131.664549098196 0.002193328833727 0.009654811560612 0.006811104814828 0.006811104814833 0.006811104814843 0.009654811560612 0.006521133930876 0.006405842532676 0.006374039377476 0.006006706050483
131.965130260521 0.002142032229495 0.009621293605111 0.006787987983518 0.006787987983534 0.006787987983531 0.009621293605111 0.006491944363598 0.0063741755471 0.006341682692033 0.005975206964622
132.265711422846 0.002090762111379 0.009587981347645 0.006765018615822 0.006765018615848 0.006765018615847 0.009587981347649 0.006462905951934 0.00634265750735 0.006309473966905 0.005943852646592
132.56629258517 0.002039516206022 0.009554872589907 0.006742195208725 0.006742195208743 0.006742195208733 0.009554872589907 0.006434017194018 0.006311286856477 0.006277411623447 0.005912641563306
132.866873747495 0.001988292417223 0.009521965331591 0.006719516444327 0.006719516444348 0.006719516444342 0.009521965331589 0.00640527677267 0.006280062222783 0.006245494268831 0.005881572366585
133.16745490982 0.001937088543462 0.009489257471367 0.006696980897464 0.006696980897441 0.006696980897445 0.009489257471367 0.006376683263552 0.006248982129022 0.006213720404301 0.005850643602587
133.468036072144 0.001885902425489 0.009456746975328 0.006674587196162 0.006674587196169 0.006674587196176 0.009456746975334 0.006348235296179 0.006218045150971 0.006182088584962 0.005819853870294
133.768617234469 0.001834731940829 0.009424431847201 0.006652334001327 0.006652334001336 0.006652334001311 0.009424431847195 0.006319931532557 0.006187249898838 0.006150597400251 0.005789201803125
134.069198396794 0.001783574957589 0.009392310113462 0.006630219980126 0.006630219980116 0.00663021998012 0.009392310113467 0.006291770640805 0.006156594988908 0.00611924544603 0.005758686039594
134.369779559118 0.001732429329688 0.009360379774235 0.006608243773551 0.006608243773568 0.006608243773543 0.009360379774235 0.006263751263988 0.006126079013467 0.006088031294359 0.005728305195379
134.670360721443 0.001681292985608 0.009328638949217 0.00658640412132 0.006586404121355 0.006586404121354 0.009328638949225 0.006235872142979 0.006095700662818 0.00605695361525 0.00569805798216
134.970941883768 0.001630163762978 0.009297085654006 0.006564699659927 0.006564699659919 0.006564699659937 0.009297085654015 0.006208131916189 0.00606545852568 0.006026010977818 0.005667943011493
135.271523046092 0.001579039651579 0.009265718081506 0.006543129189773 0.006543129189755 0.006543129189748 0.00926571808151 0.006180529385807 0.006035351355583 0.005995202115697 0.005637959058531
135.572104208417 0.001527918489649 0.009234534291271 0.006521691367262 0.006521691367275 0.006521691367281 0.009234534291273 0.006153063210373 0.006005377761949 0.005964525619074 0.005608104754377
135.872685370741 0.001476798242648 0.009203532468772 0.006500384971662 0.006500384971643 0.006500384971675 0.009203532468776 0.006125732171382 0.005975536479193 0.005933980202717 0.005578378855007
136.173266533066 0.001425676871657 0.009172710822349 0.006479208791254 0.006479208791266 0.006479208791244 0.009172710822345 0.006098535059426 0.005945826250292 0.005903564590827 0.005548780124654
136.473847695391 0.001374552243798 0.009142067470282 0.006458161519189 0.006458161519215 0.006458161519225 0.009142067470281 0.00607147057015 0.005916245724583 0.005873277413721 0.005519307233845
136.774428857715 0.001323422400268 0.009111600725382 0.006437242032604 0.006437242032588 0.006437242032605 0.009111600725382 0.006044537583534 0.005886793735729 0.005843117486313 0.005489959036856
137.07501002004 0.001272285243095 0.009081308764519 0.006416449067644 0.006416449067631 0.006416449067644 0.009081308764519 0.006017734838351 0.005857468977484 0.005813083484147 0.005460734248599
137.375591182365 0.00122113875432 0.009051189866321 0.006395781451374 0.006395781451369 0.006395781451387 0.009051189866314 0.005991061165105 0.005828270235714 0.005783174174029 0.005431631674824
137.676172344689 0.001169980929141 0.009021242332753 0.006375238027301 0.006375238027289 0.0063752380273 0.009021242332752 0.005964515410279 0.005799196311938 0.005753388340277 0.005402650137891
137.976753507014 0.001118809722957 0.008991464430677 0.006354817598691 0.006354817598697 0.006354817598695 0.008991464430674 0.005938096380749 0.005770245970624 0.005723724728709 0.005373788422185
138.277334669339 0.001067623157926 0.008961854524013 0.006334519052553 0.006334519052548 0.006334519052559 0.008961854524024 0.005911802966955 0.005741418058242 0.005694182168245 0.005345045393803
138.577915831663 0.001016419211245 0.008932410920809 0.006314341220433 0.006314341220408 0.006314341220428 0.008932410920812 0.005885634004732 0.005712711368966 0.005664759435208 0.005316419867021
138.878496993988 0.000965195903283 0.008903132005731 0.006294282996124 0.006294282996127 0.006294282996113 0.008903132005731 0.005859588391473 0.005684124757696 0.005635455367527 0.005287910716167
139.179078156313 0.00091395122916 0.008874016138244 0.006274343245308 0.006274343245293 0.006274343245287 0.008874016138243 0.005833664997286 0.005655657054021 0.005606268776958 0.005259516789966
139.479659318637 0.000862683219987 0.008845061730902 0.006254520877857 0.006254520877841 0.006254520877854 0.008845061730905 0.005807862736595 0.005627307131141 0.005577198519844 0.005231236980917
139.780240480962 0.000811389918544 0.008816267215719 0.006234814818012 0.006234814817984 0.006234814818017 0.008816267215713 0.005782180538259 0.00559907387806 0.005548243468423 0.005203070197099
140.080821643287 0.000760069313034 0.008787630990872 0.006215223946321 0.00621522394634 0.006215223946334 0.008787630990872 0.00575661728792 0.005570956140382 0.005519402451347 0.00517501530267
140.381402805611 0.00070871951482 0.008759151574996 0.006195747262025 0.006195747262002 0.006195747262004 0.008759151574993 0.005731171989745 0.005542952884088 0.005490674418086 0.00514707128261
140.681983967936 0.000657338468673 0.008730827353501 0.00617638361761 0.006176383617577 0.006176383617615 0.008730827353499 0.005705843501449 0.005515062927816 0.005462058170682 0.005119236973364
140.982565130261 0.000605924318367 0.008702656899209 0.006157132054188 0.006157132054194 0.0061571320542 0.008702656899212 0.005680630870009 0.00548728528123 0.005433552702512 0.005091511403314
141.283146292585 0.000554475062488 0.008674638671717 0.006137991486879 0.006137991486868 0.006137991486871 0.008674638671713 0.005655533016224 0.005459618826831 0.005405156880415 0.005063893472963
141.58372745491 0.000502988784055 0.008646771212096 0.006118960910717 0.006118960910714 0.006118960910706 0.008646771212095 0.005630548941484 0.005432062529714 0.005376869653183 0.005036382165384
141.884308617234 0.00045146352648 0.008619053044726 0.006100039294412 0.00610003929441 0.006100039294397 0.008619053044711 0.00560567762026 0.005404615328346 0.005348689943301 0.005008976436417
142.184889779559 0.000399897418063 0.008591482782476 0.00608122569174 0.006081225691727 0.006081225691744 0.008591482782482 0.005580918113079 0.005377276247145 0.005320616760016 0.004981675328465
142.485470941884 0.000348288443951 0.008564058912782 0.006062519023209 0.00606251902319 0.006062519023209 0.008564058912778 0.005556269347319 0.005350044178336 0.005292648979632 0.004954477750766
142.786052104208 0.000296634770423 0.00853678011221 0.006043918393799 0.006043918393808 0.006043918393801 0.008536780112211 0.005531730434692 0.005322918198954 0.005264785664172 0.004927382797817
143.086633266533 0.000244934428142 0.008509644934951 0.006025422779876 0.00602542277989 0.006025422779875 0.008509644934953 0.005507300359067 0.005295897258738 0.005237025747977 0.004900389436317
143.387214428858 0.000193185478456 0.008482651979289 0.006007031195721 0.006007031195726 0.006007031195736 0.008482651979288 0.005482978142084 0.005268980345107 0.005209368203925 0.004873496670753
143.687795591182 0.000141386147454 0.008455800015457 0.005988742823368 0.00598874282338 0.005988742823399 0.008455800015454 0.005458762973411 0.005242166615521 0.005181812173893 0.004846703674984
143.988376753507 8.95343516393865E-05 0.00842908751912 0.005970556543837 0.005970556543816 0.005970556543828 0.008429087519129 0.005434653742168 0.005215454925633 0.005154356499435 0.004820009321643
144.288957915832 3.7628288644953E-05 0.008402513263514 0.005952471528656 0.005952471528668 0.005952471528669 0.008402513263507 0.005410649627933 0.005188844423146 0.005127000313296 0.004793412774323
144.589539078156 1.43338931541948E-05 0.008376075968705 0.005934486895843 0.005934486895845 0.005934486895849 0.008376075968709 0.005386749757434 0.005162334203656 0.005099742696644 0.004766913145265
144.890120240481 6.63542252059557E-05 0.008349774203905 0.005916601601896 0.005916601601876 0.005916601601901 0.008349774203899 0.00536295309578 0.005135923200312 0.005072582568631 0.004740509383678
145.190701402806 0.000118434486757 0.008323606799375 0.005898814860149 0.005898814860158 0.005898814860168 0.008323606799379 0.00533925886492 0.005109610604589 0.005045519106416 0.004714200696645
145.49128256513 0.000170576584266 0.008297572451066 0.005881125750109 0.005881125750099 0.005881125750117 0.00829757245107 0.005315666154335 0.005083395476202 0.00501855135589 0.004687986160376
145.791863727455 0.000222782455941 0.008271669864332 0.005863533346884 0.005863533346913 0.005863533346896 0.008271669864329 0.00529217404776 0.005057276868953 0.004991678356609 0.004661864843423
146.09244488978 0.000275053926281 0.008245897851014 0.005846036832849 0.005846036832845 0.00584603683285 0.00824589785101 0.005268781737585 0.005031253945934 0.004964899258217 0.004635835924731
146.393026052104 0.000327392914758 0.008220255132136 0.005828635296678 0.005828635296658 0.005828635296665 0.008220255132132 0.005245488323102 0.005005325778268 0.004938213118241 0.004609898491182
146.693607214429 0.000379801281373 0.00819474052919 0.005811327914365 0.005811327914358 0.005811327914368 0.008194740529186 0.00522229298946 0.004979491522096 0.004911619079352 0.00458405171335
146.994188376754 0.00043228091816 0.008169352816812 0.005794113818009 0.00579411381799 0.005794113817993 0.008169352816802 0.005199194879693 0.004953750293015 0.004885116243983 0.004558294722314
147.294769539078 0.000484833694328 0.008144090804983 0.005776992170015 0.005776992169997 0.005776992170009 0.008144090804977 0.005176193167479 0.004928101237855 0.00485870374557 0.004532626679919
147.595350701403 0.000537461455421 0.008118953362239 0.005759962180348 0.005759962180346 0.005759962180341 0.008118953362231 0.005153287072774 0.004902543548978 0.004832380763849 0.004507046792924
147.895931863727 0.000590166169252 0.008093939224055 0.005743022927657 0.005743022927662 0.005743022927655 0.008093939224055 0.005130475685855 0.004877076290933 0.004806146349713 0.004481554140369
148.196513026052 0.000642949589975 0.008069047350218 0.005726173710796 0.005726173710796 0.005726173710796 0.008069047350218 0.005107758317524 0.004851698748611 0.004779999776192 0.004456148022386
148.497094188377 0.000695813627117 0.008044276579263 0.005709413696739 0.005709413696754 0.005709413696738 0.008044276579255 0.005085134146005 0.004826410074106 0.00475394018221 0.004430827604611
148.797675350701 0.000748760246374 0.008019625685537 0.005692741989487 0.005692741989499 0.00569274198951 0.008019625685531 0.005062602287068 0.004801209359136 0.004727966646938 0.004405591993017
149.098256513026 0.00080179115773 0.007995093708058 0.005676157954255 0.005676157954237 0.005676157954266 0.007995093708054 0.00504016211901 0.004776095957269 0.004702078511889 0.004380440555817
149.398837675351 0.000854908325234 0.007970679464349 0.005659660724902 0.005659660724882 0.005659660724911 0.007970679464352 0.005017812787285 0.004751068989576 0.004676274885732 0.004355372427377
149.699418837675 0.000908113660022 0.007946381822657 0.00564324948564 0.005643249485632 0.005643249485646 0.007946381822657 0.004995553489339 0.004726127629614 0.004650554929877 0.00433038679519
150 0.000961408901089 0.00792219982618 0.005626923594081 0.005626923594084 0.005626923594096 0.00792219982617 0.004973383595885 0.004701271226129 0.00462491798108 0.004305483021892
