1.000000000000000021e-02 6.952084818758663687e-01 7.847271307957104369e-01 6.953561309884932484e-01 6.953561309885678554e-01 6.953561309885767372e-01 7.847271307959911013e-01 6.970958291919195915e-01 6.982857438842327014e-01 6.987049358908414831e-01 6.971878331385621408e-01
3.105811623246493292e-01 1.222825602521446342e+00 1.387765782539013060e+00 1.231116029216352104e+00 1.231116029216387631e+00 1.231116029216515528e+00 1.387765782538899373e+00 1.244417246713680925e+00 1.251481191524177916e+00 1.253673644500707951e+00 1.243291800198882413e+00
6.111623246492986494e-01 1.010351073961622603e+00 1.149302931635652669e+00 1.023918527704644532e+00 1.023918527705369286e+00 1.023918527704637427e+00 1.149302931635311609e+00 1.036715349162776079e+00 1.042902375351935973e+00 1.044745185663501275e+00 1.034644432009883985e+00
9.117434869739480252e-01 8.694885262921161484e-01 9.910033500148855978e-01 8.869726045833843386e-01 8.869726045837538209e-01 8.869726045839243511e-01 9.910033500151129715e-01 8.982147030063885040e-01 9.033330393915690593e-01 9.048201420793020588e-01 8.955446717218293884e-01
1.212324649298597290e+00 7.703644339192621260e-01 8.796794615691183594e-01 7.910231057272625321e-01 7.910231057267154142e-01 7.910231057272625321e-01 8.796794615691538866e-01 8.005886391146859182e-01 8.047615118073494500e-01 8.059535193478382098e-01 7.975035605745546263e-01
1.512905811623246555e+00 6.959770632816315583e-01 7.962423982467328187e-01 7.193307944174947011e-01 7.193307944180276081e-01 7.193307944174520685e-01 7.962423982467328187e-01 7.272870060863283470e-01 7.306495555344625359e-01 7.315984197737606110e-01 7.238973420521261914e-01
1.813486973947896042e+00 6.374481976121373350e-01 7.306999040288104652e-01 6.631553234186640111e-01 6.631553234181666312e-01 6.631553234185645351e-01 7.306999040288602032e-01 6.696159742567004969e-01 6.722820363543391409e-01 6.730276144990483544e-01 6.659940179466090626e-01
2.114068136272544862e+00 5.897578132182133004e-01 6.773967005215624226e-01 6.175595401632776316e-01 6.175595401630076253e-01 6.175595401633628967e-01 6.773967005215908443e-01 6.226466352661361725e-01 6.247085503281866181e-01 6.252813478419270155e-01 6.188426493132794803e-01
2.414649298597194349e+00 5.498493257035264037e-01 6.328883113786147874e-01 5.795415633030458480e-01 5.795415633033869085e-01 5.795415633031950620e-01 6.328883113783305703e-01 5.833735673300353142e-01 5.849063530793685572e-01 5.853300989090257644e-01 5.794240737603075786e-01
2.715230460921843836e+00 5.157470516130615579e-01 5.949485195498951384e-01 5.471644494448923979e-01 5.471644494457237329e-01 5.471644494449705576e-01 5.949485195498667167e-01 5.498526940461303525e-01 5.509179762133129543e-01 5.512114799135616749e-01 5.457851365428609824e-01
3.015811623246492879e+00 4.861112962681062299e-01 5.620684083336655590e-01 5.191175265990111143e-01 5.191175265991887500e-01 5.191175265990679577e-01 5.620684083332605496e-01 5.207654309551159599e-01 5.214145044989209055e-01 5.215929442567670549e-01 5.166009840536673892e-01
3.316392785571142365e+00 4.599975248589984744e-01 5.331850121511791940e-01 4.944790577091779937e-01 4.944790577096824791e-01 4.944790577095048434e-01 5.331850121512076157e-01 4.951823453605328496e-01 4.954584620591262478e-01 4.955342824225255072e-01 4.909377009188062857e-01
3.616973947895791852e+00 4.367179629505884009e-01 5.075253239277159878e-01 4.725799372889980532e-01 4.725799372889625261e-01 4.725799372888488392e-01 5.075253239276591444e-01 4.724271811284594946e-01 4.723672518367436624e-01 4.723507998769207461e-01 4.681157346612678793e-01
3.917555110220440895e+00 4.157579764979999482e-01 4.845120401092088969e-01 4.529214073493648129e-01 4.529214073496561355e-01 4.529214073492866532e-01 4.845120401095286411e-01 4.519946468100712877e-01 4.516305182467021950e-01 4.515305031222496268e-01 4.476273138145927533e-01
4.218136272545089938e+00 3.967233685728004389e-01 4.637041710579410392e-01 4.351232535637095111e-01 4.351232535636100351e-01 4.351232535635389809e-01 4.637041710577349818e-01 4.334985871154160009e-01 4.328580110784443491e-01 4.326818424262128815e-01 4.290843817137570682e-01
4.518717434869739868e+00 3.793059401234799566e-01 4.447582619656316183e-01 4.188900054434512299e-01 4.188900054437283416e-01 4.188900054433588593e-01 4.447582619655605640e-01 4.166381254858038119e-01 4.157455043683810914e-01 4.154995459364130284e-01 4.121845811005684368e-01
4.819298597194388911e+00 3.632602680342742474e-01 4.274022838918369871e-01 4.039881961442119973e-01 4.039881961441622593e-01 4.039881961443825276e-01 4.274022838917730382e-01 4.011748595361126490e-01 4.000518272695003930e-01 3.997415901666983018e-01 3.966883414314636980e-01
5.119879759519037954e+00 3.483876059371695533e-01 4.114175823115502340e-01 3.902306507263233470e-01 3.902306507260959734e-01 3.902306507265436153e-01 4.114175823116781316e-01 3.869170884070882721e-01 3.855829688513168207e-01 3.852132609993859091e-01 3.824030303434966527e-01
5.420460921843687885e+00 3.345244369568760590e-01 3.966261020662571468e-01 3.774653738515851842e-01 3.774653738513151779e-01 3.774653738519262447e-01 3.966261020662074088e-01 3.737086466054009293e-01 3.721808194910423140e-01 3.717558627719412812e-01 3.691717330617976245e-01
5.721042084168336928e+00 3.215341390475074945e-01 3.828811606757298591e-01 3.655675286870945229e-01 3.655675286871229446e-01 3.655675286873218965e-01 3.828811606756232777e-01 3.614208367288114232e-01 3.597150329678200364e-01 3.592385561975959263e-01 3.568651452762523490e-01
6.021623246492985970e+00 3.093007701226966333e-01 3.700606600263185442e-01 3.544335387055141950e-01 3.544335387054999842e-01 3.544335387056705144e-01 3.700606600264677581e-01 3.499464923491544255e-01 3.480770347945778553e-01 3.475523483364995059e-01 3.453756064119488656e-01
6.322204408817635901e+00 2.977243169731096373e-01 3.580620115664103764e-01 3.439766804784483156e-01 3.439766804783985776e-01 3.439766804789528010e-01 3.580620115662114245e-01 3.391955382381510731e-01 3.371755397944866672e-01 3.366055960575451422e-01 3.346126374451543484e-01
6.622785571142284944e+00 2.867169563055540493e-01 3.467982852390818493e-01 3.341237406937906940e-01 3.341237406944088661e-01 3.341237406941175436e-01 3.467982852389752679e-01 3.290916202575502325e-01 3.269331483253168358e-01 3.263205912946460785e-01 3.244995536393631141e-01
6.923366733466933987e+00 2.762000072955004271e-01 3.361952493687923038e-01 3.248124476340521483e-01 3.248124476342937328e-01 3.248124476343505762e-01 3.361952493687923038e-01 3.195695142109045150e-01 3.172837283045879531e-01 3.166309344276925231e-01 3.149708600691170091e-01
7.223947895791583917e+00 2.661013319513543252e-01 3.261890665024438363e-01 3.159894725333387555e-01 3.159894725333600718e-01 3.159894725337224486e-01 3.261890665023372549e-01 3.105731083602449871e-01 3.081703761252256868e-01 3.074794883661624567e-01 3.059702236793668817e-01
7.524529058116232960e+00 2.563529855878101671e-01 3.167244810912066555e-01 3.076088581006928280e-01 3.076088581004086109e-01 3.076088581013323164e-01 3.167244810912066555e-01 3.020538161778176800e-01 2.995438119092597162e-01 2.988167682968807526e-01 2.974488777325134947e-01
7.825110220440882003e+00 2.468889350268810290e-01 3.077533789924657981e-01 2.996307698315874291e-01 2.996307698310971546e-01 2.996307698323406044e-01 3.077533789926150121e-01 2.939693144365449484e-01 2.913611032670999634e-01 2.905996610298871019e-01 2.893643532411402930e-01
8.125691382765531046e+00 2.376426532862012664e-01 2.992336322712318974e-01 2.920204949196616440e-01 2.920204949193632160e-01 2.920204949202798161e-01 2.992336322713171626e-01 2.862825309669290164e-01 2.835846412579670073e-01 2.827903973430565543e-01 2.816794613294391070e-01
8.426272545090180088e+00 2.285443582987767286e-01 2.911281645767118675e-01 2.847476325776838735e-01 2.847476325772220207e-01 2.847476325782025697e-01 2.911281645767971327e-01 2.789608255344973031e-01 2.761813114660540691e-01 2.753557201072638350e-01 2.743614697013754267e-01
8.726853707414830907e+00 2.195175777145763618e-01 2.834041890876619618e-01 2.777854340396004318e-01 2.777854340395791155e-01 2.777854340403536071e-01 2.834041890875838021e-01 2.719753217844527171e-01 2.691218177639811415e-01 2.682662056184952348e-01 2.673814309587854154e-01
9.027434869739479950e+00 2.104745632844711167e-01 2.760325828452465657e-01 2.711102609184123935e-01 2.711102609185545020e-01 2.711102609192295176e-01 2.760325828452252495e-01 2.653003586707001205e-01 2.623801268341949822e-01 2.614957061063094557e-01 2.607136309932371887e-01
9.328016032064128993e+00 2.013097897427869043e-01 2.689873690062611900e-01 2.647011371320147077e-01 2.647011371321141837e-01 2.647011371330236784e-01 2.689873690064672473e-01 2.589130363969402993e-01 2.559330082736366307e-01 2.550208881526856430e-01 2.543351323934999186e-01
9.628597194388778036e+00 1.918902424313131405e-01 2.622452860878752290e-01 2.585393763255936506e-01 2.585393763259205002e-01 2.585393763265386724e-01 2.622452860878112801e-01 2.527928386097357816e-01 2.497596518008791122e-01 2.488208485041525364e-01 2.482253944933390244e-01
9.929178356713427078e+00 1.820401823830408716e-01 2.557854275382638320e-01 2.526082703200600577e-01 2.526082703205716484e-01 2.526082703212892966e-01 2.557854275381856723e-01 2.469213162225258884e-01 2.438413467841229476e-01 2.428767924177961390e-01 2.423659553431321001e-01
1.022975951903807612e+01 1.715160451646298156e-01 2.495889380879958708e-01 2.468928268270857984e-01 2.468928268269934279e-01 2.468928268285566219e-01 2.495889380881024522e-01 2.412818210311513667e-01 2.381612121486682554e-01 2.371717625813616337e-01 2.367401637437112072e-01
1.053034068136272516e+01 1.599628132101429401e-01 2.436387567422073630e-01 2.413795476485063318e-01 2.413795476487194946e-01 2.413795476498279413e-01 2.436387567421789413e-01 2.358592802308123737e-01 2.327039676505648913e-01 2.316904095609118031e-01 2.313329523791836095e-01
1.083092184368737598e+01 1.468333504040657544e-01 2.379193984043794785e-01 2.360562404465582631e-01 2.360562404461603592e-01 2.360562404464445763e-01 2.379193984043936894e-01 2.306400048285794924e-01 2.274557394370546604e-01 2.264187966559845222e-01 2.261306450078777175e-01
1.113150300601202503e+01 1.312276155572789094e-01 2.324167671137118418e-01 2.309118579638891333e-01 2.309118579640383473e-01 2.309118579637825519e-01 2.324167671139250047e-01 2.256115258120985345e-01 2.224038936878756090e-01 2.213442329589341284e-01 2.211207915625621467e-01
1.143208416833667407e+01 1.115400800087726907e-01 2.271179959092819445e-01 2.259363604115023350e-01 2.259363604121347180e-01 2.259363604112749613e-01 2.271179959094098422e-01 2.207624536918402214e-01 2.175368938891040216e-01 2.164551301377670711e-01 2.162920267555463738e-01
1.173266533066132311e+01 8.458167448054609849e-02 2.220113087297832521e-01 2.211205969991212328e-01 2.211205969991141274e-01 2.211205969991993925e-01 2.220113087297335142e-01 2.160823574051349283e-01 2.128441776861578205e-01 2.117408788884773685e-01 2.116339482448310605e-01
1.203324649298597215e+01 4.295990384435555143e-02 2.170859010071595208e-01 2.164562037453165999e-01 2.164562037452384402e-01 2.164562037454587085e-01 2.170859010071026773e-01 2.115616596571783248e-01 2.083160503528134200e-01 2.071917420686304467e-01 2.071370117466457828e-01
1.233382765531062120e+01 3.530662441525578288e-02 2.123318359267614142e-01 2.119355149161705754e-01 2.119355149157868823e-01 2.119355149161776808e-01 2.123318359266122002e-01 2.071915460297049094e-01 2.039435921672136942e-01 2.027987618136322112e-01 2.027924425047729073e-01
1.263440881763527202e+01 2.580160181290196419e-01 2.077399540237649944e-01 2.075514860803622241e-01 2.075514860802414319e-01 2.075514860801490613e-01 2.077399540236299913e-01 2.029638858356008768e-01 1.997185776548491276e-01 1.985536785765162904e-01 1.985921879343237606e-01
1.293498997995992106e+01 1.798569190207503965e+01 2.033017942270376466e-01 2.032976271475348540e-01 2.032976271474851160e-01 2.032976271475490648e-01 2.033017942269665923e-01 1.988711630586763590e-01 1.956334049987518142e-01 1.944488603829412909e-01 1.971836023356772216e-01
1.323557114228457010e+01 6.411461557631170649e-01 1.990095244101510730e-01 1.991679436642215251e-01 1.991679436644133716e-01 1.991679436640652057e-01 1.990095244102647598e-01 1.949064156658408820e-01 1.916810338930901025e-01 1.904772405973673699e-01 1.957720356332544043e-01
1.353615230460921914e+01 4.024296807416121169e-01 1.948558805029350083e-01 1.951568856001628660e-01 1.951568856004257668e-01 1.951568856001486552e-01 1.948558805028497432e-01 1.910631824777979659e-01 1.878549310047574750e-01 1.866322633321715330e-01 1.918306583074240734e-01
1.383673346693386819e+01 3.217814444600577417e-01 1.908341125621006995e-01 1.912593021646742386e-01 1.912593021642550184e-01 1.912593021644042324e-01 1.908341125619017475e-01 1.873354561784381644e-01 1.841490216121215440e-01 1.829078350842721079e-01 1.880097220717971140e-01
1.413731462925851723e+01 2.800160381432732493e-01 1.869379372040853582e-01 1.874704021953377264e-01 1.874704021952879884e-01 1.874704021950179822e-01 1.869379372039858822e-01 1.837176419615431655e-01 1.805576468928080658e-01 1.792982820769211116e-01 1.843035985180492276e-01
1.443789579158316805e+01 2.537532481169506582e-01 1.831614952249296380e-01 1.837857190230636206e-01 1.837857190229144067e-01 1.837857190229996718e-01 1.831614952249367434e-01 1.802045207452493969e-01 1.770755258000349386e-01 1.757983122255311059e-01 1.807070013387530594e-01
1.473847695390781709e+01 2.352593155652158430e-01 1.794993141066925091e-01 1.802010796279773785e-01 1.802010796279205351e-01 1.802010796277571103e-01 1.794993141068061959e-01 1.767912167368805854e-01 1.736977212711181551e-01 1.724029814927661164e-01 1.772149873956934130e-01
1.503905811623246613e+01 2.212325479064958245e-01 1.759462743602355772e-01 1.767125770829665043e-01 1.767125770833075649e-01 1.767125770828599229e-01 1.759462743602639989e-01 1.734731683774910493e-01 1.704196098209607158e-01 1.691076636723991555e-01 1.738229295839985866e-01
1.533963927855711518e+01 2.100250848834406270e-01 1.724975795482421859e-01 1.733165462107919552e-01 1.733165462109411692e-01 1.733165462105645815e-01 1.724975795482421859e-01 1.702461025614070422e-01 1.672368543828497423e-01 1.659080234745076154e-01 1.705264905283456756e-01
1.564022044088176422e+01 2.007217740427478248e-01 1.691487294308018363e-01 1.700095419401037589e-01 1.700095419404874519e-01 1.700095419398763852e-01 1.691487294306242006e-01 1.671060116243197058e-01 1.641453798937604347e-01 1.627999924112231156e-01 1.673215986733325167e-01
1.594080160320641326e+01 1.927730430482128554e-01 1.658954957708758116e-01 1.667883199414887940e-01 1.667883199416024809e-01 1.667883199413608963e-01 1.658954957706768596e-01 1.640491326770074920e-01 1.611413512003565529e-01 1.597797470562909439e-01 1.642044266468474234e-01
1.624138276553106408e+01 1.858284534271561483e-01 1.627339006410721822e-01 1.636498194327486999e-01 1.636498194329547573e-01 1.636498194323792177e-01 1.627339006411645528e-01 1.610719291778863749e-01 1.582211531641206648e-01 1.568436895623648297e-01 1.611713718603695611e-01
1.654196392785571490e+01 1.796536369788199750e-01 1.596601968139736982e-01 1.605911477536423604e-01 1.605911477534149867e-01 1.605911477533936704e-01 1.596601968137960625e-01 1.581710743262547680e-01 1.553813725545438729e-01 1.539884300380407467e-01 1.582190389493263183e-01
1.684254509018036217e+01 1.740856340345615649e-01 1.566708500388145353e-01 1.576095665575891758e-01 1.576095665574257509e-01 1.576095665572410098e-01 1.566708500389992764e-01 1.553434361297405530e-01 1.526187815778001777e-01 1.512107706193148715e-01 1.553442239103191014e-01
1.714312625250501299e+01 1.690074001690931027e-01 1.537625230025909673e-01 1.547024794305471573e-01 1.547024794303126782e-01 1.547024794302558348e-01 1.537625230025270184e-01 1.525860639479645897e-01 1.499303228414277100e-01 1.485076910473281941e-01 1.525438997447849943e-01
1.744370741482966380e+01 1.643325222531188956e-01 1.509320608169772981e-01 1.518674208074699550e-01 1.518674208084718202e-01 1.518674208071928433e-01 1.509320608168707167e-01 1.498961763732395980e-01 1.473130956245256584e-01 1.458763356326500116e-01 1.498152034753204020e-01
1.774428857715431107e+01 1.599956708123499993e-01 1.481764776825258423e-01 1.491020458505971646e-01 1.491020458505900592e-01 1.491020458504337398e-01 1.481764776824618934e-01 1.472711501087928809e-01 1.447643431143106341e-01 1.433140012556179954e-01 1.471554242004131652e-01
1.804486973947896189e+01 1.559464240969177240e-01 1.454929450158317650e-01 1.464041215957223585e-01 1.464041215955234065e-01 1.464041215955447228e-01 1.454929450159028193e-01 1.447085101412923791e-01 1.422814409027921556e-01 1.408181266966863632e-01 1.445619924884340435e-01
1.834545090180360916e+01 1.521451506178976842e-01 1.428787803436648574e-01 1.437715186881547424e-01 1.437715186880907936e-01 1.437715186879202633e-01 1.428787803436648574e-01 1.422059205141579241e-01 1.398618860738594094e-01 1.383862826432675774e-01 1.420324704311966002e-01
1.864603206412825998e+01 1.485601915303504938e-01 1.403314373346873367e-01 1.412022040793345923e-01 1.412022040795051225e-01 1.412022040789082666e-01 1.403314373346873367e-01 1.397611760739962961e-01 1.375032872568979769e-01 1.360161627278628771e-01 1.395645427334102351e-01
1.894661322645290724e+01 1.451658872664367550e-01 1.378484965726585187e-01 1.386942343143999778e-01 1.386942343144639267e-01 1.386942343140944445e-01 1.378484965725732536e-01 1.373721948050246056e-01 1.352033552794864590e-01 1.337055752310192247e-01 1.371560084638758781e-01
1.924719438877755806e+01 1.419411671085839544e-01 1.354276571967716336e-01 1.362457495390572149e-01 1.362457495393485374e-01 1.362457495385669404e-01 1.354276571967645282e-01 1.350370108597047647e-01 1.329598945450669589e-01 1.314524355554169688e-01 1.348047735899129407e-01
1.954777555110220888e+01 1.388685223094299204e-01 1.330667291541587360e-01 1.338549679800564718e-01 1.338549679802909509e-01 1.338549679795306702e-01 1.330667291540450492e-01 1.327537680506267748e-01 1.307707949318341889e-01 1.292547592631478892e-01 1.325088440679209612e-01
1.984835671342685615e+01 1.359332462083244764e-01 1.307636261284059742e-01 1.315201809714423575e-01 1.315201809713428815e-01 1.315201809710018210e-01 1.307636261282212331e-01 1.305207138412498580e-01 1.286340242898091901e-01 1.271106557071632892e-01 1.302663195459032863e-01
2.014893787575150697e+01 1.331228634322627613e-01 1.285163590351032781e-01 1.292397484345286784e-01 1.292397484347134196e-01 1.292397484340312985e-01 1.285163590351814378e-01 1.283361937519700291e-01 1.265476214827430113e-01 1.250183221821643542e-01 1.280753875998001945e-01
2.044951903807615423e+01 1.304266951187571522e-01 1.263230298957296327e-01 1.270120946072594847e-01 1.270120946071386925e-01 1.270120946067052614e-01 1.263230298956017350e-01 1.261986459630790591e-01 1.245096898404298713e-01 1.229760384132632112e-01 1.259343185462142856e-01
2.075010020040080505e+01 1.278355240083470790e-01 1.241818264050920106e-01 1.248357043781069819e-01 1.248357043780785602e-01 1.248357043773467012e-01 1.241818264051346432e-01 1.241065964501615326e-01 1.225183913864711371e-01 1.209821616574160430e-01 1.238414599712669428e-01
2.105068136272545232e+01 1.253413331068529146e-01 1.220910167536288782e-01 1.227091197602945272e-01 1.227091197600671535e-01 1.227091197596834604e-01 1.220910167536004565e-01 1.220586541987458418e-01 1.205719415127362026e-01 1.190351220483023553e-01 1.217952329029046155e-01
2.135126252505010314e+01 1.229370998292580452e-01 1.200489448826900230e-01 1.206309367095173002e-01 1.206309367095954599e-01 1.206309367086717543e-01 1.200489448826900230e-01 1.200535066838526177e-01 1.186686043717841699e-01 1.171334183201224732e-01 1.197941276426561785e-01
2.165184368737475396e+01 1.206166320602406472e-01 1.180540259712472562e-01 1.185998020769432060e-01 1.185998020767655703e-01 1.185998020760763438e-01 1.180540259712046236e-01 1.180899154085537361e-01 1.168066889149343979e-01 1.152756137417796367e-01 1.178366998861335446e-01
2.195242484969940122e+01 1.183744369101589200e-01 1.161047425899539576e-01 1.166144111606683964e-01 1.166144111606328693e-01 1.166144111606968181e-01 1.161047425900889607e-01 1.161667119552731720e-01 1.149845461433116611e-01 1.134603326414591606e-01 1.159215676296696529e-01
2.225300601202405204e+01 1.162056139627694051e-01 1.141996406862801905e-01 1.146735049798834893e-01 1.146735049802884987e-01 1.146735049799829653e-01 1.141996406862091362e-01 1.142827936832873092e-01 1.132005669365838685e-01 1.116862567820220420e-01 1.140474079509630201e-01
2.255358717434869931e+01 1.141057685035562486e-01 1.123373261608264784e-01 1.127758680958095283e-01 1.127758680957953175e-01 1.127758680957882120e-01 1.123373261609259544e-01 1.124371198984377429e-01 1.114531813916102010e-01 1.099521222663923936e-01 1.122129544763552644e-01
2.285416833667335013e+01 1.120709399585564370e-01 1.105164614876557039e-01 1.109203263778439918e-01 1.109203263777160942e-01 1.109203263776876724e-01 1.105164614877693907e-01 1.106287078932837176e-01 1.097408593211639527e-01 1.082567164636074608e-01 1.104169949557629593e-01
2.315474949899800094e+01 1.100975429169395170e-01 1.087357627992204812e-01 1.091057451852037730e-01 1.091057451851966675e-01 1.091057451851966675e-01 1.087357627993128517e-01 1.088566293356407755e-01 1.080621125512664094e-01 1.065988753544928613e-01 1.086583694147122969e-01
2.345533066132264821e+01 1.081823177141316705e-01 1.069939969103117505e-01 1.073310274132168729e-01 1.073310274132026620e-01 1.073310274132168729e-01 1.069939969101980637e-01 1.071200064738491164e-01 1.064154986806684633e-01 1.049774808023684614e-01 1.069359683490915813e-01
2.375591182364729903e+01 1.063222891950630355e-01 1.052899787185666014e-01 1.055951118609996797e-01 1.055951118611773154e-01 1.055951118611346828e-01 1.052899787184742308e-01 1.054180086142082473e-01 1.047996268935946773e-01 1.033914581443511338e-01 1.052487314062489077e-01
2.405649298597194630e+01 1.045147317695054312e-01 1.036225686198477547e-01 1.038969715505757563e-01 1.038969715508244462e-01 1.038969715505260183e-01 1.036225686199117035e-01 1.037498485246217683e-01 1.032131655548695903e-01 1.018397737683400806e-01 1.035956461784337534e-01
2.435707414829659712e+01 1.027571399734412694e-01 1.019906702637456419e-01 1.022356123401308992e-01 1.022356123404506434e-01 1.022356123402659023e-01 1.019906702637811691e-01 1.021147791189420673e-01 1.016548519029214503e-01 1.003214329578199226e-01 1.019757474250084783e-01
2.465765531062124438e+01 1.010472032054394731e-01 1.003932282930612985e-01 1.006100714640574267e-01 1.006100714639472926e-01 1.006100714640680849e-01 1.003932282931891962e-01 1.005120900649778548e-01 1.001235033353076176e-01 9.883547765072719926e-02 1.003881163189603853e-01
2.495823647294589520e+01 9.938278419302548627e-02 9.882922632295887411e-02 9.901941626728216761e-02 9.901941626749177772e-02 9.901941626726440404e-02 9.882922632298019039e-02 9.894110461393168521e-02 9.861803020385195850e-02 9.738098433032504886e-02 9.883187993611386446e-02
2.525881763527054602e+01 9.776190040286891758e-02 9.729768499441959761e-02 9.746274296845669483e-02 9.746274296822576844e-02 9.746274296836077156e-02 9.729768499439472862e-02 9.740117649145219048e-02 9.713744942992263987e-02 9.595706182988905653e-02 9.730621074887579880e-02
2.555939879759519329e+01 9.618270797513517323e-02 9.579766014390145301e-02 9.593917549623753871e-02 9.593917549615937901e-02 9.593917549626951313e-02 9.579766014402224528e-02 9.589168691766047914e-02 9.568089819220304548e-02 9.456284899730249549e-02 9.581032608176087706e-02
2.585997995991984411e+01 9.464348779508924281e-02 9.432824110944793006e-02 9.444786442245600711e-02 9.444786442239916369e-02 9.444786442246311253e-02 9.432824110946214091e-02 9.441204179615070302e-02 9.424764673523000624e-02 9.319751208732185432e-02 9.434348745510945378e-02
2.616056112224449137e+01 9.314263336482753175e-02 9.288854914381872163e-02 9.298798596537949379e-02 9.298798596528357052e-02 9.298798596534041394e-02 9.288854914374056193e-02 9.296166906335301405e-02 9.283710908680831153e-02 9.186024153682836868e-02 9.290499968076204595e-02
2.646114228456914219e+01 9.167864011632431698e-02 9.147773585348062397e-02 9.155874098146199458e-02 9.155874098123106819e-02 9.155874098145488915e-02 9.147773585338114799e-02 9.154001612892059825e-02 9.144885034536542889e-02 9.055024747809525820e-02 9.149420952347853131e-02
2.676172344689378946e+01 9.025009608541623152e-02 9.009498178421182502e-02 9.015935407134278989e-02 9.015935407134278989e-02 9.015935407138186974e-02 9.009498178418695602e-02 9.014654754559003891e-02 9.008258941125646402e-02 8.926675286438268131e-02 9.011050395648467770e-02
2.706230460921844028e+01 8.885567367818225648e-02 8.873949507425393790e-02 8.878907272539038331e-02 8.878907272539038331e-02 8.878907272538327788e-02 8.873949507419709448e-02 8.878074285074077920e-02 8.873819602569454901e-02 8.800898137440782421e-02 8.875330786938562255e-02
2.736288577154309110e+01 8.749412233192899180e-02 8.741051013187117746e-02 8.744716645856698278e-02 8.744716645871974947e-02 8.744716645873751304e-02 8.741051013183209761e-02 8.744209453340090477e-02 8.741568134510657728e-02 8.677613322661059669e-02 8.742208114495042537e-02
2.766346693386773836e+01 8.616426211593619655e-02 8.610728649306409466e-02 8.613292610369072122e-02 8.613292610364453594e-02 8.613292610368361579e-02 8.610728649305698923e-02 8.613010630255146793e-02 8.611518199731449386e-02 8.556732968136060435e-02 8.611631528572516459e-02
2.796404809619238918e+01 8.486497791494684861e-02 8.482910762350570621e-02 8.484566302027829465e-02 8.484566302027118923e-02 8.484566302039198149e-02 8.482910762351281164e-02 8.484429142537308621e-02 8.483693775899325829e-02 8.438146117680389580e-02 8.483552942294281252e-02
2.826462925851703645e+01 8.359521419965076916e-02 8.357527974623124578e-02 8.358470830889075387e-02 8.358470830872732904e-02 8.358470830880193603e-02 8.357527974632006362e-02 8.358417121690919771e-02 8.358126395614107196e-02 8.321665728123051053e-02 8.357926590942810208e-02
2.856521042084168727e+01 8.235397059709015366e-02 8.234513099108653478e-02 8.234941231987846777e-02 8.234941231983938792e-02 8.234941231991044219e-02 8.234513099104034950e-02 8.234927398183700120e-02 8.234852047949559051e-02 8.206747810097780871e-02 8.234708596163997640e-02
2.886579158316633809e+01 8.114029762877450480e-02 8.113801029077194471e-02 8.113914389589282905e-02 8.113914389579690578e-02 8.113914389594256704e-02 8.113801029074707571e-02 8.113913383328608120e-02 8.113907886096427546e-02 8.087922214225784501e-02 8.113856497996607686e-02
2.916637274549098535e+01 7.995329293006037119e-02 7.995328639842114171e-02 7.995328970838855298e-02 7.995328970849513439e-02 7.995328970840631655e-02 7.995328639839982543e-02 7.995328975252391501e-02 7.995328999417594673e-02 7.995377204313669495e-02 7.995329323513544750e-02
2.946695390781563617e+01 7.879209799555653149e-02 7.879034710721910528e-02 7.879125378767071197e-02 7.879125378778439881e-02 7.879125378768847554e-02 7.879034710732568669e-02 7.879128498407439452e-02 7.879145474655402381e-02 7.884027820153960420e-02 7.879220622470484159e-02
2.976753507014028344e+01 7.765589502608705175e-02 7.764859830116677131e-02 7.765245686065114228e-02 7.765245686071153841e-02 7.765245686075061826e-02 7.764859830119519302e-02 7.765266636043222093e-02 7.765379892887125379e-02 7.777878975526419936e-02 7.765645213214611431e-02
3.006811623246493426e+01 7.654390422554158135e-02 7.652746320489711707e-02 7.653633587834463015e-02 7.653633587821673245e-02 7.653633587830199758e-02 7.652746320489001164e-02 7.653698394368291247e-02 7.654045433059764036e-02 7.674259601193966773e-02 7.654538792057152818e-02
3.036869739478958152e+01 7.545538124254846934e-02 7.542638156670022909e-02 7.544234346072542507e-02 7.544234346075739950e-02 7.544234346073253050e-02 7.542638156667536009e-02 7.544379068951556633e-02 7.545144628139865972e-02 7.572775074293502939e-02 7.545838081805555930e-02
3.066927855711423234e+01 7.438961486426620695e-02 7.434480890262307184e-02 7.436994739136082444e-02 7.436994739122937403e-02 7.436994739131108645e-02 7.434480890269412612e-02 7.437264226497575237e-02 7.438668794691949415e-02 7.473278625332824276e-02 7.439480690415578579e-02
3.096985971943888316e+01 7.334592491227098776e-02 7.328221577640192663e-02 7.331863013612149871e-02 7.331863013630268711e-02 7.331863013623518555e-02 7.328221577633442507e-02 7.332309697068950527e-02 7.334598086847421428e-02 7.375684874086019249e-02 7.335405046778475935e-02
3.127044088176353043e+01 7.232366037975523909e-02 7.223808716779345218e-02 7.228788844407318948e-02 7.228788844408384762e-02 7.228788844422240345e-02 7.223808716777924133e-02 7.229471582331470358e-02 7.232902088749071368e-02 7.279930397049483304e-02 7.233550404718158688e-02
3.157102204408818125e+01 7.132219758253199871e-02 7.121192172460055758e-02 7.127723281909936759e-02 7.127723281913134201e-02 7.127723281912778930e-02 7.121192172458989944e-02 7.128706257019601367e-02 7.133540808051819226e-02 7.185961736789892029e-02 7.133856879184108379e-02
3.187160320641282851e+01 7.034093856780643250e-02 7.020323115419202509e-02 7.028618712638134980e-02 7.028618712636358623e-02 7.028618712631029553e-02 7.020323115428084293e-02 7.029970388839856810e-02 7.036465967878413608e-02 7.093730874330717029e-02 7.036265525472629179e-02
3.217218436873747578e+01 6.937930969803929315e-02 6.921153967989468470e-02 6.931428825786412062e-02 6.931428825794583304e-02 6.931428825782859349e-02 6.921153967984849942e-02 6.933220968293696274e-02 6.941622467100216909e-02 7.003193242343286329e-02 6.940718441101267899e-02
3.247276553106212305e+01 6.843676012445243373e-02 6.823638329397141433e-02 6.836108558944786751e-02 6.836108558940523494e-02 6.836108558944431479e-02 6.823638329401049418e-02 6.838415320369861661e-02 6.848949871068299444e-02 6.914306724663887849e-02 6.847158851698509352e-02
3.277334669338677742e+01 6.751276060514399546e-02 6.727730926961328350e-02 6.742614069070995697e-02 6.742614069068508797e-02 6.742614069074193139e-02 6.727730926959196722e-02 6.745511143324378622e-02 6.758383890452890341e-02 6.827031127392046983e-02 6.755531218294663631e-02
3.307392785571142468e+01 6.660680235535565430e-02 6.633387562262527126e-02 6.650902698528682322e-02 6.650902698540406277e-02 6.650902698538629920e-02 6.633387562262882398e-02 6.654466543251302824e-02 6.669857750799224050e-02 6.741327863852930591e-02 6.665781329139619515e-02
3.337450901803607195e+01 6.571839588866978943e-02 6.540565049871105430e-02 6.560932933213337037e-02 6.560932933227547892e-02 6.560932933206942153e-02 6.540565049867552716e-02 6.565240060976762493e-02 6.583303406815943504e-02 6.657159745647689419e-02 6.577856368985735003e-02
3.367509018036071922e+01 6.484706998246636545e-02 6.449221161113172229e-02 6.472664365938385345e-02 6.472664365948332943e-02 6.472664365943359144e-02 6.449221161120632928e-02 6.477790703396735239e-02 6.498652589201725505e-02 6.574490841509117445e-02 6.491704976666312632e-02
3.397567134268537359e+01 6.399237083141429139e-02 6.359314581544239786e-02 6.386057673334022411e-02 6.386057673344325281e-02 6.386057673334732954e-02 6.359314581538910716e-02 6.392077986797417566e-02 6.415837684876990465e-02 6.493286385896368529e-02 6.407277298003322130e-02
3.427625250501002085e+01 6.315386107480591704e-02 6.270804849763322864e-02 6.301074574426124286e-02 6.301074574430387543e-02 6.301074574423992658e-02 6.270804849759770150e-02 6.308061959975930222e-02 6.334792422793356081e-02 6.413512692128620074e-02 6.324525003150682778e-02
3.457683366733466812e+01 6.233111904940713544e-02 6.183652313563214875e-02 6.217677806936450224e-02 6.217677806926857897e-02 6.217677806940002938e-02 6.183652313556819990e-02 6.225703242807867355e-02 6.255452414147200102e-02 6.335137097203613621e-02 6.243401305411921953e-02
3.487741482965932249e+01 6.152373793032950289e-02 6.097818070400506940e-02 6.135831087980392340e-02 6.135831087993537380e-02 6.135831087990339938e-02 6.097818070397309498e-02 6.144963046284246388e-02 6.177755530803707984e-02 6.258127899946330785e-02 6.163860949764199404e-02
3.517799599198396976e+01 6.073132514516288438e-02 6.013263930303480720e-02 6.055499098273031677e-02 6.055499098271965863e-02 6.055499098269834235e-02 6.013263930297441107e-02 6.065803212988996052e-02 6.101642181400279696e-02 6.182454328432385182e-02 6.085860212052196516e-02
3.547857715430861703e+01 5.995350158034895571e-02 5.929952353856648983e-02 5.976647441690730034e-02 5.976647441683624606e-02 5.976647441696769647e-02 5.929952353864109682e-02 5.988186229517467041e-02 6.027055457720464915e-02 6.108086487870423298e-02 6.009356863096826373e-02
3.577915831663326429e+01 5.918990101719856511e-02 5.847846408860135625e-02 5.899242624663258994e-02 5.899242624674627677e-02 5.899242624666101165e-02 5.847846408859780354e-02 5.912075255645987681e-02 5.953941215192415370e-02 6.034995331204484614e-02 5.934310143811316607e-02
3.607973947895791866e+01 5.844016951226294054e-02 5.766909717691959258e-02 5.823252027080627613e-02 5.823252027079917070e-02 5.823252027080627613e-02 5.766909717689117088e-02 5.837434140863706489e-02 5.882248077111995599e-02 5.963152622397416280e-02 5.860680724617139958e-02
3.638032064128256593e+01 5.770396488852114203e-02 5.687106411620135304e-02 5.748643881335624428e-02 5.748643881327808458e-02 5.748643881338111328e-02 5.687106411616582591e-02 5.764227446112357711e-02 5.811927395164318000e-02 5.892530910696791580e-02 5.788430667933042173e-02
3.668090180360721320e+01 5.698095617396603529e-02 5.608401075995672613e-02 5.675387243822527239e-02 5.675387243823593053e-02 5.675387243825369410e-02 5.608401075989988271e-02 5.692420453872770736e-02 5.742933164436792026e-02 5.823103498028814329e-02 5.717523378975997161e-02
3.698148296593186757e+01 5.627082311593412101e-02 5.530758699297066983e-02 5.603451971567707801e-02 5.603451971566641987e-02 5.603451971573036872e-02 5.530758699301685510e-02 5.621979180293834588e-02 5.675221915857520116e-02 5.754844412481574523e-02 5.647923558970191493e-02
3.728206412825651483e+01 5.557325572591764740e-02 5.454144621186785002e-02 5.532808699986091483e-02 5.532808700000657609e-02 5.532808699991775825e-02 5.454144621192469344e-02 5.552870384720165475e-02 5.608752592280907834e-02 5.687728383992052272e-02 5.579597157623084058e-02
3.758264529058116210e+01 5.488795383240585579e-02 5.378524477769275336e-02 5.463428819563631578e-02 5.463428819560078864e-02 5.463428819560789407e-02 5.378524477774249135e-02 5.485061575126337630e-02 5.543486412459230905e-02 5.621730819256853806e-02 5.512511323555457921e-02
3.788322645290580937e+01 5.421462669699650405e-02 5.303864148943304713e-02 5.395284456883331359e-02 5.395284456870896861e-02 5.395284456875160117e-02 5.303864148936554557e-02 5.418521014527755142e-02 5.479386733925650788e-02 5.556827781327555726e-02 5.446634358600377368e-02
3.818380761523046374e+01 5.355299260276069617e-02 5.230129698809449224e-02 5.328348451631015337e-02 5.328348451625330995e-02 5.328348451628173166e-02 5.230129698811580852e-02 5.353217720368164123e-02 5.416418911353559906e-02 5.492995966152847132e-02 5.381935668271609075e-02
3.848438877755511101e+01 5.290277846812330154e-02 5.157287314311176374e-02 5.262594334410763963e-02 5.262594334414316677e-02 5.262594334420711562e-02 5.157287314311886917e-02 5.289121462165979892e-02 5.354550157660753484e-02 5.430212679881307736e-02 5.318385713597706399e-02
3.878496993987975827e+01 5.226371953680342131e-02 5.085303247355099643e-02 5.197996311162356164e-02 5.197996311159869265e-02 5.197996311158803451e-02 5.085303247349415301e-02 5.226202762786869016e-02 5.293749415629278587e-02 5.368455822802431499e-02 5.255955970003967082e-02
3.908555110220441264e+01 5.163555903394367874e-02 5.014143747866128820e-02 5.134529242479146660e-02 5.134529242481988831e-02 5.134529242479146660e-02 5.014143747870747347e-02 5.164432892283699061e-02 5.233987230986869577e-02 5.307703869014801512e-02 5.194618882520174452e-02
3.938613226452905991e+01 5.101804783163998991e-02 4.943774993298433174e-02 5.072168623192396808e-02 5.072168623195238979e-02 5.072168623193817893e-02 4.943774993295946274e-02 5.103783859813049162e-02 5.175235631881491827e-02 5.247935846314177866e-02 5.134347822031770647e-02
3.968671342685370718e+01 5.041094417179081688e-02 4.874163018168431449e-02 5.010890566666859058e-02 5.010890566661885259e-02 5.010890566671122315e-02 4.874163018162747107e-02 5.044228408053186286e-02 5.117468020447546451e-02 5.189131320749851284e-02 5.075117047427468719e-02
3.998729458917835444e+01 4.981401340221225382e-02 4.805273638805829250e-02 4.950671789025307135e-02 4.950671789026372949e-02 4.950671789028859848e-02 4.805273638809026693e-02 4.985740005508176864e-02 5.060659071336459647e-02 5.131270381250274681e-02 5.016901668942352899e-02
4.028787575150300881e+01 4.922702766976883026e-02 4.737072367133166040e-02 4.891489588684194700e-02 4.891489588681707801e-02 4.891489588684905243e-02 4.737072367132100226e-02 4.928292832752134700e-02 5.004784633697312302e-02 5.074333620233417719e-02 4.959677608206547461e-02
4.058845691382765608e+01 4.864976567729684120e-02 4.669524323563933876e-02 4.833321831198844620e-02 4.833321831185344308e-02 4.833321831193160278e-02 4.669524323565354962e-02 4.871861772026875315e-02 4.949821644611063221e-02 5.018302119121642590e-02 4.903421564585386250e-02
4.088903807615230335e+01 4.808201243154286431e-02 4.602594141194060740e-02 4.776146932564273584e-02 4.776146932553970714e-02 4.776146932565694669e-02 4.602594141188021126e-02 4.816422394160113640e-02 4.895748048386749929e-02 4.963157432720777251e-02 4.848110980900699474e-02
4.118961923847695772e+01 4.752355904000893361e-02 4.536245866330901322e-02 4.719943846709639956e-02 4.719943846711061042e-02 4.719943846701468715e-02 4.536245866323085352e-02 4.761950948046944632e-02 4.842542725820919713e-02 4.908881577373236382e-02 4.793724015658540338e-02
4.149020040080160499e+01 4.697420246968420088e-02 4.470442844971600493e-02 4.664692048545759917e-02 4.664692048555707515e-02 4.664692048548957359e-02 4.470442844976219021e-02 4.708424345101391850e-02 4.790185425414605902e-02 4.855457015150221878e-02 4.740239511084709534e-02
4.179078156312625225e+01 4.643374535180910812e-02 4.405147603561943015e-02 4.610371521227918379e-02 4.610371521228273650e-02 4.610371521225431479e-02 4.405147603562653558e-02 4.655820146294686879e-02 4.738656703857557773e-02 4.802866642180703138e-02 4.687636965674357725e-02
4.209136272545089952e+01 4.590199576596276643e-02 4.340321714698447408e-02 4.556962740372583198e-02 4.556962740383596611e-02 4.556962740382886068e-02 4.340321714697026323e-02 4.604116545826997253e-02 4.687937868941105535e-02 4.751093774216741394e-02 4.635896506074743684e-02
4.239194388777555389e+01 4.537876704101506675e-02 4.275925651365142244e-02 4.504446659938565745e-02 4.504446659938565745e-02 4.504446659944605358e-02 4.275925651363010616e-02 4.553292355488025578e-02 4.638010928093549978e-02 4.700122133686690518e-02 4.584998860850930669e-02
4.269252505010020116e+01 4.486387756994147935e-02 4.211918627045108110e-02 4.452804698774315284e-02 4.452804698771117842e-02 4.452804698771117842e-02 4.211918627043687025e-02 4.503326988909961415e-02 4.588858542382823202e-02 4.649935837510099645e-02 4.534925336033879262e-02
4.299310621242484842e+01 4.435715066876255719e-02 4.148258423039052900e-02 4.402018731270729290e-02 4.402018731270018748e-02 4.402018731272860919e-02 4.148258423042605614e-02 4.454200449640310921e-02 4.540463987647669342e-02 4.600519388694479517e-02 4.485657795420650018e-02
4.329368737474950279e+01 4.385841440256044166e-02 4.084901192292278438e-02 4.352071074372787507e-02 4.352071074374563864e-02 4.352071074382379834e-02 4.084901192292633709e-02 4.405893314851638820e-02 4.492811115368766650e-02 4.551857664798930614e-02 4.437178638005789821e-02
4.359426853707415006e+01 4.336750139623646305e-02 4.021801239295896835e-02 4.302944472501124551e-02 4.302944472501124551e-02 4.302944472503611451e-02 4.021801239291988850e-02 4.358386716704032438e-02 4.445884315493842109e-02 4.503935904188338668e-02 4.389470774331627467e-02
4.389484969939879733e+01 4.288424866771123334e-02 3.958910776210444737e-02 4.254622084674508642e-02 4.254622084672377014e-02 4.254622084679127170e-02 3.958910776214352722e-02 4.311662325825338371e-02 4.399668483062768587e-02 4.456739694535372109e-02 4.342517605482854037e-02
4.419543086172344459e+01 4.240849751048259009e-02 3.896179654793030522e-02 4.207087475982262958e-02 4.207087475982262958e-02 4.207087475983684044e-02 3.896179654797649050e-02 4.265702338370047642e-02 4.354148992104356353e-02 4.410254965910809233e-02 4.296303007103574600e-02
4.449601202404809897e+01 4.194009343141047452e-02 3.833555071456018482e-02 4.160324614663579723e-02 4.160324614666421894e-02 4.160324614666777165e-02 3.833555071448557783e-02 4.220489468791299714e-02 4.309311676498950305e-02 4.364467987848996700e-02 4.250811319183966930e-02
4.479659318637274623e+01 4.147888584130043910e-02 3.770981205067513997e-02 4.114317843808379394e-02 4.114317843807313579e-02 4.114317843808379394e-02 3.770981205068579811e-02 4.176006917338526137e-02 4.265142788896625348e-02 4.319365343998171625e-02 4.206027311956361814e-02
4.509717434869739350e+01 4.102472806094326074e-02 3.708398844269922279e-02 4.069051884517804751e-02 4.069051884516383666e-02 4.069051884523489093e-02 3.708398844264948480e-02 4.132238368553586838e-02 4.221628991714965196e-02 4.274933936055802519e-02 4.161936183033887460e-02
4.539775551102204787e+01 4.057747710584180822e-02 3.645744939658968065e-02 4.024511816972520251e-02 4.024511816975717693e-02 4.024511816976072964e-02 3.645744939652573180e-02 4.089167967722318053e-02 4.178757327497351071e-02 4.231160965791502804e-02 4.118523532897100381e-02
4.569833667334669514e+01 4.013699372116263930e-02 3.582952120875049218e-02 3.980683085871206117e-02 3.980683085865521775e-02 3.980683085875469374e-02 3.582952120870075419e-02 4.046780321487375431e-02 4.136515215003200296e-02 4.188033941553470640e-02 4.075775365259559635e-02
4.599891783567134240e+01 3.970314205688652009e-02 3.519948103373238268e-02 3.937551470026789957e-02 3.937551470011158017e-02 3.937551470028921585e-02 3.519948103370040826e-02 4.005060463328291576e-02 4.094890411907670114e-02 4.145540650418411133e-02 4.033678052618228094e-02
4.629949899799599677e+01 3.927578969203793235e-02 3.456655051243373578e-02 3.895103086545503857e-02 3.895103086543016957e-02 3.895103086549056570e-02 3.456655051239465593e-02 3.963993852838854082e-02 4.053871011252496714e-02 4.103669162523360114e-02 3.992218335768527027e-02
4.660008016032064404e+01 3.885480752879288957e-02 3.392988826404064184e-02 3.853324381941192200e-02 3.853324381946521271e-02 3.853324381950784527e-02 3.392988826399445657e-02 3.923566362291452947e-02 4.013445426940265293e-02 4.062407823814950802e-02 3.951383311128608966e-02
4.690066132264529131e+01 3.844006962608759181e-02 3.328858117024324770e-02 3.812202117009633184e-02 3.812202117001106672e-02 3.812202117019936054e-02 3.328858117030719654e-02 3.883764257247435125e-02 3.973602373278950495e-02 4.021745241753649225e-02 3.911160411979608398e-02
4.720124248496993857e+01 3.803145317037603945e-02 3.264163440206147015e-02 3.771723365175816411e-02 3.771723365177237497e-02 3.771723365182921839e-02 3.264163440197975774e-02 3.844574190494753907e-02 3.934330859497947586e-02 3.981670285984506563e-02 3.871537403844982350e-02
4.750182364729459294e+01 3.762883832405705675e-02 3.198795971118073567e-02 3.731875498590753182e-02 3.731875498587200468e-02 3.731875498606385122e-02 3.198795971114165582e-02 3.805983184036421108e-02 3.895620171804381471e-02 3.942172074714989094e-02 3.832502367387036202e-02
4.780240480961924021e+01 3.723210815051203326e-02 3.132636183196879642e-02 3.692646181841041653e-02 3.692646181842818009e-02 3.692646181856673593e-02 3.132636183192971657e-02 3.767978618449774331e-02 3.857459863803569533e-02 3.903239969754324079e-02 3.794043689245896189e-02
4.810298597194388748e+01 3.684114857575693236e-02 3.065552254317793768e-02 3.654023369038128521e-02 3.654023369035996893e-02 3.654023369044523406e-02 3.065552254314951597e-02 3.730548226306851234e-02 3.819839751355047497e-02 3.864863575268273621e-02 3.756150056917917368e-02
4.840356713426854185e+01 3.645584819302527535e-02 2.997398175068610726e-02 3.615995285212036947e-02 3.615995285208484233e-02 3.615995285220208189e-02 2.997398175074295068e-02 3.693680069446259040e-02 3.782749891381342877e-02 3.827032719700440566e-02 3.718810437543496050e-02
4.870414829659318912e+01 3.607609833634839447e-02 2.928011534843832919e-02 3.578550434533056546e-02 3.578550434538030345e-02 3.578550434546201586e-02 2.928011534849161990e-02 3.657362543604492089e-02 3.746180588513681187e-02 3.789737465891107604e-02 3.682014084239781937e-02
4.900472945891783638e+01 3.570179285731001073e-02 2.857210856085146133e-02 3.541677578639124135e-02 3.541677578639479407e-02 3.541677578658664061e-02 2.857210856085856676e-02 3.621584353196993789e-02 3.710122371830593124e-02 3.752968089719388445e-02 3.645750512343681748e-02
4.930531062124248365e+01 3.533282813979710113e-02 2.784792430709615019e-02 3.505365738880428239e-02 3.505365738882915139e-02 3.505365738897481265e-02 2.784792430717075717e-02 3.586334510128708075e-02 3.674565996023559933e-02 3.716715084162203198e-02 3.610009500026833962e-02
4.960589178356713802e+01 3.496910300028588381e-02 2.710526501530097221e-02 3.469604186833663562e-02 3.469604186832953019e-02 3.469604186853203487e-02 2.710526501532939392e-02 3.551602320932545354e-02 3.639502431014562944e-02 3.680969150721224992e-02 3.574781077174549182e-02
4.990647294589178529e+01 3.461051856062269394e-02 2.634152635967623723e-02 3.434382432146776409e-02 3.434382432147842223e-02 3.434382432164895249e-02 2.634152635971531708e-02 3.517377371636598582e-02 3.604922849047298428e-02 3.645721187916706185e-02 3.540055511706796665e-02
5.020705410821643255e+01 3.425697834660468288e-02 2.555374118743358736e-02 3.399690232908980647e-02 3.399690232910401733e-02 3.399690232923191502e-02 2.555374118743003464e-02 3.483649534874544429e-02 3.570818634448968965e-02 3.610962303313058896e-02 3.505823318633005670e-02
5.050763527054108692e+01 3.390838797592721221e-02 2.473851023891171508e-02 3.365517564694542330e-02 3.365517564700226671e-02 3.365517564716569154e-02 2.473851023883355538e-02 3.450408936444659957e-02 3.537181352854545935e-02 3.576683783124678939e-02 3.472075228044602113e-02
5.080821643286573419e+01 3.356465533390107225e-02 2.389191717248451141e-02 3.331854638689080161e-02 3.331854638681619463e-02 3.331854638709330629e-02 2.389191717250582769e-02 3.417645970355565055e-02 3.504002768737635165e-02 3.542877111928888212e-02 3.438802202024504595e-02
5.110879759519038146e+01 3.322569040492240333e-02 2.300942234557723509e-02 3.298691885004600977e-02 3.298691884996429735e-02 3.298691885028048887e-02 2.300942234561986766e-02 3.385351279747439435e-02 3.471274828644865806e-02 3.509533956134092136e-02 3.405995416886042904e-02
5.140937875751502872e+01 3.289140513866328774e-02 2.208572948682530068e-02 3.266019939579933862e-02 3.266019939584907661e-02 3.266019939606934486e-02 2.208572948679687897e-02 3.353515741275714390e-02 3.438989648775603314e-02 3.476646152498830133e-02 3.373646249409745224e-02
5.170995991983968310e+01 3.256171359057802306e-02 2.111461716395979238e-02 3.233829658536890861e-02 3.233829658540443575e-02 3.233829658569931098e-02 2.111461716399531952e-02 3.322130477072704480e-02 3.407139528673042150e-02 3.444205723144122544e-02 3.341746290155356292e-02
5.201054108216433036e+01 3.223653163785655806e-02 2.008872257855820465e-02 3.202112089799413752e-02 3.202112089796749217e-02 3.202112089832098718e-02 2.008872257852623022e-02 3.291186824536396216e-02 3.375716924294991372e-02 3.412204848637223620e-02 3.310287314820925531e-02
5.231112224448897763e+01 3.191577709505644123e-02 1.899926265381246537e-02 3.170858485030869645e-02 3.170858485036909258e-02 3.170858485065508603e-02 1.899926265381957080e-02 3.260676345559865297e-02 3.344714459048248045e-02 3.380635880155402617e-02 3.279261294966140383e-02
5.261170340681363200e+01 3.159936958367026705e-02 1.783566872813224791e-02 3.140060286453660865e-02 3.140060286448331794e-02 3.140060286484569474e-02 1.783566872810382620e-02 3.230590811993039324e-02 3.314124912150973046e-02 3.349491327634801507e-02 3.248660384766033360e-02
5.291228456913827927e+01 3.128723054271631554e-02 1.658510296837079068e-02 3.109709128214177554e-02 3.109709128212223561e-02 3.109709128252013954e-02 1.658510296832105269e-02 3.200922204708511742e-02 3.283941219445729587e-02 3.318763860256446208e-02 3.218476921156820936e-02
5.321286573146292653e+01 3.097928313164288738e-02 1.523180850676375542e-02 3.079796826716929559e-02 3.079796826708935953e-02 3.079796826718173008e-02 1.523180850675487363e-02 3.171662702328603700e-02 3.254156464944024663e-02 3.288446303669445570e-02 3.188703415238336447e-02
5.351344689378757380e+01 3.067545213906086587e-02 1.375622300962930922e-02 3.050315371285350352e-02 3.050315371291212330e-02 3.050315371290501787e-02 1.375622300958134758e-02 3.142804670529031341e-02 3.224763872050750990e-02 3.258531620284976782e-02 3.159332540183612537e-02
5.381402805611222817e+01 3.037566408578484811e-02 1.213374883149143102e-02 3.021256934889393619e-02 3.021256934889393619e-02 3.021256934889393619e-02 1.213374883146300931e-02 3.114340670719251136e-02 3.195756814455918970e-02 3.229012930273000848e-02 3.130357143391293562e-02
5.411460921843687544e+01 3.007984701724630838e-02 1.033301301280964424e-02 2.992613853078474051e-02 2.992613853091086185e-02 2.992613853081493858e-02 1.033301301279898610e-02 3.086263437865000014e-02 3.167128795920071127e-02 3.199883492109911742e-02 3.101770225676858672e-02
5.441519038076152270e+01 2.978793055433470727e-02 8.313352897861392421e-03 2.964378629184594161e-02 2.964378629183883618e-02 2.964378629184238889e-02 8.313352897900472271e-03 3.058565884423281034e-02 3.138873456478030732e-02 3.171136702963828213e-02 3.073564944903495189e-02
5.471577154308617708e+01 2.949984585879583676e-02 6.021092546431461301e-03 2.936543930811019720e-02 2.936543930808532821e-02 2.936543930808888092e-02 6.021092546342643459e-03 3.031241094991088403e-02 3.110984568527008776e-02 3.142766094566340485e-02 3.045734611623451826e-02
5.501635270541082434e+01 2.921552549539363497e-02 3.383871943066552035e-03 2.909102575967992266e-02 2.909102575960353931e-02 2.909102575968347537e-02 3.383871943089644674e-03 3.004282312059736171e-02 3.083456024941000351e-02 3.114765327159751962e-02 3.018272677181599306e-02
5.531693386773547161e+01 2.893490358875183688e-02 3.017289983535675901e-04 2.882047548732380449e-02 2.882047548735222620e-02 2.882047548735755527e-02 3.017289983979765111e-04 2.977682949839355331e-02 3.056281854295761491e-02 3.087128200597533123e-02 2.991172747590020720e-02
5.561751503006011887e+01 2.865791550524576792e-02 3.367466068249669320e-03 2.855371967347331008e-02 2.855371967345199380e-02 2.855371967348396822e-02 3.367466068329605378e-03 2.951436561807163628e-02 3.029456190342116884e-02 3.059848625213135165e-02 2.964428552285269802e-02
5.591809619238477325e+01 2.838449813330257143e-02 7.832886219896195712e-03 2.829069112202731162e-02 2.829069112205040426e-02 2.829069112201132441e-02 7.832886220004553479e-03 2.925536867344646907e-02 3.002973300073463747e-02 3.032920649379278188e-02 2.938033971550879642e-02
5.621867735470942051e+01 2.811458955229717560e-02 1.341558879163251561e-02 2.803132392542551088e-02 2.803132392545037987e-02 2.803132392539708917e-02 1.341558879170712260e-02 2.899977718108814884e-02 2.976827552039473801e-02 3.006338428317967271e-02 2.911983003861351449e-02
5.651925851703406778e+01 2.784812925606416911e-02 2.063490145765989325e-02 2.777555368843742656e-02 2.777555368842143935e-02 2.777555368843209749e-02 2.063490145736324166e-02 2.874753118631900861e-02 2.951013437919591809e-02 2.980096245217644935e-02 2.886269787223660899e-02
5.681983967935872215e+01 2.758505787958220878e-02 3.038946424794986001e-02 2.752331725272760821e-02 2.752331725271517371e-02 2.752331725270984464e-02 3.038946424799426893e-02 2.849857199118410733e-02 2.925525547306406793e-02 2.954188486091346988e-02 2.860888572696751453e-02
5.712042084168336942e+01 2.732531741036225981e-02 4.438096039339001209e-02 2.727455290739655425e-02 2.727455290739833060e-02 2.727455290739833060e-02 4.438096039347172450e-02 2.825284234935487859e-02 2.900358588213869382e-02 2.928609660518333158e-02 2.835833744762972231e-02
5.742100200400801668e+01 2.706885091737198934e-02 6.626928634733886270e-02 2.702920011705955972e-02 2.702920011707377057e-02 2.702920011709863957e-02 6.626928634774920113e-02 2.801028619079737325e-02 2.875507360906937038e-02 2.903354374859468123e-02 2.811099794284288578e-02
5.772158316633267106e+01 2.681560273911287595e-02 1.056271401884352201e-01 2.678719970794496419e-02 2.678719970797160954e-02 2.678719970799647854e-02 1.056271401892168171e-01 2.777084880179003790e-02 2.850966777289798415e-02 2.878417352159701181e-02 2.786681337359731003e-02
5.802216432865731832e+01 2.656551828108888458e-02 1.979714377592109997e-01 2.654849366489209217e-02 2.654849366496847551e-02 2.654849366492584295e-02 1.979714377605787945e-01 2.753447661670271884e-02 2.826731841352447816e-02 2.853793412212013436e-02 2.762573095078835195e-02
5.832274549098196559e+01 2.631854411481704403e-02 6.773411411078793520e-01 2.631302522814493727e-02 2.631302522815914813e-02 2.631302522817868805e-02 6.773411411080267897e-01 2.730111730549644733e-02 2.802797658595146402e-02 2.829477480686115598e-02 2.738769902720683547e-02
5.862332665330661285e+01 2.607462786739844773e-02 6.715474489099264588e-01 2.608073878216110586e-02 2.608073878208472252e-02 2.608073878216288222e-02 6.715474489088215648e-01 2.707071966426077836e-02 2.779159426899902030e-02 2.805464580524841267e-02 2.715266699649454551e-02
5.892390781563126723e+01 2.583371821259028422e-02 2.500911157002061458e-01 2.585157984498387407e-02 2.585157984493413608e-02 2.585157984496611050e-02 2.500911157006395769e-01 2.684323359658158381e-02 2.755812435165694296e-02 2.781749830012891778e-02 2.692058527738083740e-02
5.922448897795591449e+01 2.559576488937231886e-02 1.623822086727724212e-01 2.562549508569844647e-02 2.562549508561318135e-02 2.562549508564515577e-02 1.623822086726089964e-01 2.661861012370181356e-02 2.732752065345422920e-02 2.758328444773816557e-02 2.669140533008729221e-02
5.952507014028056176e+01 2.536071862136246580e-02 1.243166022669672799e-01 2.540243224176563785e-02 2.540243224175853243e-02 2.540243224176741421e-02 1.243166022669353055e-01 2.639680130605803754e-02 2.709973786014607811e-02 2.735195731333384117e-02 2.646507958269417315e-02
5.982565130260521613e+01 2.512853115329782838e-02 1.029774357568964405e-01 2.518234015469467124e-02 2.518234015466447318e-02 2.518234015471598752e-02 1.029774357568236098e-01 2.617776026741935880e-02 2.687473155037878314e-02 2.712347089978983661e-02 2.624156146002754042e-02
6.012623246492986340e+01 2.489915508245843512e-02 8.928265058564122114e-02 2.496516859971720237e-02 2.496516859975450586e-02 2.496516859969766244e-02 8.928265058564122114e-02 2.596144102868969128e-02 2.665245804426064069e-02 2.689777998797637792e-02 2.602080522060390422e-02
6.042681362725451066e+01 2.467254409941865845e-02 7.971842730360911844e-02 2.475086852480856692e-02 2.475086852479257971e-02 2.475086852476771071e-02 7.971842730362332929e-02 2.574779873698496147e-02 2.643287463586396768e-02 2.667484037559475496e-02 2.580276619168131447e-02
6.072739478957915793e+01 2.444865267941054299e-02 7.263894440650098261e-02 2.453939174109365240e-02 2.453939174109365240e-02 2.453939174108299426e-02 7.263894440647611361e-02 2.553678936066994254e-02 2.621593929914389776e-02 2.645460857862858006e-02 2.558740046643137589e-02
6.102797595190381230e+01 2.422743624532941453e-02 6.717066985954645020e-02 2.433069108390384372e-02 2.433069108390384372e-02 2.433069108391272550e-02 6.717066985954467384e-02 2.532836984330977259e-02 2.600161084782826038e-02 2.623704199054444075e-02 2.537466506252172849e-02
6.132855711422845957e+01 2.400885108432149195e-02 6.280692402232013194e-02 2.412472032795776045e-02 2.412472032801815658e-02 2.412472032799861665e-02 6.280692402234855365e-02 2.512249801727683973e-02 2.578984885540336336e-02 2.602209880207695392e-02 2.516451783884399163e-02
6.162913827655310683e+01 2.379285433731048727e-02 5.923358943558731937e-02 2.392143417586112264e-02 2.392143417587178078e-02 2.392143417588421528e-02 5.923358943559087209e-02 2.491913259420819315e-02 2.558061365569663792e-02 2.580973800032815291e-02 2.495691748950079614e-02
6.192971943887776121e+01 2.357940396102087277e-02 5.624556370452538090e-02 2.372078821787759750e-02 2.372078821788825564e-02 2.372078821789891379e-02 5.624556370452538090e-02 2.471823311840104509e-02 2.537386629749072142e-02 2.559991932239924495e-02 2.475182349947147031e-02
6.223030060120240847e+01 2.336845871864490221e-02 5.370323798131515503e-02 2.352273892152645374e-02 2.352273892154599366e-02 2.352273892151224288e-02 5.370323798130272053e-02 2.451975995754018811e-02 2.516956854694463175e-02 2.539260325759329362e-02 2.454919614021022767e-02
6.253088176352705574e+01 2.315997823694360136e-02 5.150828370280358115e-02 2.332724368748095856e-02 2.332724368751826205e-02 2.332724368745253685e-02 5.150828370278759394e-02 2.432367435744353656e-02 2.496768294316353831e-02 2.518775110104165549e-02 2.434899652449118435e-02
6.283146292585170301e+01 2.295392279945751568e-02 4.958944181102786786e-02 2.313426064098855761e-02 2.313426064096013590e-02 2.313426064097612311e-02 4.958944181103852600e-02 2.412993823269182769e-02 2.476817259790387027e-02 2.498532475326697977e-02 2.415118640151980856e-02
6.313204408817635738e+01 2.275025353165993636e-02 4.789380455585678931e-02 2.294374881549465783e-02 2.294374881544314349e-02 2.294374881547156519e-02 4.789380455585146024e-02 2.393851434705673853e-02 2.457100137855405819e-02 2.478528690302894688e-02 2.395572833940029511e-02
6.343262525050100464e+01 2.254893228643517489e-02 4.638126284805998978e-02 2.275566803698403362e-02 2.275566803700534990e-02 2.275566803701423169e-02 4.638126284804933164e-02 2.374936620105394525e-02 2.437613380327796619e-02 2.458760091944434123e-02 2.376258561450939055e-02
6.373320641282565191e+01 2.234992159066884199e-02 4.502085461068006111e-02 2.256997886929035246e-02 2.256997886931522146e-02 2.256997886927791797e-02 4.502085461069249561e-02 2.356245797297873423e-02 2.418353498450365180e-02 2.439223079630536972e-02 2.357172215514324876e-02
6.403378757515031339e+01 2.215318477082739435e-02 4.378829616508994604e-02 2.238664273741264310e-02 2.238664273747481559e-02 2.238664273743218303e-02 4.378829616507573519e-02 2.337775464275360093e-02 2.399317075792950504e-02 2.419914128016920074e-02 2.338310266748777622e-02
6.433436873747496065e+01 2.195868573722670192e-02 4.266427197171296370e-02 2.220562171165951781e-02 2.220562171168971588e-02 2.220562171166307053e-02 4.266427197170230556e-02 2.319522177797317397e-02 2.380500747403679895e-02 2.400829766041212565e-02 2.319669242320898661e-02
6.463494989979960792e+01 2.176638912088613154e-02 4.163322454939155648e-02 2.202687864240004956e-02 2.202687864243912941e-02 2.202687864241781313e-02 4.163322454939688555e-02 2.301482566657142570e-02 2.361901213351202955e-02 2.381966590500717018e-02 2.301245739432644655e-02
6.493553106212425519e+01 2.157626023497982715e-02 4.068248160838905392e-02 2.185037711994830545e-02 2.185037711991810738e-02 2.185037711994830545e-02 4.068248160839083027e-02 2.283653327523715859e-02 2.343515234933590818e-02 2.363321261927175954e-02 2.283036421280648653e-02
6.523611222444890245e+01 2.138826498091894734e-02 3.980161567769791020e-02 2.167608138033294551e-02 2.167608138030807652e-02 2.167608138028143117e-02 3.980161567770146291e-02 2.266031215813946176e-02 2.325339625974010005e-02 2.344890496190465967e-02 2.265038008136599501e-02
6.553669338677356393e+01 2.120236995523860912e-02 3.898196717417867774e-02 2.150395640953561838e-02 2.150395640956936916e-02 2.150395640948765674e-02 3.898196717418400681e-02 2.248613055862946908e-02 2.307371263342616885e-02 2.326671074688313468e-02 2.247247287705889107e-02
6.583727454909821120e+01 2.101854233239919267e-02 3.821628400470267195e-02 2.133396782611107767e-02 2.133396782610752496e-02 2.133396782613772302e-02 3.821628400471510645e-02 2.231395729374341386e-02 2.289607075700494931e-02 2.308659832950077373e-02 2.229661103570812486e-02
6.613785571142285846e+01 2.083674987626693564e-02 3.749844597054163842e-02 2.116608189098911907e-02 2.116608189099444814e-02 2.116608189100332993e-02 3.749844597054696749e-02 2.214376176286414477e-02 2.272044044673826590e-02 2.290853662001701707e-02 2.212276356356390750e-02
6.643843687374750573e+01 2.065696096233260448e-02 3.682325154701793224e-02 2.100026552867362284e-02 2.100026552864342477e-02 2.100026552865763563e-02 3.682325154701970860e-02 2.197551397097718962e-02 2.254679207563370369e-02 2.273249510862740408e-02 2.195090006100741675e-02
6.673901803607215300e+01 2.047914453732602169e-02 3.618625103793782216e-02 2.083648628511447498e-02 2.083648628510204048e-02 2.083648628511092227e-02 3.618625103793959852e-02 2.180918448511803831e-02 2.237509653179081681e-02 2.255844382261429359e-02 2.178099068027172791e-02
6.703959919839680026e+01 2.030327010873378413e-02 3.558361489631778340e-02 2.067471231681317079e-02 2.067471231679363086e-02 2.067471231680251265e-02 3.558361489632844155e-02 2.164474442456132408e-02 2.220532521104523482e-02 2.238635331913307880e-02 2.161300611641436831e-02
6.734018036072144753e+01 2.012930773357268777e-02 3.501202877365194865e-02 2.051491237728519934e-02 2.051491237722125049e-02 2.051491237727098849e-02 3.501202877366793587e-02 2.148216544716774479e-02 2.203745000584689251e-02 2.221619467374225110e-02 2.144691759528605246e-02
6.764076152304610901e+01 1.995722802402255525e-02 3.446860923937400401e-02 2.035705582284919046e-02 2.035705582287761217e-02 2.035705582284386139e-02 3.446860923936156951e-02 2.132141975630652553e-02 2.187144331637114192e-02 2.204793949007033405e-02 2.128269688149586614e-02
6.794134268537075627e+01 1.978700209076222905e-02 3.395083546704746880e-02 2.020111255437484488e-02 2.020111255437839759e-02 2.020111255439438480e-02 3.395083546704746880e-02 2.116248004437082386e-02 2.170727799401639402e-02 2.188155984342010640e-02 2.112031622158383470e-02
6.824192384769540354e+01 1.961860157355843626e-02 3.345649358116453698e-02 2.004705304640275187e-02 2.004705304644893715e-02 2.004705304642051544e-02 3.345649358117519512e-02 2.100531951936623898e-02 2.154492737188284934e-02 2.171702831027921832e-02 2.095974837343916874e-02
6.854250501002005080e+01 1.945199864624669317e-02 3.298363095398038070e-02 1.989484835079124991e-02 1.989484835073263014e-02 1.989484835078236813e-02 3.298363095398038070e-02 2.084991191098062302e-02 2.138436527020814992e-02 2.155431797304174779e-02 2.080096661096675348e-02
6.884308617234469807e+01 1.928716591903345545e-02 3.253051838711051857e-02 1.974446999924239776e-02 1.974446999923706869e-02 1.974446999923173962e-02 3.253051838711229493e-02 2.069623137385434575e-02 2.122556590623680961e-02 2.139340233000197600e-02 2.064394463050334139e-02
6.914366733466934534e+01 1.912407651528269525e-02 3.209561877242350647e-02 1.959589007781659120e-02 1.959589007787876369e-02 1.959589007780415670e-02 3.209561877241995376e-02 2.054425256332947924e-02 2.106850396653037194e-02 2.123425536695400240e-02 2.048865662470511495e-02
6.944424849699399260e+01 1.896270405986122398e-02 3.167756085417217093e-02 1.944908121452648686e-02 1.944908121454425043e-02 1.944908121451227601e-02 3.167756085416328915e-02 2.039395062094584432e-02 2.091315459779252706e-02 2.107685154626892654e-02 2.033507727062833226e-02
6.974482965931865408e+01 1.880302258346056021e-02 3.127511712912678377e-02 1.930401648345458909e-02 1.930401648342083831e-02 1.930401648343504917e-02 3.127511712911612562e-02 2.024530108301902942e-02 2.075949331650051022e-02 2.092116571883728682e-02 2.018318163838195289e-02
7.004541082164330135e+01 1.864500660528101150e-02 3.088718529714462591e-02 1.916066948537498149e-02 1.916066948542649584e-02 1.916066948537320513e-02 3.088718529715706040e-02 2.009827995938096024e-02 2.060749608785528153e-02 2.076717319911125514e-02 2.003294526972965173e-02
7.034599198396794861e+01 1.848863106739706552e-02 3.051277242800765066e-02 1.901901428186292264e-02 1.901901428190022614e-02 1.901901428188246257e-02 3.051277242798633438e-02 1.995286366930848487e-02 2.045713926461978360e-02 2.061484970581695109e-02 1.988434411532224999e-02
7.064657314629259588e+01 1.833387136828967812e-02 3.015098155215945042e-02 1.887902542730834909e-02 1.887902542729591460e-02 1.887902542730302002e-02 3.015098155215589770e-02 1.980902907294534998e-02 2.030839961914310265e-02 2.046417139287726172e-02 1.973735456661351861e-02
7.094715430861724315e+01 1.818070334674182220e-02 2.980100014132958108e-02 1.874067795204048537e-02 1.874067795204403808e-02 1.874067795202982722e-02 2.980100014133135744e-02 1.966675345613033699e-02 2.016125432988502553e-02 2.031511483519032879e-02 1.959195344094766256e-02
7.124773547094189041e+01 1.802910321466733023e-02 2.946209018873169327e-02 1.860394729538406011e-02 1.860394729538406011e-02 1.860394729538761283e-02 2.946209018874235142e-02 1.952601446577162392e-02 2.001568091809069472e-02 2.016765696568612043e-02 1.944811791687328650e-02
7.154831663326653768e+01 1.787904761670233711e-02 2.913357971931418433e-02 1.846880936285444363e-02 1.846880936277450758e-02 1.846880936279404750e-02 2.913357971930174983e-02 1.938679016565814095e-02 1.987165730387374651e-02 2.002177513003822185e-02 1.930582559056759351e-02
7.184889779559119916e+01 1.773051358737554040e-02 2.881485539648842575e-02 1.833524048277723750e-02 1.833524048275592122e-02 1.833524048280388286e-02 2.881485539648842575e-02 1.924905899329054648e-02 1.972916176645966857e-02 1.987744704725535883e-02 1.916505443445259971e-02
7.214947895791584642e+01 1.758347856033459777e-02 2.850535613647231514e-02 1.820321741557329176e-02 1.820321741558572626e-02 1.820321741558750261e-02 2.850535613646876243e-02 1.911279977252355877e-02 1.958817295531289915e-02 1.973465081951886191e-02 1.902578280770583774e-02
7.245006012024049369e+01 1.743792035008517871e-02 2.820456751318900501e-02 1.807271733393633895e-02 1.807271733393100988e-02 1.807271733391324631e-02 2.820456751318722866e-02 1.897799169248592932e-02 1.944866987156501636e-02 1.959336491463403718e-02 1.888798943742919789e-02
7.275064128256514095e+01 1.729381714322997254e-02 2.791201687716515778e-02 1.794371781299375357e-02 1.794371781299020085e-02 1.794371781297776636e-02 2.791201687717403956e-02 1.884461429913386610e-02 1.931063186017745181e-02 1.945356815630816527e-02 1.875165340965345706e-02
7.305122244488978822e+01 1.715114749305257646e-02 2.762726909897850192e-02 1.781619682514978820e-02 1.781619682512669556e-02 1.781619682514268277e-02 2.762726909897317285e-02 1.871264749171430708e-02 1.917403860732846965e-02 1.931523972241500076e-02 1.861675416607688760e-02
7.335180360721443549e+01 1.700989030590349671e-02 2.734992278752024220e-02 1.769013272468278331e-02 1.769013272466857245e-02 1.769013272464370345e-02 2.734992278752734762e-02 1.858207150627855242e-02 1.903887012428562286e-02 1.917835912787602126e-02 1.848327148800166242e-02
7.365238476953908275e+01 1.687002486407607194e-02 2.707960701858169728e-02 1.756550427012726345e-02 1.756550427009884174e-02 1.756550427010417081e-02 2.707960701856393371e-02 1.845286694057435284e-02 1.890510677434242837e-02 1.904290625094162692e-02 1.835118552150660776e-02
7.395296593186374423e+01 1.673153078142242123e-02 2.681597837398008721e-02 1.744229057993784693e-02 1.744229057991475429e-02 1.744229057990942522e-02 2.681597837398541628e-02 1.832501470969027935e-02 1.877272922838635338e-02 1.890886128924762488e-02 1.822047673322835237e-02
7.425354709418839150e+01 1.659438800746038112e-02 2.655871835565015715e-02 1.732047113500101432e-02 1.732047113498857982e-02 1.732047113499923796e-02 2.655871835565903893e-02 1.819849604970613655e-02 1.864171846908746488e-02 1.877620476355623680e-02 1.809112591400818815e-02
7.455412825651303876e+01 1.645857683272033967e-02 2.630753109250782984e-02 1.720002578358936773e-02 1.720002578356982781e-02 1.720002578353607703e-02 2.630753109250072441e-02 1.807329252324585411e-02 1.851205579752601693e-02 1.864491752372821054e-02 1.796311418477358757e-02
7.485470941883768603e+01 1.632407784024181296e-02 2.606214124888062145e-02 1.708093469176574786e-02 1.708093469175686607e-02 1.708093469176041879e-02 2.606214124889305594e-02 1.794938596999706704e-02 1.838372278470323806e-02 1.851498069943957603e-02 1.783642294746989876e-02
7.515529058116233330e+01 1.619087198685420503e-02 2.582229228742072280e-02 1.696317842475814075e-02 1.696317842473682447e-02 1.696317842474570625e-02 2.582229228740828830e-02 1.782675859018922893e-02 1.825670135424317664e-02 1.838637578419977103e-02 1.771103396791673390e-02
7.545587174348698056e+01 1.605894051845169201e-02 2.558774475376779378e-02 1.684673786110657545e-02 1.684673786109769367e-02 1.684673786112966809e-02 2.558774475377134650e-02 1.770539285838701460e-02 1.813097369897853639e-02 1.825908454979874307e-02 1.758692929070271305e-02
7.575645290581162783e+01 1.592826495902421868e-02 2.535827480788022115e-02 1.673159418162839529e-02 1.673159418167102785e-02 1.673159418163727707e-02 2.535827480787489208e-02 1.758527151399036370e-02 1.800652227034049702e-02 1.813308903673238603e-02 1.746409122909398093e-02
7.605703406813628931e+01 1.579882715914671110e-02 2.513367295878943253e-02 1.661772891648460870e-02 1.661772891644552885e-02 1.661772891647217421e-02 2.513367295879298524e-02 1.746637760843050557e-02 1.788332982639850854e-02 1.800837160139145965e-02 1.734250241245227642e-02
7.635761523046093657e+01 1.567060927412544657e-02 2.491374286749614697e-02 1.650512392296565878e-02 1.650512392292569075e-02 1.650512392297365238e-02 2.491374286750680511e-02 1.734869448397535763e-02 1.776137941131672449e-02 1.788491489592747286e-02 1.722214576548442011e-02
7.665819639278558384e+01 1.554359371911395726e-02 2.469830024169805682e-02 1.639376134054870704e-02 1.639376134056913514e-02 1.639376134057357604e-02 2.469830024169628047e-02 1.723220572956130070e-02 1.764065431155437125e-02 1.776270182335526471e-02 1.710300446358559157e-02
7.695877755511023111e+01 1.541776319981735810e-02 2.448717190786009468e-02 1.628362362045621126e-02 1.628362362042157230e-02 1.628362362040203237e-02 2.448717190787874642e-02 1.711689521082426779e-02 1.752113808715183296e-02 1.764171556829552401e-02 1.698506196358007259e-02
7.725935871743487837e+01 1.529310072367540130e-02 2.428019495818034557e-02 1.617469353643219421e-02 1.617469353638867346e-02 1.617469353644818142e-02 2.428019495818833917e-02 1.700274708196047868e-02 1.740281458258330360e-02 1.752193960920944704e-02 1.686830201513345173e-02
7.755993987975952564e+01 1.516958954752478661e-02 2.407721591345790557e-02 1.606695413208836243e-02 1.606695413206704615e-02 1.606695413210701417e-02 2.407721591345790557e-02 1.688974573339585561e-02 1.728566787552399120e-02 1.740335766551126540e-02 1.675270860854727317e-02
7.786052104208417290e+01 1.504721319521884482e-02 2.387809003104912620e-02 1.596038873774308087e-02 1.596038873774041633e-02 1.596038873775107447e-02 2.387809003104290895e-02 1.677787580960821145e-02 1.716968229526205647e-02 1.728595371680263781e-02 1.663826599293649622e-02
7.816110220440883438e+01 1.492595545139696611e-02 2.368268065012291146e-02 1.585498096361526166e-02 1.585498096360549170e-02 1.585498096362947251e-02 2.368268065011669421e-02 1.666712220271371336e-02 1.705484241654886546e-02 1.716971199474759402e-02 1.652495866949177383e-02
7.846168336673348165e+01 1.480580036078293915e-02 2.349085860699329231e-02 1.575071469902233900e-02 1.575071469901168086e-02 1.575071469902855625e-02 2.349085860699329231e-02 1.655747005243490833e-02 1.694113305972599903e-02 1.705461698543064841e-02 1.641277139190044920e-02
7.876226452905812891e+01 1.468673222512606458e-02 2.330250169544800798e-02 1.564757410849715313e-02 1.564757410846873142e-02 1.564757410853090391e-02 2.330250169545156069e-02 1.644890474377103118e-02 1.682853928830052581e-02 1.694065342435546739e-02 1.630168916299901127e-02
7.906284569138277618e+01 1.456873558423144033e-02 2.311749415909591931e-02 1.554554361262994178e-02 1.554554361265392259e-02 1.554554361263527085e-02 2.311749415909503114e-02 1.634141188647575405e-02 1.671704638978699364e-02 1.682780627983859745e-02 1.619169721617641500e-02
7.936342685370742345e+01 1.445179522058648303e-02 2.293572624898132517e-02 1.544460789174273430e-02 1.544460789176493876e-02 1.544460789177914961e-02 2.293572624898310153e-02 1.623497732141920835e-02 1.660663988176480643e-02 1.671606075530451818e-02 1.608278101972349106e-02
7.966400801603207071e+01 1.433589615422636854e-02 2.275709381096024941e-02 1.534475188092887521e-02 1.534475188090222986e-02 1.534475188093242792e-02 2.275709381096469031e-02 1.612958711549516977e-02 1.649730550633066173e-02 1.660540228693285769e-02 1.597492627276064781e-02
7.996458917835671798e+01 1.422102364169308686e-02 2.258149791099217651e-02 1.524596076807327449e-02 1.524596076804307643e-02 1.524596076807327449e-02 2.258149791098595927e-02 1.602522755952762168e-02 1.638902922951146479e-02 1.649581654114484763e-02 1.586811890331940589e-02
8.026517034068137946e+01 1.410716318647597944e-02 2.240884449615432317e-02 1.514822000350690701e-02 1.514822000348470254e-02 1.514822000353799325e-02 2.240884449615077045e-02 1.592188517962078720e-02 1.628179725207701267e-02 1.638728942486888940e-02 1.576234507907514626e-02
8.056575150300602672e+01 1.399430047373773078e-02 2.223904402752996390e-02 1.505151523587322515e-02 1.505151523589276508e-02 1.505151523589631779e-02 2.223904402753973386e-02 1.581954667297846839e-02 1.617559594578565907e-02 1.627980702355991127e-02 1.565759114370912641e-02
8.086633266533067399e+01 1.388242142713824734e-02 2.207201123659174868e-02 1.495583236693320828e-02 1.495583236690123385e-02 1.495583236693498463e-02 2.207201123659618958e-02 1.571819896414616835e-02 1.607041190994173974e-02 1.617335565524680163e-02 1.555384367259904366e-02
8.116691382765532126e+01 1.377151219230654533e-02 2.190766484416339921e-02 1.486115753537298190e-02 1.486115753536676465e-02 1.486115753538896911e-02 2.190766484415895832e-02 1.561782918841636558e-02 1.596623195424573538e-02 1.606792185520333760e-02 1.545108945644990683e-02
8.146749498997996852e+01 1.366155913172040215e-02 2.174592730927038531e-02 1.476747711099335447e-02 1.476747711096404458e-02 1.476747711096848548e-02 2.174592730926594442e-02 1.551842468642039563e-02 1.586304309556219039e-02 1.596349237063954263e-02 1.534931549650409011e-02
8.176807615230461579e+01 1.355254880827949648e-02 2.158672458748522871e-02 1.467477767807867650e-02 1.467477767809644007e-02 1.467477767807867650e-02 2.158672458747368239e-02 1.541997298929587146e-02 1.576083254030091751e-02 1.586005414532642988e-02 1.524850898850527159e-02
8.206865731462926306e+01 1.344446797297482732e-02 2.142998590971512129e-02 1.458304602299520525e-02 1.458304602294102637e-02 1.458304602300142250e-02 2.142998590972577944e-02 1.532246180606122721e-02 1.565958767418251796e-02 1.575759430693768337e-02 1.514865731059789056e-02
8.236923847695392453e+01 1.333730358867324384e-02 2.127564361029410378e-02 1.449226915721979481e-02 1.449226915719226128e-02 1.449226915722956477e-02 2.127564361029854467e-02 1.522587904728567310e-02 1.555929608554862398e-02 1.565610019156338240e-02 1.504974804733727467e-02
8.266981963927857180e+01 1.323104282753018168e-02 2.112363294584884699e-02 1.440243431445686895e-02 1.440243431451193601e-02 1.440243431451193601e-02 2.112363294585950513e-02 1.513021282248505628e-02 1.545994556281016230e-02 1.555555934032781806e-02 1.495176898659611453e-02
8.297040080160321907e+01 1.312567303765099780e-02 2.097389189757947747e-02 1.431352891744896993e-02 1.431352891744808176e-02 1.431352891750314882e-02 2.097389189759635286e-02 1.503545140794937396e-02 1.536152406234325696e-02 1.545595946751454619e-02 1.485470808752076266e-02
8.327098196392786633e+01 1.302118177151623257e-02 2.082636103951518436e-02 1.422554060483438576e-02 1.422554060487968286e-02 1.422554060488412375e-02 2.082636103950719075e-02 1.494158327385353147e-02 1.526401973509461385e-02 1.535728848723749707e-02 1.475855350733024096e-02
8.357156312625251360e+01 1.291755675445926954e-02 2.068098337247548102e-02 1.413845720081408075e-02 1.413845720080875168e-02 1.413845720081319257e-02 2.068098337248258645e-02 1.484859705430796595e-02 1.516742089768019497e-02 1.525953448416217384e-02 1.466329357169726677e-02
8.387214428857716086e+01 1.281478589759821318e-02 2.053770419995437635e-02 1.405226672697423851e-02 1.405226672695114587e-02 1.405226672699111390e-02 2.053770419996592267e-02 1.475648155977005160e-02 1.507171604540857857e-02 1.516268572608581167e-02 1.456891678742167073e-02
8.417272545090180813e+01 1.271285729148186050e-02 2.039647099568142607e-02 1.396695739539399739e-02 1.396695739538333925e-02 1.396695739542597181e-02 2.039647099570007782e-02 1.466522577093076762e-02 1.497689384403955160e-02 1.506673065585584226e-02 1.447541183499190254e-02
8.447330661322646961e+01 1.261175917922852108e-02 2.025723326813011482e-02 1.388251758228786770e-02 1.388251758230829580e-02 1.388251758232605937e-02 2.025723326813722025e-02 1.457481881240862975e-02 1.488294310576065982e-02 1.497165786776744056e-02 1.438276754367073806e-02
8.477388777555111687e+01 1.251148001029367407e-02 2.011994250102233650e-02 1.379893588063563215e-02 1.379893588063030307e-02 1.379893588066316568e-02 2.011994250101878379e-02 1.448525000569400589e-02 1.478985284157463553e-02 1.487745615901481244e-02 1.429097294393599782e-02
8.507446893787576414e+01 1.241200840732048505e-02 1.998455202413218501e-02 1.371620106732773792e-02 1.371620106737303502e-02 1.371620106739257494e-02 1.998455202413751408e-02 1.439650883736831588e-02 1.469761222896615038e-02 1.478411449752048412e-02 1.420001723521391312e-02
8.537505010020041141e+01 1.231333314401172885e-02 1.985101689767887478e-02 1.363430208069527083e-02 1.363430208067928362e-02 1.363430208075033789e-02 1.985101689768509203e-02 1.430858493676456789e-02 1.460621059035549507e-02 1.469162200028328868e-02 1.410988976382832050e-02
8.567563126252505867e+01 1.221544314661215935e-02 1.971929382744530557e-02 1.355322802176139874e-02 1.355322802175784602e-02 1.355322802178804409e-02 1.971929382743020653e-02 1.422146807757140863e-02 1.451563739469552416e-02 1.459996793518669733e-02 1.402058002477701848e-02
8.597621242484970594e+01 1.211832751050945234e-02 1.958934109817001001e-02 1.347296817031917726e-02 1.347296817032184180e-02 1.347296817035914529e-02 1.958934109816734548e-02 1.413514819511441090e-02 1.442588227377417098e-02 1.450914173709261235e-02 1.393207767821902365e-02
8.627679358717435321e+01 1.202197548699412977e-02 1.946111848570541980e-02 1.339351197183358266e-02 1.339351197183091813e-02 1.339351197188154430e-02 1.946111848570364344e-02 1.404961537187077170e-02 1.433693500996291448e-02 1.441913299470520826e-02 1.384437253608972185e-02
8.657737474949901468e+01 1.192637647966243719e-02 1.933458718152181177e-02 1.331484903314628099e-02 1.331484903315605095e-02 1.331484903319246627e-02 1.933458718153513445e-02 1.396485983543893639e-02 1.424878553233899225e-02 1.432993144757421788e-02 1.375745455919030746e-02
8.687795591182366195e+01 1.183152008018950596e-02 1.920970975628311095e-02 1.323696915726824130e-02 1.323696915724603684e-02 1.323696915732774926e-02 1.920970975626268284e-02 1.388087199225562784e-02 1.416142395057118364e-02 1.424152701968495194e-02 1.367131389105491479e-02
8.717853707414830922e+01 1.173739597331202589e-02 1.908645001761843929e-02 1.315986225071608118e-02 1.315986225070719939e-02 1.315986225077825367e-02 1.908645001759978754e-02 1.379764233686398001e-02 1.407484046511964237e-02 1.415390972933661118e-02 1.358594076695140984e-02
8.747911823647295648e+01 1.164399400093341086e-02 1.896477300362864327e-02 1.308351838533017286e-02 1.308351838534793643e-02 1.308351838538523992e-02 1.896477300362420237e-02 1.371516151330798294e-02 1.398902542832480833e-02 1.406706975044347274e-02 1.350132557575012271e-02
8.777969939879760375e+01 1.155130416546779060e-02 1.884464493469817370e-02 1.300792780183979147e-02 1.300792780184689690e-02 1.300792780192239206e-02 1.884464493469550916e-02 1.363342031880954153e-02 1.390396934792814676e-02 1.398099741557068398e-02 1.341745886312750713e-02
8.808028056112225102e+01 1.145931663161903202e-02 1.872603315899468157e-02 1.293308091083211764e-02 1.293308091084544031e-02 1.293308091093781087e-02 1.872603315898846432e-02 1.355240970508209131e-02 1.381966288839375778e-02 1.389568321750278557e-02 1.333433133301120677e-02
8.838086172344689828e+01 1.136802169581230260e-02 1.860890607857612622e-02 1.285896826284638195e-02 1.285896826278953853e-02 1.285896826286592187e-02 1.860890607858411983e-02 1.347212074939552195e-02 1.373609684238630280e-02 1.381111777978905053e-02 1.325193381850819918e-02
8.868144288577155976e+01 1.127740973493551735e-02 1.849323305713213017e-02 1.278558049738265368e-02 1.278558049735156743e-02 1.278558049746703063e-02 1.849323305713035381e-02 1.339254460396421820e-02 1.365326207985173568e-02 1.372729180781639968e-02 1.317025723138254278e-02
8.898202404809620703e+01 1.118747129595121237e-02 1.837898445692864868e-02 1.271290843126582359e-02 1.271290843123829006e-02 1.271290843134575965e-02 1.837898445690466787e-02 1.331367258389182240e-02 1.357114963620453807e-02 1.364419617413492603e-02 1.308929264954805660e-02
8.928260521042085429e+01 1.109819706401538042e-02 1.826613156938705629e-02 1.264094302645624168e-02 1.264094302647134072e-02 1.264094302654594770e-02 1.826613156938883265e-02 1.323549613593488772e-02 1.348975068020763501e-02 1.356182188892951501e-02 1.300903128624408822e-02
8.958318637274550156e+01 1.100957790068068931e-02 1.815464661349963649e-02 1.256967542792697401e-02 1.256967542793940851e-02 1.256967542801579185e-02 1.815464661352361730e-02 1.315800687616963671e-02 1.340905655285151710e-02 1.348016013696007320e-02 1.292946452765164622e-02
8.988376753507014882e+01 1.092160470495251445e-02 1.804450257463496854e-02 1.249909682730265814e-02 1.249909682729732907e-02 1.249909682742167405e-02 1.804450257463674490e-02 1.308119645457406222e-02 1.332905863243283306e-02 1.339920214327161574e-02 1.285058379735382061e-02
9.018434869739479609e+01 1.083426852858959677e-02 1.793567326916623017e-02 1.242919857457636112e-02 1.242919857456392663e-02 1.242919857468915978e-02 1.793567326916711835e-02 1.300505666744999900e-02 1.324974844446291655e-02 1.331893928326799426e-02 1.277238066789898596e-02
9.048492985971945757e+01 1.074756056253267644e-02 1.782813330394272811e-02 1.235997216541839805e-02 1.235997216541662169e-02 1.235997216552053857e-02 1.782813330393384632e-02 1.292957944302397522e-02 1.317111765051315331e-02 1.323936307069395468e-02 1.269484684823041221e-02
9.078551102204410483e+01 1.066147213694801366e-02 1.772185804768877659e-02 1.229140924119676015e-02 1.229140924120031286e-02 1.229140924132021695e-02 1.772185804770476381e-02 1.285475684451498068e-02 1.309315804782418269e-02 1.316046515808988460e-02 1.261797418433197038e-02
9.108609218436875210e+01 1.057599467503411717e-02 1.761682355630966867e-02 1.222350154281937051e-02 1.222350154282647594e-02 1.222350154296503177e-02 1.761682355631410957e-02 1.278058102168255772e-02 1.301586152409228703e-02 1.308223729110746802e-02 1.254175461292827976e-02
9.138667334669339937e+01 1.049111968279881069e-02 1.751300654059217976e-02 1.215624090134603819e-02 1.215624090132294555e-02 1.215624090148370584e-02 1.751300654059573247e-02 1.270704420384305422e-02 1.293922004865954989e-02 1.300467129970961366e-02 1.246618015297595861e-02
9.168725450901804663e+01 1.040683883949711230e-02 1.741038441950681914e-02 1.208961932567920172e-02 1.208961932570762343e-02 1.208961932584351473e-02 1.741038441951481275e-02 1.263413878657626555e-02 1.286322575947806968e-02 1.292775918467370388e-02 1.239124299287830411e-02
9.198783567134269390e+01 1.032314392071587150e-02 1.730893523050180960e-02 1.202362892821895457e-02 1.202362892818786833e-02 1.202362892833264141e-02 1.730893523049381599e-02 1.256185725793201868e-02 1.278787089024380208e-02 1.285149304479116239e-02 1.231693541681355697e-02
9.228841683366734117e+01 1.024002681406432913e-02 1.720863761701973971e-02 1.195826193877547183e-02 1.195826193875237919e-02 1.195826193892823852e-02 1.720863761702684513e-02 1.249019221329206175e-02 1.271314778314369676e-02 1.277586509078254551e-02 1.224324981883029295e-02
9.258899799599200264e+01 1.015747945820599796e-02 1.710947074446256266e-02 1.189351064347210496e-02 1.189351064350141485e-02 1.189351064363286525e-02 1.710947074446078631e-02 1.241913629322244361e-02 1.263904882913724492e-02 1.270086758376187674e-02 1.217017864170877317e-02
9.288957915831664991e+01 1.007549399212059882e-02 1.701141442820119920e-02 1.182936753376484518e-02 1.182936753373819982e-02 1.182936753391672369e-02 1.701141442820741645e-02 1.234868233334385224e-02 1.256556661630181537e-02 1.262649298426588018e-02 1.209771452612784515e-02
9.319016032064129718e+01 9.994062615658272364e-03 1.691444898473637437e-02 1.176582516906687914e-02 1.176582516905888554e-02 1.176582516905533282e-02 1.691444898473637437e-02 1.227882322803619530e-02 1.249269379380102407e-02 1.255273381656163423e-02 1.202585017401514023e-02
9.349074148296594444e+01 9.913177645468174148e-03 1.681855526247666432e-02 1.170287623051891046e-02 1.170287623052157500e-02 1.170287623054910853e-02 1.681855526246867072e-02 1.220955198392026375e-02 1.242042312653968139e-02 1.247958272211402431e-02 1.195457840284319673e-02
9.379132264529059171e+01 9.832831424914978413e-03 1.672371452801080238e-02 1.164051343030436669e-02 1.164051343033811747e-02 1.164051343033278840e-02 1.672371452801080238e-02 1.214086162839667082e-02 1.234874740126823411e-02 1.240703236763796014e-02 1.188389205338591381e-02
9.409190380761523897e+01 9.753016488431853759e-03 1.662990862365543165e-02 1.157872967747053394e-02 1.157872967745188220e-02 1.157872967746520487e-02 1.662990862364743805e-02 1.207274537739344566e-02 1.227765959643623006e-02 1.233507561257951579e-02 1.181378415768463697e-02
9.439248496993988624e+01 9.673725452391757074e-03 1.653711983683781028e-02 1.151751796747557677e-02 1.151751796748712309e-02 1.151751796748889944e-02 1.653711983684580389e-02 1.200519652334808285e-02 1.220715277001982457e-02 1.226370539820198502e-02 1.174424782755512098e-02
9.469306613226454772e+01 9.594951018929265274e-03 1.644533089061273046e-02 1.145687138648732173e-02 1.145687138647000225e-02 1.145687138649398307e-02 1.644533089060473685e-02 1.193820844171389339e-02 1.213722006409101439e-02 1.219291475244732581e-02 1.167527625977093919e-02
9.499364729458919498e+01 9.516685962378090835e-03 1.635452491658329066e-02 1.139678309757696795e-02 1.139678309757163888e-02 1.139678309755653984e-02 1.635452491657307661e-02 1.187177457555810278e-02 1.206785469164151081e-02 1.212269677573063476e-02 1.160686272179534129e-02
9.529422845691384225e+01 9.438923185716596720e-03 1.626468549957094112e-02 1.133724639786759525e-02 1.133724639786093391e-02 1.133724639788002975e-02 1.626468549956916476e-02 1.180588849426822406e-02 1.199904999468692779e-02 1.205304469932544364e-02 1.153900060999069055e-02
9.559480961923848952e+01 9.361655668901569527e-03 1.617579660895707150e-02 1.127825466543264099e-02 1.127825466543219690e-02 1.127825466544862820e-02 1.617579660896018012e-02 1.174054384003531126e-02 1.193079938994001665e-02 1.198395183116263141e-02 1.147168339588633401e-02
9.589539078156313678e+01 9.284876448088397183e-03 1.608784256702566751e-02 1.121980133905964294e-02 1.121980133905653432e-02 1.121980133904054711e-02 1.608784256702167070e-02 1.167573430770607601e-02 1.186309634904869625e-02 1.191541153631536787e-02 1.140490460623722058e-02
9.619597194388778405e+01 9.208578724671401261e-03 1.600080814196402912e-02 1.116188002558748948e-02 1.116188002561768755e-02 1.116188002559992398e-02 1.600080814194893009e-02 1.161145375248384681e-02 1.179593450647153929e-02 1.184741734400196478e-02 1.133865793081412221e-02
9.649655310621243132e+01 9.132755722070839965e-03 1.591467840981897197e-02 1.110448436151756368e-02 1.110448436151090235e-02 1.110448436152378093e-02 1.591467840981586335e-02 1.154769605186745096e-02 1.172930752205347815e-02 1.177996281104354281e-02 1.127293708412002715e-02
9.679713426853709279e+01 9.057400767835233069e-03 1.582943880887555110e-02 1.104760809003213495e-02 1.104760809002502953e-02 1.104760809002902633e-02 1.582943880886533705e-02 1.148445518324114900e-02 1.166320915685625792e-02 1.171304159684893875e-02 1.120773588238765939e-02
9.709771543086174006e+01 8.982507290654417886e-03 1.574507512359835104e-02 1.099124505711701616e-02 1.099124505709747623e-02 1.099124505711701616e-02 1.574507512360234784e-02 1.142172521878093150e-02 1.159763326930374205e-02 1.164664745990995343e-02 1.114304823972789293e-02
9.739829659318638733e+01 8.908068770085986188e-03 1.566157344775920279e-02 1.093538916785163906e-02 1.093538916786052084e-02 1.093538916782765824e-02 1.566157344776453186e-02 1.135950028340015905e-02 1.153257377363514635e-02 1.158077421649883476e-02 1.107886812510461283e-02
9.769887775551103459e+01 8.834078778269471854e-03 1.557892019819062668e-02 1.088003442251617159e-02 1.088003442253970832e-02 1.088003442250595754e-02 1.557892019818751805e-02 1.129777459091885206e-02 1.146802467428065242e-02 1.151541577469661348e-02 1.101518959818026389e-02
9.799945891783568186e+01 8.760531039432972733e-03 1.549710215824262605e-02 1.082517497408685969e-02 1.082517497411128460e-02 1.082517497408286289e-02 1.549710215822708292e-02 1.123654250025873935e-02 1.140398012330967603e-02 1.145056619123163699e-02 1.095200686665753764e-02
9.830004008016032913e+01 8.687419227715320602e-03 1.541610629509548858e-02 1.077080493394921845e-02 1.077080493395898841e-02 1.077080493397275518e-02 1.541610629509859720e-02 1.117579832321036193e-02 1.134043422857056171e-02 1.138621948081874891e-02 1.088931409303395270e-02
9.860062124248497639e+01 8.614737130201444160e-03 1.533591989385829635e-02 1.071691852889467000e-02 1.071691852891643038e-02 1.071691852892664443e-02 1.533591989385385546e-02 1.111553648070806588e-02 1.127738120830112933e-02 1.132236977021738866e-02 1.082710555076360492e-02
9.890120240480963787e+01 8.542478732356695303e-03 1.525653062847709407e-02 1.066351018414879448e-02 1.066351018415367946e-02 1.066351018414701812e-02 1.525653062847709407e-02 1.105575158523874890e-02 1.121481547551228530e-02 1.125901138123186485e-02 1.076537570791247234e-02
9.920178356713428514e+01 8.470637934041569395e-03 1.517792630015657451e-02 1.061057424845746056e-02 1.061057424848232955e-02 1.061057424848232955e-02 1.517792630014236366e-02 1.099643816818263176e-02 1.115273136316696778e-02 1.119613855892875875e-02 1.070411895239598010e-02
9.950236472945893240e+01 8.399208795577983722e-03 1.510009504720732920e-02 1.055810523143918545e-02 1.055810523144318225e-02 1.055810523144939950e-02 1.510009504718823337e-02 1.093759091533907934e-02 1.109112336192330517e-02 1.113374570575720313e-02 1.064332982933979821e-02
9.980294589178357967e+01 8.328185465455550940e-03 1.502302527360077633e-02 1.050609773297939142e-02 1.050609773294164384e-02 1.050609773295363425e-02 1.502302527358834183e-02 1.087920459663038741e-02 1.102998604791105564e-02 1.107182731250899721e-02 1.058300297028536008e-02
1.001035270541082269e+02 8.257562062130574532e-03 1.494670554257160333e-02 1.045454633098641395e-02 1.045454633096154495e-02 1.045454633097353536e-02 1.494670554256893880e-02 1.082127395584908669e-02 1.096931397426947896e-02 1.101037784702407762e-02 1.052313298190465929e-02
1.004041082164328742e+02 8.187332874514563485e-03 1.487112474160223741e-02 1.040344577270202464e-02 1.040344577270913007e-02 1.040344577269713966e-02 1.487112474160667830e-02 1.076379390031290129e-02 1.090910185808580124e-02 1.094939194353328205e-02 1.046371463645190403e-02
1.007046893787575215e+02 8.117492244902546616e-03 1.479627197810229333e-02 1.035279086315066266e-02 1.035279086315954444e-02 1.035279086315199493e-02 1.479627197811561601e-02 1.070675938912701852e-02 1.084934447228125265e-02 1.088886429268853817e-02 1.040474276094505157e-02
1.010052705410821829e+02 8.048034527856628983e-03 1.472213653603038352e-02 1.030257642523801920e-02 1.030257642523579875e-02 1.030257642523224604e-02 1.472213653604281802e-02 1.065016539573671039e-02 1.079003660477173554e-02 1.082878960176447691e-02 1.034621219709430662e-02
1.013058517034068302e+02 7.978954216235845109e-03 1.464870798015072140e-02 1.025279742047802145e-02 1.025279742045626108e-02 1.025279742046114606e-02 1.464870798015605047e-02 1.059400702625135082e-02 1.073117317883154342e-02 1.076916271470418351e-02 1.028811792231199007e-02
1.016064328657314775e+02 7.910245843225638396e-03 1.457597606596916506e-02 1.020344885507018518e-02 1.020344885508217558e-02 1.020344885507462607e-02 1.457597606595939510e-02 1.053827942669771645e-02 1.067274915990523709e-02 1.070997851868504824e-02 1.023045495565622076e-02
1.019070140280561247e+02 7.841903964142193928e-03 1.450393071715305737e-02 1.015452576202902080e-02 1.015452576202235946e-02 1.015452576201747448e-02 1.450393071714506377e-02 1.048297776660200853e-02 1.061475953800750105e-02 1.065123192673755881e-02 1.017321834042839157e-02
1.022075951903807720e+02 7.773923253261205701e-03 1.443256210457244393e-02 1.010602329336007799e-02 1.010602329336585115e-02 1.010602329338539107e-02 1.443256210455690081e-02 1.042809732807548073e-02 1.055719941905985948e-02 1.059291796910244443e-02 1.011640323600637714e-02
1.025081763527054193e+02 7.706298445207870884e-03 1.436186059179300756e-02 1.005793666472198922e-02 1.005793666472154513e-02 1.005793666472021286e-02 1.436186059181343566e-02 1.037363345378450319e-02 1.050006397009140002e-02 1.053503173812231353e-02 1.006000486283209483e-02
1.028087575150300665e+02 7.639024279368911152e-03 1.429181668827173013e-02 1.001026110372071898e-02 1.001026110374558797e-02 1.001026110372071898e-02 1.429181668827750329e-02 1.031958149415013182e-02 1.044334836907001574e-02 1.047756833819946110e-02 1.000401845098908282e-02
1.031093386773547280e+02 7.572095616747098745e-03 1.422242113717198109e-02 9.962991958712752449e-03 9.962991958696765238e-03 9.962991958718081520e-03 1.422242113716887246e-02 1.026593691535993003e-02 1.038704791130395932e-02 1.042052299246254421e-02 9.948439348571369578e-03
1.034099198396793753e+02 7.505507380937359585e-03 1.415366486000468882e-02 9.916124642153079094e-03 9.916124642141976864e-03 9.916124642131762812e-03 1.415366486001223834e-02 1.021269524439061271e-02 1.033115795390138203e-02 1.036389098668211162e-02 9.893262965589677549e-03
1.037105010020040226e+02 7.439254492626279358e-03 1.408553890321861957e-02 9.869654570415331563e-03 9.869654570437091934e-03 9.869654570416219741e-03 1.408553890321506685e-02 1.015985200801017285e-02 1.027567385707017777e-02 1.030766761083690142e-02 9.838484713875494947e-03
1.040110821643286698e+02 7.373331994857235117e-03 1.401803454411876260e-02 9.823577284139961563e-03 9.823577284111095764e-03 9.823577284128415243e-03 1.401803454411343353e-02 1.010740285337963229e-02 1.022059110280570948e-02 1.025184827776604024e-02 9.784100127054440321e-03
1.043116633266533171e+02 7.307734916122132773e-03 1.395114315217460543e-02 9.777888311258031706e-03 9.777888311259808063e-03 9.777888311253146725e-03 1.395114315217460543e-02 1.005534341157066081e-02 1.016590515804116635e-02 1.019642838668266549e-02 9.730104724055887999e-03
1.046122444889779644e+02 7.242458422294095755e-03 1.388485633379055173e-02 9.732583317898502173e-03 9.732583317908716225e-03 9.732583317904719422e-03 1.388485633378566675e-02 1.000366944747499431e-02 1.011161162750395803e-02 1.014140347383696295e-02 9.676494160260951105e-03
1.049128256513026116e+02 7.177497722693715332e-03 1.381916585325226876e-02 9.687658020926637192e-03 9.687658020925749014e-03 9.687658020922640389e-03 1.381916585324738378e-02 9.952376774230220491e-03 1.005770616279866303e-02 1.008676912665107395e-02 9.623264139210441215e-03
1.052134068136272731e+02 7.112848022571949258e-03 1.375406356067410130e-02 9.643108132527444809e-03 9.643108132506572616e-03 9.643108132519895292e-03 1.375406356067809810e-02 9.901461196379024443e-03 1.000418441141714965e-02 1.003252092635564807e-02 9.570410358552550179e-03
1.055139879759519204e+02 7.048504625920770650e-03 1.368954150178280926e-02 9.598929466831052082e-03 9.598929466787975429e-03 9.598929466801298105e-03 1.368954150179080287e-02 9.850918616907122782e-03 9.951042119830777466e-03 9.978654555738319942e-03 9.517928615595749875e-03
1.058145691382765676e+02 6.984462847536399011e-03 1.362559183388301065e-02 9.555117854257666465e-03 9.555117854243899700e-03 9.555117854247896503e-03 1.362559183388301065e-02 9.800744952707773905e-03 9.898275050724603119e-03 9.925165713892347696e-03 9.465814722586785024e-03
1.061151503006012149e+02 6.920718109640677795e-03 1.356220689751230779e-02 9.511669230141794884e-03 9.511669230132469011e-03 9.511669230133357189e-03 1.356220689751230779e-02 9.750936221279093985e-03 9.845879068915763810e-03 9.872050203532101165e-03 9.414064594829962829e-03
1.064157314629258622e+02 6.857265885609198364e-03 1.349937918353738553e-02 9.468579587921244212e-03 9.468579587916359230e-03 9.468579587916359230e-03 1.349937918353516508e-02 9.701488496420385133e-03 9.793850096912581904e-03 9.819303885709285140e-03 9.362674204173693226e-03
1.067163126252505094e+02 6.794101638612159988e-03 1.343710125473984718e-02 9.425844912468450687e-03 9.425844912505976225e-03 9.425844912490877192e-03 1.343710125473496220e-02 9.652397839501558607e-03 9.742184047144331061e-03 9.766922612449935315e-03 9.311639512245228900e-03
1.070168937875751567e+02 6.731220895365819246e-03 1.337536581358089727e-02 9.383461252497893312e-03 9.383461252492342197e-03 9.383461252491231974e-03 1.337536581356935095e-02 9.603660373286082574e-03 9.690876894674849140e-03 9.714902298900041089e-03 9.260956543280185471e-03
1.073174749498998182e+02 6.668619328606517627e-03 1.331416579823319069e-02 9.341424808971376947e-03 9.341424808990028694e-03 9.341424808982035088e-03 1.331416579823629931e-02 9.555272370173062413e-03 9.639924766069896123e-03 9.663239013044666592e-03 9.210621472304447721e-03
1.076180561122244654e+02 6.606292526466717163e-03 1.325349413102494545e-02 9.299731697571145261e-03 9.299731697528290653e-03 9.299731697556046228e-03 1.325349413102183682e-02 9.507230014246914607e-03 9.589323700872620648e-03 9.611928736520614081e-03 9.160630387545332098e-03
1.079186372745491127e+02 6.544236156442284624e-03 1.319334389683679554e-02 9.258378118854437844e-03 9.258378118891519293e-03 9.258378118856436245e-03 1.319334389681947606e-02 9.459529572188207780e-03 9.539069823571111328e-03 9.560967536352382723e-03 9.110979461015134007e-03
1.082192184368737600e+02 6.482446015876996981e-03 1.313370837746852260e-02 9.217360403513064071e-03 9.217360403492191878e-03 9.217360403492635967e-03 1.313370837747762643e-02 9.412167437691465466e-03 9.489159386996792733e-03 9.510351609087086544e-03 9.061664993436524540e-03
1.085197995991984072e+02 6.420917834752293274e-03 1.307458085873292042e-02 9.176674817285457308e-03 9.176674817278129836e-03 9.176674817288121844e-03 1.307458085871271436e-02 9.365139938245281570e-03 9.439588578395108343e-03 9.460077086509866007e-03 9.012683219737471774e-03
1.088203807615230545e+02 6.359647472324869710e-03 1.301595483099382555e-02 9.136317760320977754e-03 9.136317760309653480e-03 9.136317760319645487e-03 1.301595483098139105e-02 9.318443532063458434e-03 9.390353718639277147e-03 9.410140234940023163e-03 8.964030507659037639e-03
1.091209619238477018e+02 6.298630826637729996e-03 1.295782387935284774e-02 9.096285669512704786e-03 9.096285669483172853e-03 9.096285669496273485e-03 1.295782387936039726e-02 9.272074712292965870e-03 9.341451164741609858e-03 9.360537356860154645e-03 8.915703261106910915e-03
1.094215430861723632e+02 6.237863728663528562e-03 1.290018160009864800e-02 9.056574922481352985e-03 9.056574922487348189e-03 9.056574922474247558e-03 1.290018160009887005e-02 9.226029910778699161e-03 9.292877213795236457e-03 9.311264696354681902e-03 8.867697823376374799e-03
1.097221242484970105e+02 6.177342203900426654e-03 1.284302184094676669e-02 9.017182091151987322e-03 9.017182091146880296e-03 9.017182091147102341e-03 1.284302184094943122e-02 9.180305751347317411e-03 9.244628356299022798e-03 9.262318691354964884e-03 8.820010731054539477e-03
1.100227054108216578e+02 6.117062239559656334e-03 1.278633846643639771e-02 8.978103708778384373e-03 8.978103708803475413e-03 8.978103708770390767e-03 1.278633846642529548e-02 9.134898816922643050e-03 9.196701043357125016e-03 9.213695741052685406e-03 8.772638481537864408e-03
1.103232865731463050e+02 6.057019875025826394e-03 1.273012546814045187e-02 8.939336369615524802e-03 8.939336369641281976e-03 8.939336369596651011e-03 1.273012546813845347e-02 9.089805749529888956e-03 9.149091787093555084e-03 9.165392306429431812e-03 8.725577631828240754e-03
1.106238677354709523e+02 5.997211200505558892e-03 1.267437693676165544e-02 8.900876716709360537e-03 8.900876716714467562e-03 8.900876716690486745e-03 1.267437693677586630e-02 9.045023238326121984e-03 9.101797147461621051e-03 9.117404897200698244e-03 8.678824787314853850e-03
1.109244488977955996e+02 5.937632291162397991e-03 1.261908700376679349e-02 8.862721380121563186e-03 8.862721380153315565e-03 8.862721380147764449e-03 1.261908700375946601e-02 9.000547956679705308e-03 9.054813671153683075e-03 9.069730009902077228e-03 8.632376539471575683e-03
1.112250300601202468e+02 5.878279405333586283e-03 1.256425004671180012e-02 8.824867178913953225e-03 8.824867178923501143e-03 8.824867178921058652e-03 1.256425004670136403e-02 8.956376766215523588e-03 9.008138093299811189e-03 9.022364330928178688e-03 8.586229667863820580e-03
1.115256112224449083e+02 5.819148616510450012e-03 1.250986030824230433e-02 8.787310747772503206e-03 8.787310747757626217e-03 8.787310747770726849e-03 1.250986030823431072e-02 8.912506341436365886e-03 8.961766964678874459e-03 8.975304362333735853e-03 8.540380767231958714e-03
1.118261923847695556e+02 5.760236287536857347e-03 1.245591236798126999e-02 8.750049011189142689e-03 8.750049011189586778e-03 8.750049011196248117e-03 1.245591236798637702e-02 8.868933645407528488e-03 8.915697124851185151e-03 8.928546896155964419e-03 8.494826721436199435e-03
1.121267735470942029e+02 5.701538624784285858e-03 1.240240071235620967e-02 8.713078744956304078e-03 8.713078744955859989e-03 8.713078744944535714e-03 1.240240071235709785e-02 8.825655490777739587e-03 8.869925265196476616e-03 8.882088576444013839e-03 8.449564264719988671e-03
1.124273547094188501e+02 5.643051934104192924e-03 1.234931996463983772e-02 8.676396821122756009e-03 8.676396821119203295e-03 8.676396821126974856e-03 1.234931996463983772e-02 8.782668784787617255e-03 8.824448172513710276e-03 8.835926143481387385e-03 8.404590227448549555e-03
1.127279358717434974e+02 5.584772645995883522e-03 1.229666492715497661e-02 8.640000241551204496e-03 8.640000241556977656e-03 8.640000241535439329e-03 1.229666492716074977e-02 8.739970562990029279e-03 8.779262763536577197e-03 8.790056467806950380e-03 8.359901569004568600e-03
1.130285170340681447e+02 5.526697011372094792e-03 1.224443027537724937e-02 8.603885833238900105e-03 8.603885833250002335e-03 8.603885833243340997e-03 1.224443027538546502e-02 8.697557684492984720e-03 8.734365779845765232e-03 8.744476246098420447e-03 8.315495073335510412e-03
1.133290981963927919e+02 5.468821609872609457e-03 1.219261104161550868e-02 8.568050746353694791e-03 8.568050746342592561e-03 8.568050746342814605e-03 1.219261104162550069e-02 8.655427329862908081e-03 8.689754285855499916e-03 8.699182497723167984e-03 8.271367847574984111e-03
1.136296793587174534e+02 5.411142749058184265e-03 1.214120205908253425e-02 8.532491873884051614e-03 8.532491873901815183e-03 8.532491873884939793e-03 1.214120205906832339e-02 8.613576421635293912e-03 8.645425089282232634e-03 8.654171986153702534e-03 8.227516740326512590e-03
1.139302605210421007e+02 5.353657048267512764e-03 1.209019848709225187e-02 8.497206409813662376e-03 8.497206409826763007e-03 8.497206409819990647e-03 1.209019848708470235e-02 8.572002181140625510e-03 8.601375297886626470e-03 8.609441775819903775e-03 8.183938901771048435e-03
1.142308416833667479e+02 5.296360944453959441e-03 1.203959536790644158e-02 8.462191378218575366e-03 8.462191378184047430e-03 8.462191378217354121e-03 1.203959536789911411e-02 8.530701659479777987e-03 8.557601850427976053e-03 8.564988762073344475e-03 8.140631311201351750e-03
1.145314228456913952e+02 5.239251039466319426e-03 1.198938793884340992e-02 8.427443965383862867e-03 8.427443965420611249e-03 8.427443965362768630e-03 1.198938793884674059e-02 8.489672067961140378e-03 8.514101847068022977e-03 8.520810002918821624e-03 8.097591109999746628e-03
1.148320040080160425e+02 5.182323906435581939e-03 1.193957145564883415e-02 8.392961334098836268e-03 8.392961334108495208e-03 8.392961334084958480e-03 1.193957145564772393e-02 8.448910593421121717e-03 8.470872365121451253e-03 8.476902533447350230e-03 8.054815415650562471e-03
1.151325851703406897e+02 5.125576177984925152e-03 1.189014126422371920e-02 8.358740704899281226e-03 8.358740704888956152e-03 8.358740704894063178e-03 1.189014126421572559e-02 8.408414479174397549e-03 8.427910539178240512e-03 8.433263446963490395e-03 8.012301403417465551e-03
1.154331663326653512e+02 5.069004485723116460e-03 1.184109276378308984e-02 8.324779307051777266e-03 8.324779307063212563e-03 8.324779307023577601e-03 1.184109276377687259e-02 8.368180976028982698e-03 8.385213513227740556e-03 8.389889846380338412e-03 7.970046256411178476e-03
1.157337474949899985e+02 5.012605574160056143e-03 1.179242148447545713e-02 8.291074475647142172e-03 8.291074475650694886e-03 8.291074475640036745e-03 1.179242148446735250e-02 8.328207439841306403e-03 8.342778536584050109e-03 8.346778940760191112e-03 7.928047264325166488e-03
1.160343286573146457e+02 4.956376070664791911e-03 1.174412289855730762e-02 8.257623441811690057e-03 8.257623441817796284e-03 8.257623441821126953e-03 1.174412289854742664e-02 8.288491121334340406e-03 8.300602755251018650e-03 8.303927835942026547e-03 7.886301611517043675e-03
1.163349098196392930e+02 4.900312802405326629e-03 1.169619269236399361e-02 8.224423628427568467e-03 8.224423628413246590e-03 8.224423628399479824e-03 1.169619269238009185e-02 8.249029461345869230e-03 8.258683506620956294e-03 8.261333830230310760e-03 7.844806675044946331e-03
1.166354909819639403e+02 4.844412514424578653e-03 1.164862652729625747e-02 8.191472389057041781e-03 8.191472389048048974e-03 8.191472389016740685e-03 1.164862652729625747e-02 8.209819831614284524e-03 8.217018059436531630e-03 8.218994153379344247e-03 7.803559761614731194e-03
1.169360721442885875e+02 4.788671990250903399e-03 1.160142011707043785e-02 8.158767108336184570e-03 8.158767108315423400e-03 8.158767108314757266e-03 1.160142011708287235e-02 8.170859633015004064e-03 8.175603713776014025e-03 8.176906066629463510e-03 7.762558209847503221e-03
1.172366533066132348e+02 4.733088122000017606e-03 1.155456933627452276e-02 8.126305290982904772e-03 8.126305290992896779e-03 8.126305290978241835e-03 1.155456933626453075e-02 8.132146385602334604e-03 8.134437889455670145e-03 8.135066952280500807e-03 7.721799477253377120e-03
1.175372344689378963e+02 4.677657702140680662e-03 1.150806997803677234e-02 8.094084337257667627e-03 8.094084337234130899e-03 8.094084337233020676e-03 1.150806997804321163e-02 8.093677504825258495e-03 8.093517902641900186e-03 8.093474088717633741e-03 7.681280917880783932e-03
1.178378156312625435e+02 4.622377676414657355e-03 1.146191803332136105e-02 8.062101809220290072e-03 8.062101809224675453e-03 8.062101809221067228e-03 1.146191803332308190e-02 8.055450566513133737e-03 8.052841231091067975e-03 8.052124916914982222e-03 7.641000046634538467e-03
1.181383967935871908e+02 4.567244941171166861e-03 1.141610946630539081e-02 8.030355217728546435e-03 8.030355217752638275e-03 8.030355217714058025e-03 1.141610946630694512e-02 8.017463094528720635e-03 8.012405302441572008e-03 8.011016827487227321e-03 7.600954328015108175e-03
1.184389779559118381e+02 4.512256430306171850e-03 1.137064031631801475e-02 7.998842116911153433e-03 7.998842116864801621e-03 7.998842116875959363e-03 1.137064031631801475e-02 7.979712655431181467e-03 7.972207587101376447e-03 7.970147254903470202e-03 7.561141269109228347e-03
1.187395591182364853e+02 4.457409148655555597e-03 1.132550671909199336e-02 7.967560132034368081e-03 7.967560132063178369e-03 7.967560132026318964e-03 1.132550671910009799e-02 7.942196886124353039e-03 7.932245627548906164e-03 7.929513705805524282e-03 7.521558448807308395e-03
1.190401402805611326e+02 4.402700050774865925e-03 1.128070479373438628e-02 7.936506842797785843e-03 7.936506842798396466e-03 7.936506842778356940e-03 1.128070479372855761e-02 7.904913377095756921e-03 7.892516920719461204e-03 7.889113641734113447e-03 7.482203399938047728e-03
1.193407214428857799e+02 4.348126194715751236e-03 1.123623078995072966e-02 7.905679933778719803e-03 7.905679933790543679e-03 7.905679933784715008e-03 1.123623078995350522e-02 7.867859822846601237e-03 7.853019068803923641e-03 7.848944630227838726e-03 7.443073760528495786e-03
1.196413026052104414e+02 4.293684618458082358e-03 1.119208096574292322e-02 7.875077072343361628e-03 7.875077072346026164e-03 7.875077072318104054e-03 1.119208096574064726e-02 7.831033900643935564e-03 7.813749657350821387e-03 7.809004222145254914e-03 7.404167151528029400e-03
1.199418837675350886e+02 4.239372388173678896e-03 1.114825163713489831e-02 7.844695957470976255e-03 7.844695957464037361e-03 7.844695957458264202e-03 1.114825163713306644e-02 7.794433318312782299e-03 7.774706303937783947e-03 7.769290001030049186e-03 7.365481225536124610e-03
1.202424649298597359e+02 4.185186624471259886e-03 1.110473919921514674e-02 7.814534343975415576e-03 7.814534343972029395e-03 7.814534343971529795e-03 1.110473919922710939e-02 7.758055838872096599e-03 7.735886682461223796e-03 7.729799606899678821e-03 7.327013691225431335e-03
1.205430460921843832e+02 4.131124426686977325e-03 1.106154005552881237e-02 7.784589969606708904e-03 7.784589969580008040e-03 7.784589969588362468e-03 1.106154005552881237e-02 7.721899207948440536e-03 7.697288449783540321e-03 7.690530663697237035e-03 7.288762240115487234e-03
1.208436272545090304e+02 4.077182943342250176e-03 1.101865068571677986e-02 7.754860624457265983e-03 7.754860624244380718e-03 7.754860624430287563e-03 1.101865068571336592e-02 7.685961222381992863e-03 7.658909315945122698e-03 7.651480848319652806e-03 7.250724616130771460e-03
1.211442084168336777e+02 4.023359368405615699e-03 1.097606763425375276e-02 7.725344143061502189e-03 7.725344143037438105e-03 7.725344143031068200e-03 1.097606763425748588e-02 7.650239724329460644e-03 7.620747036496677840e-03 7.612647883610407229e-03 7.212898608951925916e-03
1.214447895791583250e+02 3.969650836580698727e-03 1.093378742398103121e-02 7.696038310506164715e-03 7.696038310509356606e-03 7.696038310483543921e-03 1.093378742398318226e-02 7.614732504196433660e-03 7.582799316469129858e-03 7.574029442783777877e-03 7.175281956983484144e-03
1.217453707414829864e+02 3.916054658276872658e-03 1.089180676045796783e-02 7.666941080720975077e-03 7.666941080717734613e-03 7.666941080697146915e-03 1.089180676045796783e-02 7.579437521894556717e-03 7.545064031917549097e-03 7.535623369805705130e-03 7.137872569854819549e-03
1.220459519038076337e+02 3.862567943109337498e-03 1.085012219485709598e-02 7.638050221299733274e-03 7.638050221296552658e-03 7.638050221283831931e-03 1.085012219486134084e-02 7.544352550564145318e-03 7.507538871633509525e-03 7.497427322419107990e-03 7.100668169074726525e-03
1.223465330661322810e+02 3.809188106549267483e-03 1.080873058452992350e-02 7.609363796235463911e-03 7.609363796247003292e-03 7.609363796233437754e-03 1.080873058452286664e-02 7.509475658876659659e-03 7.470221822941321838e-03 7.459439256442362137e-03 7.063666774950860122e-03
1.226471142284569282e+02 3.755912249786316770e-03 1.076762851929038978e-02 7.580879570324230987e-03 7.580879570315446347e-03 7.580879570295573355e-03 1.076762851929038978e-02 7.474804615918054229e-03 7.433110572880360922e-03 7.421656828446379639e-03 7.026866106516233001e-03
1.229476953907815755e+02 3.702737868730959780e-03 1.072681298623461010e-02 7.552595695110062013e-03 7.552595695120900565e-03 7.552595695069469484e-03 1.072681298623461010e-02 7.440337577856101503e-03 7.396203196980741246e-03 7.384078083488412880e-03 6.990264271934207296e-03
1.232482765531062228e+02 3.649662076758514173e-03 1.068628062941634482e-02 7.524509951521707318e-03 7.524509951551738851e-03 7.524509951533225882e-03 1.068628062942608703e-02 7.406072328800694660e-03 7.359497400137582357e-03 7.346700696549440801e-03 6.953859007424706418e-03
1.235488577154308700e+02 3.596682441223658655e-03 1.064602855472324139e-02 7.496620569869799633e-03 7.496620569901774056e-03 7.496620569891754293e-03 1.064602855472318588e-02 7.372007102905420162e-03 7.322991337594508821e-03 7.309522793026351772e-03 6.917648500194162331e-03
1.238494388777555315e+02 3.543796091902334799e-03 1.060605346738172083e-02 7.468925353839056536e-03 7.468925353847161164e-03 7.468925353847244430e-03 1.060605346738568988e-02 7.338139706570545595e-03 7.286682738067123966e-03 7.272542072392029766e-03 6.881630509795483297e-03
1.241500200400801788e+02 3.491000636600100071e-03 1.056635255365190318e-02 7.441422578233408691e-03 7.441422578245621144e-03 7.441422578248507724e-03 1.056635255365356851e-02 7.304468417691084570e-03 7.250569802721540391e-03 7.235756706615692480e-03 6.845803268865385816e-03
1.244506012024048260e+02 3.438293269403092101e-03 1.052692263095400538e-02 7.414110120114170144e-03 7.414110120127659354e-03 7.414110120141259586e-03 1.052692263094923142e-02 7.270991115942260219e-03 7.214650334579297830e-03 7.199164470204688637e-03 6.810164610534907847e-03
1.247511823647294733e+02 3.385671599479278537e-03 1.048776092306041852e-02 7.386986258618055690e-03 7.386986258607619593e-03 7.386986258605898747e-03 1.048776092306480390e-02 7.237706082541095487e-03 7.178922540672871833e-03 7.162763541531669276e-03 6.774712772957103279e-03
1.250517635270541206e+02 3.333132911795932962e-03 1.044886438251457772e-02 7.360048969535515351e-03 7.360048969545118780e-03 7.360048969531018948e-03 1.044886438251835248e-02 7.204611295400398241e-03 7.143384323817780768e-03 7.126551795712254833e-03 6.739445688468126416e-03
1.253523446893787678e+02 3.280674784863990556e-03 1.041023024733822577e-02 7.333296509914710715e-03 7.333296509898779014e-03 7.333296509916265027e-03 1.041023024733606084e-02 7.171705013654827710e-03 7.108033870320329406e-03 7.090527390802958685e-03 6.704361573585948531e-03
1.256529258517034151e+02 3.228294591376301703e-03 1.037185558623093806e-02 7.306726943400732033e-03 7.306726943402785945e-03 7.306726943388242024e-03 1.037185558623093806e-02 7.138985302368283659e-03 7.072869172500328983e-03 7.054688291952770918e-03 6.669458450154597262e-03
1.259535070140280766e+02 3.175989918765387277e-03 1.033373769968759515e-02 7.280338550332166037e-03 7.280338550380016649e-03 7.280338550350262672e-03 1.033373769968909395e-02 7.106450443045420062e-03 7.037888440495077003e-03 7.019032682037129600e-03 6.634734557414256884e-03
1.262540881763527238e+02 3.123758202384252503e-03 1.029587374673596178e-02 7.254129457337832321e-03 7.254129457341940146e-03 7.254129457339941744e-03 1.029587374674129086e-02 7.074098564035680159e-03 7.003089731705658405e-03 6.983558591424854356e-03 6.600187982119920527e-03
1.265546693386773711e+02 3.071597017577087918e-03 1.025826105800625720e-02 7.228097941413769156e-03 7.228097941409772353e-03 7.228097941424094230e-03 1.025826105801702637e-02 7.041927943364278963e-03 6.968471253788632858e-03 6.948264201420639719e-03 6.565816960536707825e-03
1.268552505010020184e+02 3.019503897677244808e-03 1.022089692746408485e-02 7.202242233533162619e-03 7.202242233517508474e-03 7.202242233517175407e-03 1.022089692746097622e-02 7.009936813138994971e-03 6.934031169945398254e-03 6.913147648778816823e-03 6.531619684646439161e-03
1.271558316633266656e+02 2.967476408623714867e-03 1.018377871377262878e-02 7.176560608317505974e-03 7.176560608286197684e-03 7.176560608290194487e-03 1.018377871378128852e-02 6.978123448438733334e-03 6.899767686961433277e-03 6.878207114238477082e-03 6.497594389080041388e-03
1.274564128256513129e+02 2.915512105445716706e-03 1.014690376815585715e-02 7.151051324541080056e-03 7.151051324539414722e-03 7.151051324546187082e-03 1.014690376815430284e-02 6.946486109293714684e-03 6.865678997092450331e-03 6.843440764503716522e-03 6.463739294703896299e-03
1.277569939879759602e+02 2.863608625422120468e-03 1.011026955589910958e-02 7.125712734781797231e-03 7.125712734778910651e-03 7.125712734782907454e-03 1.011026955590210719e-02 6.915023148697740929e-03 6.831763387124878406e-03 6.808846860239858856e-03 6.430052715180156753e-03
1.280575751503006074e+02 2.811763529704469633e-03 1.007387347628807550e-02 7.100543114620827545e-03 7.100543114627488883e-03 7.100543114614610296e-03 1.007387347630206431e-02 6.883732842866141510e-03 6.798019066261762333e-03 6.774423586463629299e-03 6.396532888012895768e-03
1.283581563126252547e+02 2.759974493247274729e-03 1.003771305513034839e-02 7.075540854191375573e-03 7.075540854188155926e-03 7.075540854201034513e-03 1.003771305513023737e-02 6.852613582643440893e-03 6.764444361150090401e-03 6.740169244017324424e-03 6.363178166742700093e-03
1.286587374749499020e+02 2.708239113403010379e-03 1.000178577119026357e-02 7.050704277554276089e-03 7.050704277521302465e-03 7.050704277557606758e-03 1.000178577120636181e-02 6.821663692433088677e-03 6.731037531168215793e-03 6.706082067946317338e-03 6.329986837594225868e-03
1.289593186372745492e+02 2.656555082295009029e-03 9.966089198229277635e-03 7.026031797275567037e-03 7.026031797271348189e-03 7.026031797284448821e-03 9.966089198229277635e-03 6.790881585406971510e-03 6.697796925943855229e-03 6.672160383655478810e-03 6.296957277475145887e-03
1.292598997995991965e+02 2.604920043123959417e-03 9.930620895760466915e-03 7.001521791276443807e-03 7.001521791244358361e-03 7.001521791281550833e-03 9.930620895762798384e-03 6.760265639550677719e-03 6.664720860916295564e-03 6.638402481773275632e-03 6.264087827382525120e-03
1.295604809619238438e+02 2.553331697069172179e-03 9.895378478840588521e-03 6.977172687966826103e-03 6.977172687987698296e-03 6.977172687977706289e-03 9.895378478840477499e-03 6.729814284037516359e-03 6.631807702834557894e-03 6.604806705799437516e-03 6.231376881203787299e-03
1.298610621242484910e+02 2.501787720106785073e-03 9.860359571760346498e-03 6.952982905025217875e-03 6.952982905017446313e-03 6.952982905018667559e-03 9.860359571749133245e-03 6.699525936647465763e-03 6.599055808107268106e-03 6.571371388209623632e-03 6.198822820704941172e-03
1.301616432865731383e+02 2.450285866599899443e-03 9.825561878026523033e-03 6.928950933226762920e-03 6.928950933226096787e-03 6.928950933219546471e-03 9.825561878034960728e-03 6.669399088810812337e-03 6.566463607444061878e-03 6.538094936379912347e-03 6.166424102774015203e-03
1.304622244488977856e+02 2.398823810755401631e-03 9.790983044247414391e-03 6.905075191349197006e-03 6.905075191351639496e-03 6.905075191348863939e-03 9.790983044244194744e-03 6.639432159767255648e-03 6.534029460213086615e-03 6.504975686403402513e-03 6.134179112116999733e-03
1.307628056112224328e+02 2.347399319003962148e-03 9.756620827975903687e-03 6.881354196209943375e-03 6.881354196222155828e-03 6.881354196222488895e-03 9.756620827985118538e-03 6.609623666468000813e-03 6.501751824291357451e-03 6.472012073251098840e-03 6.102086331632339267e-03
1.310633867735471085e+02 2.296010168886475356e-03 9.722473001144482652e-03 6.857786472121651933e-03 6.857786472103000186e-03 6.857786472119986598e-03 9.722473001140041760e-03 6.579972133785916277e-03 6.469629166291013256e-03 6.439202540868604885e-03 6.070144253419895719e-03
1.313639679358717558e+02 2.244654063266904309e-03 9.688537293723098465e-03 6.834370483229434967e-03 6.834370483204788016e-03 6.834370483225438164e-03 9.688537293724097665e-03 6.550476026674467711e-03 6.437659892696956376e-03 6.406545473253588696e-03 6.038351308281231233e-03
1.316645490981964031e+02 2.193328833727137273e-03 9.654811560611542554e-03 6.811104814827717568e-03 6.811104814833490728e-03 6.811104814843038646e-03 9.654811560611542554e-03 6.521133930876055196e-03 6.405842532675731782e-03 6.374039377475493318e-03 6.006706050483257009e-03
1.319651302605210503e+02 2.142032229494716944e-03 9.621293605110547986e-03 6.787987983517540513e-03 6.787987983534193859e-03 6.787987983531085234e-03 9.621293605110547986e-03 6.491944363597568213e-03 6.374175547100069394e-03 6.341682692032613033e-03 5.975206964621948558e-03
1.322657114228456976e+02 2.090762111378818844e-03 9.587981347644491947e-03 6.765018615822127046e-03 6.765018615847884220e-03 6.765018615846996042e-03 9.587981347648932839e-03 6.462905951934105886e-03 6.342657507349969137e-03 6.309473966904954878e-03 5.943852646592029387e-03
1.325662925851703449e+02 2.039516206021829703e-03 9.554872589907059677e-03 6.742195208725432209e-03 6.742195208742529644e-03 6.742195208732537637e-03 9.554872589907059677e-03 6.434017194018482044e-03 6.311286856477194007e-03 6.277411623446527145e-03 5.912641563305509607e-03
1.328668737474949921e+02 1.988292417222536912e-03 9.521965331590998005e-03 6.719516444327444660e-03 6.719516444348316853e-03 6.719516444341877559e-03 9.521965331589443693e-03 6.405276772670331908e-03 6.280062222782545334e-03 6.245494268831253137e-03 5.881572366585263723e-03
1.331674549098196394e+02 1.937088543462195389e-03 9.489257471366974173e-03 6.696980897464399618e-03 6.696980897441306979e-03 6.696980897444859693e-03 9.489257471366974173e-03 6.376683263551674585e-03 6.248982129021696252e-03 6.213720404301126266e-03 5.850643602587357606e-03
1.334680360721442867e+02 1.885902425488916734e-03 9.456746975327723348e-03 6.674587196161763103e-03 6.674587196169090575e-03 6.674587196175751913e-03 9.456746975333496508e-03 6.348235296178561526e-03 6.218045150970574753e-03 6.182088584961942246e-03 5.819853870293600906e-03
1.337686172344689339e+02 1.834731940829170682e-03 9.424431847200542833e-03 6.652334001326698498e-03 6.652334001336024372e-03 6.652334001311377421e-03 9.424431847194769674e-03 6.319931532557054865e-03 6.187249898838009798e-03 6.150597400250701341e-03 5.789201803125143542e-03
1.340691983967935812e+02 1.783574957589184606e-03 9.392310113461643795e-03 6.630219980126250690e-03 6.630219980116480727e-03 6.630219980119589351e-03 9.392310113466528776e-03 6.291770640805438575e-03 6.156594988908192789e-03 6.119245446030374680e-03 5.758686039594396178e-03
1.343697795591182285e+02 1.732429329687645847e-03 9.360379774235427774e-03 6.608243773550848132e-03 6.608243773567723522e-03 6.608243773542632482e-03 9.360379774235427774e-03 6.263751263988481810e-03 6.126079013467400358e-03 6.088031294358753343e-03 5.728305195378924353e-03
1.346703607214428757e+02 1.681292985607596435e-03 9.328638949217316068e-03 6.586404121319944238e-03 6.586404121355027286e-03 6.586404121354139107e-03 9.328638949224643540e-03 6.235872142978715615e-03 6.095700662818392956e-03 6.056953615250160183e-03 5.698057982160387169e-03
1.349709418837675230e+02 1.630163762978309450e-03 9.297085654005554645e-03 6.564699659926676034e-03 6.564699659919126518e-03 6.564699659937112131e-03 9.297085654014658473e-03 6.208131916188852628e-03 6.065458525680300639e-03 6.026010977818074821e-03 5.667943011493203898e-03
1.352715230460921987e+02 1.579039651578906245e-03 9.265718081506113535e-03 6.543129189773067012e-03 6.543129189754637309e-03 6.543129189748420060e-03 9.265718081509666249e-03 6.180529385806599052e-03 6.035351355583307154e-03 5.995202115696596223e-03 5.637959058530706002e-03
1.355721042084168459e+02 1.527918489649282563e-03 9.234534291271412343e-03 6.521691367261661654e-03 6.521691367274762285e-03 6.521691367280757490e-03 9.234534291273410744e-03 6.153063210373233005e-03 6.005377761948649251e-03 5.964525619074123597e-03 5.608104754377229995e-03
1.358726853707414932e+02 1.476798242647570092e-03 9.203532468772257502e-03 6.500384971662054312e-03 6.500384971643180521e-03 6.500384971675154944e-03 9.203532468776032260e-03 6.125732171381681468e-03 5.975536479193133133e-03 5.933980202716959695e-03 5.578378855007226633e-03
1.361732665330661405e+02 1.425676871657177713e-03 9.172710822348495441e-03 6.479208791253965316e-03 6.479208791265733680e-03 6.479208791243751264e-03 9.172710822344720683e-03 6.098535059426257732e-03 5.945826250291830206e-03 5.903564590827414804e-03 5.548780124654317802e-03
1.364738476953907877e+02 1.374552243798232709e-03 9.142067470282455588e-03 6.458161519188987398e-03 6.458161519215188662e-03 6.458161519224736580e-03 9.142067470280679231e-03 6.071470570150339086e-03 5.916245724583157894e-03 5.873277413720900952e-03 5.519307233844639171e-03
1.367744288577154350e+02 1.323422400268059462e-03 9.111600725381974186e-03 6.437242032603984754e-03 6.437242032587997542e-03 6.437242032604650888e-03 9.111600725381752142e-03 6.044537583534070890e-03 5.886793735728756971e-03 5.843117486312721098e-03 5.489959036856228991e-03
1.370750100200400823e+02 1.272285243095305773e-03 9.081308764519180343e-03 6.416449067643492654e-03 6.416449067630614067e-03 6.416449067644158788e-03 9.081308764519402388e-03 6.017734838350552451e-03 5.857468977483515360e-03 5.813083484147441027e-03 5.460734248598608787e-03
1.373755911823647295e+02 1.221138754319506248e-03 9.051189866321029953e-03 6.395781451373983018e-03 6.395781451369098036e-03 6.395781451387083649e-03 9.051189866314368615e-03 5.991061165104838437e-03 5.828270235713528535e-03 5.783174174028626879e-03 5.431631674823966804e-03
1.376761723446893768e+02 1.169980929141445358e-03 9.021242332753365289e-03 6.375238027300778043e-03 6.375238027289009679e-03 6.375238027300333954e-03 9.021242332751588933e-03 5.964515410278981022e-03 5.799196311938370485e-03 5.753388340277387769e-03 5.402650137890763204e-03
1.379767535070140241e+02 1.118809722956637387e-03 8.991464430677442721e-03 6.354817598691164804e-03 6.354817598696493874e-03 6.354817598695161607e-03 8.991464430674112052e-03 5.938096380749380288e-03 5.770245970624365839e-03 5.723724728709189691e-03 5.373788422184500035e-03
1.382773346693386713e+02 1.067623157925856603e-03 8.961854524012657919e-03 6.334519052553222451e-03 6.334519052547893381e-03 6.334519052559439700e-03 8.961854524024426283e-03 5.911802966955370664e-03 5.741418058242242495e-03 5.694182168245021103e-03 5.345045393803316003e-03
1.385779158316633186e+02 1.016419211245178644e-03 8.932410920808875332e-03 6.314341220433172808e-03 6.314341220408081767e-03 6.314341220427621693e-03 8.932410920811761912e-03 5.885634004731743474e-03 5.712711368965672776e-03 5.664759435207944449e-03 5.316419867020805157e-03
1.388784969939879659e+02 9.651959032832557739e-04 8.903132005730896026e-03 6.294282996124334062e-03 6.294282996126554508e-03 6.294282996112565698e-03 8.903132005730896026e-03 5.859588391473158353e-03 5.684124757696418229e-03 5.635455367527297810e-03 5.287910716167187886e-03
1.391790781563126131e+02 9.139512291600482286e-04 8.874016138243900897e-03 6.274343245307623107e-03 6.274343245292524074e-03 6.274343245286972959e-03 8.874016138243012719e-03 5.833664997286325260e-03 5.655657054020934993e-03 5.606268776958245326e-03 5.259516789966056649e-03
1.394796593186372888e+02 8.626832199871703466e-04 8.845061730901715435e-03 6.254520877856606376e-03 6.254520877840841209e-03 6.254520877853719796e-03 8.845061730904602015e-03 5.807862736595392761e-03 5.627307131140568686e-03 5.577198519844284164e-03 5.231236980916653678e-03
1.397802404809619361e+02 8.113899185444584106e-04 8.816267215719042483e-03 6.234814818012024418e-03 6.234814817984046798e-03 6.234814818017353488e-03 8.816267215713047278e-03 5.782180538258963054e-03 5.599073878060467635e-03 5.548243468422864311e-03 5.203070197099091132e-03
1.400808216432865834e+02 7.600693130342950354e-04 8.787630990871653225e-03 6.215223946320680426e-03 6.215223946339554217e-03 6.215223946333781058e-03 8.787630990872319359e-03 5.756617287919763015e-03 5.570956140382055111e-03 5.519402451346966387e-03 5.175015302669949691e-03
1.403814028056112306e+02 7.087195148198777161e-04 8.759151574996071332e-03 6.195747262025097513e-03 6.195747262001782829e-03 6.195747262004447364e-03 8.759151574993406797e-03 5.731171989744821005e-03 5.542952884088014898e-03 5.490674418086038955e-03 5.147071282609605447e-03
1.406819839679358779e+02 6.573384686729966120e-04 8.730827353500503207e-03 6.176383617609637611e-03 6.176383617576552965e-03 6.176383617615188726e-03 8.730827353498948895e-03 5.705843501449425759e-03 5.515062927815561622e-03 5.462058170681904912e-03 5.119236973363916476e-03
1.409825651302605252e+02 6.059243183673679312e-04 8.702656899209015862e-03 6.157132054187997028e-03 6.157132054193770188e-03 6.157132054199987437e-03 8.702656899212346531e-03 5.680630870009473199e-03 5.487285281230436240e-03 5.433552702512445265e-03 5.091511403313875306e-03
1.412831462925851724e+02 5.544750624884020596e-04 8.674638671716916605e-03 6.137991486878879854e-03 6.137991486868221713e-03 6.137991486871330338e-03 8.674638671713363891e-03 5.655533016223568410e-03 5.459618826830991978e-03 5.405156880414541121e-03 5.063893472963210129e-03
1.415837274549098197e+02 5.029887840548585842e-04 8.646771212095893944e-03 6.118960910717063939e-03 6.118960910714399404e-03 6.118960910706405798e-03 8.646771212095449854e-03 5.630548941483626280e-03 5.432062529714398735e-03 5.376869653183291575e-03 5.036382165383823661e-03
1.418843086172344670e+02 4.514635264796229563e-04 8.619053044725877299e-03 6.100039294411496726e-03 6.100039294409498325e-03 6.100039294397063827e-03 8.619053044710778266e-03 5.605677620260429705e-03 5.404615328345574454e-03 5.348689943301065952e-03 5.008976436416956446e-03
1.421848897795591142e+02 3.998974180634551345e-04 8.591482782476456137e-03 6.081225691740188566e-03 6.081225691727087934e-03 6.081225691744407413e-03 8.591482782481785208e-03 5.580918113078814358e-03 5.377276247144679999e-03 5.320616760016161351e-03 4.981675328465051678e-03
1.424854709418837615e+02 3.482884439509614793e-04 8.564058912781780109e-03 6.062519023209311797e-03 6.062519023190215961e-03 6.062519023208645663e-03 8.564058912778449439e-03 5.556269347318565366e-03 5.350044178336288425e-03 5.292648979631664474e-03 4.954477750766406174e-03
1.427860521042084088e+02 2.966347704234095772e-04 8.536780112209818583e-03 6.043918393799030397e-03 6.043918393808134226e-03 6.043918393801472888e-03 8.536780112210928806e-03 5.531730434692461174e-03 5.322918198953585645e-03 5.264785664171878210e-03 4.927382797817347893e-03
1.430866332665330560e+02 2.449344281418852631e-04 8.509644934950877371e-03 6.025422779875722057e-03 6.025422779890377001e-03 6.025422779875277968e-03 8.509644934952653728e-03 5.507300359067102136e-03 5.295897258738246904e-03 5.237025747976797874e-03 4.900389436316654468e-03
1.433872144288577033e+02 1.931854784564812633e-04 8.482651979289101973e-03 6.007031195720546890e-03 6.007031195726320050e-03 6.007031195736090012e-03 8.482651979287769706e-03 5.482978142084427020e-03 5.268980345106921703e-03 5.209368203925368590e-03 4.873496670753318938e-03
1.436877955911823790e+02 1.413861474541810992e-04 8.455800015457093366e-03 5.988742823368031765e-03 5.988742823380466263e-03 5.988742823398673920e-03 8.455800015454428831e-03 5.458762973411079855e-03 5.242166615521348660e-03 5.181812173893352025e-03 4.846703674983743326e-03
1.439883767535070263e+02 8.953435163938650021e-05 8.429087519120415095e-03 5.970556543837268748e-03 5.970556543815952466e-03 5.970556543828386964e-03 8.429087519128852790e-03 5.434653742167672164e-03 5.215454925633355998e-03 5.154356499434520344e-03 4.820009321642615419e-03
1.442889579158316735e+02 3.762828864495304515e-05 8.402513263514155284e-03 5.952471528655856048e-03 5.952471528668290546e-03 5.952471528669178724e-03 8.402513263506605767e-03 5.410649627933139527e-03 5.188844423146488083e-03 5.127000313295937417e-03 4.793412774323435599e-03
1.445895390781563208e+02 1.433389315419475452e-05 8.376075968704821406e-03 5.934486895842638887e-03 5.934486895844859333e-03 5.934486895849300225e-03 8.376075968709262298e-03 5.386749757434472485e-03 5.162334203656193665e-03 5.099742696644149476e-03 4.766913145265228025e-03
1.448901202404809681e+02 6.635422520595568585e-05 8.349774203905369063e-03 5.916601601895887796e-03 5.916601601876347871e-03 5.916601601901216867e-03 8.349774203899151814e-03 5.362953095779499080e-03 5.135923200312308978e-03 5.072582568631300859e-03 4.740509383678315203e-03
1.451907014028056153e+02 1.184344867573017268e-04 8.323606799374605458e-03 5.898814860148871020e-03 5.898814860158196893e-03 5.898814860168410945e-03 8.323606799379046350e-03 5.339258864919926850e-03 5.109610604589143179e-03 5.045519106416040955e-03 4.714200696644965660e-03
1.454912825651302626e+02 1.705765842658912845e-04 8.297572451065882149e-03 5.881125750108573413e-03 5.881125750099247540e-03 5.881125750117455198e-03 8.297572451069878952e-03 5.315666154335207949e-03 5.083395476202401397e-03 5.018551355890021881e-03 4.687986160376134137e-03
1.457918637274549098e+02 2.227824559408730920e-04 8.271669864332142907e-03 5.863533346883720299e-03 5.863533346913474276e-03 5.863533346895710707e-03 8.271669864328590194e-03 5.292174047760056510e-03 5.057276868953408666e-03 4.991678356608630907e-03 4.661864843422680593e-03
1.460924448897795571e+02 2.750539262810214325e-04 8.245897851014483138e-03 5.846036832849232923e-03 5.846036832844792031e-03 5.846036832850121101e-03 8.245897851009598156e-03 5.268781737584937730e-03 5.031253945934288652e-03 4.964899258216526334e-03 4.635835924731157576e-03
1.463930260521042044e+02 3.273929147584730970e-04 8.220255132136422560e-03 5.828635296678097433e-03 5.828635296657669329e-03 5.828635296664774756e-03 8.220255132132425757e-03 5.245488323102343031e-03 5.005325778268066017e-03 4.938213118240941668e-03 4.609898491181763092e-03
1.466936072144288516e+02 3.798012813729378934e-04 8.194740529189559197e-03 5.811327914365005398e-03 5.811327914358344060e-03 5.811327914367669933e-03 8.194740529186006484e-03 5.222292989459642598e-03 4.979491522095980116e-03 4.911619079352114170e-03 4.584051713349968082e-03
1.469941883767534989e+02 4.322809181602771389e-04 8.169352816811858986e-03 5.794113818008650441e-03 5.794113817989998694e-03 5.794113817992663229e-03 8.169352816802089023e-03 5.199194879693003202e-03 4.953750293015257711e-03 4.885116243983134154e-03 4.558294722313949165e-03
1.472947695390781462e+02 4.848336943275022293e-04 8.144090804982795362e-03 5.776992170015038397e-03 5.776992169996830739e-03 5.776992170008821148e-03 8.144090804977022202e-03 5.176193167479414825e-03 4.928101237855031513e-03 4.858703745569847854e-03 4.532626679918827506e-03
1.475953507014027934e+02 5.374614554214396378e-04 8.118953362238556792e-03 5.759962180348132676e-03 5.759962180346356320e-03 5.759962180340583160e-03 8.118953362230563187e-03 5.153287072774404010e-03 4.902543548978233190e-03 4.832380763849286609e-03 4.507046792924462864e-03
1.478959318637274691e+02 5.901661692515602908e-04 8.093939224054658155e-03 5.743022927656937782e-03 5.743022927662266852e-03 5.743022927654717336e-03 8.093939224054658155e-03 5.130475685855451218e-03 4.877076290932702562e-03 4.806146349712658861e-03 4.481554140368881889e-03
1.481965130260521164e+02 6.429495899751280774e-04 8.069047350218294667e-03 5.726173710795645633e-03 5.726173710795645633e-03 5.726173710795645633e-03 8.069047350218294667e-03 5.107758317523636293e-03 4.851698748611354972e-03 4.779999776191701244e-03 4.456148022386141605e-03
1.484970941883767637e+02 6.958136271171255771e-04 8.044276579263431870e-03 5.709413696739051858e-03 5.709413696753706802e-03 5.709413696738163679e-03 8.044276579254994175e-03 5.085134146005199085e-03 4.826410074106224357e-03 4.753940182210314447e-03 4.430827604610776405e-03
1.487976753507014109e+02 7.487602463736031666e-04 8.019625685536713178e-03 5.692741989486549414e-03 5.692741989498539823e-03 5.692741989509642053e-03 8.019625685530495929e-03 5.062602287067896611e-03 4.801209359136304755e-03 4.727966646938419615e-03 4.405591993017043961e-03
1.490982565130260582e+02 8.017911577300473880e-04 7.995093708057954274e-03 5.676157954255245386e-03 5.676157954237481817e-03 5.676157954265903527e-03 7.995093708053513382e-03 5.040162119010371811e-03 4.776095957269355097e-03 4.702078511889418166e-03 4.380440555817433079e-03
1.493988376753507055e+02 8.549083252344935602e-04 7.970679464349483823e-03 5.659660724901982576e-03 5.659660724882442651e-03 5.659660724910864360e-03 7.970679464352148358e-03 5.017812787285080844e-03 4.751068989575557566e-03 4.676274885731857012e-03 4.355372427376824618e-03
1.496994188376753527e+02 9.081136600221917377e-04 7.946381822657055949e-03 5.643249485639767471e-03 5.643249485631773865e-03 5.643249485645984720e-03 7.946381822657055949e-03 4.995553489338888653e-03 4.726127629614218506e-03 4.650554929877426247e-03 4.330386795190044324e-03
1.500000000000000000e+02 9.614089010887560960e-04 7.922199826179809889e-03 5.626923594080679436e-03 5.626923594083788061e-03 5.626923594095778469e-03 7.922199826170039927e-03 4.973383595884506292e-03 4.701271226129399849e-03 4.624917981079779139e-03 4.305483021892264617e-03
