0.01 20.1779042680467 20.1779017962398 20.1779042672605 20.1779042672605 20.1779042672605 20.1779017962399 20.1779042456223 20.1779042302566 20.1779042247294 20.1779042440897 20.1779409255999
0.511638795986622 62.2697160849541 62.2697137327805 62.269716046209 62.2697160462091 62.2697160462091 62.2697137327805 62.2697159177913 62.269715840764 62.2697158154306 62.2697159193974 62.2697510902908
1.01327759197324 64.5404182016231 64.5404164024551 64.540418142351 64.5404181423509 64.5404181423509 64.5404164024551 64.5404180150798 64.5404179439128 64.54041792129 64.5404180216579 64.5404450052838
1.51491638795987 64.6915491267014 64.6915475995871 64.6915490508882 64.6915490508882 64.6915490508883 64.6915475995871 64.6915489281611 64.691548862879 64.6915488426023 64.6915489383901 64.69157185472
2.01655518394649 64.2656953256909 64.2656939643652 64.265695235163 64.265695235163 64.265695235163 64.2656939643653 64.2656951174552 64.265695057263 64.2656950388949 64.2656951306299 64.2657155309467
2.51819397993311 63.6292373697826 63.6292361209887 63.6292372655638 63.6292372655638 63.6292372655638 63.6292361209887 63.6292371528669 63.6292370970872 63.6292370803062 63.6292371685532 63.6292558265519
3.01983277591973 62.9096053423728 62.9096041750188 62.9096052251008 62.9096052251009 62.9096052251008 62.9096041750188 62.9096051173002 62.909605065405 62.9096050499762 62.909605135205 62.9096225004348
3.52147157190635 62.1601752427142 62.1601741367955 62.1601751127965 62.1601751127965 62.1601751127965 62.1601741367955 62.1601750097596 62.1601749613367 62.1601749470838 62.1601750296747 62.1601913898881
4.02311036789298 61.4057456919638 61.4057446337133 61.4057455496624 61.4057455496624 61.4057455496624 61.4057446337132 61.4057454512645 61.4057454059867 61.4057453927743 61.4057454730355 61.4057610252449
4.5247491638796 60.6584863737525 60.6584853532103 60.6584862192287 60.6584862192287 60.6584862192286 60.6584853532102 60.6584861253586 60.6584860829624 60.6584860706842 60.6584861488688 60.6585010347575
5.02638795986622 59.9244574939244 59.9244565035996 59.9244573272653 59.9244573272653 59.9244573272653 59.9244565035996 59.9244572378262 59.9244571980969 59.924457186667 59.9244572629858 59.9244715883828
5.52802675585284 59.2065746518596 59.2065736859408 59.2065744730965 59.2065744730965 59.2065744730965 59.2065736859409 59.2065743880058 59.2065743507652 59.2065743401135 59.2065744147445 59.2065882611032
6.02966555183946 58.5060664791073 58.5060655329677 58.5060662882262 58.5060662882262 58.5060662882262 58.5060655329677 58.5060662074133 58.5060661725126 58.5060661625819 58.5060662356762 58.5060796672576
6.53130434782609 57.8232345169189 57.8232335867944 57.82323431387 57.8232343138701 57.82323431387 57.8232335867944 57.8232342372748 57.8232342045895 57.8232341953322 57.8232342670195 57.8232473355423
7.03294314381271 57.1578673690425 57.1578664518116 57.1578671537449 57.1578671537449 57.1578671537448 57.1578664518116 57.157867081317 57.1578670507414 57.1578670421171 57.1578671125103 57.1578798603182
7.53458193979933 56.5094740880546 56.5094731810851 56.5094738604001 56.5094738604001 56.5094738604002 56.509473181085 56.5094737920975 56.5094737635418 56.5094737555171 56.5094738247142 56.5094862869768
8.03622073578595 55.8774188683111 55.8774179693507 55.8774186281687 55.8774186281687 55.8774186281687 55.8774179693507 55.8774185639562 55.877418537344 55.8774185298899 55.8774185979778 55.8774308043068
8.53785953177258 55.2609999376957 55.2609990447907 55.2609996849126 55.2609996849126 55.2609996849126 55.2609990447907 55.2609996247618 55.260999600028 55.2609995931202 55.2609996601753 55.2610116357486
9.0394983277592 54.6594959990625 54.6594951104975 54.6594957334669 54.6594957334669 54.6594957334669 54.6594951104975 54.6594956773548 54.6594956544438 54.659495648062 54.659495714152 54.6595074805912
9.54113712374582 54.0721933787794 54.0721924930303 54.072193100181 54.0721931001809 54.072193100181 54.0721924930303 54.0721930480901 54.0721930269547 54.0721930210811 54.0721930862667 54.0722046623081
10.0427759197324 53.4984015140369 53.4984006297361 53.4984012222286 53.4984012222286 53.4984012222286 53.4984006297361 53.4984011741454 53.4984011547459 53.4984011493658 53.4984012137012 53.4984126157113
10.5444147157191 52.9374613153867 52.9374604312936 52.9374610101447 52.9374610101447 52.9374610101447 52.9374604312936 52.9374609660605 52.9374609483629 52.9374609434638 52.9374610069979 52.9374722493419
11.0460535117057 52.3887491565168 52.3887482714965 52.3887488376018 52.3887488376017 52.3887488376018 52.3887482714965 52.3887487975112 52.3887487814875 52.3887487770589 52.3887488398357 52.3887599352452
11.5476923076923 51.8516781891618 51.8516773021661 51.8516778563188 51.8516778563188 51.8516778563187 51.8516773021661 51.8516778202198 51.851677805847 51.8516778018803 51.8516778639397 51.8516888237232
12.0493311036789 51.3256980434662 51.3256971535193 51.3256976964249 51.3256976964249 51.3256976964248 51.3256971535192 51.3256976643189 51.3256976515786 51.3256976480666 51.3256977094445 51.3257085437276
12.5509698996656 50.8102935825346 50.8102926887207 50.8102932210098 50.8102932210098 50.8102932210099 50.8102926887207 50.8102931929007 50.8102931817784 50.8102931787156 50.8102932394448 50.8103039573224
13.0526086956522 50.3049831341019 50.304982235555 50.3049827577932 50.3049827577932 50.3049827577931 50.304982235555 50.3049827336879 50.3049827241726 50.3049827215546 50.3049827816649 50.3049933913427
13.5542474916388 49.8093164667944 49.8093155626899 49.8093160753861 49.8093160753861 49.809316075386 49.8093155626899 49.8093160552936 49.809316047378 49.8093160452017 49.8093161047202 49.8093266136444
14.0558862876254 49.3228726786313 49.3228717681786 49.3228722717923 49.3228722717923 49.3228722717923 49.3228717681785 49.3228722557242 49.3228722494041 49.3228722476673 49.3228723066187 49.3228827215389
14.557525083612 48.8452581007257 48.8452571831624 48.8452576781096 48.8452576781096 48.8452576781097 48.8452571831625 48.8452576660795 48.8452576613531 48.845257660055 48.8452577184617 48.8452680455506
15.0591638795987 48.37610427758 48.3761033521659 48.3761038388243 48.3761038388243 48.3761038388243 48.3761033521659 48.3761038308476 48.3761038277164 48.3761038268567 48.3761038847393 48.3761141296532
15.5608026755853 47.915066058048 47.9150651240606 47.9150656027741 47.9150656027741 47.915065602774 47.9150651240606 47.9150655988683 47.9150655973359 47.9150655969151 47.9150656542924 47.9150758222134
16.0624414715719 47.4618198134046 47.4618188701354 47.4618193412172 47.4618193412172 47.4618193412172 47.4618188701354 47.4618193414015 47.4618193414737 47.4618193414936 47.4618193983827 47.4618294940863
16.5640802675585 47.0160617881938 47.0160608349439 47.0160612986803 47.0160612986803 47.0160612986803 47.0160608349438 47.0160613029754 47.0160613046607 47.0160613051234 47.0160613615398 47.0160713894364
17.0657190635452 46.5775065822409 46.5775056183182 46.5775060749713 46.5775060749713 46.5775060749712 46.5775056183182 46.5775060833996 46.5775060867081 46.5775060876167 46.5775061435745 46.5775161077352
17.5673578595318 46.1458857582657 46.145884782982 46.1458852327917 46.1458852327917 46.1458852327918 46.145884782982 46.1458852453771 46.1458852503211 46.1458852516792 46.1458853071913 46.1458952114037
18.0689966555184 45.7209465673538 45.7209455800214 45.7209460232082 45.7209460232082 45.7209460232082 45.7209455800215 45.7209460399758 45.7209460465697 45.7209460483816 45.7209461034597 45.720955951231
18.570635451505 45.3024507832289 45.3024497831588 45.3024502199249 45.3024502199249 45.3024502199249 45.3024497831587 45.3024502409013 45.302450249161 45.3024502514317 45.3024503060862 45.3024601007018
19.0722742474916 44.8901736363394 44.8901726228383 44.89017305337 44.89017305337 44.89017305337 44.8901726228383 44.8901730785828 44.8901730885262 44.8901730912614 44.8901731455018 44.890182890024
19.5739130434783 44.4839028386915 44.4839018110595 44.483902235528 44.483902235528 44.483902235528 44.4839018110595 44.4839022650065 44.4839022766531 44.4839022798588 44.4839023336936 44.483912030964
20.0755518394649 44.0834376909562 44.0834366484854 44.0834370670485 44.0834370670484 44.0834370670484 44.0834366484854 44.0834371008226 44.0834371141936 44.0834371178767 44.0834371713135 44.0834468240247
20.5771906354515 43.6885882642417 43.6885872062131 43.6885876190161 43.6885876190161 43.6885876190161 43.6885872062131 43.6885876571172 43.6885876722354 43.6885876764032 43.6885877294485 43.6885973400968
21.0788294314381 43.2991746491015 43.2991735747839 43.2991739819606 43.2991739819606 43.2991739819606 43.2991735747839 43.299174024421 43.299174041311 43.2991740459713 43.2991740986311 43.299183669573
21.5804682274248 42.9150262656948 42.9150251743421 42.9150255760159 42.9150255760159 42.9150255760158 42.915025174342 42.9150256228687 42.9150256415565 42.9150256467179 42.9150256989972 42.9150352324821
22.0821070234114 42.5359812293472 42.5359801201962 42.5359805164809 42.5359805164809 42.5359805164809 42.5359801201962 42.5359805677606 42.5359805882737 42.5359805939451 42.5359806458482 42.5359901439192
22.583745819398 42.1618857660256 42.1618846382951 42.1618850292954 42.1618850292954 42.1618850292953 42.1618846382951 42.1618850850371 42.1618851074045 42.1618851135954 42.161885165126 42.1618946297793
23.0853846153846 41.7925936739637 41.7925925268514 41.7925929126635 41.7925929126635 41.7925929126634 41.7925925268513 41.7925929729034 41.7925929971557 41.792593003876 41.7925930550371 41.7926024881349
23.5870234113712 41.4279658267427 41.4279646594236 41.4279650401362 41.4279650401362 41.4279650401362 41.4279646594236 41.4279651049112 41.4279651310804 41.427965138342 41.427965189135 41.4279745924206
24.0886622073579 41.0678697144912 41.0678685261151 41.0678689018096 41.0678689018096 41.0678689018096 41.0678685261151 41.0678689711576 41.0678689992773 41.0678690070905 41.0678690575177 41.067878432679
24.5903010033445 40.7121790202907 40.7121778099808 40.7121781807318 40.7121781807318 40.7121781807318 40.7121778099807 40.7121782546913 40.7121782847967 40.7121782931733 40.7121783432356 40.7121876918217
25.0919397993311 40.360773228281 40.3607719951308 40.3607723610069 40.3607723610069 40.3607723610069 40.3607719951308 40.3607724396174 40.3607724717447 40.3607724806973 40.360772530395 40.3607818539342
25.5935785953177 40.013537261704 40.0135360047754 40.013536365839 40.013536365839 40.013536365839 40.0135360047753 40.0135364491407 40.0135364833281 40.0135364928694 40.0135365422025 40.0135458421024
26.0952173913043 39.6703611476953 39.6703598660158 39.6703602223241 39.6703602223241 39.6703602223241 39.6703598660158 39.6703603103578 39.6703603466448 39.6703603567884 39.670360405756 39.6703696833723
26.596856187291 39.3311397073751 39.3311383999359 39.3311387515405 39.3311387515405 39.3311387515405 39.3311383999359 39.3311388443478 39.3311388827753 39.3311388935355 39.3311389421362 39.3311481987391
27.0984949832776 38.9957722687809 38.9957709345331 38.995771281481 38.995771281481 38.995771281481 38.9957709345331 38.9957713791042 38.9957714197147 38.995771431106 38.9957714793382 38.995780716159
27.6001337792642 38.6641624012466 38.6641610390995 38.6641613814329 38.6641613814329 38.6641613814329 38.6641610390995 38.6641614839149 38.6641615267524 38.6641615387902 38.6641615866513 38.6641708048544
28.1017725752508 38.3362176691587 38.3362162779755 38.3362166157326 38.3362166157326 38.3362166157326 38.3362162779756 38.3362167231169 38.336216768227 38.3362167809272 38.3362168284144 38.3362260291018
28.6034113712375 38.0118494038645 38.0118479824599 38.0118483156744 38.0118483156744 38.0118483156745 38.0118479824599 38.0118484280054 38.011848475435 38.0118484888138 38.011848535924 38.0118577201629
29.1050501672241 37.6909724921327 37.6909710392695 37.6909713679713 37.6909713679713 37.6909713679712 37.6909710392695 37.6909714852936 37.6909715350915 37.6909715491668 37.6909715958955 37.6909807646799
29.6066889632107 37.373505179784 37.3735036941683 37.3735040183836 37.3735040183836 37.3735040183836 37.3735036941683 37.3735041407425 37.3735041929587 37.3735042077484 37.3735042540913 37.3735134084174
30.1083277591973 37.0593688895882 37.0593673698662 37.0593676896178 37.0593676896178 37.0593676896178 37.0593673698661 37.0593678170592 37.0593678717457 37.0593678872679 37.0593679332203 37.0593770739886
30.6099665551839 36.7484880515977 36.7484864963516 36.7484868116586 36.7484868116586 36.7484868116585 36.7484864963515 36.7484869442291 36.7484870014391 36.7484870177129 36.7484870632696 36.7484961913809
31.1116053511706 36.4407899457894 36.4407883535319 36.4407886644105 36.4407886644105 36.4407886644105 36.4407883535319 36.440788802157 36.4407888619456 36.4407888789911 36.4407889241461 36.4407980404313
31.6132441471572 36.1362045550137 36.1362029241835 36.1362032306467 36.1362032306468 36.1362032306468 36.1362029241835 36.1362033736166 36.1362034360405 36.1362034538783 36.1362034986253 36.1362126038965
32.1148829431438 35.8346644282796 35.8346627572361 35.8346630592938 35.8346630592938 35.8346630592938 35.834662757236 35.8346632075349 35.8346632726525 35.8346632913042 35.8346633356362 35.8346724306487
32.6165217391304 35.536104552723 35.5361028397393 35.536103137399 35.536103137399 35.5361031373989 35.5361028397393 35.5361032909598 35.5361033588311 35.5361033783187 35.5361034222284 35.5361125077476
33.1181605351171 35.2404622342003 35.240460477458 35.2404607707241 35.2404607707241 35.2404607707241 35.240460477458 35.2404609296535 35.2404610003403 35.2404610206868 35.2404610641665 35.2404701408939
33.6197993311037 34.9476769852486 34.9476751828303 34.9476754717047 34.9476754717047 34.9476754717047 34.9476751828303 34.9476756360519 34.9476757096178 34.9476757308469 34.9476757738884 34.9476848424943
34.1214381270903 34.6576904200562 34.6576885699374 34.6576888544197 34.6576888544197 34.6576888544197 34.6576885699374 34.6576890242344 34.6576891007446 34.657689122881 34.6576891654754 34.6576982266226
34.6230769230769 34.3704461559055 34.3704442559468 34.3704445360339 34.3704445360339 34.3704445360339 34.3704442559468 34.3704447113661 34.3704447908879 34.370444813957 34.3704448560951 34.3704539103885
35.1247157190635 34.0858897202795 34.085887768217 34.0858880439037 34.0858880439037 34.0858880439037 34.0858877682171 34.0858882248038 34.0858883074062 34.0858883314344 34.0858883731064 34.0858974211696
35.6263545150502 33.8039684636022 33.803966457038 33.8039667283164 33.8039667283164 33.8039667283164 33.803966457038 33.8039669148353 33.8039670005893 33.8039670256037 33.8039670667993 33.8039761091955
36.1279933110368 33.5246314766698 33.5246294130597 33.5246296799204 33.5246296799204 33.5246296799204 33.5246294130596 33.524629872109 33.5246299610875 33.5246299871163 33.5246300278248 33.5246390651031
36.6296321070234 33.2478295128616 33.2478273895041 33.2478276519351 33.2478276519351 33.2478276519351 33.2478273895041 33.2478278498449 33.2478279421227 33.2478279691951 33.2478280094053 33.2478370420927
37.13127090301 32.9735149144656 32.9735127284878 32.9735129864752 32.9735129864752 32.9735129864752 32.9735127284878 32.973513190158 32.9735132858118 32.9735133139577 32.973513353658 32.9735223822792
37.6329096989967 32.7016415430369 32.7016392913796 32.7016395449074 32.7016395449074 32.7016395449073 32.7016392913796 32.7016397544151 32.7016398535237 32.7016398827746 32.7016399219525 32.7016489469977
38.1345484949833 32.4321647133538 32.4321623927548 32.4321626418051 32.4321626418051 32.4321626418052 32.4321623927548 32.4321628571901 32.4321629598345 32.4321629902223 32.4321630288652 32.4321720507831
38.6361872909699 32.1650411307563 32.1650387377321 32.1650389822851 32.1650389822851 32.1650389822851 32.1650387377321 32.1650392035997 32.1650393098629 32.1650393414212 32.1650393795156 32.1650483987504
39.1378260869565 31.9002288317885 31.9002263626134 31.9002266026475 31.9002266026475 31.9002266026475 31.9002263626134 31.9002268299446 31.9002269399118 31.9002269726748 31.900227010207 31.9002360271991
39.6394648829431 31.6376871278138 31.6376845784973 31.6376848139891 31.6376848139891 31.6376848139891 31.6376845784973 31.6376850473214 31.6376851610801 31.6376851950836 31.637685232039 31.6376942472047
40.1411036789298 31.3773765514444 31.377373917705 31.3773741486292 31.3773741486292 31.3773741486292 31.377373917705 31.3773743880499 31.3773745056895 31.3773745409703 31.3773745773341 31.3773835910699
40.6427424749164 31.1192588056756 31.1192560829122 31.1192563092418 31.1192563092418 31.1192563092418 31.1192560829122 31.119256554804 31.1192566764167 31.1192567130128 31.1192567487695 31.1192657614469
41.144381270903 30.8632967154682 30.8632938987272 30.8632941204336 30.8632941204336 30.8632941204336 30.8632938987272 30.8632943721908 30.8632944978707 30.8632945358214 30.8632945709549 30.8633035829524
41.6460200668896 30.6094541819577 30.6094512658963 30.6094514829491 30.609451482949 30.609451482949 30.6094512658963 30.6094517409548 30.6094518707986 30.6094519101444 30.6094519446382 30.6094609563065
42.1476588628763 30.3576961386774 30.3576931175213 30.3576933298886 30.3576933298886 30.3576933298886 30.3576931175213 30.3576935941963 30.357693728303 30.3576937690862 30.357693802923 30.357702814581
42.6492976588629 30.1079885100579 30.1079853775546 30.1079855852028 30.1079855852028 30.1079855852028 30.1079853775546 30.1079858558662 30.1079859943372 30.1079860366013 30.1079860697632 30.1079950817337
43.1509364548495 29.860298172107 29.8602949214709 29.8602951243648 29.8602951243648 29.8602951243649 29.860294921471 29.8602954014376 29.8602955443772 29.8602955881669 29.8602956206356 29.860304633222
43.6525752508361 29.6145929148492 29.6145895386997 29.6145897368026 29.6145897368025 29.6145897368026 29.6145895386997 29.6145900203385 29.6145901678529 29.6145902132148 29.6145902449714 29.6145992584455
44.1542140468227 29.3708414067467 29.3708378970368 29.3708380903102 29.3708380903103 29.3708380903103 29.3708378970368 29.3708383803629 29.3708385325618 29.3708385795441 29.3708386105686 29.3708476252222
44.6558528428094 29.1290131609555 29.1290095088895 29.1290096972937 29.1290096972937 29.1290096972937 29.1290095088894 29.1290099939169 29.1290101509119 29.129010199564 29.1290102298364 29.1290192459221
45.157491638796 28.8890785030699 28.8890746990072 28.889074882501 28.889074882501 28.889074882501 28.8890746990072 28.8890751857482 28.8890753476543 28.8890753980275 28.8890754275268 28.8890844453204
45.6591304347826 28.6510085406975 28.6510045740426 28.651004752583 28.651004752583 28.651004752583 28.6510045740426 28.6510050625078 28.6510052294424 28.6510052815898 28.6510053102943 28.6510143300753
46.1607692307692 28.4147751345425 28.4147709936134 28.4147711671563 28.4147711671563 28.4147711671562 28.4147709936135 28.4147714838122 28.4147716558955 28.4147717098719 28.4147717377595 28.4147807596947
46.6624080267559 28.1803508705634 28.1803465424404 28.1803467109395 28.1803467109395 28.1803467109395 28.1803465424404 28.1803470343799 28.1803472117351 28.1803472675974 28.180347294645 28.1803563189521
47.1640468227425 27.9477090340543 27.9477045043967 27.9477046678053 27.9477046678053 27.9477046678053 27.9477045043967 27.9477049980833 27.9477051808364 27.9477052386432 27.9477052648273 27.9477142917203
47.6656856187291 27.7168235846673 27.7168188375005 27.7168189957698 27.7168189957697 27.7168189957697 27.7168188375005 27.7168193329384 27.7168195212186 27.7168195810307 27.7168196063268 27.7168286359625
48.1673244147157 27.4876691326038 27.4876641500602 27.4876643031401 27.4876643031401 27.48766430314 27.4876641500602 27.4876646472519 27.4876648411919 27.4876649030718 27.4876649274549 27.48767396008
48.6689632107023 27.2602209164399 27.2602156784505 27.2602158262892 27.2602158262891 27.2602158262891 27.2602156784505 27.2602161773967 27.2602163771315 27.2602164411444 27.2602164645886 27.2602255003274
49.170602006689 27.0344547812951 27.0344492652106 27.0344494077552 27.0344494077553 27.0344494077552 27.0344492652105 27.034449765911 27.0344499715792 27.0344500377921 27.0344500602708 27.0344590992881
49.6722408026756 26.8103471586721 26.8103413388052 26.8103414760015 26.8103414760015 26.8103414760015 26.8103413388052 26.8103418412571 26.8103420530006 26.810342121483 26.8103421429689 26.810351185467
50.1738795986622 26.5878750470922 26.5878688941474 26.5878690259396 26.5878690259396 26.5878690259395 26.5878688941475 26.5878693983469 26.5878696163109 26.5878696871343 26.5878697075994 26.5878787536492
50.6755183946488 26.3670159933342 26.3670094737035 26.367009600034 26.367009600034 26.3670096000339 26.3670094737035 26.3670099796442 26.3670102039771 26.3670102772161 26.3670102966312 26.3670193463735
51.1771571906355 26.1477480750373 26.1477411499083 26.1477412707186 26.1477412707186 26.1477412707187 26.1477411499083 26.1477416575824 26.1477418884365 26.1477419641679 26.1477419825034 26.147751036045
51.6787959866221 25.9300498837681 25.9300425079963 25.9300426232268 25.9300426232268 25.9300426232268 25.9300425079963 25.9300430173945 25.9300432549254 25.9300433332285 25.9300433504539 25.9300524079287
52.1804347826087 25.7139005091643 25.7138926298181 25.7138927394071 25.7138927394071 25.7138927394071 25.7138926298181 25.7138931409288 25.7138933852954 25.7138934662526 25.7138934823364 25.7139025438495
52.6820735785953 25.4992795237021 25.4992710781651 25.4992711820499 25.4992711820499 25.4992711820499 25.4992710781651 25.4992715909749 25.4992718423401 25.4992719260365 25.4992719409464 25.4992810065741
53.1837123745819 25.2861669683119 25.2861578817707 25.286157979887 25.286157979887 25.286157979887 25.2861578817707 25.2861583962643 25.2861586547943 25.2861587413183 25.286158755021 25.2861678248312
53.6853511705686 25.0745433388757 25.0745335209355 25.0745336132177 25.0745336132177 25.0745336132177 25.0745335209355 25.0745340370953 25.074534302961 25.0745343924033 25.074534404865 25.0745434789278
54.1869899665552 24.8643895736455 24.8643789136867 24.8643790000679 24.8643790000679 24.8643790000679 24.8643789136867 24.8643794314936 24.8643797048686 24.864379797324 24.8643798085095 24.864388886913
54.6886287625418 24.6556870419583 24.6556754026217 24.6556754830334 24.6556754830334 24.6556754830334 24.6556754026217 24.6556759220545 24.6556762031167 24.6556762986827 24.6556763085562 24.6556853913177
55.1902675585284 24.4484175340981 24.448404741918 24.4484048162904 24.4484048162904 24.4484048162904 24.4484047419181 24.4484052629528 24.448405551885 24.4484056506624 24.4484056591872 24.4484147463415
55.691906354515 24.2425632535141 24.2425490850586 24.2425491533205 24.2425491533205 24.2425491533205 24.2425490850586 24.2425496076702 24.242549904658 24.2425500067517 24.2425500138898 24.2425591054597
56.1935451505017 24.0381068123028 24.0380909729576 24.0380910350363 24.0380910350363 24.0380910350364 24.0380909729576 24.0380914971174 24.0380918023518 24.03809190787 24.0380919135827 24.0381010096341
56.6951839464883 23.8350312324574 23.8350133226049 23.8350133784264 23.8350133784264 23.8350133784264 23.8350133226049 23.8350138482832 23.8350141619583 23.8350142710133 23.8350142752607 23.8350233757434
57.1968227424749 23.6333199572625 23.6332994156834 23.6332994651721 23.6332994651721 23.6332994651721 23.6332994156834 23.6332999428478 23.6333002651622 23.6333003778704 23.6333003806116 23.6333094855327
57.6984615384615 23.4329568848939 23.432932888076 23.4329329311552 23.4329329311552 23.4329329311551 23.4329328880759 23.4329334166921 23.4329337478491 23.4329338643304 23.4329338655237 23.4329429748845
58.2001003344482 23.2339264509429 23.2338977195112 23.2338977561025 23.2338977561025 23.2338977561026 23.2338977195112 23.2338982495417 23.233898589749 23.2338987101281 23.2338987097307 23.2339078235384
58.7017391304348 23.0362138373451 23.0361782235278 23.0361782535513 23.0361782535513 23.0361782535512 23.0361782235278 23.0361787549331 23.0361791044027 23.0361792288087 23.0361792267764 23.0361883450018
59.2033779264214 22.8398055658359 22.8397590378258 22.8397590612003 22.8397590612003 22.8397590612003 22.8397590378258 22.8397595705641 22.8397599295124 22.8397600580791 22.8397600543669 22.8397691769222
59.705016722408 22.644691586777 22.6446251147713 22.644625131414 22.6446251314141 22.644625131414 22.6446251147713 22.6446256487978 22.6446260174465 22.6446261503122 22.6446261448739 22.6446352717212
60.2066555183947 22.4508762340966 22.4507617125465 22.4507617223734 22.4507617223734 22.4507617223734 22.4507617125466 22.4507622478137 22.4507626263893 22.4507627636973 22.4507627564857 22.4507718875515
60.7082943143813 22.258545763276 22.2581543862428 22.2581543891683 22.2581543891683 22.2581543891682 22.2581543862428 22.2581549227016 22.2581553114343 22.2581554533334 22.2581554443 22.2581645795423
60.91 22.190223832886 22.1810591034398 22.1810591035657 22.1810591035657 22.1810591035657 22.1810591034398 22.1810596403627 22.1810600332458 22.1810601770342 22.1810601672543 22.1810693041451
60.9100668896321 22.1902666347237 22.1810335703165 22.1810335704414 22.1810335704413 22.1810335704414 22.1810335703165 22.1810341072395 22.1810345001239 22.1810346439129 22.1810346341328 22.1810437710174
60.9101337792642 22.1903104630653 22.1810080372019 22.1810080373259 22.1810080373259 22.1810080373259 22.1810080372019 22.1810085741252 22.181008967011 22.1810091108005 22.1810091010202 22.1810182379093
60.9102006688963 22.1903553407635 22.1809825041185 22.1809825042416 22.1809825042415 22.1809825042415 22.1809825041185 22.180983041042 22.180983433929 22.1809835777193 22.1809835679386 22.1809927048248
60.9102675585284 22.1904012925953 22.1809569710482 22.1809569711702 22.1809569711702 22.1809569711702 22.1809569710482 22.1809575079718 22.1809579008602 22.1809580446511 22.1809580348702 22.1809671717628
60.9103344481605 22.1904483427471 22.1809314380048 22.1809314381259 22.1809314381259 22.180931438126 22.1809314380048 22.1809319749284 22.1809323678183 22.1809325116098 22.1809325018287 22.1809416387198
60.9104013377926 22.190496517482 22.1809059049816 22.1809059051018 22.1809059051018 22.1809059051018 22.1809059049816 22.1809064419054 22.1809068347969 22.1809069785889 22.1809069688075 22.1809161057042
60.9104682274247 22.1905458421279 22.1808803719877 22.1808803721069 22.1808803721069 22.1808803721069 22.1808803719877 22.1808809089115 22.1808813018042 22.1808814455971 22.1808814358154 22.180890572707
60.9105351170569 22.1905963444289 22.1808548390074 22.1808548391257 22.1808548391257 22.1808548391256 22.1808548390074 22.1808553759316 22.1808557688255 22.1808559126189 22.180855902837 22.1808650397301
60.910602006689 22.1906480525858 22.1808293060489 22.1808293061664 22.1808293061664 22.1808293061664 22.1808293060488 22.1808298429732 22.1808302358688 22.1808303796627 22.1808303698806 22.180839506778
60.9106688963211 22.1907009947839 22.180803773122 22.1808037732385 22.1808037732385 22.1808037732385 22.1808037731219 22.1808043100465 22.1808047029432 22.1808048467379 22.1808048369555 22.1808139738463
60.9107357859532 22.1907552024071 22.1807782402073 22.1807782403228 22.1807782403228 22.1807782403228 22.1807782402073 22.1807787771318 22.18077917003 22.1807793138253 22.1807793040427 22.1807884409364
60.9108026755853 22.1908107038209 22.1807527073185 22.180752707433 22.180752707433 22.180752707433 22.1807527073185 22.1807532442432 22.1807536371427 22.1807537809386 22.1807537711557 22.1807629080476
60.9108695652174 22.1908675321516 22.1807271744501 22.1807271745638 22.1807271745638 22.1807271745638 22.1807271744501 22.1807277113749 22.1807281042761 22.1807282480725 22.1807282382895 22.1807373751839
60.9109364548495 22.1909257211151 22.1807016416039 22.1807016417166 22.1807016417166 22.1807016417166 22.1807016416039 22.1807021785288 22.1807025714313 22.1807027152284 22.1807027054451 22.1807118423379
60.9110033444816 22.1909853036947 22.1806761087809 22.1806761088927 22.1806761088927 22.1806761088927 22.1806761087809 22.180676645706 22.1806770386098 22.1806771824076 22.180677172624 22.1806863095195
60.9110702341137 22.191046315335 22.1806505759717 22.1806505760826 22.1806505760826 22.1806505760826 22.1806505759716 22.180651112897 22.1806515058021 22.1806516496006 22.1806516398167 22.1806607767181
60.9111371237458 22.1911087906656 22.1806250431932 22.1806250433033 22.1806250433033 22.1806250433033 22.1806250431932 22.1806255801189 22.1806259730252 22.1806261168244 22.1806261070402 22.1806352439415
60.9112040133779 22.1911727698104 22.1805995104306 22.1805995105396 22.1805995105396 22.1805995105396 22.1805995104306 22.1806000473561 22.1806004402642 22.1806005840638 22.1806005742795 22.1806097111886
60.91127090301 22.1912382901891 22.1805739777038 22.180573977812 22.180573977812 22.180573977812 22.1805739777039 22.1805745146298 22.1805749075391 22.1805750513393 22.1805750415547 22.180584178454
60.9113377926421 22.1913053920168 22.1805484449856 22.1805484450928 22.1805484450928 22.1805484450928 22.1805484449856 22.1805489819116 22.1805493748222 22.1805495186232 22.1805495088383 22.1805586457443
60.9114046822742 22.1913741166546 22.1805229122996 22.1805229124057 22.1805229124057 22.1805229124058 22.1805229122997 22.1805234492258 22.1805238421379 22.1805239859392 22.1805239761542 22.180533113052
60.9114715719064 22.1914445090182 22.1804973796298 22.1804973797351 22.1804973797351 22.1804973797351 22.1804973796297 22.1804979165562 22.1804983094696 22.1804984532718 22.1804984434864 22.1805075803828
60.9115384615385 22.1915166109393 22.1804718469759 22.1804718470802 22.1804718470802 22.1804718470802 22.1804718469759 22.1804723839023 22.1804727768169 22.1804729206199 22.1804729108342 22.1804820477412
60.9116053511706 22.1915904696011 22.1804463143513 22.1804463144547 22.1804463144547 22.1804463144547 22.1804463143513 22.1804468512778 22.1804472441939 22.1804473879975 22.1804473782116 22.1804565151137
60.9116722408027 22.1916661336668 22.1804207817461 22.1804207818486 22.1804207818485 22.1804207818486 22.1804207817461 22.1804213186726 22.1804217115905 22.1804218553944 22.1804218456084 22.1804309825152
60.9117391304348 22.1917436515567 22.1803952491738 22.1803952492754 22.1803952492754 22.1803952492754 22.1803952491739 22.1803957861006 22.1803961790196 22.1803963228244 22.180396313038 22.1804054499379
60.9118060200669 22.1918230762889 22.1803697166087 22.1803697167093 22.1803697167092 22.1803697167092 22.1803697166087 22.1803702535356 22.180370646456 22.1803707902613 22.1803707804748 22.1803799173794
60.911872909699 22.1919044595906 22.1803441840706 22.1803441841704 22.1803441841704 22.1803441841704 22.1803441840707 22.1803447209979 22.1803451139195 22.1803452577255 22.1803452479387 22.1803543848437
60.9119397993311 22.1919878571439 22.1803186515556 22.1803186516544 22.1803186516544 22.1803186516544 22.1803186515556 22.180319188483 22.1803195814061 22.1803197252127 22.1803197154256 22.1803288523272
60.9120066889632 22.1920733276102 22.1802931190589 22.1802931191568 22.1802931191568 22.1802931191568 22.1802931190589 22.1802936559865 22.180294048911 22.1802941927181 22.1802941829308 22.1803033198352
60.9120735785953 22.1921609294186 22.1802675865884 22.1802675866853 22.1802675866853 22.1802675866852 22.1802675865883 22.1802681235161 22.1802685164419 22.1802686602497 22.1802686504622 22.1802777873646
60.9121404682274 22.1922507253423 22.180242054141 22.180242054237 22.1802420542369 22.1802420542369 22.1802420541409 22.1802425910685 22.180242983996 22.1802431278045 22.1802431180166 22.1802522549211
60.9122073578595 22.1923427794428 22.1802165217096 22.1802165218047 22.1802165218047 22.1802165218047 22.1802165217096 22.1802170586374 22.1802174515662 22.1802175953753 22.1802175855872 22.180226722495
60.9122742474916 22.192437158382 22.1801909893072 22.1801909894013 22.1801909894013 22.1801909894013 22.1801909893072 22.1801915262354 22.1801919191652 22.1801920629751 22.1801920531867 22.1802011900896
60.9123411371237 22.1925339328659 22.1801654569243 22.1801654570175 22.1801654570175 22.1801654570176 22.1801654569243 22.1801659938524 22.180166386784 22.1801665305943 22.1801665208057 22.1801756577106
60.9124080267558 22.1926331738559 22.1801399245617 22.1801399246539 22.1801399246539 22.180139924654 22.1801399245617 22.18014046149 22.1801408544227 22.180140998234 22.180140988445 22.1801501253486
60.912474916388 22.1927349579233 22.180114392219 22.1801143923105 22.1801143923105 22.1801143923105 22.180114392219 22.1801149291477 22.1801153220819 22.1801154658935 22.1801154561045 22.1801245930116
60.9125418060201 22.1928393627642 22.1800888599003 22.1800888599907 22.1800888599907 22.1800888599907 22.1800888599003 22.1800893968289 22.1800897897645 22.1800899335768 22.1800899237875 22.1800990606969
60.9126086956522 22.1929464711534 22.1800633276011 22.1800633276906 22.1800633276906 22.1800633276906 22.1800633276011 22.1800638645299 22.1800642574671 22.1800644012798 22.1800643914903 22.1800735284036
60.9126755852843 22.1930563679746 22.1800377953327 22.1800377954213 22.1800377954213 22.1800377954213 22.1800377953327 22.1800383322618 22.1800387252001 22.1800388690136 22.1800388592238 22.1800479961324
60.9127424749164 22.1931691411985 22.180012263075 22.1800122631626 22.1800122631626 22.1800122631626 22.180012263075 22.1800128000041 22.1800131929437 22.180013336758 22.1800133269679 22.1800224638817
60.9128093645485 22.1932848851488 22.1799867308495 22.1799867309363 22.1799867309363 22.1799867309363 22.1799867308496 22.1799872677788 22.17998766072 22.1799878045348 22.1799877947444 22.1799969316543
60.9128762541806 22.1934036954381 22.1799611986364 22.179961198722 22.179961198722 22.179961198722 22.1799611986363 22.1799617355657 22.1799621285083 22.1799622723236 22.1799622625331 22.1799713994452
60.9129431438127 22.1935256729923 22.17993566645 22.1799356665349 22.1799356665349 22.1799356665349 22.17993566645 22.1799362033797 22.1799365963235 22.1799367401395 22.1799367303488 22.1799458672641
60.9130100334448 22.1936509236492 22.179910134285 22.1799101343689 22.1799101343688 22.1799101343688 22.179910134285 22.1799106712147 22.17991106416 22.1799112079767 22.1799111981856 22.1799203351005
60.9130769230769 22.1937795565652 22.1798846021461 22.1798846022292 22.1798846022292 22.1798846022292 22.1798846021461 22.1798851390763 22.1798855320227 22.1798856758401 22.1798856660488 22.1798948029604
60.913143812709 22.1939116879697 22.1798590700304 22.1798590701125 22.1798590701124 22.1798590701125 22.1798590700303 22.1798596069606 22.1798599999086 22.1798601437265 22.179860133935 22.1798692708425
60.9132107023411 22.1940474383528 22.179833537926 22.179833538007 22.179833538007 22.1798335380071 22.179833537926 22.1798340748561 22.1798344678055 22.1798346116241 22.1798346018323 22.1798437387478
60.9132775919732 22.1941869333121 22.1798080058517 22.1798080059319 22.1798080059319 22.1798080059319 22.1798080058517 22.179808542782 22.179808935733 22.1798090795521 22.1798090697601 22.1798182066738
60.9133444816054 22.194330304072 22.1797824737947 22.1797824738741 22.1797824738741 22.1797824738741 22.1797824737947 22.1797830107254 22.1797834036776 22.1797835474973 22.1797835377051 22.1797926746212
60.9134113712375 22.1944776904854 22.1797569417624 22.1797569418407 22.1797569418407 22.1797569418406 22.1797569417624 22.1797574786931 22.1797578716466 22.1797580154671 22.1797580056745 22.1797671425917
60.9134782608696 22.1946292356313 22.1797314097577 22.1797314098351 22.1797314098351 22.1797314098351 22.1797314097577 22.1797319466887 22.1797323396434 22.1797324834646 22.1797324736717 22.1797416105853
60.9135451505017 22.1947850928639 22.17970587777 22.1797058778465 22.1797058778465 22.1797058778465 22.17970587777 22.179706414701 22.1797068076573 22.179706951479 22.179706941686 22.1797160786006
60.9136120401338 22.1949454211793 22.1796803458032 22.1796803458787 22.1796803458787 22.1796803458787 22.1796803458032 22.1796808827341 22.1796812756921 22.1796814195143 22.1796814097211 22.1796905466329
60.9136789297659 22.1951103871725 22.1796548138574 22.179654813932 22.179654813932 22.179654813932 22.1796548138574 22.1796553507885 22.1796557437478 22.1796558875708 22.1796558777772 22.179665014693
60.913745819398 22.1952801690703 22.1796292819242 22.1796292819978 22.1796292819978 22.1796292819978 22.1796292819242 22.1796298188555 22.179630211816 22.1796303556397 22.1796303458458 22.1796394827723
60.9138127090301 22.1954549476591 22.1796037500338 22.1796037501065 22.1796037501065 22.1796037501065 22.1796037500339 22.1796042869652 22.1796046799272 22.1796048237515 22.1796048139574 22.1796139508713
60.9138795986622 22.1956349211751 22.1795782181594 22.1795782182311 22.1795782182312 22.1795782182311 22.1795782181593 22.179578755091 22.1795791480542 22.1795792918793 22.1795792820848 22.1795884189993
60.9139464882943 22.1958202913158 22.1795526862952 22.1795526863662 22.1795526863663 22.1795526863663 22.1795526862952 22.1795532232272 22.1795536161918 22.1795537600174 22.1795537502228 22.1795628871434
60.9140133779264 22.1960112752115 22.1795271544661 22.1795271545361 22.1795271545361 22.179527154536 22.1795271544661 22.1795276913981 22.1795280843642 22.1795282281904 22.1795282183955 22.1795373553093
60.9140802675585 22.1962081002148 22.179501622653 22.179501622722 22.179501622722 22.179501622722 22.179501622653 22.1795021595851 22.1795025525526 22.1795026963794 22.1795026865843 22.1795118235007
60.9141471571906 22.1964110048508 22.1794760908509 22.179476090919 22.179476090919 22.1794760909191 22.1794760908509 22.1794766277833 22.179477020752 22.1794771645795 22.1794771547842 22.1794862917135
60.9142140468227 22.1966202435174 22.1794505590932 22.1794505591603 22.1794505591602 22.1794505591603 22.1794505590932 22.1794510960258 22.1794514889957 22.1794516328238 22.1794516230283 22.1794607599446
60.9142809364549 22.1968360815229 22.1794250273431 22.1794250274094 22.1794250274094 22.1794250274094 22.1794250273431 22.1794255642759 22.1794259572472 22.179426101076 22.1794260912802 22.1794352282013
60.914347826087 22.197058802167 22.1793994956192 22.1793994956845 22.1793994956845 22.1793994956845 22.1793994956193 22.1794000325522 22.179400425525 22.1794005693543 22.1794005595582 22.1794096964808
60.9144147157191 22.1972887034382 22.1793739639189 22.1793739639832 22.1793739639832 22.1793739639832 22.1793739639189 22.1793745008519 22.179374893826 22.179375037656 22.1793750278597 22.1793841647803
60.9144816053512 22.1975261020731 22.1793484322362 22.1793484322996 22.1793484322996 22.1793484322996 22.1793484322362 22.1793489691694 22.179349362145 22.1793495059755 22.179349496179 22.1793586331026
60.9145484949833 22.1977713333419 22.1793229005778 22.1793229006402 22.1793229006402 22.1793229006403 22.1793229005779 22.1793234375109 22.179323830488 22.1793239743193 22.1793239645225 22.1793331014423
60.9146153846154 22.1980247507278 22.1792973689417 22.1792973690033 22.1792973690033 22.1792973690034 22.1792973689417 22.1792979058752 22.1792982988536 22.1792984426854 22.1792984328884 22.17930756981
60.9146822742475 22.198286732165 22.1792718373227 22.1792718373833 22.1792718373833 22.1792718373833 22.1792718373227 22.1792723742562 22.1792727672362 22.1792729110686 22.1792729012713 22.1792820381992
60.9147491638796 22.1985576811344 22.1792463057285 22.1792463057881 22.1792463057881 22.179246305788 22.1792463057285 22.179246842662 22.1792472356435 22.1792473794764 22.1792473696789 22.1792565066079
60.9148160535117 22.1988380187354 22.1792207741605 22.1792207742194 22.1792207742194 22.1792207742194 22.1792207741606 22.1792213110944 22.1792217040771 22.1792218479109 22.179221838113 22.1792309750399
60.9148829431438 22.1991282003419 22.1791952426099 22.1791952426678 22.1791952426678 22.1791952426678 22.1791952426099 22.179195779544 22.179196172528 22.1791963163623 22.1791963065643 22.179205443493
60.9149498327759 22.1994287127065 22.1791697110878 22.1791697111446 22.1791697111447 22.1791697111447 22.1791697110878 22.1791702480218 22.1791706410072 22.1791707848423 22.179170775044 22.17917991197
60.915016722408 22.1997400639734 22.17914417958 22.1791441796359 22.179144179636 22.1791441796359 22.17914417958 22.1791447165144 22.1791451095011 22.1791452533368 22.1791452435382 22.1791543804663
60.9150836120401 22.2000628089628 22.1791186480993 22.1791186481544 22.1791186481544 22.1791186481544 22.1791186480993 22.1791191850337 22.179119578022 22.1791197218583 22.1791197120594 22.1791288489842
60.9151505016722 22.2003975325534 22.1790931166339 22.179093116688 22.179093116688 22.179093116688 22.1790931166339 22.1790936535686 22.179094046558 22.1790941903949 22.1790941805959 22.179103317525
60.9152173913043 22.2007448663251 22.1790675851962 22.1790675852495 22.1790675852495 22.1790675852494 22.1790675851962 22.1790681221312 22.1790685151221 22.1790686589595 22.1790686491603 22.1790777860893
60.9152842809365 22.2011054859994 22.1790420537796 22.1790420538319 22.1790420538319 22.1790420538319 22.1790420537796 22.1790425907146 22.1790429837069 22.179043127545 22.1790431177455 22.1790522546755
60.9153511705686 22.2014801080496 22.1790165223914 22.1790165224427 22.1790165224427 22.1790165224427 22.1790165223914 22.1790170593263 22.1790174523202 22.1790175961589 22.1790175863591 22.1790267232837
60.9154180602007 22.2018695141109 22.1789909910114 22.1789909910619 22.1789909910619 22.1789909910619 22.1789909910114 22.1789915279468 22.1789919209418 22.1789920647812 22.1789920549811 22.1790011919129
60.9154849498328 22.2022745329161 22.1789654596663 22.1789654597157 22.1789654597156 22.1789654597157 22.1789654596663 22.1789659966014 22.1789663895979 22.178966533438 22.1789665236377 22.1789756605633
60.9155518394649 22.2026960684909 22.1789399283234 22.178939928372 22.1789399283721 22.1789399283721 22.1789399283235 22.1789404652589 22.1789408582569 22.1789410020976 22.178940992297 22.1789501292372
60.915618729097 22.2031350870786 22.1789143970258 22.1789143970735 22.1789143970735 22.1789143970735 22.1789143970258 22.1789149339616 22.1789153269607 22.1789154708022 22.1789154610013 22.1789245979324
60.9156856187291 22.203592638391 22.178888865736 22.1788888657826 22.1788888657826 22.1788888657826 22.178888865736 22.1788894026719 22.1788897956725 22.1788899395143 22.1788899297133 22.1788990666497
60.9157525083612 22.2040698453139 22.1788633344773 22.1788633345231 22.1788633345231 22.1788633345231 22.1788633344774 22.1788638714135 22.1788642644153 22.1788644082579 22.1788643984566 22.1788735353884
60.9158193979933 22.2045679410976 22.1788378032331 22.1788378032781 22.178837803278 22.178837803278 22.1788378032332 22.1788383401694 22.1788387331729 22.1788388770159 22.1788388672144 22.1788480041493
60.9158862876254 22.2050882501644 22.1788122720162 22.1788122720601 22.1788122720601 22.1788122720601 22.1788122720161 22.1788128089525 22.1788132019573 22.1788133458012 22.1788133359993 22.178822472933
60.9159531772575 22.2056322193174 22.1787867408211 22.1787867408641 22.1787867408641 22.1787867408641 22.1787867408211 22.1787872777578 22.1787876707637 22.1787878146082 22.1787878048062 22.17879694174
60.9160200668896 22.2062014194304 22.1787612096434 22.1787612096853 22.1787612096853 22.1787612096853 22.1787612096433 22.1787617465799 22.1787621395873 22.1787622834326 22.1787622736302 22.1787714105674
60.9160869565217 22.2067975652157 22.1787356784911 22.1787356785321 22.1787356785321 22.178735678532 22.1787356784911 22.1787362154277 22.1787366084367 22.1787367522825 22.1787367424799 22.1787458794152
60.9161538461539 22.2074225325123 22.1787101473544 22.1787101473946 22.1787101473946 22.1787101473947 22.1787101473544 22.1787106842915 22.1787110773016 22.178711221148 22.1787112113451 22.1787203482838
60.916220735786 22.2080783721558 22.1786846162524 22.1786846162916 22.1786846162916 22.1786846162917 22.1786846162524 22.1786851531895 22.1786855462012 22.1786856900481 22.1786856802451 22.1786948171777
60.9162876254181 22.2087673364771 22.1786590851656 22.1786590852037 22.1786590852037 22.1786590852037 22.1786590851656 22.1786596221027 22.1786600151157 22.1786601589633 22.17866014916 22.1786692860959
60.9163545150502 22.2094918953506 22.1786335540981 22.1786335541354 22.1786335541353 22.1786335541353 22.1786335540981 22.1786340910353 22.1786344840497 22.178634627898 22.1786346180944 22.1786437550311
60.9164214046823 22.2102547832648 22.1786080230578 22.1786080230942 22.1786080230943 22.1786080230943 22.1786080230578 22.1786085599956 22.1786089530111 22.17860909686 22.1786090870562 22.1786182239911
60.9164882943144 22.2110590121594 22.1785824920273 22.1785824920628 22.1785824920628 22.1785824920629 22.1785824920273 22.178583028965 22.1785834219821 22.1785835658317 22.1785835560276 22.1785926929726
60.9165551839465 22.2119079206997 22.1785569610409 22.1785569610755 22.1785569610755 22.1785569610756 22.178556961041 22.1785574979788 22.1785578909974 22.1785580348475 22.1785580250432 22.1785671619734
60.9166220735786 22.2128052205054 22.1785314300554 22.1785314300892 22.1785314300892 22.1785314300891 22.1785314300554 22.1785319669936 22.1785323600134 22.1785325038642 22.1785324940596 22.178541630997
60.9166889632107 22.2137550395449 22.1785058990959 22.1785058991286 22.1785058991286 22.1785058991285 22.1785058990959 22.1785064360341 22.1785068290553 22.1785069729067 22.1785069631019 22.178516100047
60.9167558528428 22.2147619932783 22.1784803681636 22.1784803681954 22.1784803681954 22.1784803681954 22.1784803681636 22.1784809051019 22.1784812981246 22.1784814419767 22.1784814321716 22.1784905691147
60.9168227424749 22.2158312488575 22.1784548372557 22.1784548372866 22.1784548372866 22.1784548372867 22.1784548372557 22.1784553741941 22.1784557672184 22.178455911071 22.1784559012657 22.1784650382065
60.916889632107 22.2169686344654 22.1784293063658 22.1784293063956 22.1784293063957 22.1784293063957 22.1784293063658 22.1784298433043 22.1784302363298 22.1784303801831 22.1784303703775 22.1784395073185
60.9169565217391 22.2181807086001 22.1784037754958 22.1784037755247 22.1784037755247 22.1784037755248 22.1784037754958 22.1784043124346 22.1784047054614 22.1784048493153 22.1784048395095 22.1784139764518
60.9170234113712 22.2194748923034 22.1783782446532 22.1783782446813 22.1783782446813 22.1783782446812 22.1783782446531 22.1783787815922 22.1783791746202 22.178379318475 22.1783793086688 22.1783884456117
60.9170903010033 22.2208596547014 22.1783527138277 22.1783527138549 22.1783527138549 22.1783527138548 22.1783527138277 22.1783532507668 22.1783536437964 22.1783537876516 22.1783537778453 22.1783629147879
60.9171571906355 22.2223446345506 22.1783271830284 22.1783271830546 22.1783271830546 22.1783271830546 22.1783271830284 22.1783277199676 22.1783281129986 22.1783282568544 22.1783282470478 22.1783373839918
60.9172240802676 22.223940932815 22.1783016522459 22.1783016522711 22.1783016522711 22.1783016522711 22.1783016522459 22.1783021891852 22.1783025822175 22.1783027260741 22.1783027162672 22.1783118532123
60.9172909698997 22.2256613095993 22.1782761214883 22.1782761215126 22.1782761215126 22.1782761215127 22.1782761214883 22.1782766584281 22.1782770514616 22.1782771953187 22.1782771855116 22.1782863224561
60.9173578595318 22.2275205620116 22.1782505907554 22.1782505907788 22.1782505907788 22.1782505907788 22.1782505907554 22.1782511276953 22.1782515207302 22.1782516645878 22.1782516547805 22.1782607917247
60.9174247491639 22.2295359624023 22.178225060042 22.1782250600643 22.1782250600644 22.1782250600644 22.178225060042 22.1782255969818 22.1782259900183 22.1782261338766 22.178226124069 22.1782352610135
60.917491638796 22.2317277328379 22.1781995293516 22.1781995293732 22.1781995293732 22.1781995293732 22.1781995293517 22.1782000662917 22.1782004593296 22.1782006031885 22.1782005933807 22.1782097303236
60.9175585284281 22.2341198074837 22.1781739986835 22.1781739987042 22.1781739987042 22.1781739987042 22.1781739986835 22.1781745356239 22.1781749286631 22.1781750725227 22.1781750627145 22.1781841996574
60.9176254180602 22.2367405634888 22.178148468034 22.1781484680536 22.1781484680536 22.1781484680536 22.178148468034 22.1781490049741 22.1781493980147 22.1781495418751 22.1781495320666 22.1781586690119
60.9176923076923 22.2396240926781 22.1781229374062 22.178122937425 22.178122937425 22.178122937425 22.1781229374062 22.1781234743467 22.1781238673889 22.1781240112496 22.178124001441 22.1781331383888
60.9177591973244 22.2428115738974 22.1780974068017 22.1780974068195 22.1780974068195 22.1780974068196 22.1780974068018 22.1780979437421 22.1780983367858 22.1780984806473 22.1780984708383 22.1781076077868
60.9178260869565 22.2463532668562 22.1780718762214 22.1780718762381 22.1780718762381 22.1780718762382 22.1780718762213 22.1780724131619 22.178072806207 22.178072950069 22.1780729402598 22.1780820772078
60.9178929765886 22.2503111540389 22.1780463456566 22.1780463456726 22.1780463456726 22.1780463456726 22.1780463456566 22.1780468825975 22.1780472756438 22.1780474195065 22.178047409697 22.178056546648
60.9179598662207 22.2547625923628 22.1780208151169 22.178020815132 22.178020815132 22.1780208151319 22.1780208151169 22.1780213520581 22.1780217451056 22.178021888969 22.1780218791592 22.178031016114
60.9180267558528 22.2598053708443 22.1779952846017 22.1779952846157 22.1779952846157 22.1779952846157 22.1779952846017 22.1779958215427 22.1779962145918 22.1779963584559 22.1779963486458 22.1780054856005
60.9180936454849 22.265564958924 22.1779697541002 22.1779697541134 22.1779697541134 22.1779697541133 22.1779697541002 22.1779702910415 22.1779706840918 22.1779708279565 22.1779708181461 22.1779799551076
60.9181605351171 22.2722049199455 22.177944223639 22.1779442236513 22.1779442236513 22.1779442236512 22.177944223639 22.1779447605805 22.1779451536322 22.1779452974976 22.1779452876868 22.1779544246391
60.9182274247492 22.2799427835192 22.1779186931772 22.1779186931886 22.1779186931886 22.1779186931885 22.1779186931772 22.1779192301191 22.1779196231722 22.1779197670379 22.177919757227 22.1779288941911
60.9182943143813 22.2890742503756 22.1778931627562 22.1778931627666 22.1778931627666 22.1778931627667 22.1778931627562 22.177893699698 22.1778940927525 22.1778942366191 22.1778942268077 22.1779033637667
60.9183612040134 22.3000114865153 22.1778676323526 22.1778676323621 22.1778676323621 22.1778676323621 22.1778676323526 22.1778681692947 22.1778685623505 22.1778687062177 22.177868696406 22.177877833363
60.9184280936455 22.3133471048329 22.1778421019647 22.1778421019732 22.1778421019732 22.1778421019733 22.1778421019647 22.1778426389067 22.1778430319641 22.1778431758319 22.1778431660198 22.1778523029807
60.9184949832776 22.3299647191276 22.1778165716092 22.1778165716168 22.1778165716168 22.1778165716168 22.1778165716092 22.1778171085515 22.1778175016101 22.1778176454786 22.177817635666 22.1778267726217
60.9185618729097 22.3512431332266 22.1777910412679 22.1777910412746 22.1777910412746 22.1777910412745 22.1777910412679 22.1777915782103 22.1777919712703 22.1777921151395 22.1777921053262 22.1778012422851
60.9186287625418 22.3794586929697 22.1777655109536 22.1777655109595 22.1777655109594 22.1777655109595 22.1777655109537 22.1777660478962 22.1777664409578 22.1777665848275 22.1777665750135 22.1777757119688
60.9186956521739 22.4186591079305 22.1777399806554 22.1777399806601 22.1777399806602 22.1777399806602 22.1777399806553 22.1777405175981 22.1777409106608 22.1777410545313 22.1777410447161 22.1777501816738
60.918762541806 22.4768002580666 22.1777144503832 22.177714450387 22.177714450387 22.177714450387 22.1777144503832 22.177714987326 22.1777153803902 22.1777155242612 22.1777155144443 22.1777246514036
60.9188294314381 22.5719672935245 22.1776889201304 22.1776889201335 22.1776889201335 22.1776889201335 22.1776889201304 22.1776894570736 22.1776898501392 22.1776899940108 22.1776899841904 22.1776991211532
60.9188963210702 22.7560169282234 22.1776633899021 22.1776633899042 22.1776633899042 22.1776633899042 22.1776633899022 22.1776639268452 22.1776643199123 22.1776644637846 22.1776644539551 22.1776735909252
60.9189632107023 23.2624107648046 22.1776378596864 22.1776378596876 22.1776378596876 22.1776378596876 22.1776378596865 22.1776383966298 22.1776387896982 22.1776389335711 22.1776389237001 22.1776480607187
60.9190301003344 30.8445425977225 22.1776123295042 22.1776123295044 22.1776123295044 22.1776123295044 22.1776123295042 22.1776128664478 22.1776132595176 22.177613403391 22.1776130713696 22.1776225305361
60.9190969899666 20.7343548633778 22.1775867993378 22.1775867993371 22.1775867993371 22.1775867993371 22.1775867993379 22.1775873362816 22.1775877293526 22.1775878732267 22.1775872190977 22.1775970003723
60.9191638795987 21.5109183876444 22.177561269199 22.1775612691974 22.1775612691974 22.1775612691974 22.1775612691991 22.177561806143 22.1775621992153 22.1775623430902 22.1775616888788 22.177571470233
60.9192307692308 21.7441233641725 22.1775357390736 22.1775357390708 22.1775357390708 22.1775357390709 22.1775357390736 22.1775362760173 22.1775366690913 22.1775368129667 22.1775361587409 22.177545940116
60.9192976588629 21.8564302678695 22.1775102089766 22.1775102089729 22.1775102089729 22.177510208973 22.1775102089766 22.1775107459206 22.1775111389959 22.1775112828719 22.1775106286401 22.1775204100206
60.919364548495 21.9224945073148 22.1774846788996 22.1774846788951 22.1774846788951 22.1774846788951 22.1774846788997 22.1774852158438 22.1774856089205 22.1774857527971 22.1774850985615 22.1774948799442
60.9194314381271 21.9659956171196 22.1774591488487 22.1774591488433 22.1774591488433 22.1774591488433 22.1774591488487 22.1774596857932 22.1774600788713 22.1774602227485 22.1774595685101 22.1774693498936
60.9194983277592 21.9968032942302 22.1774336188137 22.1774336188074 22.1774336188074 22.1774336188075 22.1774336188137 22.1774341557582 22.1774345488377 22.1774346927157 22.1774340384747 22.1774438198628
60.9195652173913 22.0197638339916 22.1774080888052 22.1774080887979 22.1774080887979 22.1774080887978 22.1774080888052 22.1774086257499 22.1774090188307 22.1774091627092 22.1774085084661 22.1774182898558
60.9196321070234 22.0375345003295 22.1773825588165 22.1773825588083 22.1773825588083 22.1773825588082 22.1773825588165 22.1773830957615 22.1773834888436 22.1773836327227 22.1773829784775 22.1773927598675
60.9196989966555 22.0516948095125 22.1773570288572 22.177357028848 22.177357028848 22.177357028848 22.1773570288572 22.1773575658023 22.1773579588857 22.1773581027655 22.1773574485182 22.1773672299063
60.9197658862876 22.0632420585654 22.17733149891 22.1773314988998 22.1773314988998 22.1773314988999 22.17733149891 22.1773320358551 22.1773324289401 22.1773325728204 22.1773319185712 22.177341699964
60.9198327759197 22.072837567946 22.1773059689813 22.1773059689703 22.1773059689703 22.1773059689702 22.1773059689814 22.1773065059267 22.1773068990128 22.177307042894 22.1773063886426 22.177316170043
60.9198996655518 22.0809365332128 22.1772804390859 22.1772804390739 22.1772804390739 22.1772804390738 22.1772804390858 22.1772809760311 22.1772813691189 22.1772815130007 22.1772808587473 22.1772906401458
60.919966555184 22.0878630204694 22.1772549091979 22.177254909185 22.177254909185 22.177254909185 22.1772549091979 22.1772554461435 22.1772558392326 22.1772559831149 22.1772553288597 22.1772651102699
60.9200334448161 22.0938536990508 22.1772293793519 22.1772293793381 22.1772293793381 22.177229379338 22.1772293793519 22.1772299162977 22.1772303093881 22.1772304532711 22.1772297990139 22.1772395804146
60.9201003344482 22.0990856337801 22.1772038495168 22.1772038495021 22.1772038495021 22.177203849502 22.1772038495168 22.1772043864627 22.1772047795546 22.1772049234383 22.1772042691791 22.1772140505835
60.9201672240803 22.1036938465196 22.177178319707 22.1771783196913 22.1771783196914 22.1771783196914 22.1771783197071 22.177178856653 22.1771792497464 22.1771793936306 22.1771787393696 22.1771885207724
60.9202341137124 22.1077831155149 22.1771527899099 22.1771527898932 22.1771527898932 22.1771527898932 22.1771527899099 22.177153326856 22.1771537199508 22.1771538638356 22.1771532095727 22.1771629909853
60.9203010033445 22.1114359739098 22.177127260139 22.1771272601214 22.1771272601215 22.1771272601215 22.177127260139 22.1771277970854 22.1771281901812 22.1771283340669 22.177127679802 22.1771374612172
60.9203678929766 22.1147183749066 22.1771017303944 22.177101730376 22.1771017303759 22.177101730376 22.1771017303943 22.1771022673409 22.1771026604384 22.1771028043245 22.1771021500578 22.1771119314742
60.9204347826087 22.1176835878225 22.1770762006682 22.1770762006488 22.1770762006488 22.1770762006488 22.1770762006682 22.1770767376151 22.1770771307137 22.1770772746004 22.1770766203319 22.1770864017515
60.9205016722408 22.1203751535987 22.1770506709693 22.177050670949 22.177050670949 22.177050670949 22.1770506709693 22.1770512079161 22.1770516010163 22.1770517449037 22.1770510906332 22.1770608720507
60.9205685618729 22.1228289975696 22.1770251412911 22.1770251412699 22.1770251412699 22.1770251412699 22.1770251412911 22.177025678238 22.1770260713395 22.1770262152277 22.1770255609553 22.1770353423708
60.920635451505 22.1250749923736 22.1769996116151 22.1769996115928 22.1769996115928 22.1769996115928 22.1769996116151 22.1770001485622 22.1770005416653 22.1770006855537 22.1770000312796 22.1770098127159
60.9207023411371 22.1271382149789 22.1769740819969 22.1769740819738 22.1769740819738 22.1769740819738 22.1769740819969 22.1769746189444 22.1769750120485 22.1769751559378 22.1769745016617 22.1769842830828
60.9207692307692 22.1290398959327 22.1769485523756 22.1769485523515 22.1769485523515 22.1769485523515 22.1769485523756 22.176949089323 22.1769494824287 22.1769496263186 22.1769489720406 22.1769587534676
60.9208361204013 22.130798055048 22.1769230227807 22.1769230227558 22.1769230227558 22.1769230227558 22.1769230227807 22.1769235597284 22.1769239528355 22.1769240967261 22.1769234424461 22.1769332238775
60.9209030100334 22.1324281696584 22.1768974932118 22.1768974931859 22.1768974931859 22.1768974931859 22.1768974932118 22.1768980301595 22.176898423268 22.1768985671592 22.1768979128774 22.1769076943113
60.9209698996656 22.1339435375214 22.1768719636608 22.176871963634 22.176871963634 22.176871963634 22.1768719636609 22.1768725006088 22.1768728937187 22.1768730376104 22.1768723833268 22.1768821647638
60.9210367892977 22.1353556916946 22.1768464341337 22.1768464341059 22.1768464341059 22.1768464341059 22.1768464341337 22.176846971082 22.1768473641929 22.1768475080854 22.1768468537999 22.1768566352396
60.9211036789298 22.1366746769687 22.1768209046238 22.176820904595 22.176820904595 22.176820904595 22.1768209046238 22.1768214415719 22.1768218346846 22.1768219785776 22.1768213242902 22.1768311057368
60.9211705685619 22.1379092385428 22.1767953751512 22.1767953751214 22.1767953751214 22.1767953751214 22.1767953751512 22.1767959120993 22.1767963052134 22.1767964491071 22.1767957948178 22.176805576256
60.921237458194 22.1390671017846 22.1767698456874 22.1767698456569 22.1767698456569 22.1767698456569 22.1767698456874 22.1767703826359 22.1767707757513 22.1767709196457 22.1767702653545 22.1767800467972
60.9213043478261 22.1401550727001 22.1767443162524 22.1767443162208 22.1767443162208 22.1767443162208 22.1767443162525 22.176744853201 22.1767452463178 22.1767453902127 22.1767447359197 22.1767545173614
60.9213712374582 22.1411791489699 22.1767187868367 22.1767187868041 22.1767187868041 22.1767187868041 22.1767187868367 22.1767193237855 22.1767197169036 22.1767198607991 22.1767192065042 22.1767289879453
60.9214381270903 22.1421446855134 22.1766932574405 22.1766932574071 22.1766932574071 22.1766932574071 22.1766932574405 22.1766937943896 22.176694187509 22.1766943314052 22.1766936771085 22.1767034585537
60.9215050167224 22.143056448196 22.1766677280648 22.1766677280306 22.1766677280306 22.1766677280306 22.1766677280648 22.1766682650139 22.176668658135 22.1766688020319 22.1766681477331 22.1766779291828
60.9215719063545 22.1439186889928 22.1766421987088 22.1766421986735 22.1766421986734 22.1766421986735 22.1766421987088 22.176642735658 22.1766431287804 22.1766432726777 22.1766426183772 22.1766523998346
60.9216387959866 22.1447352409653 22.1766166693881 22.1766166693518 22.1766166693518 22.1766166693518 22.1766166693881 22.1766172063374 22.1766175994611 22.1766177433591 22.1766170890567 22.176626870507
60.9217056856187 22.1455095368581 22.17659114008 22.1765911400429 22.1765911400429 22.1765911400429 22.17659114008 22.1765916770296 22.1765920701546 22.1765922140534 22.1765915597491 22.1766013412023
60.9217725752508 22.1462446859531 22.1765656107879 22.1765656107499 22.17656561075 22.1765656107499 22.1765656107879 22.1765661477377 22.1765665408643 22.1765666847635 22.1765660304574 22.1765758119201
60.9218394648829 22.1469434850243 22.1765400815277 22.1765400814889 22.1765400814889 22.1765400814889 22.1765400815277 22.1765406184776 22.1765410116055 22.1765411555056 22.1765405011974 22.1765502826596
60.9219063545151 22.1476084857243 22.1765145522851 22.1765145522452 22.1765145522452 22.1765145522452 22.1765145522852 22.176515089235 22.1765154823644 22.176515626265 22.176514971955 22.1765247534193
60.9219732441472 22.1482419918633 22.1764890230666 22.1764890230259 22.1764890230259 22.1764890230259 22.1764890230666 22.1764895600167 22.1764899531475 22.1764900970488 22.1764894427369 22.1764992242026
60.9220401337793 22.1488461206624 22.1764634938705 22.1764634938288 22.1764634938288 22.1764634938289 22.1764634938705 22.176464030821 22.1764644239527 22.1764645678547 22.1764639135411 22.1764736950056
60.9221070234114 22.1494227873604 22.1764379646907 22.176437964648 22.176437964648 22.176437964648 22.1764379646907 22.1764385016413 22.1764388947747 22.1764390386771 22.1764383843616 22.1764481658336
60.9221739130435 22.1499737515147 22.1764124355359 22.1764124354922 22.1764124354922 22.1764124354922 22.1764124355359 22.1764129724866 22.1764133656212 22.1764135095243 22.176412855207 22.1764226366834
60.9222408026756 22.1505006225704 22.1763869064016 22.176386906357 22.176386906357 22.1763869063569 22.1763869064016 22.1763874433523 22.1763878364884 22.1763879803923 22.1763873260729 22.1763971075553
60.9223076923077 22.1510048797609 22.1763613772919 22.1763613772465 22.1763613772465 22.1763613772465 22.1763613772919 22.1763619142428 22.1763623073804 22.1763624512849 22.1763617969637 22.1763715784478
60.9223745819398 22.15148788784 22.1763358482168 22.1763358481703 22.1763358481703 22.1763358481704 22.1763358482168 22.1763363851678 22.1763367783069 22.1763369222118 22.1763362678888 22.176346049362
60.9224414715719 22.151950896229 22.1763103191369 22.1763103190897 22.1763103190897 22.1763103190896 22.176310319137 22.1763108560882 22.1763112492284 22.1763113931342 22.1763107388092 22.1763205202976
60.922508361204 22.1523950654999 22.1762847901061 22.1762847900579 22.1762847900579 22.1762847900579 22.1762847901062 22.1762853270576 22.1762857201994 22.1762858641056 22.1762852097788 22.1762949912581
60.9225752508361 22.152821460231 22.1762592610809 22.1762592610316 22.1762592610316 22.1762592610316 22.1762592610809 22.1762597980325 22.1762601911755 22.1762603350824 22.1762596807538 22.1762694622396
60.9226421404682 22.1532310735133 22.1762337320778 22.1762337320277 22.1762337320277 22.1762337320278 22.1762337320778 22.1762342690297 22.1762346621739 22.1762348060816 22.1762341517511 22.1762439332431
60.9227090301003 22.1536248224371 22.1762082031045 22.1762082030534 22.1762082030534 22.1762082030534 22.1762082031045 22.1762087400564 22.1762091332021 22.1762092771103 22.176208622778 22.1762184042669
60.9227759197324 22.1540035605919 22.17618267414 22.1761826740881 22.1761826740881 22.176182674088 22.17618267414 22.1761832110919 22.1761836042394 22.1761837481482 22.1761830938138 22.1761928753128
60.9228428093646 22.1543680759698 22.1761571452133 22.1761571451604 22.1761571451604 22.1761571451604 22.1761571452133 22.1761576821653 22.1761580753141 22.1761582192235 22.1761575648873 22.1761673463833
60.9229096989967 22.1547191113542 22.1761316163036 22.1761316162496 22.1761316162496 22.1761316162496 22.1761316163036 22.1761321532557 22.1761325464057 22.1761326903159 22.1761320359778 22.1761418174736
60.9229765886288 22.1550573491455 22.1761060874147 22.1761060873599 22.1761060873599 22.1761060873599 22.1761060874147 22.176106624367 22.1761070175184 22.1761071614293 22.1761065070892 22.1761162885849
60.9230434782609 22.1553834343526 22.1760805585436 22.1760805584879 22.1760805584878 22.1760805584879 22.1760805585436 22.1760810954962 22.1760814886489 22.1760816325602 22.1760809782185 22.1760907597202
60.923110367893 22.155697963787 22.1760550297018 22.1760550296451 22.1760550296451 22.1760550296452 22.1760550297018 22.1760555666543 22.1760559598085 22.1760561037207 22.1760554493769 22.1760652308785
60.9231772575251 22.1560014979755 22.1760295008787 22.176029500821 22.176029500821 22.1760295008209 22.1760295008787 22.1760300378315 22.176030430987 22.1760305748997 22.1760299205541 22.1760397020555
60.9232441471572 22.1562945621276 22.1760039720792 22.1760039720207 22.1760039720207 22.1760039720207 22.1760039720792 22.1760045090322 22.1760049021892 22.1760050461025 22.176004391755 22.1760141732576
60.9233110367893 22.1565776487774 22.1759784432917 22.1759784432324 22.1759784432324 22.1759784432324 22.1759784432918 22.1759789802451 22.1759793734033 22.1759795173172 22.1759788629679 22.1759886444805
60.9233779264214 22.1568512172445 22.175952914536 22.1759529144756 22.1759529144756 22.1759529144756 22.175952914536 22.1759534514896 22.1759538446492 22.1759539885636 22.1759533342125 22.1759631157229
60.9234448160535 22.1571157058559 22.1759273858037 22.1759273857423 22.1759273857423 22.1759273857423 22.1759273858036 22.175927922757 22.1759283159184 22.1759284598334 22.1759278054803 22.1759375869901
60.9235117056856 22.1573715163629 22.175901857089 22.1759018570266 22.1759018570266 22.1759018570266 22.175901857089 22.1759023940425 22.175902787205 22.1759029311207 22.1759022767658 22.1759120582774
60.9235785953177 22.1576190347022 22.1758763283965 22.1758763283333 22.1758763283333 22.1758763283334 22.1758763283965 22.1758768653504 22.1758772585141 22.1758774024306 22.1758767480738 22.17588652959
60.9236454849498 22.1578586235151 22.1758507997242 22.1758507996601 22.1758507996601 22.1758507996601 22.1758507997242 22.1758513366784 22.1758517298436 22.1758518737604 22.1758512194019 22.1758610009195
60.9237123745819 22.158090623363 22.175825271074 22.175825271009 22.175825271009 22.175825271009 22.1758252710741 22.1758258080283 22.1758262011948 22.1758263451124 22.175825690752 22.1758354722754
60.923779264214 22.1583153518561 22.1757997424482 22.1757997423822 22.1757997423822 22.1757997423822 22.1757997424483 22.1758002794025 22.1758006725703 22.1758008164887 22.1758001621263 22.1758099436519
60.9238461538462 22.1585331160305 22.1757742138428 22.1757742137759 22.1757742137759 22.1757742137759 22.1757742138428 22.1757747507972 22.1757751439667 22.1757752878855 22.1757746335213 22.1757844150516
60.9239130434783 22.1587442009935 22.1757486852677 22.1757486851999 22.1757486851999 22.1757486851999 22.1757486852677 22.1757492222223 22.1757496153931 22.1757497593126 22.1757491049465 22.1757588864707
60.9239799331104 22.1589488800415 22.1757231567029 22.1757231566341 22.1757231566341 22.175723156634 22.1757231567028 22.1757236936577 22.1757240868299 22.1757242307499 22.1757235763819 22.1757333579146
60.9240468227425 22.1591474084099 22.1756976281598 22.17569762809 22.17569762809 22.17569762809 22.1756976281597 22.1756981651147 22.1756985582881 22.1756987022089 22.1756980478391 22.1757078293792
60.9241137123746 22.1593400293021 22.175672099651 22.1756720995802 22.1756720995802 22.1756720995802 22.1756720996509 22.1756726366057 22.1756730297807 22.1756731737022 22.1756725193304 22.1756823008652
60.9241806020067 22.1595269733708 22.1756465711559 22.1756465710844 22.1756465710844 22.1756465710843 22.1756465711558 22.1756471081113 22.1756475012874 22.1756476452095 22.1756469908359 22.175656772374
60.9242474916388 22.1597084594685 22.1756210426871 22.1756210426146 22.1756210426146 22.1756210426145 22.1756210426872 22.1756215796424 22.17562197282 22.1756221167428 22.1756214623673 22.1756312438995
60.9243143812709 22.1598846959035 22.1755955142338 22.1755955141604 22.1755955141604 22.1755955141604 22.1755955142338 22.1755960511892 22.1755964443684 22.1755965882917 22.1755959339143 22.1756057154536
60.924381270903 22.1600558779423 22.1755699858044 22.1755699857299 22.17556998573 22.1755699857299 22.1755699858044 22.1755705227599 22.1755709159404 22.1755710598644 22.175570405485 22.1755801870304
60.9244481605351 22.1602221957273 22.1755444573963 22.1755444573209 22.1755444573209 22.1755444573209 22.1755444573963 22.1755449943521 22.1755453875337 22.1755455314583 22.1755448770773 22.1755546586251
60.9245150501672 22.1603838256299 22.175518929012 22.1755189289358 22.1755189289358 22.1755189289358 22.175518929012 22.1755194659682 22.1755198591511 22.1755200030764 22.1755193486935 22.1755291302417
60.9245819397993 22.160540938142 22.1754934006499 22.1754934005728 22.1754934005728 22.1754934005727 22.1754934006498 22.175493937606 22.1754943307907 22.1754944747165 22.1754938203316 22.1755036018838
60.9246488294314 22.1606936947497 22.1754678723096 22.1754678722316 22.1754678722316 22.1754678722316 22.1754678723096 22.1754684092659 22.1754688024519 22.1754689463784 22.1754682919916 22.1754780735451
60.9247157190635 22.1608422497491 22.1754423439876 22.1754423439087 22.1754423439087 22.1754423439087 22.1754423439877 22.1754428809443 22.1754432741315 22.1754434180585 22.17544276367 22.1754525452293
60.9247826086957 22.1609867500584 22.1754168156932 22.1754168156132 22.1754168156132 22.1754168156132 22.1754168156932 22.1754173526499 22.1754177458384 22.1754178897663 22.1754172353758 22.1754270169327
60.9248494983278 22.1611273338068 22.1753912874219 22.175391287341 22.175391287341 22.1753912873409 22.175391287422 22.1753918243786 22.1753922175687 22.1753923614971 22.1753917071047 22.1754014886648
60.9249163879599 22.161264137184 22.1753657591684 22.1753657590868 22.1753657590868 22.1753657590868 22.1753657591684 22.1753662961254 22.175366689317 22.1753668332459 22.1753661788517 22.1753759604121
60.924983277592 22.1613972868657 22.1753402309399 22.1753402308571 22.1753402308571 22.1753402308572 22.1753402309399 22.1753407678969 22.1753411610897 22.1753413050193 22.1753406506233 22.1753504321864
60.9250501672241 22.1615269038479 22.1753147027262 22.1753147026426 22.1753147026426 22.1753147026426 22.1753147027262 22.1753152396835 22.1753156328778 22.175315776808 22.17531512241 22.1753249039789
60.9251170568562 22.1616531068159 22.175289174545 22.1752891744605 22.1752891744605 22.1752891744605 22.175289174545 22.1752897115024 22.1752901046979 22.1752902486289 22.175289594229 22.1752993757955
60.9251839464883 22.1617760057785 22.1752636463821 22.1752636462966 22.1752636462966 22.1752636462966 22.1752636463821 22.1752641833395 22.1752645765366 22.1752647204682 22.1752640660664 22.1752738476343
60.9252508361204 22.1618957078456 22.1752381182363 22.1752381181498 22.1752381181498 22.1752381181497 22.1752381182363 22.1752386551939 22.1752390483924 22.1752391923245 22.1752385379208 22.1752483194939
60.9253177257525 22.1620123156308 22.1752125901152 22.1752125900278 22.1752125900278 22.1752125900278 22.1752125901151 22.1752131270731 22.1752135202728 22.1752136642056 22.1752130098001 22.1752227913743
60.9253846153846 22.1621259265168 22.1751870620141 22.1751870619259 22.1751870619259 22.1751870619259 22.1751870620141 22.175187598972 22.1751879921734 22.1751881361068 22.1751874816993 22.1751972632782
60.9254515050167 22.1622366348252 22.1751615339442 22.175161533855 22.1751615338549 22.175161533855 22.1751615339442 22.1751620709022 22.175162464105 22.1751626080389 22.1751619536297 22.1751717352033
60.9255183946488 22.1623445286582 22.1751360058822 22.175136005792 22.175136005792 22.1751360057919 22.1751360058822 22.1751365428405 22.1751369360444 22.175137079979 22.175136425568 22.1751462071537
60.9255852842809 22.1624496969704 22.1751104778476 22.1751104777565 22.1751104777565 22.1751104777565 22.1751104778476 22.175111014806 22.1751114080113 22.1751115519466 22.1751108975336 22.1751206791211
60.925652173913 22.1625522205873 22.1750849498456 22.1750849497536 22.1750849497536 22.1750849497536 22.1750849498456 22.1750854868042 22.1750858800107 22.1750860239469 22.1750853695319 22.1750951511134
60.9257190635452 22.1626521794141 22.1750594218486 22.1750594217556 22.1750594217556 22.1750594217557 22.1750594218486 22.1750599588075 22.1750603520153 22.1750604959521 22.1750598415354 22.175069623129
60.9257859531773 22.1627496511588 22.1750338938905 22.1750338937966 22.1750338937967 22.1750338937967 22.1750338938905 22.1750344308492 22.1750348240589 22.1750349679962 22.1750343135774 22.1750440951624
60.9258528428094 22.1628447061856 22.1750083659439 22.175008365849 22.175008365849 22.175008365849 22.1750083659438 22.1750089029027 22.1750092961138 22.1750094400516 22.175008785631 22.1750185672189
60.9259197324415 22.1629374176381 22.1749828380191 22.1749828379234 22.1749828379233 22.1749828379234 22.1749828380192 22.1749833749783 22.1749837681907 22.1749839121291 22.1749832577067 22.1749930392978
60.9259866220736 22.1630278515579 22.1749573101153 22.1749573100186 22.1749573100186 22.1749573100187 22.1749573101153 22.1749578470748 22.1749582402882 22.1749583842274 22.1749577298032 22.174967511402
60.9260535117057 22.1631160736325 22.1749317822316 22.174931782134 22.174931782134 22.174931782134 22.1749317822316 22.1749323191911 22.1749327124061 22.1749328563458 22.1749322019197 22.1749419835262
60.9261204013378 22.163202147581 22.1749062543844 22.1749062542859 22.1749062542859 22.1749062542859 22.1749062543844 22.1749067913441 22.1749071845604 22.1749073285008 22.1749066740728 22.1749164556673
60.9261872909699 22.163286132144 22.1748807265488 22.1748807264494 22.1748807264494 22.1748807264494 22.1748807265488 22.1748812635087 22.1748816567264 22.1748818006675 22.1748811462376 22.1748909278375
60.926254180602 22.1633680858584 22.1748551987339 22.1748551986335 22.1748551986335 22.1748551986335 22.174855198734 22.1748557356938 22.1748561289132 22.1748562728546 22.1748556184229 22.1748654000274
60.9263210702341 22.1634480649179 22.1748296709353 22.1748296708337 22.1748296708337 22.1748296708337 22.1748296709352 22.174830207895 22.1748306011157 22.1748307450579 22.1748300906243 22.1748398722371
60.9263879598662 22.1635261234389 22.1748041431721 22.1748041430698 22.1748041430699 22.1748041430698 22.1748041431721 22.1748046801324 22.1748050733543 22.1748052172972 22.1748045628617 22.1748143444719
60.9264548494983 22.1636023130443 22.1747786154266 22.1747786153234 22.1747786153234 22.1747786153234 22.1747786154266 22.1747791523872 22.1747795456105 22.1747796895539 22.1747790351166 22.1747888167252
60.9265217391304 22.1636766844795 22.174753087706 22.1747530876019 22.1747530876019 22.1747530876019 22.174753087706 22.1747536246666 22.1747540178911 22.1747541618354 22.1747535073961 22.1747632890055
60.9265886287625 22.1637492847857 22.1747275599949 22.1747275598898 22.1747275598898 22.1747275598898 22.1747275599949 22.1747280969555 22.1747284901816 22.1747286341264 22.1747279796853 22.1747377613057
60.9266555183947 22.1638201617026 22.1747020323156 22.1747020322095 22.1747020322095 22.1747020322096 22.1747020323156 22.1747025692762 22.1747029625039 22.1747031064493 22.1747024520062 22.1747122336243
60.9267224080268 22.1638893601763 22.1746765046617 22.1746765045548 22.1746765045547 22.1746765045548 22.1746765046616 22.1746770416227 22.1746774348515 22.1746775787976 22.1746769243527 22.1746867059684
60.9267892976589 22.1639569231109 22.1746509770204 22.1746509769126 22.1746509769127 22.1746509769127 22.1746509770204 22.1746515139815 22.1746519072117 22.1746520511587 22.1746513967118 22.1746611783354
60.926856187291 22.1640228934031 22.1746254494062 22.1746254492974 22.1746254492974 22.1746254492974 22.1746254494062 22.1746259863675 22.174626379599 22.1746265235465 22.1746258690978 22.1746356507186
60.9269230769231 22.1640873105839 22.1745999218116 22.1745999217018 22.1745999217018 22.1745999217018 22.1745999218115 22.174600458773 22.1746008520059 22.174600995954 22.1746003415035 22.1746101231285
60.9269899665552 22.164150214699 22.1745743942408 22.1745743941301 22.1745743941301 22.1745743941302 22.1745743942408 22.1745749312023 22.1745753244367 22.1745754683854 22.1745748139329 22.1745845955582
60.9270568561873 22.1642116430293 22.1745488666932 22.1745488665817 22.1745488665817 22.1745488665817 22.1745488666932 22.174549403655 22.1745497968909 22.1745499408401 22.1745492863858 22.1745590680137
60.9271237458194 22.1642716321691 22.1745233391667 22.1745233390541 22.1745233390541 22.1745233390541 22.1745233391667 22.1745238761286 22.1745242693655 22.1745244133155 22.1745237588594 22.1745335404909
60.9271906354515 22.1643302182589 22.1744978116604 22.1744978115469 22.1744978115469 22.1744978115469 22.1744978116604 22.1744983486224 22.1744987418608 22.1744988858115 22.1744982313534 22.174508012985
60.9272575250836 22.1643874344323 22.1744722841772 22.1744722840628 22.1744722840628 22.1744722840629 22.1744722841772 22.1744728211394 22.1744732143793 22.1744733583305 22.1744727038706 22.1744824855039
60.9273244147157 22.1644433146634 22.1744467567142 22.1744467565989 22.174446756599 22.174446756599 22.1744467567142 22.1744472936766 22.1744476869179 22.1744478308697 22.174447176408 22.1744569580461
60.9273913043478 22.1644978916874 22.174421229273 22.1744212291566 22.1744212291566 22.1744212291566 22.174421229273 22.1744217662353 22.174422159478 22.1744223034305 22.1744216489668 22.1744314306081
60.9274581939799 22.1645511949201 22.174395701856 22.1743957017388 22.1743957017388 22.1743957017387 22.174395701856 22.1743962388186 22.1743966320626 22.1743967760157 22.1743961215502 22.1744059031963
60.927525083612 22.164603255833 22.174370174465 22.1743701743468 22.1743701743468 22.1743701743468 22.174370174465 22.1743707114277 22.174371104673 22.1743712486268 22.1743705941594 22.1743803758013
60.9275919732441 22.1646541030846 22.1743446470909 22.1743446469719 22.1743446469719 22.1743446469719 22.1743446470909 22.1743451840539 22.1743455773006 22.174345721255 22.1743450667857 22.1743548484278
60.9276588628763 22.1647037648548 22.174319119731 22.174319119611 22.174319119611 22.1743191196111 22.174319119731 22.1743196566941 22.1743200499423 22.1743201938973 22.1743195394261 22.1743293210791
60.9277257525084 22.1647522684774 22.1742935924068 22.1742935922859 22.1742935922859 22.1742935922859 22.1742935924068 22.1742941293701 22.1742945226197 22.1742946665753 22.1742940121023 22.1743037937531
60.9277926421405 22.1647996408388 22.1742680650953 22.1742680649735 22.1742680649735 22.1742680649735 22.1742680650953 22.1742686020588 22.1742689953097 22.1742691392659 22.1742684847911 22.1742782664489
60.9278595317726 22.1648459072465 22.1742425378054 22.1742425376827 22.1742425376827 22.1742425376826 22.1742425378054 22.1742430747689 22.1742434680213 22.1742436119782 22.1742429575014 22.1742527391657
60.9279264214047 22.1648910930835 22.1742170105441 22.1742170104206 22.1742170104206 22.1742170104206 22.1742170105441 22.1742175475079 22.1742179407617 22.1742180847192 22.1742174302405 22.1742272119049
60.9279933110368 22.164935222814 22.1741914833029 22.1741914831781 22.1741914831781 22.1741914831781 22.1741914833028 22.1741920202664 22.1741924135219 22.1741925574798 22.1741919029993 22.174201684665
60.9280602006689 22.1649783190207 22.1741659560888 22.1741659559631 22.1741659559631 22.1741659559631 22.1741659560887 22.1741664930526 22.1741668863092 22.1741670302679 22.1741663757855 22.1741761574453
60.928127090301 22.1650204051891 22.1741404288885 22.174140428762 22.174140428762 22.174140428762 22.1741404288884 22.1741409658527 22.1741413591106 22.1741415030699 22.1741408485857 22.1741506302525
60.9281939799331 22.1650615034019 22.1741149017178 22.1741149015902 22.1741149015902 22.1741149015902 22.1741149017177 22.1741154386821 22.1741158319413 22.1741159759012 22.1741153214152 22.174125103081
60.9282608695652 22.1651016343122 22.1740893745589 22.1740893744307 22.1740893744307 22.1740893744307 22.1740893745589 22.1740899115235 22.1740903047843 22.1740904487448 22.1740897942568 22.1740995759264
60.9283277591973 22.1651408204191 22.1740638474273 22.174063847298 22.174063847298 22.174063847298 22.1740638474273 22.1740643843919 22.1740647776539 22.1740649216153 22.1740642671253 22.1740740488009
60.9283946488294 22.1651790810137 22.174038320308 22.1740383201777 22.1740383201777 22.1740383201778 22.174038320308 22.1740388572729 22.1740392505363 22.1740393944981 22.1740387400064 22.1740485216887
60.9284615384615 22.1652164356372 22.1740127932291 22.174012793098 22.174012793098 22.1740127930979 22.1740127932291 22.1740133301942 22.1740137234589 22.1740138674214 22.1740132129279 22.174022994604
60.9285284280936 22.1652529039207 22.1739872661569 22.1739872660248 22.1739872660248 22.1739872660248 22.1739872661569 22.173987803122 22.1739881963883 22.1739883403513 22.1739876858559 22.1739974675439
60.9285953177258 22.1652885043885 22.173961739123 22.1739617389901 22.1739617389902 22.1739617389901 22.173961739123 22.1739622760883 22.1739626693559 22.1739628133198 22.1739621588223 22.1739719405007
60.9286622073579 22.1653232551296 22.1739362121022 22.1739362119683 22.1739362119683 22.1739362119683 22.1739362121023 22.1739367490677 22.1739371423366 22.1739372863011 22.1739366318018 22.1739464134836
60.92872909699 22.1653571733591 22.1739106850992 22.1739106849644 22.1739106849644 22.1739106849644 22.1739106850992 22.173911222065 22.1739116153351 22.1739117593002 22.1739111047992 22.1739208864823
60.9287959866221 22.1653902765858 22.173885158122 22.1738851579862 22.1738851579862 22.1738851579862 22.173885158122 22.1738856950876 22.1738860883596 22.1738862323252 22.1738855778221 22.1738953595064
60.9288628762542 22.1654225814341 22.1738596311648 22.173859631028 22.173859631028 22.173859631028 22.1738596311648 22.1738601681308 22.1738605614036 22.17386070537 22.1738600508652 22.173869832554
60.9289297658863 22.1654541041615 22.1738341042263 22.1738341040887 22.1738341040887 22.1738341040887 22.1738341042263 22.1738346411924 22.1738350344669 22.1738351784338 22.1738345239271 22.1738443056236
60.9289966555184 22.1654848599717 22.1738085773152 22.1738085771767 22.1738085771767 22.1738085771767 22.1738085773153 22.1738091142815 22.1738095075573 22.1738096515249 22.1738089970163 22.1738187787139
60.9290635451505 22.1655148649065 22.1737830504232 22.1737830502836 22.1737830502836 22.1737830502836 22.1737830504232 22.1737835873895 22.1737839806665 22.1737841246349 22.1737834701244 22.1737932518249
60.9291304347826 22.1655441340553 22.1737575235637 22.173757523423 22.1737575234231 22.1737575234231 22.1737575235636 22.1737580605302 22.1737584538086 22.1737585977775 22.1737579432652 22.173767724959
60.9291973244147 22.1655726811953 22.1737319967106 22.1737319965693 22.1737319965693 22.1737319965693 22.1737319967106 22.1737325336775 22.1737329269575 22.1737330709268 22.1737324164127 22.1737421981156
60.9292642140468 22.1656005205428 22.1737064698869 22.1737064697446 22.1737064697446 22.1737064697446 22.1737064698869 22.1737070068537 22.173707400135 22.1737075441052 22.1737068895891 22.1737166712912
60.9293311036789 22.1656276665181 22.1736809430894 22.1736809429462 22.1736809429462 22.1736809429463 22.1736809430894 22.1736814800564 22.1736818733391 22.1736820173099 22.173681362792 22.1736911444968
60.929397993311 22.1656541322087 22.1736554163063 22.1736554161621 22.1736554161621 22.1736554161621 22.1736554163063 22.1736559532733 22.1736563465577 22.1736564905289 22.1736558360091 22.1736656177158
60.9294648829432 22.1656799309339 22.1736298895485 22.1736298894033 22.1736298894033 22.1736298894033 22.1736298895485 22.1736304265159 22.1736308198012 22.1736309637732 22.1736303092516 22.1736400909592
60.9295317725753 22.1657050753227 22.1736043628099 22.1736043626638 22.1736043626638 22.1736043626638 22.1736043628099 22.1736048997774 22.1736052930643 22.1736054370368 22.1736047825133 22.1736145642242
60.9295986622074 22.1657295772154 22.1735788360913 22.1735788359443 22.1735788359443 22.1735788359443 22.1735788360913 22.1735793730588 22.1735797663472 22.1735799103203 22.1735792557949 22.1735890375168
60.9296655518395 22.165753449608 22.1735533094056 22.1735533092577 22.1735533092577 22.1735533092577 22.1735533094055 22.1735538463734 22.173554239663 22.1735543836369 22.1735537291096 22.1735635108247
60.9297324414716 22.1657767041329 22.1735277827331 22.1735277825843 22.1735277825843 22.1735277825844 22.1735277827331 22.1735283197009 22.1735287129922 22.1735288569666 22.1735282024374 22.1735379841555
60.9297993311037 22.1657993517939 22.1735022560837 22.1735022559338 22.1735022559339 22.1735022559338 22.1735022560837 22.1735027930518 22.1735031863441 22.1735033303192 22.1735026757882 22.1735124575116
60.9298662207358 22.1658214043695 22.1734767294564 22.1734767293058 22.1734767293058 22.1734767293058 22.1734767294564 22.1734772664246 22.1734776597185 22.1734778036943 22.1734771491613 22.1734869308836
60.9299331103679 22.1658428729125 22.1734512028487 22.1734512026971 22.1734512026971 22.1734512026971 22.1734512028487 22.173451739817 22.1734521331123 22.1734522770887 22.1734516225539 22.173461404282
60.93 22.1658637679035 22.1734256762745 22.173425676122 22.173425676122 22.1734256761219 22.1734256762745 22.1734262132429 22.1734266065395 22.1734267505166 22.1734260959799 22.1734358777016
61.2099331103679 22.0665023066624 22.0667889795631 22.0667889754998 22.0667889754998 22.0667889754998 22.0667889795631 22.0667895171602 22.0667899162858 22.0667900629302 22.0667894004981 22.0667991913823
61.7115719063545 21.8765452300546 21.876651616611 21.8766516054703 21.8766516054703 21.8766516054703 21.876651616611 21.8766521552915 21.8766525650508 21.8766527165999 21.8766520397589 21.8766618470905
62.2132107023411 21.6876628203135 21.6877286937559 21.6877286754479 21.6877286754479 21.6877286754479 21.6877286937559 21.6877292334614 21.6877296541002 21.6877298107195 21.6877291191277 21.6877389431292
62.7148494983278 21.4999588707818 21.5000068723133 21.5000068467462 21.5000068467461 21.5000068467462 21.5000068723133 21.5000074129827 21.5000078447516 21.5000080066125 21.5000072999192 21.5000171407743
63.2164882943144 21.313435131005 21.3134730710558 21.3134730381363 21.3134730381364 21.3134730381364 21.3134730710558 21.3134736126251 21.3134740557797 21.3134742230604 21.3134735009055 21.3134833587696
63.718127090301 21.1280829690842 21.1281144589041 21.1281144185377 21.1281144185377 21.1281144185377 21.1281144589041 21.1281150013061 21.1281154561081 21.1281156289925 21.1281148910064 21.128124766123
64.2197658862876 20.9438914440832 20.943918448483 20.9439184005733 20.9439184005733 20.9439184005733 20.943918448483 20.9439189916475 20.9439194583629 20.9439196370423 20.9439188828458 20.9439287753329
64.7214046822743 20.7608489828251 20.7608726890191 20.7608726334683 20.7608726334683 20.7608726334683 20.7608726890191 20.7608732328728 20.7608737117734 20.7608738964458 20.7608731256494 20.7608830356799
65.2230434782609 20.5789438800475 20.5789650601796 20.5789649968881 20.5789649968881 20.5789649968881 20.5789650601796 20.5789656046456 20.5789660960085 20.5789662868796 20.5789654990835 20.5789754268427
65.7246822742475 20.3981644814378 20.3981836658889 20.3981835947559 20.398183594756 20.398183594756 20.3981836658889 20.3981842108873 20.3981847149952 20.3981849122783 20.3981841070719 20.3981940527319
66.2263210702341 20.2184992595625 20.2185168283573 20.2185167492801 20.2185167492801 20.2185167492801 20.2185168283572 20.2185173738046 20.2185178909459 20.2185180948619 20.2185172718235 20.2185272355371
66.7279598662207 20.0399368475513 20.0399530822947 20.0399529951689 20.0399529951689 20.0399529951689 20.0399530822946 20.0399536281041 20.0399541585726 20.0399543693508 20.0399535280477 20.0399635099809
67.2295986622074 19.8624660542749 19.8624811694468 19.8624810741669 19.8624810741669 19.8624810741669 19.8624811694468 19.8624817155283 19.8624822596233 19.8624824775017 19.8624816174891 19.8624916177955
67.731237458194 19.6860758704828 19.6860900332113 19.6860899296694 19.6860899296694 19.6860899296695 19.6860900332112 19.6860905794705 19.6860911374968 19.6860913627227 19.6860904835438 19.686100502383
68.2328762541806 19.5107554705191 19.5107688135706 19.5107687016577 19.5107687016577 19.5107687016577 19.5107688135706 19.5107693599097 19.5107699321788 19.5107701650081 19.5107692661938 19.5107793036767
68.7345150501672 19.3364942112697 19.3365068418732 19.3365067214785 19.3365067214785 19.3365067214784 19.3365068418733 19.3365073881912 19.3365079750195 19.3365082157182 19.3365072967864 19.3365173531548
69.2361538461539 19.1632816305734 19.1632936365804 19.1632935075909 19.163293507591 19.1632935075909 19.1632936365803 19.1632941827716 19.1632947844816 19.1632950333258 19.1632940937813 19.163304169168
69.7377926421405 18.9911074439308 18.9911188982265 18.9911187605282 18.9911187605282 18.9911187605283 18.9911188982265 18.9911194441818 18.9911200611022 18.9911203183784 18.9911193577122 18.9911294522359
70.2394314381271 18.8199615413706 18.8199725050939 18.8199723585707 18.8199723585707 18.8199723585707 18.8199725050939 18.8199730507001 18.819973683165 18.8199739491709 18.81997296686 18.8199830806371
70.7410702341137 18.6498339838851 18.6498445088299 18.6498443533642 18.6498443533642 18.6498443533642 18.6498445088299 18.6498450539696 18.6498457023194 18.6498459773638 18.6498449728708 18.6498551061171
71.2427090301003 18.4807150002388 18.4807251306716 18.4807249661437 18.4807249661437 18.4807249661437 18.4807251306717 18.4807256752233 18.4807263398043 18.4807266242081 18.4807255969803 18.4807357498208
71.744347826087 18.3125949830176 18.3126047570717 18.3126045833603 18.3126045833603 18.3126045833604 18.3126047570717 18.3126053009097 18.3126059820743 18.3126062761704 18.3126052256401 18.3126153982248
72.2459866220736 18.1454644852815 18.145473936045 18.145473753027 18.1454737530271 18.145473753027 18.145473936045 18.1454744790391 18.1454751771453 18.1454754812804 18.1454744068632 18.1454845993137
72.7476254180602 17.979314216965 17.9793233733358 17.9793231808861 17.9793231808861 17.9793231808861 17.9793233733358 17.9793239153515 17.9793246307638 17.9793249452969 17.9793238463927 17.9793340588504
73.2492642140468 17.8141350415184 17.8141439288869 17.8141437268788 17.8141437268788 17.8141437268788 17.8141439288869 17.8141444697851 17.8141452028743 17.8141455281789 17.8141444041701 17.8141546367768
73.7509030100335 17.6499179725289 17.6499266133266 17.6499264016313 17.6499264016313 17.6499264016313 17.6499266133266 17.6499271529632 17.6499279041055 17.6499282405698 17.6499270908215 17.6499373437166
74.2525418060201 17.4866541704626 17.4866625846082 17.4866623630953 17.4866623630953 17.4866623630953 17.4866625846082 17.4866631228351 17.4866638924131 17.4866642404404 17.4866630642994 17.4866733376069
74.7541806020067 17.3243349394386 17.3243431447023 17.3243429132393 17.3243429132393 17.3243429132392 17.3243431447023 17.3243436813663 17.3243444697687 17.3243448297779 17.3243436265724 17.3243539204033
75.2558193979933 17.1629517240289 17.1629597363338 17.1629594947861 17.1629594947861 17.1629594947861 17.1629597363337 17.1629602712766 17.1629610788981 17.1629614513248 17.1629602203635 17.1629705349063
75.7574581939799 17.0024961064434 17.0025039401145 17.0025036883461 17.0025036883461 17.0025036883461 17.0025039401146 17.0025044731736 17.0025053004139 17.0025056857114 17.0025044262832 17.0025147616679
76.2590969899666 16.8429598033904 16.8429674713653 16.8429672092376 16.8429672092377 16.8429672092376 16.8429674713653 16.8429680023721 16.8429688496381 16.8429692482771 16.84296795965 16.8429783159919
76.7607357859532 16.6843346632346 16.6843421772383 16.6843419046113 16.6843419046113 16.6843419046112 16.6843421772384 16.6843427060197 16.6843435737238 16.6843439861937 16.6843426676146 16.6843530450098
77.2623745819398 16.5266126630848 16.5266200337801 16.5266197505111 16.5266197505111 16.526619750511 16.5266200337801 16.5266205601574 16.5266214487175 16.5266218755277 16.5266205262211 16.5266309248387
77.7640133779264 16.3697859062469 16.3697931433607 16.3697928493054 16.3697928493054 16.3697928493054 16.3697931433606 16.3697936671504 16.36979457699 16.3697950186702 16.369793637838 16.3698040578224
78.2656521739131 16.2138466194423 16.2138537318724 16.2138534268847 16.2138534268847 16.2138534268847 16.2138537318725 16.2138542528851 16.2138551844343 16.213855641535 16.2138542283556 16.2138646698073
78.7672909698997 16.0587871500668 16.0587941459778 16.0587938299088 16.0587938299088 16.0587938299088 16.0587941459778 16.0587946640184 16.0587956177119 16.0587960908064 16.0587946444334 16.058805107488
79.2689297658863 15.9045999638124 15.9046068507156 15.9046065234149 15.9046065234148 15.9046065234149 15.9046068507156 15.9046073655836 15.9046083418623 15.9046088315467 15.9046073511088 15.9046178359
79.7705685618729 15.7512776420955 15.7512844269176 15.7512840882323 15.7512840882323 15.7512840882324 15.7512844269176 15.7512849384071 15.7512859377163 15.7512864446115 15.7512849292109 15.7512954358558
80.2722073578595 15.5988128795587 15.5988195687034 15.5988192184788 15.5988192184788 15.5988192184787 15.5988195687035 15.5988200766024 15.5988210993935 15.5988216241449 15.598820072857 15.5988306014876
80.7738461538462 15.4471984817577 15.4472050811591 15.4472047192378 15.4472047192378 15.4472047192378 15.4472050811591 15.4472055852494 15.4472066319786 15.4472071752583 15.4472055871304 15.4472161378874
81.2754849498328 15.2964273628551 15.2964338780235 15.2964335042462 15.2964335042462 15.2964335042462 15.2964338780235 15.2964343780817 15.2964354492092 15.296436011717 15.2964343857678 15.2964449587339
81.7771237458194 15.1464925430658 15.1464989791291 15.1464985933343 15.1464985933343 15.1464985933343 15.1464989791291 15.1464994749246 15.1465005709166 15.1465011533813 15.1464994885985 15.1465100839684
82.278762541806 14.99738714695 14.9973935086897 14.9973931107137 14.9973931107137 14.9973931107137 14.9973935086897 14.9973939999869 14.9973951213132 14.997395724493 14.9973940198341 14.9974046376604
82.7804013377927 14.8491044005451 14.8491106924283 14.8491102821048 14.8491102821048 14.8491102821048 14.8491106924284 14.8491111789847 14.8491123261194 14.8491129508045 14.8491112051945 14.849121845657
83.2820401337793 14.701637629815 14.7016438560236 14.701643433184 14.701643433184 14.701643433184 14.7016438560236 14.7016443375899 14.7016455110117 14.7016461580247 14.701644370355 14.7016550335842
83.7836789297659 14.5549802583555 14.5549864228102 14.5549859872841 14.5549859872841 14.554985987284 14.5549864228103 14.5549868991312 14.554988099322 14.5549887695205 14.5549869386477 14.5549976246907
84.2853177257525 14.4091258049529 14.4091319113367 14.4091314629504 14.4091314629504 14.4091314629504 14.4091319113367 14.4091323821503 14.4091336095955 14.4091343038723 14.4091324286176 14.4091431377214
84.7869565217392 14.2640678824618 14.2640739342399 14.2640734728184 14.2640734728185 14.2640734728184 14.26407393424 14.2640743992781 14.2640756544666 14.2640763737522 14.2640744528991 14.264085185105
85.2885953177258 14.1198001948897 14.1198061953279 14.1198057206927 14.1198057206927 14.1198057206927 14.1198061953279 14.1198066543148 14.1198079377379 14.1198086830019 14.1198067152957 14.1198174707861
85.7902341137124 13.9763165362012 13.976322488382 13.9763220003526 13.9763220003526 13.9763220003526 13.976322488382 13.9763229410356 13.976324253187 13.9763250254402 13.9763230095858 13.9763337884608
86.291872909699 13.8336107880333 13.8336166948704 13.8336161932637 13.8336161932637 13.8336161932637 13.8336166948704 13.8336171409016 13.8336184822769 13.8336192825729 13.8336172172339 13.8336280196373
86.7935117056856 13.6916769181184 13.6916827823707 13.6916822670014 13.6916822670014 13.6916822670013 13.6916827823707 13.6916832214833 13.6916845925807 13.6916854220177 13.6916833058139 13.6916941318356
87.2951505016723 13.5505089782339 13.5505148025167 13.5505142731963 13.5505142731964 13.5505142731963 13.5505148025167 13.5505152344068 13.5505166357248 13.5505174954483 13.5505153269552 13.55052617681
87.7967892976589 13.4101011029515 13.4101068897479 13.4101063462863 13.4101063462863 13.4101063462863 13.4101068897479 13.4101073141061 13.4101087461438 13.4101096373481 13.4101074150945 13.41011828883
88.2984280936455 13.2704475072459 13.2704532589166 13.2704527011199 13.2704527011199 13.2704527011199 13.2704532589166 13.2704536754244 13.2704551386817 13.2704560626121 13.2704537850786 13.2704646829124
88.8000668896321 13.1315424856742 13.1315482044671 13.1315476321394 13.1315476321394 13.1315476321394 13.1315482044671 13.1315486127996 13.1315501077756 13.1315510657318 13.1315487313481 13.131559653328
89.3017056856187 12.9933804098878 12.9933860979447 12.9933855108874 12.9933855108873 12.9933855108873 12.9933860979447 12.9933864977691 12.9933880249619 12.9933890182997 12.9933866254437 12.9933975718151
89.8033444816054 12.8559557279808 12.8559613873465 12.8559607853581 12.8559607853581 12.8559607853582 12.8559613873465 12.8559617783228 12.8559633382295 12.855964368363 12.8559619153583 12.8559728861596
90.304983277592 12.7192629621763 12.7192685948046 12.7192679776808 12.7192679776808 12.7192679776808 12.7192685948045 12.7192689765844 12.7192705696994 12.7192716381052 12.7192691232183 12.7192801186216
90.8066220735786 12.5832967077392 12.5833023155001 12.583301683034 12.583301683034 12.583301683034 12.5833023155001 12.5833026877282 12.5833043145433 12.5833054227619 12.5833028442007 12.5833138644149
91.3082608695652 12.4480516316669 12.4480572163514 12.4480565683331 12.4480565683331 12.4480565683331 12.4480572163514 12.4480575786644 12.4480592396673 12.4480603893072 12.4480577452185 12.4480687903454
91.8098996655518 12.3135224709771 12.3135280343025 12.3135273705191 12.3135273705191 12.3135273705191 12.3135280343025 12.3135283863289 12.3135300820028 12.3135312747433 12.3135285632102 12.3135396333849
92.3115384615385 12.1797040314861 12.179709575102 12.1797088953374 12.1797088953374 12.1797088953374 12.1797095751019 12.1797099164623 12.1797116472856 12.1797128848798 12.1797101039188 12.1797211992931
92.8131772575251 12.0465911865063 12.046596711998 12.0465960160336 12.0465960160337 12.0465960160336 12.0465967119979 12.0465970423048 12.0465988087494 12.0466000930285 12.046597240587 12.0466083613085
93.3148160535117 11.9141788755415 11.9141843844335 11.9141836720488 11.9141836720488 11.9141836720488 11.9141843844335 11.9141847032925 11.9141865058232 11.9141878386998 11.9141849126531 11.914196058871
93.8164548494983 11.7824621029975 11.7824675967599 11.7824668677301 11.7824668677301 11.7824668677301 11.7824675967599 11.7824679037671 11.7824697428412 11.7824711263131 11.7824681244611 11.7824792963817
94.318093645485 11.65143593713 11.6514414171803 11.6514406712777 11.6514406712777 11.6514406712777 11.6514414171803 11.6514417119243 11.6514435879895 11.6514450241444 11.6514419442086 11.6514531419561
94.8197324414716 11.5210955086294 11.5211009763488 11.5211002133301 11.5211002133301 11.5211002133301 11.5211009763488 11.5211012583966 11.5211031718906 11.5211046629103 11.52110150253 11.5211127262977
95.3213712374582 11.391436009692 11.3914414663806 11.3914406860346 11.3914406860346 11.3914406860346 11.3914414663806 11.3914417353269 11.3914436866754 11.3914452348397 11.3914419915696 11.3914532415278
95.8230100334448 11.2624526927946 11.2624581397424 11.2624573418215 11.2624573418215 11.2624573418214 11.2624581397424 11.2624583951394 11.2624603847568 11.2624619924487 11.2624586637536 11.2624699400807
96.3246488294314 11.1341408696792 11.1341463081255 11.1341454923888 11.1341454923888 11.1341454923888 11.1341463081255 11.1341465495273 11.1341485778133 11.1341502475241 11.1341468307765 11.1341581336236
96.8262876254181 11.0064959102031 11.0065013413491 11.006500507553 11.006500507553 11.0065005075529 11.0065013413492 11.0065015683019 11.0065036356408 11.0065053699759 11.0065018624504 11.0065131919962
97.3279264214047 10.8795132414044 10.8795186664159 10.8795178143133 10.8795178143133 10.8795178143133 10.879518666416 10.8795188784566 10.8795209852169 10.8795227869009 10.8795191857703 10.8795305422062
97.8295652173913 10.7531883464205 10.7531937664311 10.753192895771 10.753192895771 10.753192895771 10.7531937664311 10.753193963088 10.7531961096201 10.7531979815031 10.7531942838333 10.7532056673885
98.3312040133779 10.627516763753 10.6275221798623 10.627521290392 10.627521290392 10.627521290392 10.6275221798623 10.6275223606564 10.627524547291 10.627526492354 10.6275226951003 10.6275341059282
98.8328428093645 10.5024940860335 10.5024994993129 10.5024985907747 10.5024985907747 10.5024985907747 10.5024994993129 10.5024996637546 10.5025018908018 10.502503912164 10.5025000121649 10.5025114504569
99.3344816053512 10.3781159591441 10.3781213706374 10.3781204427706 10.3781204427706 10.3781204427706 10.3781213706374 10.3781215182293 10.3781237859761 10.3781258869013 10.3781218808735 10.3781333468998
99.8361204013378 10.2543780816431 10.2543834923679 10.254382544908 10.2543825449079 10.2543825449079 10.2543834923679 10.2543836226033 10.254385931312 10.2543881152174 10.2543839997491 10.2543954936482
100.337759197324 10.1312762034014 10.1312816143505 10.1312806470297 10.1312806470297 10.1312806470297 10.1312816143504 10.1312817267136 10.1312840766211 10.1312863470833 10.1312821186287 10.1312936406689
100.839397993311 10.0088061251778 10.0088115373207 10.0088105498676 10.0088105498676 10.0088105498677 10.0088115373207 10.0088116312875 10.0088140226021 10.0088163833657 10.0088120382387 10.008823588595
101.341036789298 9.88696369743154 9.8869691117167 9.88696810385605 9.88696810385605 9.88696810385604 9.88696911171669 9.88696918675386 9.88697161965322 9.88697407464079 9.88696960900713 9.88698118796746
101.842675585284 9.76574481986972 9.76575023722411 9.76574920867707 9.76574920867707 9.76574920867707 9.76575023722408 9.76575029278907 9.76575276741966 9.76575532073855 9.76575073060969 9.7657623383548
102.344314381271 9.64514544023757 9.64515086157026 9.64514981205384 9.64514981205383 9.64514981205389 9.64515086157028 9.64515089711165 9.64515341358526 9.64515606953931 9.64515135076324 9.64516298758553
102.845953177258 9.5251615539088 9.5251669801099 9.52516590933752 9.52516590933752 9.52516590933753 9.5251669801099 9.52516699506719 9.52516955345976 9.52517231655783 9.525167464812 9.52517913093469
103.347591973244 9.40578920290604 9.40579463484807 9.40579354252943 9.40579354252943 9.40579354252944 9.40579463484807 9.40579462865186 9.40579722899974 9.40580010396776 9.40579511474994 9.40580681041461
103.849230769231 9.28702447515699 9.28702991369769 9.28702879953832 9.28702879953833 9.28702879953831 9.2870299136977 9.28702988576919 9.28703252806957 9.28703551986133 9.28703038847892 9.28704211393791
104.350869565217 9.16886350374588 9.16886894972802 9.16886781342923 9.16886781342922 9.1688678134292 9.16886894972801 9.16886889947913 9.16887158368452 9.16887469749488 9.16886941905596 9.16888117461473
104.852508361204 9.05130246631145 9.05130792056294 9.05130676182237 9.05130676182238 9.05130676182235 9.05130792056293 9.05130784739695 9.05131057341481 9.05131381469026 9.05130838409366 9.05132017004736
105.354147157191 8.93433758424893 8.93434304758485 8.93434186609588 8.93434186609588 8.93434186609586 8.93434304758483 8.93434295089591 8.93434571858498 8.93434909303936 8.93434350496189 8.93435532159054
105.855785953177 8.81796512195897 8.81797059518198 8.81796939063372 8.81796939063372 8.81796939063373 8.81797059518198 8.81797047435452 8.817973283523 8.81797679715116 8.81797104603596 8.81798289363177
106.357424749164 8.70218138621389 8.70218687011472 8.70218564219224 8.70218564219222 8.70218564219224 8.70218687011471 8.7021867245243 8.70218957492735 8.7021932340197 8.70218731406364 8.70219919292561
106.859063545151 8.58698272544056 8.58698822079945 8.58698696918343 8.58698696918345 8.58698696918347 8.58698822079944 8.58698804981257 8.58699094114871 8.58699475230924 8.5869886574479 8.58700056789375
107.360702341137 8.47236552910237 8.47237103668926 8.47236976105616 8.47236976105616 8.47236976105616 8.47237103668926 8.47237083966299 8.4723737715719 8.47237774173447 8.47237146562803 8.47238340796184
107.862341137124 8.35832622696247 8.35833174753796 8.3583304475596 8.35833044755958 8.35833044755961 8.35833174753795 8.35833152382065 8.35833449587968 8.35833863232704 8.3583321683439 8.35834414290755
108.36397993311 8.24486128843423 8.24486682274981 8.24486549809376 8.24486549809376 8.24486549809381 8.24486682274981 8.24486657167982 8.24486958340305 8.24487389378521 8.24486723498531 8.24487924216677
108.865618729097 8.13196722206455 8.13197277086362 8.13197142119293 8.13197142119294 8.1319714211929 8.13197277086363 8.13197249177132 8.13197554260421 8.13198003496082 8.13197317407674 8.13198521422826
109.367257525084 8.01964057479665 8.01964613881609 8.01964476378798 8.01964476378795 8.01964476378796 8.01964613881605 8.01964583102085 8.01964892033872 8.01965360312139 8.01964653253834 8.01965860602275
109.86889632107 7.90787793136625 7.90788351133336 7.907882110603 7.90788211060301 7.90788211060301 7.90788351133333 7.90788317414829 7.90788630125264 7.9078911833488 7.90788389508349 7.90789600226264
110.370535117057 7.79667591370114 7.79668151033853 7.79668008355474 7.7966800835547 7.79668008355471 7.79668151033853 7.79668114306571 7.79668430718271 7.7966893979411 7.79668188361798 7.79669402482844
110.872173913044 7.68603118015311 7.68603679417646 7.68603534098355 7.68603534098356 7.68603534098357 7.68603679417645 7.68603639610938 7.68603959638496 7.68604490564242 7.68603715647077 7.68604933216989
111.37381270903 7.57594042517655 7.57594605729619 7.5759445773337 7.57594457733371 7.57594457733367 7.57594605729617 7.57594562771924 7.57594886321665 7.57595440132948 7.57594640807435 7.57595861868348
111.875451505017 7.46640037860837 7.46640602952977 7.46640452243217 7.46640452243215 7.46640452243214 7.46640602952976 7.46640556771792 7.46640883741609 7.46641461529032 7.46640636824409 7.46641861420517
112.377090301003 7.35740780513573 7.35741347555979 7.35741194095657 7.3574119409566 7.35741194095657 7.35741347555979 7.35741298077893 7.35741628356906 7.35742231269501 7.35741380164555 7.35742608336577
112.87872909699 7.24895950365804 7.24896519428174 7.24896363179732 7.2489636317973 7.2489636317973 7.24896519428172 7.24896466578982 7.24896800047042 7.24897429296056 7.24896550715708 7.24897782504043
113.380367892977 7.14105230666153 7.14105801817771 7.14105642743147 7.14105642743145 7.14105642743145 7.1410580181777 7.14105745522289 7.14106082049949 7.14106738912695 7.1410583172429 7.1410706717827
113.882006688963 7.03368307986286 7.03368881296083 7.03368719356696 7.03368719356696 7.03368719356695 7.03368881296083 7.0336882147826 7.03369160926332 7.03369846750498 7.03368909759812 7.03370148928634
114.38364548495 6.92684872154046 6.92685447690646 6.92685282847403 6.92685282847402 6.92685282847403 6.92685447690646 6.92685384273511 6.92685726492967 6.92686442701295 6.92685474648006 6.92686717582491
114.885284280936 6.82054616207781 6.8205519403957 6.82055026252829 6.82055026252833 6.82055026252829 6.8205519403957 6.82055126945342 6.82055471776856 6.82056219872228 6.82055219425145 6.82056466175988
115.386923076923 6.71477236341605 6.71477816536732 6.71477645766319 6.7147764576632 6.71477645766324 6.71477816536733 6.71477745686665 6.71478092960575 6.71478874531489 6.7147784028322 6.71479090898503
115.88856187291 6.60952431845072 6.60953014471517 6.60952840676704 6.60952840676702 6.60952840676704 6.60953014471517 6.60952939786018 6.6095328932197 6.6095410604857 6.60953036509732 6.60954291044197
116.390200668896 6.50479905066848 6.50480490192421 6.50480313331924 6.50480313331922 6.50480313331927 6.50480490192421 6.50480411591063 6.50480763197737 6.5048161685835 6.50480510451271 6.50481768959886
116.891839464883 6.4005936135844 6.40059949050847 6.40059769082821 6.40059769082821 6.40059769082822 6.40059949050848 6.40059866452279 6.40060219927403 6.40061112405658 6.40059967457314 6.40061229995656
117.39347826087 6.29690509029786 6.2969109935661 6.29690916238636 6.29690916238636 6.29690916238637 6.29691099356608 6.29691012678679 6.29691367808645 6.29692301101291 6.2969111583575 6.29692382459584
117.895117056856 6.19373059301928 6.19373652330629 6.19373466019739 6.1937346601974 6.1937346601974 6.19373652330629 6.19373561490306 6.19373918050079 6.19374894275608 6.19373666805535 6.19374937567772
118.396755852843 6.09106726237957 6.09107322036133 6.09107132488721 6.0910713248872 6.09107132488718 6.09107322036133 6.09107226949485 6.09107584702613 6.09108606111119 6.09107334427931 6.0910860939924
118.898394648829 5.98891226742989 5.98891825378154 5.98891632550026 5.98891632550024 5.98891632550029 5.98891825378154 5.98891725960446 5.98892084658803 5.98893153642041 5.98891835606026 5.98893114846094
119.400033444816 5.88726280497855 5.88726882037373 5.88726685883801 5.88726685883804 5.88726685883805 5.88726882037372 5.88726778202979 5.88727137586702 5.88728256689564 5.887268900185 5.88728173582371
119.901672240803 5.78611609889021 5.78612214400578 5.78612014876143 5.78612014876143 5.78612014876142 5.78612214400578 5.78612106063138 5.78612465860673 5.78613637794936 5.7861222005024 5.78613508009117
120.403311036789 5.68546940006381 5.68547547557727 5.68547344616377 5.68547344616378 5.68547344616378 5.68547547557728 5.6854743462993 5.68547794558041 5.68549022216293 5.68547550789196 5.68548843211019
120.904949832776 5.58531998601474 5.58532609260126 5.585324028553 5.58532402855299 5.58532402855299 5.58532609260126 5.58532491653957 5.58532851417528 5.58534137888432 5.58532609984755 5.58533906923787
121.406588628763 5.48566515990052 5.48567129824094 5.48566919908448 5.48566919908446 5.48566919908445 5.48567129824094 5.48567007450551 5.48567366743142 5.48568715331164 5.48567127951276 5.48568429493526
121.908227424749 5.38650225104479 5.38650842181887 5.38650628707512 5.38650628707514 5.38650628707512 5.38650842181887 5.38650714951256 5.38651073454741 5.38652487698857 5.38650837619119 5.38652143821014
122.409866220736 5.28782861374183 5.28783481763135 5.28783264681469 5.28783264681471 5.2878326468147 5.28783481763136 5.2878334958487 5.28783706969749 5.28785190666902 5.28783474416007 5.28784785351441
122.911505016722 5.18964162722143 5.18964786491229 5.18964565752965 5.18964565752963 5.18964565752965 5.18964786491229 5.18964649273965 5.1896500519974 5.18966562431047 5.18964776263479 5.18966092011269
123.413143812709 5.09193869552184 5.09194496769832 5.09194272325125 5.09194272325126 5.09194272325127 5.09194496769833 5.09194354421416 5.0919470853656 5.09196343695051 5.09194483563354 5.09195804182663
123.914782608696 4.99471724643417 4.99472355378749 4.99472127176919 4.99472127176917 4.99472127176917 4.99472355378749 4.99472207806172 4.99472559748747 4.99474277574917 4.99472339093637 4.99473664673614
124.416421404682 4.89797473199149 4.89798107521261 4.89797875511032 4.89797875511032 4.89797875511033 4.89798107521261 4.89797954630781 4.89798304028531 4.89800109646419 4.89798088055874 4.89799418665676
124.918060200669 4.80170862759188 4.80171500737473 4.80171264866876 4.80171264866877 4.80171264866877 4.80171500737473 4.8017134243455 4.80171688905327 4.80173587867094 4.80171477988442 4.80172813700263
125.419698996656 4.70591643164172 4.70592284868601 4.70592045084843 4.70592045084845 4.70592045084845 4.705922848686 4.70592121057859 4.7059246421036 4.70594462547277 4.70592258730911 4.70593599633003
125.921337792642 4.6105956656451 4.6106021206517 4.61059968314831 4.61059968314833 4.61059968314831 4.6106021206517 4.61060042650504 4.61060382084355 4.61062486363914 4.61060182432191 4.61061528598271
126.422976588629 4.51574387356293 4.51575036723592 4.51574788952528 4.51574788952525 4.51574788952526 4.51575036723592 4.51574861608065 4.51575196914712 4.51577414308669 4.51575003487164 4.51576354991285
126.924615384615 4.42135862143497 4.42136515448395 4.42136263601649 4.42136263601649 4.42136263601648 4.42136515448395 4.42136334534303 4.42136665297503 4.421390036618 4.42136478498874 4.42137835426605
127.426254180602 4.32743749734481 4.32744407048279 4.32744151070166 4.32744151070163 4.32744151070168 4.32744407048279 4.32744220237167 4.32744546033617 4.3274701400052 4.32744366274624 4.32745728708711
127.927892976589 4.23397811098566 4.23398472492985 4.23398212327058 4.23398212327056 4.23398212327055 4.23398472492985 4.23398279685603 4.23398600085773 4.23401207173455 4.23398427782827 4.2339979580287
128.429531772575 4.14097809336545 4.14098474883692 4.14098210472739 4.14098210472739 4.14098210472739 4.14098474883693 4.14098275980058 4.14098590548794 4.14101347291337 4.14098426123419 4.14099799810384
128.931170568562 4.04843509655775 4.04844179428284 4.04843910714292 4.04843910714293 4.04843910714294 4.04844179428284 4.04843974327611 4.04844282625034 4.04847200728018 4.04844126503096 4.04845505936282
129.432809364548 3.95634679332368 3.95635353403358 3.95635080327516 3.95635080327514 3.95635080327513 3.95635353403358 3.95635142004139 3.9563544358657 3.95638536113275 3.95635296197416 3.95636681461798
129.934448160535 3.86471087698708 3.86471766141795 3.86471488644466 3.86471488644466 3.86471488644469 3.86471766141794 3.86471548341728 3.86471842762428 3.86475124359476 3.86471704538232 3.86473095717063
130.436086956522 3.77352506107291 3.77353188996615 3.77352907017359 3.77352907017358 3.7735290701736 3.77353188996615 3.77352964692586 3.77353251502905 3.7735673867531 3.77353122877681 3.77354520055056
130.937725752508 3.68278707908146 3.68279395318387 3.68279108795927 3.68279108795926 3.68279108795925 3.68279395318387 3.68279164406576 3.68279443156674 3.68283154605807 3.68279324565531 3.68280727824941
131.439364548495 3.59249468422108 3.59250160428499 3.5924986930071 3.59249869300709 3.59249869300708 3.59250160428499 3.59249922804393 3.59250193044367 3.59254150086863 3.59250084922506 3.59251494346349
131.941003344482 3.50264564913469 3.50265261591831 3.50264965795726 3.50264965795727 3.50264965795729 3.50265261591831 3.50265017150064 3.50265278430978 3.5026950552334 3.50265181212849 3.50266596883814
132.442642140468 3.41323776568582 3.41324477995308 3.41324177467055 3.41324177467056 3.41324177467055 3.41324477995308 3.41324226629782 3.41324478504751 3.4132900390649 3.41324392623018 3.41325814621591
132.944280936455 3.32426884465253 3.32427590717412 3.32427285392264 3.32427285392264 3.32427285392263 3.32427590717413 3.32427332321265 3.32427574346419 3.324324309695 3.32427500231087 3.32428928639831
133.445919732441 3.23573671549561 3.23574382704912 3.23574072517206 3.23574072517203 3.23574072517204 3.23574382704912 3.2357411717054 3.23574348906208 3.23579575415226 3.2357428698356 3.2357572188947
133.947558528428 3.14763922626544 3.14764638763441 3.1476432364663 3.1476432364663 3.1476432364663 3.14764638763441 3.14764365982447 3.14764586994121 3.14770229252051 3.1476453768587 3.1476597916909
134.449197324415 3.05997424321974 3.05998145519322 3.05997825405998 3.05997825405998 3.05997825405998 3.05998145519322 3.0599786538264 3.05998075242075 3.06004188241271 3.05998038964301 3.05999487097538
134.950836120401 2.97273965050784 2.97274691388357 2.97274366210097 2.97274366210097 2.97274366210101 2.97274691388357 2.97274403786049 2.97274602072439 2.97281252563686 2.97274579234644 2.97276034097871
135.452474916388 2.88593335006713 2.8859406656511 2.88593736252506 2.88593736252505 2.88593736252507 2.8859406656511 2.88593771386437 2.8859395768741 2.88601227824311 2.88593948691581 2.88595410371221
135.954113712375 2.79955326160622 2.7995606302081 2.79955727503645 2.79955727503646 2.79955727503647 2.79956063020811 2.79955760154429 2.79955934067005 2.79963926576204 2.7995593930664 2.79957407867512
136.455752508361 2.71359732172757 2.71360474416823 2.71360133623743 2.71360133623743 2.71360133623742 2.71360474416823 2.71360163750469 2.7136032488212 2.71369170618497 2.71360344741431 2.71361820271566
136.957391304348 2.62806348464932 2.62807096175474 2.62806750034258 2.62806750034257 2.62806750034256 2.62807096175474 2.62806777596213 2.62806925565866 2.62816794862445 2.62806960418762 2.62808442982596
137.459030100334 2.54294972095775 2.5429572535642 2.54295373793725 2.54295373793725 2.54295373793725 2.5429572535642 2.54295398750418 2.54295533189408 2.54306653594877 2.54295583398739 2.54297073074806
137.960668896321 2.45825401833429 2.45826160728377 2.45825803669964 2.45825803669967 2.45825803669966 2.45826160728377 2.45825825981166 2.45825946534027 2.45838631748461 2.45826012450738 2.45827509305191
138.462307692308 2.37397438049079 2.37398202663553 2.37397840034058 2.37397840034057 2.37397840034056 2.37398202663552 2.37397859659684 2.37397965985186 2.37412665755398 2.37398047947571 2.37399552056055
138.963946488294 2.29010882782253 2.29011653202265 2.29011284925297 2.29011284925297 2.29011284925298 2.29011653202266 2.29011301825608 2.2901139359737 2.29028785819972 2.29011491930347 2.29013003351983
139.465585284281 2.20665539619668 2.20666315932037 2.20665941930181 2.20665941930181 2.20665941930182 2.20666315932038 2.20665956065694 2.20666032972922 2.20687209621303 2.20666147987417 2.20667666798991
139.967224080268 2.12361213791569 2.12361996084165 2.12361616278839 2.1236161627884 2.12361616278841 2.12361996084165 2.12361627610258 2.12361689358651 2.12388580257325 2.12361821350905 2.12363347601503
140.468862876254 2.04097712021514 2.04098500382908 2.04098114694553 2.04098114694553 2.04098114694554 2.04098500382909 2.04098123182965 2.0409816949499 2.04134694535562 2.04098318746102 2.04099852513967
140.970501672241 1.95874842624237 1.95875637144097 1.95875245491951 1.95875245491952 1.95875245491952 1.95875637144097 1.95875251098598 1.95875281714297 1.95931521480334 1.95875448489742 1.9587698982806
141.472140468227 1.8769241542065 1.87693216189498 1.87692818491724 1.87692818491723 1.87692818491721 1.87693216189498 1.87692821178247 1.87692835855548 1.87812151022338 1.87693020404689 1.87694569365793
141.973779264214 1.79550241698101 1.79551048807472 1.7955064498106 1.7955064498106 1.79550644981059 1.79551048807471 1.79550644709316 1.79550643224592 1.78351967558927 1.79550211219355 1.7955240243099
142.475418060201 1.71448134273858 1.71448947816311 1.71448537777081 1.71448537777082 1.7144853777708 1.71448947816311 1.71448534509285 1.71448516657465 1.71347280347959 1.71448099378762 1.7145030182154
142.977056856187 1.63385907391161 1.63386727460167 1.6338631112281 1.63386311122809 1.63386311122811 1.63386727460167 1.63386304821454 1.63386270416418 1.63332970680307 1.63385868051587 1.63388081788622
143.478695652174 1.55363376725427 1.55364203415599 1.55363780693559 1.55363780693557 1.55363780693557 1.55364203415599 1.55363771321422 1.55363720196202 1.5532735347413 1.55363332915488 1.55365558015062
143.980334448161 1.47380359411837 1.47381192818777 1.4738076362431 1.4738076362431 1.47380763624312 1.47381192818777 1.47380751144545 1.47380683151259 1.47352979648729 1.47380311107858 1.47382547618814
144.481973244147 1.39436673940456 1.39437514160822 1.39437078404977 1.39437078404977 1.39437078404974 1.39437514160822 1.39437062780988 1.39436977791122 1.39414540666069 1.39436621120972 1.39438869105208
144.983612040134 1.31532140207436 1.31532987339064 1.31532544931581 1.3153254493158 1.31532544931583 1.31532987339064 1.31532526127182 1.31532424031303 1.3151352944803 1.31532082853151 1.31534342367379
145.48525083612 1.23666579485785 1.23667433627475 1.23666984476926 1.23666984476925 1.23666984476925 1.23667433627475 1.2366696245619 1.23666843163972 1.23650496594235 1.23666517579509 1.23668788665243
145.986889632107 1.15839814348744 1.15840675600613 1.15840219614175 1.15840219614176 1.15840219614178 1.15840675600613 1.15840194341555 1.15840057781538 1.15825633451534 1.15839747875374 1.1584203059284
146.488528428094 1.08051668751185 1.08052537214357 1.08052074297997 1.08052074297999 1.08052074297998 1.08052537214357 1.08052045738257 1.08051891857639 1.08038970499961 1.08051597697645 1.08053892085815
146.99016722408 1.00301967906478 1.00302843683348 1.00302373741659 1.00302373741658 1.00302373741656 1.00302843683348 1.00302341859916 1.00302170624279 1.00290457612368 1.00301892261687 1.00304198372008
147.491806020067 0.925905383596014 0.925914215537696 0.925909444899869 0.925909444899884 0.925909444899904 0.925914215537699 0.925909092517113 0.925907206445878 0.925800010366129 0.925904581143835 0.925927759879363
147.993444816054 0.849172079027444 0.849180986189253 0.849176143350034 0.849176143350036 0.849176143350043 0.849180986189253 0.849175757059846 0.849173697285271 0.849074819019331 0.849171230497907 0.849194527268368
148.49508361204 0.772818055966407 0.772827039409192 0.77282212337353 0.772822123373536 0.772822123373521 0.772827039409191 0.772821702837241 0.772819469542237 0.772727663067782 0.772817161304344 0.772840576536501
148.996722408027 0.696841617455778 0.696850678252546 0.696845688011634 0.696845688011655 0.696845688011654 0.696850678252545 0.696845232894602 0.696842826427429 0.696757110810519 0.696840676623327 0.696864210635289
149.498361204013 0.621241078556423 0.621250217792881 0.621245152323877 0.621245152323881 0.621245152323894 0.621250217792882 0.621244662294575 0.621242083165154 0.62116167225479 0.621240091532366 0.621263744770269
150 0.546014766799063 0.54602398557365 0.546018843839503 0.546018843839494 0.546018843839507 0.546023985573648 0.546018318569342 0.546015567442811 0.545939821418239 0.546013733577761 0.546037506278453
