1.000000000000000021e-02 1.393638315521615922e+01 1.384686450629631516e+01 1.393623550610353234e+01 1.393623550610345774e+01 1.393623550610344886e+01 1.384686450629603449e+01 1.393449580790010600e+01 1.393330589320779289e+01 1.393288670120118411e+01 1.393440380395346345e+01 1.463159163709202559e+01
3.105811623246493292e-01 4.981905179521086779e+01 4.965411161519330108e+01 4.981076136851596203e+01 4.981076136851592651e+01 4.981076136851579861e+01 4.965411161519341476e+01 4.979746015101863321e+01 4.979039620620813622e+01 4.978820375323160619e+01 4.979858559753343172e+01 5.104187739773231414e+01
6.111623246492986494e-01 5.542740102426159865e+01 5.528844916658756858e+01 5.541383357051857672e+01 5.541383357051785197e+01 5.541383357051858383e+01 5.528844916658790964e+01 5.540103674906044517e+01 5.539484972287128528e+01 5.539300691255971998e+01 5.540310766621333727e+01 5.643775209822322125e+01
9.117434869739480252e-01 5.754118006321160550e+01 5.741966523948883605e+01 5.752369598492033731e+01 5.752369598491996783e+01 5.752369598491979730e+01 5.741966523948860868e+01 5.751245388649733314e+01 5.750733555011215259e+01 5.750584844742441959e+01 5.751512391778189226e+01 5.841066858950372165e+01
1.212324649298597290e+00 5.843649093135685746e+01 5.832717590370700123e+01 5.841583225954885705e+01 5.841583225954940417e+01 5.841583225954885705e+01 5.832717590370696570e+01 5.840626672616143367e+01 5.840209385346877013e+01 5.840090184592828138e+01 5.840935180470156496e+01 5.920685536527611958e+01
1.512905811623246555e+00 5.876472938661020606e+01 5.866446405164510480e+01 5.874137565547434292e+01 5.874137565547381001e+01 5.874137565547438555e+01 5.866446405164510480e+01 5.873341944380550927e+01 5.873005689435737509e+01 5.872910803011807701e+01 5.873680910783971143e+01 5.946070644989183762e+01
1.813486973947896042e+00 5.878715346644759876e+01 5.869390176003092563e+01 5.876144634064107208e+01 5.876144634064156946e+01 5.876144634064117156e+01 5.869390176003087589e+01 5.875498568980303560e+01 5.875231962770539695e+01 5.875157404956068774e+01 5.875860764611312703e+01 5.942460166405973609e+01
2.114068136272544862e+00 5.862940039044650575e+01 5.854176150314315663e+01 5.860159866350144142e+01 5.860159866350171143e+01 5.860159866350135616e+01 5.854176150314312821e+01 5.859651156839858288e+01 5.859444965333653244e+01 5.859387685582279204e+01 5.860031555435143957e+01 5.921915820366471905e+01
2.414649298597194349e+00 5.835928193363388772e+01 5.827624294795879933e+01 5.832958969603436827e+01 5.832958969603402721e+01 5.832958969603421906e+01 5.827624294795908355e+01 5.832575769200737881e+01 5.832422490625804556e+01 5.832380116042838836e+01 5.832970718557710654e+01 5.890913125933741412e+01
2.715230460921843836e+00 5.801645448924804782e+01 5.793725302131121424e+01 5.798503709141621698e+01 5.798503709141538565e+01 5.798503709141613882e+01 5.793725302131124266e+01 5.798234884681497903e+01 5.798128356464779642e+01 5.798099006094754770e+01 5.798641640431824840e+01 5.853220154086110938e+01
3.015811623246492879e+00 5.762551379907231563e+01 5.754955668700675631e+01 5.759250756874141075e+01 5.759250756874123311e+01 5.759250756874135391e+01 5.754955668700716132e+01 5.759085966438530590e+01 5.759021059084150096e+01 5.759003215108365481e+01 5.759502411128675448e+01 5.811162509534042186e+01
3.316392785571142365e+00 5.720241241977879554e+01 5.712922493248661482e+01 5.716793088692861602e+01 5.716793088692811153e+01 5.716793088692828917e+01 5.712922493248658640e+01 5.716722759927726116e+01 5.716695148257866776e+01 5.716687566221526851e+01 5.717147224371898773e+01 5.766240994463779401e+01
3.616973947895791852e+00 5.675786410679875615e+01 5.668705674582162857e+01 5.672200213246034650e+01 5.672200213246038203e+01 5.672200213246049572e+01 5.668705674582168541e+01 5.672215488862088506e+01 5.672221481791260089e+01 5.672223126987242381e+01 5.672646633508807668e+01 5.719458206974934456e+01
3.917555110220440895e+00 5.629926567585125241e+01 5.623051161224004346e+01 5.626210224499988755e+01 5.626210224499959622e+01 5.626210224499996571e+01 5.623051161223972372e+01 5.626302900553918107e+01 5.626339313410255016e+01 5.626349314922700273e+01 5.626739633853465961e+01 5.671502365234925236e+01
4.218136272545089938e+00 5.583183777327416664e+01 5.576485697078902604e+01 5.579343788828325756e+01 5.579343788828335704e+01 5.579343788828342809e+01 5.576485697078923209e+01 5.579506255473155107e+01 5.579570313076852273e+01 5.579587929942075419e+01 5.579947676013321001e+01 5.622856114184696708e+01
4.518717434869739868e+00 5.535933060619220214e+01 5.529387828435005048e+01 5.531974654087223087e+01 5.531974654087195375e+01 5.531974654087232324e+01 5.529387828435012153e+01 5.532199842082987828e+01 5.532289104194730101e+01 5.532313700037926907e+01 5.532645196521511366e+01 5.573863654631568210e+01
4.819298597194388911e+00 5.488447594934972074e+01 5.482033393349215800e+01 5.484374802123978299e+01 5.484374802123983272e+01 5.484374802123961246e+01 5.482033393349222195e+01 5.484656135784788233e+01 5.484768439011449459e+01 5.484799462721729668e+01 5.485104787595253129e+01 5.524773621738399498e+01
5.119879759519037954e+00 5.440928531848150129e+01 5.434625534210712061e+01 5.436744227369234750e+01 5.436744227369257487e+01 5.436744227369212723e+01 5.434625534210699271e+01 5.437075583601158257e+01 5.437208995556735402e+01 5.437245966341928494e+01 5.437526989407517419e+01 5.475767292441867085e+01
5.420460921843687885e+00 5.393525173127764560e+01 5.387315006616826452e+01 5.389231079438293648e+01 5.389231079438320648e+01 5.389231079438259542e+01 5.387315006616831425e+01 5.389606752162912073e+01 5.389759534874347935e+01 5.389802030546258038e+01 5.390060443517272404e+01 5.426977616823452166e+01
5.721042084168336928e+00 5.346348928986476778e+01 5.340214226823654542e+01 5.341945590022518076e+01 5.341945590022515233e+01 5.341945590022495338e+01 5.340214226823665200e+01 5.342360259218346386e+01 5.342530839594445524e+01 5.342578487271467935e+01 5.342815828363602293e+01 5.378502342891227528e+01
6.021623246492985970e+00 5.299483165710044119e+01 5.293407176719681928e+01 5.294969888851762363e+01 5.294969888851763784e+01 5.294969888851746731e+01 5.293407176719667007e+01 5.295418593487398340e+01 5.295605539242855997e+01 5.295658007888663832e+01 5.295875682081118896e+01 5.330413242722313782e+01
6.322204408817635901e+00 5.252990276214045196e+01 5.246956506754715122e+01 5.248365039863511328e+01 5.248365039863516301e+01 5.248365039863460879e+01 5.246956506754735017e+01 5.248843154087541052e+01 5.249045153931907493e+01 5.249102148305601645e+01 5.249301444166840724e+01 5.282762707911356159e+01
6.622785571142284944e+00 5.206916839246548534e+01 5.200908706353195754e+01 5.202176160807724870e+01 5.202176160807663052e+01 5.202176160807692185e+01 5.200908706353206412e+01 5.202679372851348916e+01 5.202895220044572255e+01 5.202956475747639331e+01 5.203138579513167628e+01 5.235588534877103939e+01
6.923366733466933987e+00 5.161297442035307625e+01 5.155297917827978438e+01 5.156436198001452453e+01 5.156436198001428295e+01 5.156436198001422611e+01 5.155297917827978438e+01 5.156960491343767217e+01 5.157189069934398873e+01 5.157254349322088416e+01 5.157420356757945967e+01 5.188917442764857668e+01
7.223947895791583917e+00 5.116157556807225149e+01 5.110148783352116197e+01 5.111168742749026705e+01 5.111168742749024574e+01 5.111168742748988336e+01 5.110148783352126856e+01 5.111710379166336082e+01 5.111950652389838012e+01 5.112019741165744335e+01 5.112170667634423893e+01 5.142767690002360581e+01
7.524529058116232960e+00 5.071515742232869428e+01 5.065478592682529779e+01 5.066390154981581162e+01 5.066390154981609584e+01 5.066390154981517213e+01 5.065478592682529779e+01 5.066945659173868677e+01 5.067196659600724473e+01 5.067269363961962370e+01 5.067406153018399095e+01 5.097151040791650445e+01
7.825110220440882003e+00 5.027385363281035069e+01 5.021298918884476592e+01 5.022111179800564429e+01 5.022111179800613456e+01 5.022111179800489111e+01 5.021298918884461671e+01 5.022677325340068677e+01 5.022938146457013175e+01 5.023014290680734462e+01 5.023137821459609142e+01 5.052074256783723172e+01
8.125691382765531046e+00 4.983775972609237215e+01 4.977616874710734152e+01 4.978338188445891177e+01 4.978338188445921020e+01 4.978338188445829360e+01 4.977616874710725625e+01 4.978911984841164440e+01 4.979181773812060641e+01 4.979261198203551686e+01 4.979372291804913431e+01 5.007540237937857341e+01
8.426272545090180088e+00 4.940694465638213728e+01 4.934436085010420214e+01 4.935074138210323014e+01 4.935074138210369199e+01 4.935074138210271144e+01 4.934436085010411688e+01 4.935652818914641671e+01 4.935930770321485994e+01 4.936013329457365018e+01 4.936112754497953858e+01 4.963548901468091401e+01
8.726853707414830907e+00 4.898146105610135237e+01 4.891757444472826677e+01 4.892319319977632830e+01 4.892319319977634962e+01 4.892319319977557512e+01 4.891757444472834493e+01 4.892900331203147601e+01 4.893185681605194759e+01 4.893271242819743350e+01 4.893359720285714332e+01 4.920097863381592873e+01
9.027434869739479950e+00 4.856135513613639176e+01 4.849579711657561631e+01 4.850071943850245049e+01 4.850071943850230838e+01 4.850071943850163336e+01 4.849579711657563763e+01 4.850652934075016276e+01 4.850944957258666790e+01 4.851033399331455342e+01 4.851111606842762569e+01 4.877182969942086288e+01
9.328016032064128993e+00 4.814667735150226235e+01 4.807899977223878807e+01 4.808328600411303455e+01 4.808328600411293507e+01 4.808328600411202558e+01 4.807899977223858201e+01 4.808907410484810896e+01 4.809205413297141263e+01 4.809296625309236362e+01 4.809365200885154934e+01 4.834798714124504926e+01
9.628597194388778036e+00 4.773749539073507009e+01 4.766714034707850800e+01 4.767084625684078958e+01 4.767084625684046273e+01 4.767084625683984456e+01 4.766714034707857195e+01 4.767659279455664745e+01 4.767962598136550412e+01 4.768056478466223069e+01 4.768116023867304420e+01 4.792938563316638323e+01
9.929178356713427078e+00 4.733391199812480465e+01 4.726016675296958169e+01 4.726334391018778547e+01 4.726334391018727388e+01 4.726334391018655623e+01 4.726016675296965985e+01 4.726903086428531964e+01 4.727211083372372258e+01 4.727307538809004939e+01 4.727358622516471343e+01 4.751595218050784553e+01
1.022975951903807612e+01 4.693609212328749436e+01 4.685801923036412830e+01 4.686071534162503838e+01 4.686071534162513075e+01 4.686071534162356755e+01 4.685801923036402172e+01 4.686632634742097281e+01 4.686944695630345592e+01 4.687043640587076254e+01 4.687086800470841297e+01 4.710760816845212418e+01
1.053034068136272516e+01 4.654430817360974970e+01 4.646063223007768528e+01 4.646289143917138631e+01 4.646289143917117315e+01 4.646289143917006470e+01 4.646063223007771370e+01 4.646841170658908027e+01 4.647156701916932775e+01 4.647258057725898084e+01 4.647293803444070903e+01 4.670427098681989264e+01
1.083092184368737598e+01 4.615902196996886175e+01 4.606793592196854803e+01 4.606979907992636925e+01 4.606979907992676715e+01 4.606979907992648293e+01 4.606793592196853382e+01 4.607521531554434802e+01 4.607839958093587285e+01 4.607943652371694299e+01 4.607972467536504979e+01 4.630585532037292751e+01
1.113150300601202503e+01 4.578104655815601376e+01 4.567985740659958083e+01 4.568136231574940354e+01 4.568136231574925432e+01 4.568136231574951012e+01 4.567985740659936766e+01 4.568666264790119413e+01 4.568987028002541706e+01 4.569092994075435854e+01 4.569115338215073052e+01 4.591227417371329267e+01
1.143208416833667407e+01 4.541189960485216659e+01 4.529632168895165734e+01 4.529750332444943695e+01 4.529750332444880456e+01 4.529750332444966432e+01 4.529632168895152944e+01 4.530267723116909906e+01 4.530590279097183526e+01 4.530698455472317221e+01 4.530714765810539291e+01 4.552343968486093928e+01
1.173266533066132311e+01 4.505468209535808910e+01 4.491725246110885195e+01 4.491814317283951397e+01 4.491814317283952107e+01 4.491814317283943581e+01 4.491725246110890168e+01 4.492318141243350027e+01 4.492641959215247738e+01 4.492752289095015783e+01 4.492762982159380414e+01 4.513926376983863520e+01
1.203324649298597215e+01 4.471669872801826529e+01 4.454257273085546132e+01 4.454320242811730424e+01 4.454320242811738240e+01 4.454320242811716213e+01 4.454257273085551816e+01 4.454809697220544251e+01 4.455134258150980742e+01 4.455246688979399039e+01 4.455252162011597505e+01 4.475965863186262084e+01
1.233382765531062120e+01 4.441984378598354510e+01 4.417220532564152791e+01 4.417260164665211875e+01 4.417260164665250244e+01 4.417260164665211164e+01 4.417220532564167712e+01 4.417734561553858441e+01 4.418059356940107563e+01 4.418173839975465711e+01 4.418174471906351641e+01 4.438453716156828932e+01
1.263440881763527202e+01 4.427182926768610116e+01 4.380607329553331653e+01 4.380626176347671930e+01 4.380626176347684009e+01 4.380626176347693246e+01 4.380607329553345153e+01 4.381084936372148064e+01 4.381409467190223239e+01 4.381525957098056523e+01 4.381522106162275776e+01 4.401381324955708152e+01
1.293498997995992106e+01 6.163309393014527870e+01 4.344410023384320141e+01 4.344410440092270420e+01 4.344410440092275394e+01 4.344410440092268999e+01 4.344410023384327246e+01 4.344853086501156270e+01 4.345176862307148724e+01 4.345295316768729776e+01 4.345021842573456183e+01 4.364740202807023906e+01
1.323557114228457010e+01 4.264407389967750817e+01 4.308621053103047416e+01 4.308605211177640371e+01 4.308605211177621186e+01 4.308605211177656003e+01 4.308621053103036047e+01 4.309031363977478435e+01 4.309353902154753513e+01 4.309474281484325786e+01 4.308944801980737083e+01 4.328522005544062523e+01
1.353615230460921914e+01 4.252475577351399494e+01 4.273232957375267205e+01 4.273202856865544419e+01 4.273202856865518129e+01 4.273202856865545840e+01 4.273232957375275731e+01 4.273612227177780909e+01 4.273933052325084958e+01 4.274055319092343552e+01 4.273535479594818298e+01 4.292718545425560706e+01
1.383673346693386819e+01 4.225143656757746413e+01 4.238238389947542117e+01 4.238195870987284763e+01 4.238195870987326686e+01 4.238195870987311764e+01 4.238238389947562013e+01 4.238588255585908371e+01 4.238906899042540033e+01 4.239031017695324977e+01 4.238520828996572476e+01 4.257321801203752187e+01
1.413731462925851723e+01 4.194322321349691407e+01 4.203630131443610196e+01 4.203576884944484959e+01 4.203576884944489933e+01 4.203576884944516934e+01 4.203630131443620144e+01 4.203952160967864415e+01 4.204268160474737925e+01 4.204394096956326621e+01 4.203893565312213809e+01 4.222323925164018732e+01
1.443789579158316805e+01 4.162341922904622038e+01 4.169401098193824140e+01 4.169338675814010742e+01 4.169338675814025663e+01 4.169338675814017137e+01 4.169401098193823429e+01 4.169696795641792164e+01 4.170009695136313610e+01 4.170137416493763993e+01 4.169646547582441798e+01 4.187717247716317104e+01
1.473847695390781709e+01 4.129968348456078786e+01 4.135544348601931119e+01 4.135474172049802633e+01 4.135474172049808317e+01 4.135474172049824659e+01 4.135544348601919751e+01 4.135815158338912312e+01 4.136124507885488555e+01 4.136253981863323759e+01 4.135772781273031029e+01 4.153494280012600370e+01
1.503905811623246613e+01 4.097524460184948225e+01 4.102053087539574250e+01 4.101976457267301157e+01 4.101976457267267051e+01 4.101976457267311815e+01 4.102053087539571408e+01 4.102300398137848703e+01 4.102605753993501736e+01 4.102736948608357892e+01 4.102265422017197949e+01 4.119647714975597808e+01
1.533963927855711518e+01 4.065167918568675276e+01 4.068920669102195120e+01 4.068838772435940143e+01 4.068838772435925222e+01 4.068838772435962881e+01 4.068920669102195120e+01 4.069145816800878634e+01 4.069446741618734364e+01 4.069579624709568577e+01 4.069117778004184771e+01 4.086170427057019339e+01
1.564022044088176422e+01 4.032983293576402417e+01 4.036140598037597016e+01 4.036054516786666824e+01 4.036054516786628454e+01 4.036054516786689561e+01 4.036140598037614780e+01 4.036344869818245229e+01 4.036640932991301156e+01 4.036775471739554888e+01 4.036323311113343948e+01 4.053055470980677200e+01
1.594080160320641326e+01 4.001018775378778969e+01 4.003706530106512673e+01 4.003617247689451375e+01 4.003617247689440006e+01 4.003617247689464165e+01 4.003706530106532568e+01 4.003891166415899505e+01 4.004181944563564599e+01 4.004318104977971160e+01 4.003875637018915512e+01 4.020296079683600254e+01
1.624138276553106408e+01 3.969302816285233604e+01 3.971612271563842000e+01 3.971520679684674349e+01 3.971520679684653743e+01 3.971520679684711297e+01 3.971612271563832763e+01 3.971778468710160581e+01 3.972063546311537152e+01 3.972201292671712736e+01 3.971768524441912263e+01 3.987885661627949219e+01
1.654196392785571490e+01 3.937852433929151630e+01 3.939851777945636258e+01 3.939758682851669391e+01 3.939758682851692129e+01 3.939758682851694260e+01 3.939851777945654021e+01 3.940000690194408151e+01 3.940279660371579240e+01 3.940418954623229553e+01 3.939995893732100996e+01 3.955817797627033627e+01
1.684254509018036217e+01 3.906677673897498693e+01 3.908419152297073396e+01 3.908325280645195932e+01 3.908325280645212274e+01 3.908325280645230748e+01 3.908419152297054922e+01 3.908551893687980794e+01 3.908824359143174831e+01 3.908965160239023362e+01 3.908551814909922939e+01 3.924086237300954849e+01
1.714312625250501299e+01 3.875784155236895856e+01 3.877308642953546070e+01 3.877214647310750451e+01 3.877214647310773898e+01 3.877214647310779583e+01 3.877308642953552464e+01 3.877426288859008707e+01 3.877691862969662395e+01 3.877834126149072347e+01 3.877430505279326667e+01 3.892684895253805166e+01
1.744370741482966380e+01 3.845174594836004189e+01 3.846514640979618349e+01 3.846421104980569083e+01 3.846421104980468897e+01 3.846421104980596795e+01 3.846514640979629007e+01 3.846618229423992119e+01 3.846876537498863513e+01 3.847020213498051078e+01 3.846626326713784039e+01 3.861607847061316079e+01
1.774428857715431107e+01 3.814849758034543470e+01 3.816031677347525886e+01 3.815939120530718753e+01 3.815939120530719464e+01 3.815939120530735096e+01 3.816031677347532280e+01 3.816122210104899182e+01 3.816372890804347406e+01 3.816517924990216670e+01 3.816133782695737153e+01 3.830849325115778470e+01
1.804486973947896189e+01 3.784809071990166274e+01 3.785854419898274870e+01 3.785763302240285810e+01 3.785763302240305705e+01 3.785763302240303574e+01 3.785854419898267764e+01 3.785932863385728808e+01 3.786175570309578831e+01 3.786321901730189410e+01 3.785947515151014642e+01 3.800403714399858046e+01
1.834545090180360916e+01 3.755051033150567719e+01 3.755977670177991001e+01 3.755888396343542013e+01 3.755888396343548408e+01 3.755888396343565461e+01 3.755977670177991001e+01 3.756044956160941695e+01 3.756279359604971546e+01 3.756426919948030729e+01 3.756062301169237827e+01 3.770265548212357487e+01
1.864603206412825998e+01 3.725573484743591024e+01 3.726396360163157340e+01 3.726309283488692614e+01 3.726309283488675561e+01 3.726309283488735247e+01 3.726396360163157340e+01 3.726453386289226444e+01 3.726679175170936276e+01 3.726827887623839786e+01 3.726473049623285050e+01 3.740429503896626073e+01
1.894661322645290724e+01 3.696373809860381243e+01 3.697105548929759067e+01 3.697020975155584921e+01 3.697020975155578526e+01 3.697020975155615474e+01 3.697105548929767593e+01 3.697153179106522458e+01 3.697370063059076273e+01 3.697519841063922996e+01 3.697174797740637331e+01 3.710890398587024919e+01
1.924719438877755806e+01 3.667449068290777348e+01 3.668100419281958580e+01 3.668018610047730022e+01 3.668018610047700889e+01 3.668018610047779049e+01 3.668100419281959290e+01 3.668139483915665267e+01 3.668347195547129047e+01 3.668497941446094046e+01 3.668162707642644449e+01 3.681643185001635743e+01
1.954777555110220888e+01 3.638796095068170899e+01 3.639376274383698018e+01 3.639297450501108244e+01 3.639297450501084796e+01 3.639297450501160824e+01 3.639376274383709386e+01 3.639407570494051214e+01 3.639605867805930473e+01 3.639757471372799102e+01 3.639432062892321795e+01 3.652682947299113891e+01
1.984835671342685615e+01 3.610411572386933443e+01 3.610928534394925293e+01 3.610852878910621655e+01 3.610852878910631603e+01 3.610852878910665709e+01 3.610928534394943767e+01 3.610952825623640905e+01 3.611141494578784972e+01 3.611293831437049562e+01 3.610978265053175562e+01 3.624004897007765891e+01
2.014893787575150697e+01 3.582292082699807878e+01 3.582752733139523826e+01 3.582680394199581286e+01 3.582680394199562812e+01 3.582680394199631024e+01 3.582752733139516010e+01 3.582770749667837151e+01 3.582949606894759853e+01 3.583102536824817719e+01 3.582796830283054135e+01 3.595604369043034154e+01
2.044951903807615423e+01 3.554434148308519070e+01 3.554844514830821822e+01 3.554775608359668837e+01 3.554775608359680916e+01 3.554775608359724259e+01 3.554844514830834612e+01 3.554856953224086880e+01 3.555025848836351798e+01 3.555179213979068464e+01 3.554883385965773357e+01 3.567476817820394785e+01
2.075010020040080505e+01 3.526834261063426368e+01 3.527199630823751875e+01 3.527134243026450378e+01 3.527134243026453220e+01 3.527134243026526406e+01 3.527199630823747611e+01 3.527207153819244922e+01 3.527365974325613962e+01 3.527519597298519471e+01 3.527233667467134381e+01 3.539617813464261076e+01
2.105068136272545232e+01 3.499488904815575552e+01 3.499813936450897955e+01 3.499752126150231391e+01 3.499752126150254128e+01 3.499752126150292497e+01 3.499813936450900798e+01 3.499817172706386259e+01 3.499965843974987223e+01 3.500119525921430608e+01 3.499843514835970382e+01 3.512023038126260843e+01
2.135126252505010314e+01 3.472394572422157921e+01 3.472683387916814723e+01 3.472625188734131996e+01 3.472625188734124180e+01 3.472625188734216550e+01 3.472683387916814723e+01 3.472682931736698464e+01 3.472821421967905309e+01 3.472974940573071478e+01 3.472708869640818108e+01 3.484688282405083726e+01
2.165184368737475396e+01 3.445547778671214445e+01 3.445804039280113784e+01 3.445749461669544189e+01 3.445749461669561953e+01 3.445749461669630875e+01 3.445804039280118047e+01 3.445800450336383136e+01 3.445928772985745070e+01 3.446081880503060546e+01 3.445825771888625155e+01 3.457609441877238510e+01
2.195242484969940122e+01 3.418945070044375711e+01 3.419172039476396208e+01 3.419121072619324764e+01 3.419121072619328316e+01 3.419121072619321922e+01 3.419172039476382707e+01 3.419165842539864286e+01 3.419284059121060437e+01 3.419436480471245687e+01 3.419190356972424638e+01 3.430782513735391603e+01
2.225300601202405204e+01 3.392583032138534804e+01 3.392783629466183726e+01 3.392736243036823396e+01 3.392736243036782895e+01 3.392736243036813448e+01 3.392783629466190831e+01 3.392775314166483014e+01 3.392883536841153358e+01 3.393034967856609541e+01 3.392798852739715443e+01 3.404203593534811745e+01
2.255358717434869931e+01 3.366458295196420636e+01 3.366635139430693613e+01 3.366591285237195308e+01 3.366591285237196729e+01 3.366591285237197440e+01 3.366635139430683665e+01 3.366625160056932486e+01 3.366723553907615241e+01 3.366873659820137021e+01 3.366647576599140734e+01 3.377868872046776261e+01
2.285416833667335013e+01 3.340567538221771571e+01 3.340722986068861644e+01 3.340682599579842815e+01 3.340682599579855605e+01 3.340682599579858447e+01 3.340722986068850275e+01 3.340711761428298843e+01 3.340800546285510819e+01 3.340948960571266468e+01 3.340732932722050919e+01 3.351774632217627214e+01
2.315474949899800094e+01 3.314907491939651152e+01 3.315043669951423055e+01 3.315006671712824726e+01 3.315006671712825437e+01 3.315006671712825437e+01 3.315043669951413818e+01 3.315031583297781026e+01 3.315111034976218463e+01 3.315257358695895817e+01 3.315051409289873874e+01 3.325917246231345104e+01
2.345533066132264821e+01 3.289474940902334055e+01 3.289593772982716047e+01 3.289560069932425534e+01 3.289560069932426956e+01 3.289560069932425534e+01 3.289593772982727415e+01 3.289581172026362310e+01 3.289651622805680375e+01 3.289795424593510376e+01 3.289599575838838064e+01 3.300293172673747222e+01
2.375591182364729903e+01 3.264266724876160453e+01 3.264369955923810096e+01 3.264339442609566788e+01 3.264339442609549025e+01 3.264339442609553288e+01 3.264369955923819333e+01 3.264357152934245931e+01 3.264418991106307288e+01 3.264559807981231643e+01 3.264374080655041865e+01 3.274898953795666756e+01
2.405649298597194630e+01 3.239279739695631122e+01 3.239368956010596889e+01 3.239341515717524089e+01 3.239341515717499220e+01 3.239341515717529063e+01 3.239368956010590495e+01 3.239356228020119488e+01 3.239409896317094706e+01 3.239547235495747657e+01 3.239371648254738290e+01 3.249731212872581665e+01
2.435707414829659712e+01 3.214510937660641332e+01 3.214587584631610895e+01 3.214563090423972369e+01 3.214563090423940395e+01 3.214563090423958869e+01 3.214587584631607342e+01 3.214575173746091252e+01 3.214621166467693314e+01 3.214754508362203467e+01 3.214589076915484611e+01 3.224786651657985459e+01
2.465765531062124438e+01 3.189957327607115900e+01 3.190022725098353717e+01 3.190001040781254105e+01 3.190001040781265118e+01 3.190001040781253039e+01 3.190022725098340928e+01 3.190010838921162062e+01 3.190049697594129086e+01 3.190178500162587127e+01 3.190023236295763809e+01 3.200062047927659847e+01
2.495823647294589520e+01 3.165615974692599011e+01 3.165671330479605672e+01 3.165652311485173342e+01 3.165652311485152381e+01 3.165652311485175119e+01 3.165671330479603540e+01 3.165660142650508391e+01 3.165692450091516363e+01 3.165816154678869054e+01 3.165671065118290173e+01 3.175554253111901559e+01
2.525881763527054602e+01 3.141483999972833985e+01 3.141530421513678917e+01 3.141513915716275207e+01 3.141513915716298300e+01 3.141513915716284799e+01 3.141530421513681404e+01 3.141520072363975657e+01 3.141546445070128613e+01 3.141664483830131971e+01 3.141529568938233297e+01 3.151260190013120877e+01
2.555939879759519329e+01 3.117558579807900188e+01 3.117597084591023560e+01 3.117582933055789951e+01 3.117582933055797767e+01 3.117582933055786754e+01 3.117597084591011480e+01 3.117587681913647657e+01 3.117608760786193400e+01 3.117720565705683455e+01 3.117595817997237617e+01 3.127176850605413705e+01
2.585997995991984411e+01 3.093836945134386696e+01 3.093868469802950827e+01 3.093856507471650019e+01 3.093856507471655704e+01 3.093856507471649309e+01 3.093868469802949406e+01 3.093860089734280550e+01 3.093876529240372619e+01 3.093981542705163434e+01 3.093866945168384675e+01 3.103301293913895620e+01
2.616056112224449137e+01 3.070316380633849107e+01 3.070341789055949988e+01 3.070331845373793911e+01 3.070331845373803503e+01 3.070331845373797819e+01 3.070341789055957804e+01 3.070334477063996559e+01 3.070346933061651029e+01 3.070444619816649023e+01 3.070340144002255656e+01 3.079630643970331860e+01
2.646114228456914219e+01 3.046994223831211102e+01 3.047014314257495471e+01 3.047006213744697334e+01 3.047006213744720426e+01 3.047006213744698044e+01 3.047014314257505418e+01 3.047008086229951473e+01 3.047017202808306990e+01 3.047107063095034007e+01 3.047012666890495680e+01 3.056162087842843533e+01
2.676172344689378946e+01 3.023867864128006744e+01 3.023883375558127184e+01 3.023876938329414088e+01 3.023876938329414088e+01 3.023876938329410180e+01 3.023883375558129671e+01 3.023878218981989363e+01 3.023884614795422721e+01 3.023966198450110099e+01 3.023881823340899899e+01 3.032892873736548367e+01
2.706230460921844028e+01 3.000934741794380756e+01 3.000946359654773588e+01 3.000941401889659943e+01 3.000941401889659943e+01 3.000941401889660654e+01 3.000946359654779272e+01 3.000942234877124903e+01 3.000946489559629526e+01 3.001019411024758199e+01 3.000944978375260419e+01 3.009820309162198981e+01
2.736288577154309110e+01 2.978192346939469459e+01 2.978200708159475241e+01 2.978197042526805660e+01 2.978197042526790383e+01 2.978197042526788607e+01 2.978200708159479149e+01 2.978197549719322268e+01 2.978200191038151701e+01 2.978264145850001299e+01 2.978199551058167316e+01 2.986941759172662358e+01
2.766346693386773836e+01 2.955638218448680732e+01 2.955643916010967942e+01 2.955641352049905279e+01 2.955641352049909898e+01 2.955641352049905990e+01 2.955643916010968653e+01 2.955641634030019205e+01 2.955643126460542902e+01 2.955697911692138291e+01 2.955643013131701835e+01 2.964254644660274352e+01
2.796404809619238918e+01 2.933269942924804852e+01 2.933273529953948966e+01 2.933271874414271707e+01 2.933271874414272418e+01 2.933271874414260338e+01 2.933273529953948255e+01 2.933272011573762228e+01 2.933272746940400211e+01 2.933318294598619147e+01 2.933272887774005255e+01 2.941756440716299537e+01
2.826462925851703645e+01 2.911085153628866351e+01 2.911087147074208303e+01 2.911086204217942353e+01 2.911086204217958695e+01 2.911086204217951234e+01 2.911087147074199422e+01 2.911086257927140508e+01 2.911086548653217321e+01 2.911123009320708377e+01 2.911086748457888618e+01 2.919444675048831428e+01
2.856521042084168727e+01 2.889081529397206793e+01 2.889082413357807155e+01 2.889081985224927962e+01 2.889081985224931870e+01 2.889081985224924765e+01 2.889082413357811774e+01 2.889081999058732109e+01 2.889082074408966250e+01 2.889110178646818028e+01 2.889082217860751811e+01 2.897316926456915809e+01
2.886579158316633809e+01 2.867256793597748299e+01 2.867257022331548555e+01 2.867256908971036466e+01 2.867256908971046059e+01 2.867256908971031493e+01 2.867257022331551042e+01 2.867256909977297141e+01 2.867256915474529322e+01 2.867282901146399965e+01 2.867256966862629142e+01 2.875370823360625749e+01
2.916637274549098535e+01 2.845608713087007402e+01 2.845608713740171325e+01 2.845608713409174584e+01 2.845608713409163926e+01 2.845608713409172807e+01 2.845608713740173457e+01 2.845608713404761048e+01 2.845608713380595844e+01 2.845608665175699770e+01 2.845608713056499894e+01 2.853604042380013439e+01
2.946695390781563617e+01 2.824135097164144881e+01 2.824135272252978623e+01 2.824135181584933463e+01 2.824135181584922094e+01 2.824135181584931686e+01 2.824135272252967965e+01 2.824135178465293095e+01 2.824135161489045132e+01 2.824130279143546574e+01 2.824135086341230050e+01 2.832014306963700534e+01
2.976753507014028344e+01 2.802833796570198999e+01 2.802834526242691027e+01 2.802834140386742590e+01 2.802834140386736550e+01 2.802834140386732642e+01 2.802834526242688185e+01 2.802834119436764482e+01 2.802834006179920578e+01 2.802821507097281284e+01 2.802833740859593092e+01 2.810599386072807704e+01
3.006811623246493426e+01 2.781702702475756084e+01 2.781704346577820530e+01 2.781703459310475779e+01 2.781703459310488569e+01 2.781703459310480042e+01 2.781704346577821241e+01 2.781703394503941951e+01 2.781703047465250478e+01 2.781682833297116275e+01 2.781702554106253089e+01 2.789357092898310242e+01
3.036869739478958152e+01 2.760739745512907461e+01 2.760742645480492286e+01 2.760741049291089766e+01 2.760741049291086568e+01 2.760741049291089055e+01 2.760742645480494772e+01 2.760740904568210752e+01 2.760740139009022442e+01 2.760712508562868805e+01 2.760739445555356752e+01 2.768285283637162308e+01
3.066927855711423234e+01 2.739942894812012852e+01 2.739947375408177166e+01 2.739944861559303391e+01 2.739944861559316536e+01 2.739944861559308364e+01 2.739947375408170060e+01 2.739944592071941898e+01 2.739943187503747524e+01 2.739908577673106649e+01 2.739942375608023895e+01 2.747381856298439473e+01
3.096985971943888316e+01 2.719310157064733957e+01 2.719316527978320863e+01 2.719312886542348906e+01 2.719312886542330787e+01 2.719312886542337537e+01 2.719316527978327613e+01 2.719312439858892105e+01 2.719310151469113634e+01 2.719269064681875037e+01 2.719309344509182580e+01 2.726644749555961056e+01
3.127044088176353043e+01 2.698839575607791375e+01 2.698848132928987553e+01 2.698843152801359579e+01 2.698843152801358514e+01 2.698843152801344658e+01 2.698848132928988974e+01 2.698842470063435428e+01 2.698839039557017827e+01 2.698792011248717415e+01 2.698838391241048740e+01 2.706071941645766898e+01
3.157102204408818125e+01 2.678529229530057165e+01 2.678540257115850309e+01 2.678533726006400428e+01 2.678533726006397231e+01 2.678533726006397586e+01 2.678540257115851375e+01 2.678532743031290764e+01 2.678527908480258546e+01 2.678475487551520473e+01 2.678527592409126257e+01 2.685661449288310365e+01
3.187160320641282851e+01 2.658377232799658429e+01 2.658391003541019870e+01 2.658382707943800938e+01 2.658382707943802714e+01 2.658382707943808043e+01 2.658391003541010988e+01 2.658381356267599216e+01 2.658374860688560659e+01 2.658317595782108356e+01 2.658375061130966444e+01 2.665411326656439073e+01
3.217218436873747578e+01 2.638381733410366792e+01 2.638398510412181253e+01 2.638388235554384309e+01 2.638388235554376138e+01 2.638388235554387862e+01 2.638398510412185871e+01 2.638386443411877025e+01 2.638378041913070504e+01 2.638316471137827435e+01 2.638378945939069453e+01 2.645319664380170721e+01
3.247276553106212305e+01 2.618540912562830414e+01 2.618560950245878516e+01 2.618548480016330871e+01 2.618548480016335134e+01 2.618548480016331226e+01 2.618560950245874608e+01 2.618546173254905796e+01 2.618535638704207358e+01 2.618470281850611769e+01 2.618537429723577148e+01 2.625384588575275657e+01
3.277334669338677742e+01 2.598852983850345311e+01 2.598876528983898382e+01 2.598861645841788715e+01 2.598861645841791201e+01 2.598861645841785517e+01 2.598876528983900513e+01 2.598858748767535332e+01 2.598845876020406820e+01 2.598777228783467663e+01 2.598848728692565047e+01 2.605604259910859710e+01
3.307392785571142468e+01 2.579316192475152292e+01 2.579343485148425330e+01 2.579325970012159175e+01 2.579325970012147451e+01 2.579325970012149227e+01 2.579343485148424975e+01 2.579322406167436554e+01 2.579307014959888633e+01 2.579235544846834927e+01 2.579311091381548238e+01 2.585976872710687857e+01
3.337450901803607195e+01 2.559928814486682569e+01 2.559960089025678442e+01 2.559939721142336211e+01 2.559939721142322000e+01 2.559939721142342606e+01 2.559960089025681995e+01 2.559935414014572785e+01 2.559917350668733604e+01 2.559843494329901858e+01 2.559922797706563813e+01 2.566500654075549548e+01
3.367509018036071922e+01 2.540689156041063868e+01 2.540724641878197332e+01 2.540701198673372119e+01 2.540701198673362171e+01 2.540701198673367145e+01 2.540724641878189871e+01 2.540696072335913769e+01 2.540675210450108779e+01 2.540599372197801387e+01 2.540682158062644191e+01 2.547173863039310504e+01
3.397567134268537359e+01 2.521595552674844143e+01 2.521635475176441332e+01 2.521608732084651550e+01 2.521608732084641247e+01 2.521608732084650839e+01 2.521635475176446661e+01 2.521602711771188154e+01 2.521578952073108582e+01 2.521501503372089203e+01 2.521587512459982250e+01 2.527994789757985572e+01
3.427625250501002085e+01 2.502646368602984239e+01 2.502690949860701508e+01 2.502660680136038707e+01 2.502660680136034443e+01 2.502660680136040838e+01 2.502690949860705061e+01 2.502653692750488901e+01 2.502626962287671475e+01 2.502548242018336211e+01 2.502637229707314148e+01 2.508961754710464831e+01
3.457683366733466812e+01 2.483839996038456022e+01 2.483889455629833520e+01 2.483855430136460285e+01 2.483855430136469877e+01 2.483855430136456732e+01 2.483889455629839915e+01 2.483847404700588868e+01 2.483817655529249535e+01 2.483737970846193122e+01 2.483829706637984813e+01 2.490073107943396735e+01
3.487741482965932249e+01 2.465174854528496695e+01 2.465229410251129138e+01 2.465191397233549253e+01 2.465191397233536108e+01 2.465191397233539305e+01 2.465229410251132336e+01 2.465182265275245399e+01 2.465149472790725937e+01 2.465069100421583315e+01 2.465163367371765446e+01 2.471327228321529645e+01
3.517799599198396976e+01 2.446649390306080818e+01 2.446709258890293626e+01 2.446667023722324075e+01 2.446667023722325141e+01 2.446667023722327272e+01 2.446709258890299665e+01 2.446656719607608110e+01 2.446620880639196827e+01 2.446540068492164721e+01 2.446636662608544910e+01 2.452722522820597106e+01
3.547857715430861703e+01 2.428262075666760111e+01 2.428327473470938358e+01 2.428280778383104277e+01 2.428280778383111382e+01 2.428280778383098237e+01 2.428327473470930897e+01 2.428269239595277540e+01 2.428230370367074542e+01 2.428149339336924584e+01 2.428248068961698181e+01 2.434257425824795007e+01
3.577915831663326429e+01 2.410011408360592355e+01 2.410082552053452076e+01 2.410031155837648953e+01 2.410031155837637584e+01 2.410031155837646111e+01 2.410082552053452432e+01 2.410018323206666224e+01 2.409976457247119797e+01 2.409895403131107727e+01 2.409996088318500895e+01 2.415930398462312212e+01
3.607973947895791866e+01 2.391895910996202801e+01 2.391973018229737136e+01 2.391916675920348467e+01 2.391916675920349178e+01 2.391916675920348467e+01 2.391973018229739978e+01 2.391902493806565388e+01 2.391857679870317099e+01 2.391776775325031679e+01 2.391879247222811955e+01 2.397739927947429095e+01
3.638032064128256593e+01 2.373914130467453987e+01 2.373997420544685966e+01 2.373935883074970477e+01 2.373935883074978292e+01 2.373935883074967990e+01 2.373997420544689518e+01 2.373920299510193743e+01 2.373872599561141783e+01 2.373791996045609309e+01 2.373896096288373059e+01 2.379684526956306101e+01
3.668090180360721320e+01 2.356064637394237238e+01 2.356154331935638169e+01 2.356087345767811314e+01 2.356087345767810248e+01 2.356087345767808472e+01 2.356154331935643853e+01 2.356070312557761071e+01 2.356019799847197049e+01 2.355939629513605027e+01 2.356045209632657844e+01 2.361762733011633841e+01
3.698148296593186757e+01 2.338346025579905429e+01 2.338442349192201775e+01 2.338369655919931134e+01 2.338369655919932200e+01 2.338369655919925805e+01 2.338442349192197156e+01 2.338351128711205007e+01 2.338297885975641321e+01 2.338218263479017267e+01 2.338325184332528650e+01 2.343973107891498842e+01
3.728206412825651483e+01 2.320756911482708418e+01 2.320860092434113398e+01 2.320781428355314091e+01 2.320781428355299525e+01 2.320781428355308407e+01 2.320860092434107713e+01 2.320761366670580017e+01 2.320705484463019275e+01 2.320626508671308130e+01 2.320734639897677098e+01 2.326314237055300183e+01
3.758264529058116210e+01 2.303295933703840959e+01 2.303406204609312269e+01 2.303321300267517913e+01 2.303321300267521465e+01 2.303321300267520755e+01 2.303406204609307295e+01 2.303299667511955207e+01 2.303241242674622313e+01 2.303162998267824690e+01 2.303272217763526086e+01 2.308784729087081544e+01
3.788322645290580937e+01 2.285961752485674481e+01 2.286079351006430826e+01 2.285987930698490800e+01 2.285987930698503234e+01 2.285987930698498971e+01 2.286079351006437577e+01 2.285964694140846376e+01 2.285903828421448480e+01 2.285826387374046575e+01 2.285936580796773754e+01 2.291383215155374131e+01
3.818380761523046374e+01 2.268753049230113561e+01 2.268878218791580181e+01 2.268780000038758615e+01 2.268780000038764300e+01 2.268780000038761457e+01 2.268878218791578050e+01 2.268755130770021466e+01 2.268691929579036071e+01 2.268615352524236783e+01 2.268726412822118021e+01 2.274108348490389631e+01
3.848438877755511101e+01 2.251668526028134565e+01 2.251801516560635719e+01 2.251696209540536131e+01 2.251696209540532578e+01 2.251696209540526183e+01 2.251801516560635008e+01 2.251669682412780915e+01 2.251604253717286142e+01 2.251528591195065587e+01 2.251640418161349189e+01 2.256958803874946895e+01
3.878496993987975827e+01 2.234706905197902671e+01 2.234847973904227914e+01 2.234735280840420657e+01 2.234735280840423144e+01 2.234735280840424210e+01 2.234847973904233598e+01 2.234707074388796144e+01 2.234639527735953735e+01 2.234564821328780582e+01 2.234677321181579046e+01 2.239933277151583013e+01
3.908555110220441264e+01 2.217866928841770502e+01 2.218016340997298741e+01 2.217895955502685723e+01 2.217895955502682881e+01 2.217895955502685723e+01 2.218016340997294122e+01 2.217866051852881171e+01 2.217796497514178000e+01 2.217722780876150068e+01 2.217835865862644695e+01 2.223030484745164870e+01
3.938613226452905991e+01 2.201147358414599964e+01 2.201305388204465530e+01 2.201176994574571566e+01 2.201176994574568724e+01 2.201176994574570145e+01 2.201305388204468017e+01 2.201145379337950914e+01 2.201073927565882471e+01 2.201001227351449785e+01 2.201114815375732192e+01 2.206249163197763963e+01
3.968671342685370718e+01 2.184546974300946687e+01 2.184713905699957337e+01 2.184577178151458909e+01 2.184577178151463883e+01 2.184577178151454646e+01 2.184713905699963021e+01 2.184543840310072582e+01 2.184470600697678222e+01 2.184398937397375917e+01 2.184512951670698300e+01 2.189588068718125768e+01
3.998729458917835444e+01 2.168064575403683847e+01 2.168240703105099243e+01 2.168095304954879765e+01 2.168095304954878699e+01 2.168095304954876212e+01 2.168240703105096046e+01 2.168060236738396895e+01 2.167985317672568613e+01 2.167914706362654798e+01 2.168029075074962719e+01 2.173045976743905072e+01
4.028787575150300881e+01 2.151698978749561775e+01 2.151884609149405492e+01 2.151730191927854463e+01 2.151730191927856950e+01 2.151730191927853753e+01 2.151884609149406558e+01 2.151693388683786523e+01 2.151616896882841345e+01 2.151547347896305240e+01 2.151662003908332110e+01 2.156621681516538658e+01
4.058845691382765608e+01 2.135449019100781953e+01 2.135644471344947704e+01 2.135480673837312793e+01 2.135480673837326293e+01 2.135480673837318477e+01 2.135644471344946282e+01 2.135442133896484762e+01 2.135364174023900574e+01 2.135295693549389995e+01 2.135410574103926251e+01 2.140313995668511637e+01
4.088903807615230335e+01 2.119313548578906747e+01 2.119519155680866973e+01 2.119345602889496760e+01 2.119345602889507063e+01 2.119345602889495339e+01 2.119519155680873013e+01 2.119305327427900920e+01 2.119226001773674284e+01 2.119158592389340257e+01 2.119273638841160334e+01 2.124121749822061034e+01
4.118961923847695772e+01 2.103291436295505079e+01 2.103507546333175071e+01 2.103323848352796333e+01 2.103323848352794911e+01 2.103323848352804504e+01 2.103507546333182887e+01 2.103281841251459028e+01 2.103201249473685053e+01 2.103134910622132736e+01 2.103250068183847432e+01 2.108043792199505972e+01
4.149020040080160499e+01 2.087381567997512377e+01 2.087608545399509197e+01 2.087414296195935037e+01 2.087414296195925090e+01 2.087414296195931840e+01 2.087608545399504578e+01 2.087370563899379405e+01 2.087288802819066191e+01 2.087223531229330575e+01 2.087338748733396088e+01 2.092078988244480797e+01
4.179078156312625225e+01 2.071582845718458898e+01 2.071821072650077866e+01 2.071615848732411891e+01 2.071615848732411536e+01 2.071615848732414378e+01 2.071821072650077156e+01 2.071570400107345122e+01 2.071487563549782251e+01 2.071423353611459106e+01 2.071538583287965452e+01 2.076226220253639809e+01
4.209136272545089952e+01 2.055894187442265419e+01 2.056144065304163249e+01 2.055927424278489113e+01 2.055927424278478099e+01 2.055927424278478810e+01 2.056144065304164670e+01 2.055880270473034699e+01 2.055796449149920591e+01 2.055733293244644955e+01 2.055848490512786952e+01 2.060484387018861696e+01
4.239194388777555389e+01 2.040314526774989190e+01 2.040576477827725554e+01 2.040347956819152131e+01 2.040347956819152131e+01 2.040347956819146091e+01 2.040576477827727686e+01 2.040299111123602671e+01 2.040214392550997147e+01 2.040152281345404006e+01 2.040267404618239766e+01 2.044852403479090697e+01
4.269252505010020116e+01 2.024842812624968147e+01 2.025117281754917187e+01 2.024876395683187980e+01 2.024876395683191177e+01 2.024876395683191177e+01 2.025117281754918608e+01 2.024825873393052333e+01 2.024740341839579472e+01 2.024679264544452195e+01 2.024794275045928416e+01 2.029329200381962295e+01
4.299310621242484842e+01 2.009478008887637301e+01 2.009765465531474504e+01 2.009511705223242828e+01 2.009511705223243538e+01 2.009511705223240696e+01 2.009765465531470952e+01 2.009459523504873246e+01 2.009373259966865888e+01 2.009313204565819078e+01 2.009428066159092907e+01 2.013913723954513557e+01
4.329368737474950279e+01 1.994219094142754400e+01 1.994520034390718166e+01 1.994252864508637657e+01 1.994252864508635881e+01 1.994252864508628065e+01 1.994520034390717811e+01 1.994199042268158806e+01 1.994112124467641678e+01 1.994053077918211514e+01 1.994167756945004655e+01 1.998604935583010445e+01
4.359426853707415006e+01 1.979065061361648148e+01 1.979380010261975897e+01 1.979098867028770670e+01 1.979098867028770670e+01 1.979098867028768183e+01 1.979380010261979805e+01 1.979043424784567762e+01 1.978955927185777952e+01 1.978897875597083456e+01 1.979012340726940167e+01 1.983401811501271794e+01
4.389484969939879733e+01 1.964014917620655609e+01 1.964344431711216288e+01 1.964048720402752224e+01 1.964048720402754356e+01 1.964048720402747605e+01 1.964344431711212380e+01 1.963991680161601394e+01 1.963903674004363964e+01 1.963846602792891360e+01 1.963960824881943878e+01 1.968303342487426733e+01
4.419543086172344459e+01 1.949067683817062147e+01 1.949412353913317375e+01 1.949101446092128143e+01 1.949101446092128143e+01 1.949101446092126722e+01 1.949412353913312757e+01 1.949042831229740358e+01 1.948954384576006049e+01 1.948898278602199596e+01 1.949012230561006831e+01 1.953308533568110406e+01
4.449601202404809897e+01 1.934222394390251409e+01 1.934582848661936438e+01 1.934256079118728877e+01 1.934256079118726035e+01 1.934256079118725680e+01 1.934582848661943899e+01 1.934195914264601157e+01 1.934107092056893507e+01 1.934051935745543460e+01 1.934165592414208490e+01 1.938416403733392457e+01
4.479659318637274623e+01 1.919478097070633993e+01 1.919855004449696523e+01 1.919511667810955657e+01 1.919511667810956723e+01 1.919511667810955657e+01 1.919855004449695457e+01 1.919449978737425511e+01 1.919360842865867411e+01 1.919306620310765865e+01 1.919419958342807675e+01 1.923625985654764037e+01
4.509717434869739350e+01 1.904833852607175615e+01 1.905227926569000019e+01 1.904867273528752136e+01 1.904867273528753557e+01 1.904867273528746452e+01 1.905227926569004993e+01 1.904804087044716354e+01 1.904714696421554976e+01 1.904661391477214138e+01 1.904774389230236054e+01 1.908936325413269941e+01
4.539775551102204787e+01 1.890288734523787539e+01 1.890700737294712752e+01 1.890321970417399200e+01 1.890321970417396003e+01 1.890321970417395647e+01 1.890700737294719147e+01 1.890257314266649402e+01 1.890167724906874369e+01 1.890115321268580217e+01 1.890227958701474620e+01 1.894346482234371720e+01
4.569833667334669514e+01 1.875841828858584748e+01 1.876272576109825962e+01 1.875874845144829806e+01 1.875874845144835490e+01 1.875874845144825542e+01 1.876272576109830936e+01 1.875808747909213636e+01 1.875719013015697811e+01 1.875667494289147541e+01 1.875779752865441452e+01 1.879855528230701012e+01
4.599891783567134240e+01 1.861492233943337382e+01 1.861942600045652796e+01 1.861524996678999244e+01 1.861524996679014876e+01 1.861524996678997113e+01 1.861942600045655993e+01 1.861457487685697743e+01 1.861367657737118364e+01 1.861317007498607623e+01 1.861428870096407806e+01 1.865462548149026034e+01
4.629949899799599677e+01 1.847239060156466905e+01 1.847709984074427325e+01 1.847271536039125195e+01 1.847271536039127682e+01 1.847271536039121642e+01 1.847709984074431233e+01 1.847202645272831845e+01 1.847112768114418202e+01 1.847062969963147339e+01 1.847174420789902172e+01 1.851166639125670699e+01
4.660008016032064404e+01 1.833081429693771724e+01 1.833573921620246949e+01 1.833113586064709821e+01 1.833113586064704492e+01 1.833113586064700229e+01 1.833573921620251568e+01 1.833043344084359560e+01 1.832953465019710748e+01 1.832904502622836063e+01 1.833015527135522404e+01 1.836966910446651013e+01
4.690066132264529131e+01 1.819018476351492453e+01 1.819533625197076887e+01 1.819050281197091579e+01 1.819050281197100105e+01 1.819050281197081276e+01 1.819533625197070492e+01 1.818978719056853777e+01 1.818888880940822261e+01 1.818840738072347563e+01 1.818951322902121603e+01 1.822862483314101212e+01
4.720124248496993857e+01 1.805049345306919051e+01 1.805588327183750508e+01 1.805080767258780838e+01 1.805080767258779417e+01 1.805080767258773733e+01 1.805588327183758679e+01 1.805007916433461901e+01 1.804918159764458707e+01 1.804870820337972148e+01 1.804980953220111672e+01 1.808852490623956655e+01
4.750182364729459294e+01 1.791173192906352085e+01 1.791737280767639717e+01 1.791204201240167038e+01 1.791204201240170590e+01 1.791204201240151406e+01 1.791737280767643625e+01 1.791130093554721370e+01 1.791040456566953409e+01 1.790993904664042802e+01 1.791103574371370755e+01 1.794936076738757791e+01
4.780240480961924021e+01 1.777389186457926584e+01 1.777979761089780908e+01 1.777419751091136746e+01 1.777419751091134970e+01 1.777419751091121114e+01 1.777979761089784816e+01 1.777344418654528013e+01 1.777254937409174218e+01 1.777209157303223463e+01 1.777318353583731891e+01 1.781112397272977788e+01
4.810298597194388748e+01 1.763696504030994561e+01 1.764315066634252460e+01 1.763726595519532125e+01 1.763726595519534257e+01 1.763726595519525731e+01 1.764315066634255302e+01 1.763650070662263403e+01 1.763560779137215206e+01 1.763515755313301980e+01 1.763624468831652337e+01 1.767380618888570254e+01
4.840356713426854185e+01 1.750094334257678952e+01 1.750742520901912869e+01 1.750123923791769442e+01 1.750123923791772995e+01 1.750123923791761271e+01 1.750742520901907184e+01 1.750046239007535220e+01 1.749957169185600137e+01 1.749912886357281039e+01 1.750021108639437983e+01 1.753739919076981479e+01
4.870414829659318912e+01 1.736581876141874403e+01 1.737261474440665410e+01 1.736610935540976186e+01 1.736610935540971212e+01 1.736610935540963041e+01 1.737261474440660081e+01 1.736532123431904751e+01 1.736443305386995561e+01 1.736399748509618135e+01 1.736507471891269461e+01 1.740189485975509243e+01
4.900472945891783638e+01 1.723158338871489192e+01 1.723871307301135047e+01 1.723186840578581069e+01 1.723186840578580714e+01 1.723186840578561529e+01 1.723871307301134337e+01 1.723106933804023200e+01 1.723018395785389600e+01 1.722975550067500805e+01 1.723082767644876512e+01 1.726728518157220194e+01
4.930531062124248365e+01 1.709822941634327975e+01 1.710571432017598070e+01 1.709850858709427257e+01 1.709850858709424770e+01 1.709850858709410204e+01 1.710571432017590610e+01 1.709769889938178977e+01 1.709681658452284125e+01 1.709639509364145482e+01 1.709746214948280851e+01 1.713356224448307685e+01
4.960589178356713802e+01 1.696574913441194710e+01 1.697361297239693201e+01 1.696602219554389634e+01 1.696602219554390345e+01 1.696602219554370095e+01 1.697361297239690359e+01 1.696520221420290753e+01 1.696432321310208735e+01 1.696390854590502073e+01 1.696497042664048749e+01 1.700071823741223298e+01
4.990647294589178529e+01 1.683413492952128010e+01 1.684240392172222656e+01 1.683440162376043503e+01 1.683440162376042437e+01 1.683440162376025384e+01 1.684240392172218748e+01 1.683357167436553681e+01 1.683269621959142981e+01 1.683228823620273573e+01 1.683334489296483483e+01 1.686874544808190279e+01
5.020705410821643255e+01 1.670337928298928531e+01 1.671208252014845641e+01 1.670363935900680019e+01 1.670363935900678598e+01 1.670363935900665808e+01 1.671208252014845996e+01 1.670279976598714455e+01 1.670192807499140031e+01 1.670152663830275941e+01 1.670257802814955994e+01 1.673763626133589000e+01
5.050763527054108692e+01 1.657347476929558638e+01 1.658264464703260188e+01 1.657372798162456817e+01 1.657372798162451133e+01 1.657372798162434790e+01 1.658264464703268004e+01 1.657287906790706700e+01 1.657201134374296814e+01 1.657161631944026681e+01 1.657266240499106758e+01 1.660738315727151360e+01
5.080821643286573419e+01 1.644441405437481762e+01 1.645408679253623419e+01 1.644466016332182789e+01 1.644466016332190250e+01 1.644466016332162539e+01 1.645408679253621287e+01 1.644380225000516305e+01 1.644293868202134234e+01 1.644254993858942981e+01 1.644359068768847365e+01 1.647797870970871870e+01
5.110879759519038146e+01 1.631618989401477648e+01 1.632640616207412165e+01 1.631642866556965288e+01 1.631642866556973459e+01 1.631642866556941840e+01 1.632640616207407902e+01 1.631556207162222449e+01 1.631470283613325023e+01 1.631432024485835797e+01 1.631535563025083846e+01 1.634941558441969889e+01
5.140937875751502872e+01 1.618879513240620938e+01 1.619960080805804736e+01 1.618902633814907333e+01 1.618902633814902359e+01 1.618902633814880332e+01 1.619960080805807578e+01 1.618815138013211552e+01 1.618729664105711663e+01 1.618692007601988436e+01 1.618795007505077521e+01 1.622168653754487266e+01
5.170995991983968310e+01 1.606222270048138157e+01 1.607366979690799980e+01 1.606244611748659068e+01 1.606244611748655515e+01 1.606244611748626028e+01 1.607366979690796427e+01 1.606156310930123254e+01 1.606071301878522917e+01 1.606034235684051836e+01 1.606136695117040603e+01 1.609478441407195959e+01
5.201054108216433036e+01 1.593646561459435596e+01 1.594861342365365431e+01 1.593668102533421838e+01 1.593668102533424502e+01 1.593668102533389153e+01 1.594861342365368628e+01 1.593579027798684855e+01 1.593494497698926260e+01 1.593458009774584028e+01 1.593559927308400326e+01 1.596870214623221251e+01
5.231112224448897763e+01 1.581151697491827868e+01 1.582443348935952265e+01 1.581172416716302642e+01 1.581172416716296603e+01 1.581172416716268003e+01 1.582443348935951555e+01 1.581082598855773647e+01 1.580998560742285264e+01 1.580962639321178109e+01 1.581064013906367371e+01 1.584343275201333512e+01
5.261170340681363200e+01 1.568736996415167084e+01 1.570113366500720886e+01 1.568756873087080450e+01 1.568756873087085779e+01 1.568756873087049541e+01 1.570113366500723728e+01 1.568666342561541072e+01 1.568582808461383138e+01 1.568547442045899309e+01 1.568648272988768078e+01 1.571896933373534111e+01
5.291228456913827927e+01 1.556401784602265259e+01 1.557871997359699812e+01 1.556420798528322713e+01 1.556420798528324667e+01 1.556420798528284877e+01 1.557871997359704785e+01 1.556329585451828379e+01 1.556246566437091161e+01 1.556211743796280444e+01 1.556312030735380070e+01 1.559530507656536891e+01
5.321286573146292653e+01 1.544145396400109149e+01 1.545720143862597062e+01 1.544163527886556508e+01 1.544163527886564502e+01 1.544163527886555265e+01 1.545720143862597951e+01 1.544071662010944834e+01 1.543989168248329413e+01 1.543954878409603992e+01 1.544054621298035102e+01 1.547243324713273438e+01
5.351344689378757380e+01 1.531967174000564569e+01 1.533659096913507724e+01 1.531984403843185305e+01 1.531984403843179443e+01 1.531984403843180154e+01 1.533659096913512521e+01 1.531891914543941624e+01 1.531809955342419904e+01 1.531776187594185679e+01 1.531875386674287043e+01 1.535034719214470655e+01
5.381402805611222817e+01 1.519866467299850932e+01 1.521690658825280273e+01 1.519882776773540023e+01 1.519882776773540023e+01 1.519882776773540023e+01 1.521690658825283116e+01 1.519789693037710165e+01 1.519708276893973498e+01 1.519675020778156416e+01 1.519773676565038123e+01 1.522904033708429417e+01
5.411460921843687544e+01 1.507842633784968633e+01 1.509817317185412300e+01 1.507858004633614790e+01 1.507858004633602178e+01 1.507858004633611770e+01 1.509817317185413366e+01 1.507764355048828264e+01 1.507683489690773193e+01 1.507650734994583352e+01 1.507748848261016406e+01 1.510850618486693264e+01
5.441519038076152270e+01 1.495895038401559241e+01 1.498042496167206572e+01 1.495909452827808117e+01 1.495909452827808828e+01 1.495909452827808472e+01 1.498042496167202664e+01 1.495815265572569430e+01 1.495734958000514681e+01 1.495702694754028883e+01 1.495800266512089216e+01 1.498873831456992711e+01
5.471577154308617708e+01 1.484023053430364847e+01 1.486370928761601284e+01 1.484036494085433411e+01 1.484036494085435898e+01 1.484036494085435542e+01 1.486370928761610166e+01 1.483941796921253342e+01 1.483862053447717422e+01 1.483830271921678090e+01 1.483927303404620979e+01 1.486973038016244431e+01
5.501635270541082434e+01 1.472226058380574365e+01 1.474809223735807073e+01 1.472238508354145736e+01 1.472238508354153375e+01 1.472238508354145381e+01 1.474809223735804764e+01 1.472143328618053992e+01 1.472064154905172728e+01 1.472032845602953977e+01 1.472129338252932129e+01 1.475147610930113729e+01
5.531693386773547161e+01 1.460503439855905228e+01 1.463366757314945055e+01 1.460514882666048031e+01 1.460514882666045189e+01 1.460514882666044656e+01 1.463366757314940614e+01 1.460419247264941056e+01 1.460340648360484650e+01 1.460309802014182878e+01 1.460405757467190391e+01 1.463396930214780411e+01
5.561751503006011887e+01 1.448854591461575403e+01 1.452057129618924947e+01 1.448865011044752649e+01 1.448865011044754780e+01 1.448865011044751583e+01 1.452057129618932940e+01 1.448768946450292816e+01 1.448690926821757863e+01 1.448660534386886845e+01 1.448755954459814710e+01 1.451720383012099980e+01
5.591809619238477325e+01 1.437278913672189162e+01 1.440900652107509039e+01 1.437288294373316688e+01 1.437288294373314379e+01 1.437288294373318287e+01 1.440900652107519875e+01 1.437191826618174773e+01 1.437114390185445956e+01 1.437084442836140141e+01 1.437179329513968540e+01 1.440117363485519419e+01
5.621867735470942051e+01 1.425775813743030085e+01 1.429928831577423054e+01 1.425784140305717251e+01 1.425784140305714764e+01 1.425784140305720094e+01 1.429928831577430515e+01 1.425687294980150988e+01 1.425610445146220329e+01 1.425580934269941835e+01 1.425675289694398451e+01 1.428587272698259802e+01
5.651925851703406778e+01 1.414344705583932615e+01 1.419193008655305022e+01 1.414351963140695290e+01 1.414351963140696888e+01 1.414351963140695823e+01 1.419193008655275356e+01 1.414254765390907131e+01 1.414178505071619441e+01 1.414149422264321387e+01 1.414243248722315371e+01 1.417129518509539032e+01
5.681983967935872215e+01 1.402985009674489980e+01 1.408782461887243187e+01 1.402991183737175440e+01 1.402991183737176684e+01 1.402991183737177217e+01 1.408782461887247628e+01 1.402893658263329790e+01 1.402817989915141794e+01 1.402789326976356854e+01 1.402882626889751450e+01 1.405743515462448201e+01
5.712042084168336942e+01 1.391696152943811171e+01 1.398866780724186398e+01 1.391701229394107742e+01 1.391701229394107564e+01 1.391701229394107564e+01 1.398866780724194570e+01 1.391603400449911909e+01 1.391528326096633528e+01 1.391500075024329064e+01 1.391592850940084425e+01 1.394428684684847397e+01
5.742100200400801668e+01 1.380477568683345169e+01 1.389811382409816254e+01 1.380481533763376412e+01 1.380481533763374991e+01 1.380481533763372504e+01 1.389811382409857288e+01 1.380383425156002630e+01 1.380308946414175431e+01 1.380281099400222899e+01 1.380373353980798079e+01 1.383184453775082368e+01
5.772158316633267106e+01 1.369328696443510651e+01 1.382572970736265461e+01 1.369331536746627442e+01 1.369331536746624778e+01 1.369331536746622291e+01 1.382572970736343621e+01 1.369233171837242935e+01 1.369159289940132140e+01 1.369131839365262238e+01 1.369223575380062208e+01 1.372010256717421939e+01
5.802216432865731832e+01 1.358248981939198963e+01 1.380702677543228951e+01 1.358250684400818642e+01 1.358250684400811004e+01 1.358250684400815267e+01 1.380702677543365731e+01 1.358152086105637579e+01 1.358078801925955403e+01 1.358051740355095838e+01 1.358142960672229016e+01 1.360905533767307851e+01
5.832274549098196559e+01 1.347237876949974655e+01 1.417603845472244295e+01 1.347238428838641866e+01 1.347238428838640445e+01 1.347238428838638491e+01 1.417603845472259039e+01 1.347139619630906715e+01 1.347066933702861213e+01 1.347040253880770244e+01 1.347130961458735676e+01 1.349869731361456360e+01
5.862332665330661285e+01 1.336294839240657950e+01 1.271747557136405149e+01 1.336294228149181684e+01 1.336294228149189323e+01 1.336294228149181507e+01 1.271747557136515638e+01 1.336195230060971717e+01 1.336123142600497893e+01 1.336096837446872954e+01 1.336187035327748340e+01 1.338902302027397795e+01
5.892390781563126723e+01 1.325419332460399069e+01 1.302993592711637483e+01 1.325417546297159710e+01 1.325417546297164684e+01 1.325417546297161486e+01 1.302993592711594140e+01 1.325318380921999939e+01 1.325246891846492403e+01 1.325220954451645206e+01 1.325310645753920014e+01 1.328002704281658097e+01
5.922448897795591449e+01 1.314610826052306969e+01 1.300932181673966959e+01 1.314607853032674356e+01 1.314607853032682883e+01 1.314607853032679685e+01 1.300932181673983301e+01 1.314508541528874019e+01 1.314437650475898778e+01 1.314412074096470384e+01 1.314501262008235472e+01 1.317170402541244201e+01
5.952507014028056176e+01 1.303868795180901508e+01 1.293973206816341026e+01 1.303864623818861190e+01 1.303864623818861901e+01 1.303864623818861013e+01 1.293973206816344224e+01 1.303765186912431950e+01 1.303694893257023146e+01 1.303669671311704370e+01 1.303758359084768337e+01 1.306404867043037754e+01
5.982565130260521613e+01 1.293192720629215131e+01 1.285407830168855270e+01 1.293187339729075447e+01 1.293187339729078467e+01 1.293187339729073315e+01 1.285407830168862553e+01 1.293087797717802978e+01 1.293018100589507036e+01 1.292993226654565930e+01 1.293081417598542160e+01 1.295705573744544914e+01
6.012623246492986340e+01 1.282582088733388126e+01 1.276143739183069847e+01 1.282575487381662249e+01 1.282575487381658519e+01 1.282575487381664203e+01 1.276143739183069847e+01 1.282475860138765000e+01 1.282406758437207905e+01 1.282382226242836332e+01 1.282469923719573579e+01 1.285072004241633969e+01
6.042681362725451066e+01 1.272036391281185885e+01 1.266531802960766839e+01 1.272028558838646894e+01 1.272028558838648493e+01 1.272028558838650980e+01 1.266531802960765418e+01 1.271928865817429255e+01 1.271860358227541354e+01 1.271836161653568276e+01 1.271923369071959620e+01 1.274503645691127751e+01
6.072739478957915793e+01 1.261555125453866744e+01 1.256736096281157700e+01 1.261546051547698433e+01 1.261546051547698433e+01 1.261546051547699498e+01 1.256736096281160187e+01 1.261446311785740804e+01 1.261378396791893408e+01 1.261354529863944940e+01 1.261441250675164660e+01 1.263999990721807798e+01
6.102797595190381230e+01 1.251137793729407122e+01 1.246843470367985418e+01 1.251127468245549679e+01 1.251127468245549679e+01 1.251127468245548791e+01 1.246843470367985596e+01 1.251027700369609086e+01 1.250960376269157237e+01 1.250936833154885619e+01 1.251023070847687890e+01 1.253560537353940063e+01
6.132855711422845957e+01 1.240783903813492195e+01 1.236904096519692331e+01 1.240772316889128568e+01 1.240772316889122528e+01 1.240772316889124482e+01 1.236904096519689489e+01 1.240672539120196660e+01 1.240605804036384008e+01 1.240582579041716649e+01 1.240668337138039945e+01 1.243184788921924344e+01
6.162913827655310683e+01 1.230492968567209111e+01 1.226948895057381428e+01 1.230480110583354048e+01 1.230480110583352982e+01 1.230480110583351738e+01 1.226948895057381073e+01 1.230380340741519340e+01 1.230314192635370496e+01 1.230291280200907345e+01 1.230376562251990080e+01 1.232872254000940160e+01
6.192971943887776121e+01 1.220264505926556531e+01 1.216997889952206080e+01 1.220250367500870858e+01 1.220250367500869793e+01 1.220250367500868727e+01 1.216997889952206080e+01 1.220150623010818514e+01 1.220085059692909546e+01 1.220062454390418694e+01 1.220147263972711471e+01 1.222622446322658618e+01
6.223030060120240847e+01 1.210098038831752731e+01 1.207064560905485706e+01 1.210082610811464576e+01 1.210082610811462622e+01 1.210082610811465997e+01 1.207064560905486950e+01 1.209982908707863203e+01 1.209917927848922758e+01 1.209895624377857892e+01 1.209979965089596199e+01 1.212434884703617222e+01
6.253088176352705574e+01 1.199993095155717526e+01 1.197158264609131528e+01 1.199976368610663791e+01 1.199976368610660060e+01 1.199976368610666633e+01 1.197158264609133127e+01 1.199876725543667533e+01 1.199812324685095533e+01 1.199790317869307721e+01 1.199874193326962768e+01 1.202309092979411886e+01
6.283146292585170301e+01 1.189949207641317486e+01 1.187285655740160450e+01 1.189931173857164382e+01 1.189931173857167224e+01 1.189931173857165625e+01 1.187285655740159385e+01 1.189831606097994054e+01 1.189767782661472850e+01 1.189746067445936539e+01 1.189829481281111256e+01 1.192244599921263237e+01
6.313204408817635738e+01 1.179965913819495960e+01 1.177451558717076274e+01 1.179946564291112487e+01 1.179946564291117639e+01 1.179946564291114797e+01 1.177451558717076807e+01 1.179847087737956279e+01 1.179783839034806547e+01 1.179762410482359059e+01 1.179845366338721924e+01 1.182240939172661953e+01
6.343262525050100464e+01 1.170042755953629054e+01 1.167659522897466573e+01 1.170022082378574169e+01 1.170022082378572037e+01 1.170022082378571149e+01 1.167659522897467639e+01 1.169922712562167177e+01 1.169860035801944775e+01 1.169838889090328138e+01 1.169921390620821633e+01 1.172297649182272572e+01
6.373320641282565191e+01 1.160179280967714988e+01 1.157912187665713866e+01 1.160157275239852837e+01 1.160157275239850350e+01 1.160157275239854080e+01 1.157912187665712622e+01 1.160058027329483998e+01 1.159995919628331507e+01 1.159975050047151335e+01 1.160057100911267547e+01 1.162414273126781872e+01
6.403378757515031339e+01 1.150375040380760971e+01 1.148211529241334716e+01 1.150351694584102447e+01 1.150351694584096229e+01 1.150351694584100493e+01 1.148211529241336137e+01 1.150252583393568351e+01 1.150191041782050760e+01 1.150170444729826791e+01 1.150252048591094933e+01 1.152590358857843711e+01
6.433436873747496065e+01 1.140629590250364878e+01 1.138559031626916251e+01 1.140604896652921596e+01 1.140604896652918576e+01 1.140604896652921241e+01 1.138559031626917317e+01 1.140505936646290230e+01 1.140444958076683868e+01 1.140424629058046335e+01 1.140505789581766649e+01 1.142825458824087548e+01
6.463494989979960792e+01 1.130942491103974668e+01 1.128955807561124125e+01 1.130916442151823276e+01 1.130916442151819368e+01 1.130916442151821499e+01 1.128955807561123592e+01 1.130817647449406138e+01 1.130757228802712078e+01 1.130737163425562564e+01 1.130817884276630636e+01 1.133119130016063281e+01
6.493553106212425519e+01 1.121313307876367560e+01 1.119402685739026637e+01 1.121285896187870712e+01 1.121285896187873732e+01 1.121285896187870712e+01 1.119402685739026460e+01 1.121187280572341827e+01 1.121127418664931952e+01 1.121107612637938367e+01 1.121187897478584894e+01 1.123470933899865543e+01
6.523611222444890245e+01 1.111741609854217394e+01 1.109900274784539498e+01 1.111712828214275994e+01 1.111712828214278481e+01 1.111712828214281146e+01 1.109900274784539143e+01 1.111614405136495343e+01 1.111555096726335279e+01 1.111535545856118823e+01 1.111615398344172689e+01 1.113880436352309289e+01
6.553669338677356393e+01 1.102226970614920454e+01 1.100449010893026447e+01 1.102196811969490753e+01 1.102196811969487378e+01 1.102196811969495549e+01 1.100449010893025914e+01 1.102098594554581368e+01 1.102039836347101698e+01 1.102020536535756001e+01 1.102099960322738426e+01 1.104347207610444315e+01
6.583727454909821120e+01 1.092768967967820615e+01 1.091049193800590267e+01 1.092737425418449426e+01 1.092737425418449781e+01 1.092737425418446762e+01 1.091049193800589023e+01 1.092639426471686193e+01 1.092581215125360039e+01 1.092562162368110457e+01 1.092641161097489721e+01 1.094870822201060534e+01
6.613785571142285846e+01 1.083367183897924946e+01 1.081701014288497475e+01 1.083334250696452727e+01 1.083334250696452195e+01 1.083334250696451306e+01 1.081701014288496943e+01 1.083236482709265225e+01 1.083178814840877813e+01 1.083160005223549938e+01 1.083238582529195249e+01 1.085450858885551639e+01
6.643843687374750573e+01 1.074021204513702443e+01 1.072404575455233910e+01 1.073986874057068341e+01 1.073986874057071361e+01 1.073986874057069940e+01 1.072404575455233733e+01 1.073889349212837985e+01 1.073832221402372333e+01 1.073813651099072963e+01 1.073891810603834962e+01 1.076086900609935704e+01
6.673901803607215300e+01 1.064730619985147442e+01 1.063159909335086262e+01 1.064694885810368596e+01 1.064694885810369840e+01 1.064694885810368952e+01 1.063159909335086084e+01 1.064597615990368240e+01 1.064541024785700962e+01 1.064522690056618615e+01 1.064600435370852871e+01 1.066778534438880044e+01
6.703959919839680026e+01 1.055495024493993483e+01 1.053966990015235083e+01 1.055457880273185545e+01 1.055457880273187499e+01 1.055457880273186611e+01 1.053966990015234018e+01 1.055360877062410729e+01 1.055304818983762338e+01 1.055286716172953554e+01 1.055364050893225425e+01 1.057525351504866862e+01
6.734018036072144753e+01 1.046314016178295958e+01 1.044825744074288032e+01 1.046275455713924707e+01 1.046275455713931102e+01 1.046275455713926128e+01 1.044825744074286433e+01 1.046178730406936452e+01 1.046123201951068538e+01 1.046105327484279002e+01 1.046182255192124622e+01 1.048326946951653227e+01
6.764076152304610901e+01 1.037187197083941825e+01 1.035736058962406680e+01 1.037147214304059162e+01 1.037147214304056320e+01 1.037147214304059695e+01 1.035736058962407924e+01 1.037050777910713428e+01 1.036995775554706967e+01 1.036978125937337047e+01 1.037054650198194494e+01 1.039182919886344081e+01
6.794134268537075627e+01 1.028114173113483787e+01 1.026697789775855263e+01 1.028072762067122525e+01 1.028072762067122170e+01 1.028072762067120571e+01 1.026697789775855263e+01 1.027976625318122927e+01 1.027922145523158370e+01 1.027904717338217999e+01 1.027980841700401626e+01 1.030092873322560010e+01
6.824192384769540354e+01 1.019094553971621231e+01 1.017710764770860621e+01 1.019051708824336799e+01 1.019051708824332181e+01 1.019051708824335023e+01 1.017710764770859555e+01 1.018955882177040451e+01 1.018901921391788790e+01 1.018884711297949153e+01 1.018960439291633158e+01 1.021056414128977075e+01
6.854250501002005080e+01 1.010127953115479649e+01 1.008774789884706280e+01 1.010083668145025193e+01 1.010083668145031055e+01 1.010083668145026081e+01 1.008774789884706280e+01 1.009988161789006256e+01 1.009934716453083503e+01 1.009917721182800143e+01 1.009993056319007643e+01 1.012073152980104318e+01
6.884308617234469807e+01 1.001213987714426423e+01 9.998896524676187170e+00 1.001168257306405529e+01 1.001168257306406062e+01 1.001168257306406595e+01 9.998896524676185393e+00 1.001073081168944334e+01 1.001020147715706088e+01 1.001003364073329571e+01 1.001078309843279435e+01 1.003142704306329769e+01
6.914366733466934534e+01 9.923522785936436108e+00 9.910551243679295297e+00 9.923050972373902212e+00 9.923050972373840040e+00 9.923050972373914647e+00 9.910551243679298850e+00 9.922102609888389324e+00 9.921578358485188431e+00 9.921412607084764801e+00 9.922158205827013688e+00 9.942646862451718803e+00
6.944424849699399260e+01 9.835424501873218261e+00 9.822709645078907315e+00 9.834938124718552999e+00 9.834938124718535235e+00 9.834938124718567209e+00 9.822709645078916196e+00 9.833993255312133641e+00 9.833474051335286958e+00 9.833310354386810559e+00 9.834052128662451153e+00 9.854387205933079485e+00
6.974482965931865408e+01 9.747841305010854995e+00 9.735369210465188772e+00 9.747340311110860966e+00 9.747340311110894717e+00 9.747340311110880506e+00 9.735369210465199430e+00 9.746399026511296526e+00 9.745884834277815045e+00 9.745723161875478269e+00 9.746461145955933603e+00 9.766644327594315556e+00
7.004541082164330135e+01 9.660769510572022156e+00 9.648527331880158542e+00 9.660253847691928186e+00 9.660253847691876672e+00 9.660253847691929963e+00 9.648527331880146107e+00 9.659316237217922207e+00 9.658807021089447886e+00 9.658647343978191913e+00 9.659381571907573516e+00 9.679414517177303168e+00
7.034599198396794861e+01 9.574205468554900733e+00 9.562181327194290148e+00 9.573675085340434876e+00 9.573675085340397573e+00 9.573675085340415336e+00 9.562181327194311464e+00 9.572741235952989314e+00 9.572236960357678015e+00 9.572079249916480848e+00 9.572809755506975549e+00 9.592694099622297799e+00
7.064657314629259588e+01 9.488145563268560068e+00 9.476328453084690295e+00 9.487600409209541397e+00 9.487600409209553831e+00 9.487600409209546726e+00 9.476328453084693848e+00 9.486670405563904396e+00 9.486171035017706643e+00 9.486015263243972484e+00 9.486742080070236227e+00 9.506479434636849746e+00
7.094715430861724315e+01 9.402586212888666140e+00 9.390965916094078381e+00 9.402026238283367476e+00 9.402026238283363924e+00 9.402026238283378134e+00 9.390965916094076604e+00 9.401100162779277625e+00 9.400605661905522936e+00 9.400451801400217633e+00 9.401174962794460299e+00 9.420766916235407962e+00
7.124773547094189041e+01 9.317523869099234801e+00 9.306090882125170438e+00 9.316949025018518071e+00 9.316949025018518071e+00 9.316949025018514519e+00 9.306090882125159780e+00 9.316026957848130508e+00 9.315537291395811437e+00 9.315385315348216011e+00 9.316104854397028845e+00 9.335552972313902131e+00
7.154831663326653768e+01 9.232955016607162335e+00 9.221700484504550488e+00 9.232365254861010229e+00 9.232365254861090165e+00 9.232365254861070625e+00 9.221700484504562922e+00 9.231447274058206531e+00 9.230962406919990926e+00 9.230812289093826450e+00 9.231528238633297079e+00 9.250834064223864672e+00
7.184889779559119916e+01 9.148876172766422954e+00 9.137791830957310069e+00 9.148271445871021257e+00 9.148271445871042573e+00 9.148271445870994611e+00 9.137791830957310069e+00 9.147357627360507948e+00 9.146877524587338826e+00 9.146729239306543136e+00 9.147441631919345895e+00 9.166606686353798494e+00
7.214947895791584642e+01 9.065283887158352982e+00 9.054362009582215265e+00 9.064664148303114288e+00 9.064664148303101854e+00 9.064664148303100077e+00 9.054362009582218818e+00 9.063754565946164021e+00 9.063279192763374681e+00 9.063132714899168718e+00 9.063841582910981742e+00 9.082867365718687580e+00
7.245006012024049369e+01 8.982174741204442370e+00 8.971408094041338543e+00 8.981539944220591210e+00 8.981539944220596539e+00 8.981539944220614302e+00 8.971408094041340320e+00 8.980634669862041619e+00 8.980163991682962532e+00 8.980019296639893511e+00 8.980724672117098351e+00 8.999612661554527548e+00
7.275064128256514095e+01 8.899545347778291315e+00 8.888927148044356130e+00 8.898895447108527534e+00 8.898895447108531087e+00 8.898895447108543522e+00 8.888927148044347248e+00 8.897994550622387422e+00 8.897528533061343836e+00 8.897385596765213123e+00 8.898087511511867831e+00 8.916839164921521288e+00
7.305122244488978822e+01 8.817392350818284541e+00 8.806916229212358616e+00 8.816727301486187329e+00 8.816727301486210422e+00 8.816727301486194435e+00 8.806916229212363945e+00 8.815830850819622810e+00 8.815369459704008648e+00 8.815228258588922117e+00 8.815926744145260230e+00 8.834543498311337117e+00
7.335180360721443549e+01 8.735712424936007636e+00 8.725372392454390891e+00 8.735032182517228350e+00 8.735032182517242560e+00 8.735032182517267429e+00 8.725372392454383785e+00 8.734140243735632581e+00 8.733683445117625510e+00 8.733543956114035112e+00 8.734239043753909471e+00 8.752722315241911133e+00
7.365238476953908275e+01 8.654502275074515083e+00 8.644292692920009458e+00 8.653806795668463892e+00 8.653806795668492313e+00 8.653806795668486984e+00 8.644292692920027221e+00 8.652919432998016802e+00 8.652467193164248727e+00 8.652329393687649528e+00 8.653021114417084547e+00 8.671372299938591155e+00
7.395296593186374423e+01 8.573758636122676080e+00 8.563674188530118414e+00 8.573047876324160654e+00 8.573047876324183747e+00 8.573047876324189076e+00 8.563674188530113085e+00 8.572165152194408222e+00 8.571717437675712148e+00 8.571581305614850876e+00 8.572269690170870149e+00 8.590490166904098501e+00
7.425354709418839150e+01 8.493478272556943764e+00 8.483513942208753988e+00 8.492752189429403131e+00 8.492752189429415566e+00 8.492752189429404908e+00 8.483513942208745107e+00 8.491874164514698009e+00 8.491430942095316681e+00 8.491296455800847909e+00 8.491981534650395957e+00 8.510072660564404146e+00
7.455412825651303876e+01 8.413657978079946531e+00 8.403809023820159041e+00 8.412916529129077503e+00 8.412916529129097043e+00 8.412916529129130794e+00 8.403809023820166146e+00 8.412043262389421017e+00 8.411604499115140854e+00 8.411471637388938660e+00 8.412153440727893283e+00 8.430116554912666871e+00
7.485470941883768603e+01 8.334294575291259832e+00 8.324556511882621024e+00 8.333537718439735897e+00 8.333537718439744779e+00 8.333537718439741226e+00 8.324556511882608589e+00 8.332669267161504578e+00 8.332234930346798407e+00 8.332103672432062069e+00 8.332782230184031746e+00 8.350618653131501645e+00
7.515529058116233330e+01 8.255384915328836115e+00 8.245753495028269597e+00 8.254612608890932179e+00 8.254612608890953496e+00 8.254612608890944614e+00 8.245753495028282032e+00 8.253749028725501091e+00 8.253319085961447144e+00 8.253189411531490549e+00 8.253864753347773586e+00 8.271575787315690320e+00
7.545587174348698056e+01 8.176925877531305176e+00 8.167397073295989074e+00 8.176138080188650292e+00 8.176138080188659174e+00 8.176138080188627200e+00 8.167397073295985521e+00 8.175279425191369853e+00 8.174853844350778331e+00 8.174725733499958125e+00 8.175397888759054155e+00 8.192984818049756868e+00
7.575645290581162783e+01 8.098914369121754220e+00 8.089484359272898217e+00 8.098111039899150043e+00 8.098111039899107411e+00 8.098111039899141161e+00 8.089484359272903546e+00 8.097257362566788075e+00 8.096836111810437941e+00 8.096709545044046052e+00 8.097378542851684458e+00 8.114842634080778438e+00
7.605703406813628931e+01 8.021347324861663353e+00 8.012012479062020631e+00 8.020528423104325455e+00 8.020528423104364535e+00 8.020528423104337890e+00 8.012012479062017078e+00 8.019679774412379558e+00 8.019262822194411555e+00 8.019137780419418604e+00 8.019803649608357787e+00 8.037146152020810064e+00
7.635761523046093657e+01 7.944221706736263933e+00 7.934978573142893232e+00 7.943387192087423720e+00 7.943387192087463688e+00 7.943387192087415727e+00 7.934978573142882574e+00 7.942543621526414022e+00 7.942130936599072655e+00 7.942007401114461906e+00 7.942670170244904959e+00 7.959892316010389379e+00
7.665819639278558384e+01 7.867534503635145171e+00 7.858379797112561072e+00 7.866684336013710421e+00 7.866684336013689993e+00 7.866684336013685552e+00 7.858379797112562848e+00 7.865845891624697828e+00 7.865437443042704757e+00 7.865315395530903864e+00 7.865975092890673537e+00 7.883078097354259128e+00
7.695877755511023111e+01 7.791282731039017584e+00 7.782213322330974847e+00 7.790416870618378731e+00 7.790416870618413370e+00 7.790416870618432910e+00 7.782213322330956196e+00 7.789583599028010674e+00 7.789179356151683109e+00 7.789058778670539418e+00 7.789715432275254869e+00 7.806700494238834942e+00
7.725935871743487837e+01 7.715463430716135385e+00 7.706476336481630440e+00 7.714581837903378592e+00 7.714581837903422112e+00 7.714581837903362604e+00 7.706476336481622447e+00 7.713753784357850307e+00 7.713353716857227482e+00 7.713234591830601339e+00 7.713888229424677334e+00 7.730756531439810786e+00
7.755993987975952564e+01 7.640073670414991192e+00 7.631166044049058073e+00 7.639176305830427616e+00 7.639176305830448932e+00 7.639176305830408964e+00 7.631166044049058073e+00 7.638353514229120123e+00 7.637957592086991987e+00 7.637839902297004713e+00 7.638490551353968705e+00 7.655243259962515978e+00
7.786052104208417290e+01 7.565110543570074952e+00 7.556279666734244671e+00 7.564197368027550716e+00 7.564197368027553381e+00 7.564197368027542723e+00 7.556279666734250888e+00 7.563379880955685586e+00 7.562988074470031741e+00 7.562871803048491159e+00 7.563519490772357301e+00 7.580157756765293797e+00
7.816110220440883438e+01 7.490571168995969309e+00 7.481814443797243364e+00 7.489642143483751013e+00 7.489642143483760783e+00 7.489642143483736803e+00 7.481814443797249581e+00 7.488830002244652562e+00 7.488442282030817410e+00 7.488327412452618681e+00 7.488972165777874501e+00 7.505497124447366275e+00
7.846168336673348165e+01 7.416452690614839582e+00 7.407767632368629229e+00 7.415507776276600183e+00 7.415507776276610841e+00 7.415507776276593965e+00 7.407767632368629229e+00 7.414701020923187613e+00 7.414317357915896523e+00 7.414203873990191873e+00 7.414845719583722072e+00 7.431258490975622522e+00
7.876226452905812891e+01 7.342752277162962748e+00 7.334136507692640805e+00 7.341791435279591660e+00 7.341791435279620082e+00 7.341791435279557909e+00 7.334136507692637252e+00 7.340990104644317782e+00 7.340610470099788287e+00 7.340498355963733346e+00 7.341137320225089802e+00 7.357439009388088813e+00
7.906284569138277618e+01 7.269467121909756635e+00 7.260918363334892156e+00 7.268490313881358134e+00 7.268490313881334153e+00 7.268490313881352805e+00 7.260918363334893044e+00 7.267694445607512321e+00 7.267318811104201082e+00 7.267208051214149478e+00 7.267844160277811660e+00 7.284035857493988075e+00
7.936342685370742345e+01 7.196594442378528633e+00 7.188110511350133791e+00 7.195601629707372382e+00 7.195601629707350178e+00 7.195601629707335967e+00 7.188110511350132015e+00 7.194811260277695908e+00 7.194439597717350310e+00 7.194330176843810598e+00 7.194963456579391625e+00 7.211046237599115116e+00
7.966400801603207071e+01 7.124131480076040468e+00 7.115710282419306587e+00 7.123122624349337961e+00 7.123122624349364607e+00 7.123122624349334409e+00 7.115710282419302146e+00 7.122337789114771667e+00 7.121970070723936175e+00 7.121861973943333979e+00 7.122492449957506189e+00 7.138467376230266837e+00
7.996458917835671798e+01 7.052075500218343507e+00 7.043715025949044417e+00 7.051050563091963319e+00 7.051050563091993517e+00 7.051050563091963319e+00 7.043715025949050634e+00 7.050271296300508972e+00 7.049907494630525129e+00 7.049800707318891746e+00 7.050428404956717188e+00 7.066296523860036594e+00
8.026517034068137946e+01 6.980423791452024851e+00 6.972122110142346507e+00 6.979382734634993923e+00 6.979382734635016128e+00 6.979382734634962837e+00 6.972122110142350060e+00 6.978609069458880043e+00 6.978249157386423818e+00 6.978143665213631941e+00 6.978768609559425684e+00 6.994530954638500830e+00
8.056575150300602672e+01 6.909173665653852048e+00 6.900928922100059815e+00 6.908116450891716553e+00 6.908116450891697014e+00 6.908116450891693461e+00 6.900928922100050045e+00 6.907348419454611310e+00 6.906992370181804120e+00 6.906888159104029867e+00 6.907510374983880652e+00 6.923167966127589779e+00
8.086633266533067399e+01 6.838322457612937555e+00 6.830132867803484054e+00 6.837249046673142594e+00 6.837249046673174568e+00 6.837249046673140818e+00 6.830132867803479613e+00 6.836486680075929634e+00 6.836134467130134063e+00 6.836031523384829001e+00 6.836651035367476759e+00 6.852204879040075802e+00
8.116691382765532126e+01 6.767867524787607891e+00 6.759731372135751037e+00 6.766777879444541455e+00 6.766777879444547672e+00 6.766777879444525468e+00 6.759731372135755478e+00 6.766021207791498071e+00 6.765672805025668701e+00 6.765571115124711099e+00 6.766187947523464530e+00 6.781639036979914437e+00
8.146749498997996852e+01 6.697806247058998963e+00 6.689721878881448980e+00 6.696700329079726011e+00 6.696700329079755321e+00 6.696700329079750880e+00 6.689721878881453421e+00 6.695949381504298970e+00 6.695604763095157175e+00 6.695504313820079823e+00 6.696118490694215275e+00 6.711467806190719365e+00
8.176807615230461579e+01 6.628136026492764898e+00 6.620101850713559166e+00 6.627013797622965718e+00 6.627013797622947955e+00 6.627013797622965718e+00 6.620101850713570713e+00 6.626268602311748523e+00 6.625927742760743477e+00 6.625828521155717965e+00 6.626440066312539123e+00 6.641688575301044395e+00
8.206865731462926306e+01 6.558854287100507108e+00 6.550868769163766814e+00 6.557715709050486730e+00 6.557715709050540909e+00 6.557715709050480513e+00 6.550868769163756156e+00 6.556976293267420708e+00 6.556639167399299417e+00 6.556541160766544252e+00 6.557150097762884045e+00 6.572298755073481935e+00
8.236923847695392453e+01 6.489958474584438086e+00 6.482020134562817226e+00 6.488803509015891535e+00 6.488803509015919069e+00 6.488803509015881765e+00 6.482020134562812785e+00 6.488069899125825657e+00 6.487736482087562706e+00 6.487639677981547948e+00 6.488246030125774055e+00 6.503295778173111330e+00
8.266981963927857180e+01 6.421446056109114231e+00 6.413553465990795566e+00 6.420274664622187544e+00 6.420274664622132477e+00 6.420274664622132477e+00 6.413553465990784908e+00 6.419546886114159356e+00 6.419217153373834250e+00 6.419121539596316595e+00 6.419725329950048298e+00 6.434677098936644413e+00
8.297040080160321907e+01 6.353314520073840121e+00 6.345466301213911642e+00 6.352126664194042149e+00 6.352126664194043038e+00 6.352126664193987970e+00 6.345466301213894766e+00 6.351404741703541745e+00 6.351078669049147862e+00 6.350984233643976573e+00 6.351585485023970357e+00 6.366440193111491119e+00
8.327098196392786633e+01 6.285561375861515643e+00 6.277756196593516691e+00 6.284357017028197490e+00 6.284357017028152192e+00 6.284357017028147752e+00 6.277756196593524685e+00 6.283640974359178344e+00 6.283318537897937262e+00 6.283225269145794378e+00 6.283824004125701634e+00 6.298582557633031875e+00
8.357156312625251360e+01 6.218184153641866274e+00 6.210420727023850063e+00 6.216963253195511463e+00 6.216963253195516792e+00 6.216963253195512351e+00 6.210420727023842957e+00 6.216253113342017578e+00 6.215934289498645349e+00 6.215842175912163370e+00 6.216438416824628277e+00 6.231101710396325544e+00
8.387214428857716086e+01 6.151180404131952884e+00 6.143457485829596720e+00 6.149942923302576858e+00 6.149942923302599951e+00 6.149942923302559983e+00 6.143457485829585174e+00 6.149238708469781045e+00 6.148923473984142518e+00 6.148832504303465285e+00 6.149426273242129426e+00 6.163995190029551097e+00
8.417272545090180813e+01 6.084547698374038305e+00 6.076864084669838739e+00 6.083293598270126168e+00 6.083293598270136826e+00 6.083293598270094193e+00 6.076864084669820087e+00 6.082595329894589398e+00 6.082283661821480614e+00 6.082193825009664323e+00 6.082785143830528263e+00 6.097260555665520165e+00
8.447330661322646961e+01 6.018283627531007873e+00 6.010638153442106280e+00 6.017012869127948527e+00 6.017012869127928099e+00 6.017012869127910335e+00 6.010638153442099174e+00 6.016320567897827765e+00 6.016012443604475735e+00 6.015923728842468954e+00 6.016512619166565656e+00 6.030895386710236394e+00
8.477388777555111687e+01 5.952385802653773261e+00 5.944777340163044599e+00 5.951098346783431303e+00 5.951098346783436632e+00 5.951098346783403770e+00 5.944777340163048152e+00 5.950412032658372929e+00 5.950107429822492300e+00 5.950019826505052123e+00 5.950606309720130938e+00 5.964897282664066935e+00
8.507446893787576414e+01 5.886851854478702073e+00 5.879279310861890373e+00 5.885547661818694820e+00 5.885547661818649523e+00 5.885547661818629983e+00 5.879279310861885044e+00 5.884867354048654242e+00 5.884566250657056408e+00 5.884479748388502074e+00 5.885063845650808645e+00 5.899263862886022558e+00
8.537505010020041141e+01 5.821679433227981981e+00 5.814141749474314835e+00 5.820358464291298439e+00 5.820358464291314426e+00 5.820358464291243372e+00 5.814141749474308618e+00 5.819684181435229142e+00 5.819386555781638215e+00 5.819301144371710421e+00 5.819882876608165390e+00 5.833992766371993710e+00
8.567563126252505867e+01 5.756866208407682706e+00 5.749362357726849559e+00 5.755528423532533466e+00 5.755528423532537019e+00 5.755528423532506821e+00 5.749362357726864659e+00 5.754860183476723456e+00 5.754566014159599341e+00 5.754481683619108168e+00 5.755061071529517847e+00 5.769081651554294865e+00
8.597621242484970594e+01 5.692409868586292276e+00 5.684938854998631719e+00 5.691055227926482551e+00 5.691055227926479887e+00 5.691055227926442583e+00 5.684938854998634383e+00 5.690393047901687318e+00 5.690102313823027558e+00 5.690019054359709116e+00 5.690596118418582705e+00 5.704528196096801729e+00
8.627679358717435321e+01 5.628308121206648806e+00 5.620868978207937516e+00 5.626936584721809353e+00 5.626936584721812018e+00 5.626936584721761392e+00 5.620868978207939293e+00 5.626280481321772164e+00 5.625993161683680022e+00 5.625910963698937728e+00 5.626485724157553214e+00 5.640330096693642936e+00
8.657737474949901468e+01 5.564558692385133121e+00 5.557150481683273746e+00 5.563170219831649277e+00 5.563170219831639507e+00 5.563170219831603092e+00 5.557150481683260423e+00 5.562520209029356621e+00 5.562236283332456566e+00 5.562155137417221340e+00 5.562727614305605250e+00 5.576485068864795558e+00
8.687795591182366195e+01 5.501159326682206085e+00 5.493781137006112480e+00 5.499753877605127350e+00 5.499753877605149555e+00 5.499753877605067842e+00 5.493781137006132909e+00 5.499109974770139964e+00 5.498829422811824408e+00 5.498749319742710640e+00 5.499319532871340677e+00 5.512990846762395591e+00
8.717853707414830922e+01 5.438107786999658799e+00 5.430758732955352386e+00 5.436685320722254744e+00 5.436685320722263626e+00 5.436685320722192571e+00 5.430758732955371038e+00 5.436047540636106845e+00 5.435770342507851183e+00 5.435691273243634214e+00 5.436259242206019415e+00 5.449845182972970825e+00
8.747911823647295648e+01 5.375401854326608664e+00 5.368081075323913431e+00 5.373962329942211902e+00 5.373962329942194138e+00 5.373962329942156835e+00 5.368081075323917872e+00 5.373330686814234092e+00 5.373056822899217266e+00 5.372978778577098602e+00 5.373544522751791952e+00 5.387045848327542075e+00
8.777969939879760375e+01 5.313039327558544578e+00 5.305745986789314195e+00 5.311582703922172577e+00 5.311582703922165472e+00 5.311582703922089976e+00 5.305745986789316859e+00 5.310957211405202827e+00 5.310686662376084222e+00 5.310609634308441684e+00 5.311173172860884861e+00 5.324590631724012368e+00
8.808028056112225102e+01 5.251018023287961967e+00 5.243751306760586317e+00 5.249544259008748881e+00 5.249544259008735558e+00 5.249544259008643188e+00 5.243751306760592534e+00 5.248924930214498907e+00 5.248657677031187241e+00 5.248581656702078213e+00 5.249143008586569792e+00 5.262477339919580999e+00
8.838086172344689828e+01 5.189335775659453809e+00 5.182094891276689985e+00 5.187844829092419729e+00 5.187844829092476573e+00 5.187844829092400190e+00 5.182094891276681992e+00 5.187231676605870589e+00 5.186967700512879809e+00 5.186892679575477061e+00 5.187451863536757912e+00 5.200703797355266111e+00
8.868144288577155976e+01 5.127990436240271066e+00 5.120774612918074453e+00 5.126482265477823930e+00 5.126482265477855016e+00 5.126482265477739553e+00 5.120774612918076230e+00 5.125875301371242365e+00 5.125614583895354848e+00 5.125540554167390184e+00 5.126097588743824041e+00 5.139267845975206583e+00
8.898202404809620703e+01 5.066979873746878305e+00 5.059788360585900868e+00 5.065454436611563693e+00 5.065454436611591227e+00 5.065454436611483757e+00 5.059788360585924849e+00 5.064853672458937695e+00 5.064596195406624979e+00 5.064523148868694591e+00 5.065078052393281460e+00 5.078167345042829517e+00
8.928260521042085429e+01 5.006301973903838132e+00 4.999134039398466456e+00 5.004759227941397270e+00 5.004759227941382171e+00 5.004759227941307564e+00 4.999134039398464679e+00 5.004164674831918624e+00 5.003910420287645877e+00 5.003838349078923997e+00 5.004391139681609424e+00 5.017400170967853512e+00
8.958318637274550156e+01 4.945954639229729111e+00 4.938809570516910163e+00 4.944394541702482826e+00 4.944394541702470391e+00 4.944394541702394008e+00 4.938809570516886183e+00 4.943806210254240163e+00 4.943555160577558283e+00 4.943484056993449727e+00 4.944034752602758154e+00 4.956964217130409800e+00
8.988376753507014882e+01 4.885935789002522789e+00 4.878812891132840335e+00 4.884358296880172645e+00 4.884358296880177974e+00 4.884358296880053629e+00 4.878812891132838558e+00 4.883776197252901241e+00 4.883528335075042470e+00 4.883458191564203688e+00 4.884006809910121483e+00 4.896857393707475303e+00
9.018434869739479609e+01 4.826243358974260822e+00 4.819141954233684189e+00 4.824648428928274058e+00 4.824648428928286492e+00 4.824648428928161259e+00 4.819141954233683300e+00 4.824072570835400420e+00 4.823827879058387502e+00 4.823758688219582424e+00 4.824305246834951433e+00 4.837077627502850419e+00
9.048492985971945757e+01 4.766875301217310401e+00 4.759794728475900349e+00 4.765262889614424680e+00 4.765262889614426456e+00 4.765262889614322539e+00 4.759794728475909231e+00 4.764693282336819102e+00 4.764451744129329924e+00 4.764383498709149123e+00 4.764928014931612665e+00 4.777622861779843078e+00
9.078551102204410483e+01 4.707829583954910468e+00 4.700769198044169705e+00 4.706199646850661722e+00 4.706199646850658169e+00 4.706199646850538265e+00 4.700769198044153718e+00 4.705636299247343501e+00 4.705397898044034299e+00 4.705330590933768597e+00 4.705873081907526512e+00 4.718491056091858482e+00
9.108609218436875210e+01 4.649104191425532662e+00 4.642063362544257110e+00 4.647456684557747408e+00 4.647456684557740303e+00 4.647456684557601747e+00 4.642063362544252669e+00 4.646899605078884221e+00 4.646664324576474492e+00 4.646597948809459311e+00 4.647138431487638499e+00 4.659680186100566779e+00
9.138667334669339937e+01 4.590697123778220146e+00 4.583675236920426777e+00 4.589032002559672918e+00 4.589032002559696011e+00 4.589032002559535250e+00 4.583675236920423224e+00 4.588481199257175902e+00 4.588249023412359406e+00 4.588183572161309343e+00 4.588722063308042998e+00 4.601188243461018956e+00
9.168725450901804663e+01 4.532606396798318116e+00 4.525602851218308409e+00 4.530923616312136026e+00 4.530923616312107605e+00 4.530923616311971713e+00 4.525602851218300415e+00 4.530379096851238963e+00 4.530150009878337158e+00 4.530085476453141524e+00 4.530621992644936924e+00 4.543013235637815228e+00
9.198783567134269390e+01 4.474830041814586323e+00 4.467844250504800385e+00 4.473129556807083240e+00 4.473129556807114326e+00 4.473129556806969553e+00 4.467844250504808379e+00 4.472591328477370176e+00 4.472365314845058393e+00 4.472301692690511032e+00 4.472836250318488638e+00 4.485153185735302195e+00
9.228841683366734117e+01 4.417366105538035548e+00 4.410397494735080137e+00 4.415647870413324405e+00 4.415647870413347498e+00 4.415647870413171638e+00 4.410397494735073032e+00 4.415115940138807815e+00 4.414892984568956180e+00 4.414830267261317331e+00 4.415362882533269584e+00 4.427606132352099877e+00
9.258899799599200264e+01 4.360212649927499129e+00 4.353260658641242564e+00 4.358476618742233022e+00 4.358476618742203712e+00 4.358476618742072262e+00 4.353260658641244341e+00 4.357950993092482683e+00 4.357731080556567882e+00 4.357669261801943250e+00 4.358199950743996354e+00 4.370370129385705127e+00
9.288957915831664991e+01 4.303367751986113099e+00 4.296431831550032499e+00 4.301613878444468853e+00 4.301613878444495498e+00 4.301613878444316974e+00 4.296431831550026281e+00 4.301094563644889845e+00 4.300877679361931882e+00 4.300816752993967818e+00 4.301345531452105853e+00 4.313443245978233698e+00
9.319016032064129718e+01 4.246829503684010021e+00 4.239909117314931919e+00 4.245057741130601414e+00 4.245057741130609408e+00 4.245057741130612960e+00 4.239909117314931919e+00 4.244544743071632098e+00 4.244330872505867269e+00 4.244270832483106659e+00 4.244797716125653153e+00 4.256823566299668293e+00
9.349074148296594444e+01 4.190596011756468897e+00 4.183690634139460407e+00 4.188806313171418161e+00 4.188806313171415496e+00 4.188806313171387963e+00 4.183690634139468401e+00 4.188299637418016808e+00 4.188088766275397390e+00 4.188029606679823047e+00 4.188554610999093875e+00 4.200509189401937071e+00
9.379132264529059171e+01 4.134665397600689296e+00 4.127774514497593472e+00 4.132857715595299908e+00 4.132857715595266157e+00 4.132857715595271486e+00 4.127774514497593472e+00 4.132357367397207604e+00 4.132149481624336040e+00 4.132091196657966314e+00 4.132614336972218361e+00 4.144498229025604275e+00
9.409190380761523897e+01 4.079035797102218197e+00 4.072158904966994619e+00 4.077210083913179517e+00 4.077210083913198169e+00 4.077210083913184846e+00 4.072158904967002613e+00 4.076716068213256605e+00 4.076511153994213821e+00 4.076453737978070535e+00 4.076975029432965414e+00 4.088788813590650051e+00
9.439248496993988624e+01 4.023705360498447625e+00 4.016841966114001572e+00 4.021861567983363805e+00 4.021861567983352259e+00 4.021861567983350483e+00 4.016841966113993578e+00 4.021373889427491299e+00 4.021171933180819558e+00 4.021115380552637397e+00 4.021634838123284261e+00 4.033379085950839382e+00
9.469306613226454772e+01 3.968672252234715092e+00 3.961821872363031627e+00 3.966810331867157036e+00 3.966810331867174355e+00 3.966810331867150374e+00 3.961821872363039621e+00 3.966328994811930464e+00 3.966129983189553343e+00 3.966074288501197032e+00 3.966591926993873418e+00 3.978267203253644357e+00
9.499364729458919498e+01 3.913934650829220985e+00 3.907096811875015785e+00 3.912054553694022108e+00 3.912054553694027437e+00 3.912054553694042536e+00 3.907096811875025999e+00 3.911579562216040973e+00 3.911383482099957565e+00 3.911328640015868441e+00 3.911844474069803734e+00 3.923451336791599076e+00
9.529422845691384225e+01 3.859490748793209747e+00 3.852664986479355402e+00 3.857592425581058748e+00 3.857592425581065410e+00 3.857592425581046314e+00 3.852664986479357179e+00 3.857123783484658119e+00 3.856930621984239416e+00 3.856876627279600900e+00 3.857390671368935653e+00 3.868929671978926343e+00
9.559480961923848952e+01 3.805338752421395743e+00 3.798524611481340241e+00 3.803422153424864671e+00 3.803422153424865115e+00 3.803422153424848684e+00 3.798524611481337132e+00 3.802959864250262001e+00 3.802769608700357296e+00 3.802716456259134681e+00 3.803228724694410978e+00 3.814700408090297312e+00
9.589539078156313678e+01 3.751476881678487807e+00 3.744673915559550537e+00 3.749541956787516561e+00 3.749541956787519670e+00 3.749541956787535657e+00 3.744673915559554533e+00 3.749086023818870128e+00 3.748898661777527508e+00 3.748846346590260836e+00 3.749356853520338984e+00 3.760761758126576204e+00
9.619597194388778405e+01 3.697903370046420335e+00 3.691111140629127707e+00 3.695950068745504247e+00 3.695950068745474049e+00 3.695950068745491812e+00 3.691111140629142806e+00 3.695500495018607889e+00 3.695316014264620197e+00 3.695264531427089771e+00 3.695773290840277614e+00 3.707111948771091736e+00
9.649655310621243132e+01 3.644616464500266773e+00 3.637834541812518641e+00 3.642644735860820049e+00 3.642644735860826710e+00 3.642644735860813832e+00 3.637834541812521749e+00 3.642201524170470162e+00 3.642019912700284134e+00 3.641969257411294070e+00 3.642476283138217585e+00 3.653749220222337613e+00
9.679713426853709279e+01 3.591614425266019595e+00 3.584842387224979277e+00 3.589624217943822693e+00 3.589624217943829798e+00 3.589624217943825801e+00 3.584842387224989491e+00 3.589187370850613679e+00 3.589008616876998570e+00 3.588958784437005889e+00 3.589464090151467168e+00 3.600671826033854828e+00
9.709771543086174006e+01 3.538895525672679288e+00 3.532132957839735354e+00 3.536886787906216689e+00 3.536886787906236229e+00 3.536886787906216689e+00 3.532132957839731358e+00 3.536456307744552774e+00 3.536280399694029963e+00 3.536231385503423752e+00 3.536734984723605812e+00 3.547878032963333705e+00
9.739829659318638733e+01 3.486458052186297785e+00 3.479704547508624568e+00 3.484430731788532132e+00 3.484430731788523250e+00 3.484430731788556113e+00 3.479704547508619239e+00 3.484006620672983612e+00 3.483833547182748624e+00 3.483785346739884936e+00 3.484287252831279158e+00 3.495366120956383771e+00
9.769887775551103459e+01 3.434300304158486306e+00 3.427555462738565151e+00 3.432254348514239606e+00 3.432254348514216069e+00 3.432254348514249820e+00 3.427555462738568259e+00 3.431836608345836925e+00 3.431666358262475125e+00 3.431618967162059164e+00 3.432119193338575514e+00 3.443134382936755777e+00
9.799945891783568186e+01 3.382420593653475915e+00 3.375684022534666262e+00 3.380355949718822028e+00 3.380355949718797604e+00 3.380355949718826025e+00 3.375684022534681805e+00 3.379944582192650149e+00 3.379777144569599212e+00 3.379730558501677251e+00 3.380229117826251350e+00 3.391181124692908888e+00
9.830004008016032913e+01 3.330817245518626457e+00 3.324088558451246289e+00 3.328733859812392559e+00 3.328733859812382789e+00 3.328733859812369023e+00 3.324088558451243181e+00 3.328328866423131416e+00 3.328164230517771216e+00 3.328118445265523029e+00 3.328615350653307825e+00 3.339504664746341778e+00
9.860062124248497639e+01 3.279488597124571747e+00 3.272767414360914895e+00 3.277386415725878521e+00 3.277386415725856761e+00 3.277386415725846547e+00 3.272767414360919336e+00 3.276987797774065125e+00 3.276825953046472062e+00 3.276780964484555803e+00 3.277276228704009586e+00 3.288103334254773191e+00
9.890120240480963787e+01 3.228432998188404568e+00 3.221718946292284169e+00 3.226311966736612469e+00 3.226311966736607584e+00 3.226311966736614245e+00 3.221718946292284169e+00 3.225919725335522514e+00 3.225760661445248978e+00 3.225716465539529398e+00 3.226210101212848791e+00 3.236975476920761263e+00
9.920178356713428514e+01 3.177648810881117392e+00 3.170941522515002386e+00 3.175508874566701500e+00 3.175508874566676631e+00 3.175508874566676631e+00 3.170941522515016597e+00 3.175123010646976329e+00 3.174966717451991993e+00 3.174923310256230202e+00 3.175415329862762981e+00 3.186119448815158961e+00
9.950236472945893240e+01 3.127134409492449141e+00 3.120433523240819795e+00 3.124975513056587939e+00 3.124975513056583942e+00 3.124975513056577725e+00 3.120433523240838891e+00 3.124596027372688045e+00 3.124442494926103819e+00 3.124399872582269921e+00 3.124890288458687326e+00 3.135533618288027125e+00
9.980294589178357967e+01 3.076888180384502292e+00 3.070193340576357066e+00 3.074710268116978451e+00 3.074710268117016199e+00 3.074710268117004208e+00 3.070193340576369501e+00 3.074337161253327455e+00 3.074186379802046787e+00 3.074144538537448845e+00 3.074633362879672482e+00 3.085216365849957842e+00
1.001035270541082269e+02 3.026908521995565593e+00 3.020219378515124564e+00 3.024711537726709754e+00 3.024711537726734623e+00 3.024711537726722632e+00 3.020219378515127229e+00 3.024344810101847081e+00 3.024196770083426689e+00 3.024155706210672090e+00 3.024642951075791508e+00 3.035166084057696168e+00
1.004041082164328742e+02 2.977193844527878053e+00 2.970510052660790379e+00 2.974977731629690592e+00 2.974977731629683486e+00 2.974977731629695477e+00 2.970510052660785938e+00 2.974617383502079715e+00 2.974472075544306815e+00 2.974431785458859334e+00 2.974917462765940712e+00 2.985381177402392616e+00
1.007046893787575215e+02 2.927742569973811992e+00 2.921063790240612246e+00 2.925507271355563876e+00 2.925507271355554995e+00 2.925507271355562544e+00 2.921063790240598923e+00 2.925153302829587521e+00 2.925010717746433286e+00 2.924971197926026001e+00 2.925455319457769487e+00 2.935860062218714539e+00
1.010052705410821829e+02 2.878553132020676752e+00 2.871879030012502998e+00 2.876298590123295362e+00 2.876298590123297583e+00 2.876298590123301135e+00 2.871879030012490563e+00 2.875951001152796671e+00 2.875811129943761646e+00 2.875772376946768905e+00 2.876254954351439075e+00 2.886601166548533381e+00
1.013058517034068302e+02 2.829623975823840620e+00 2.822954222059925744e+00 2.827350132619598444e+00 2.827350132619620204e+00 2.827350132619615319e+00 2.822954222059920415e+00 2.827008923013825115e+00 2.826871756861244922e+00 2.826833767325372282e+00 2.827314812117764475e+00 2.837602930040076465e+00
1.016064328657314775e+02 2.780953557997786874e+00 2.774287827775043347e+00 2.778660354985942327e+00 2.778660354985930336e+00 2.778660354985937886e+00 2.774287827775053117e+00 2.778325524414314796e+00 2.778191054681107275e+00 2.778153825322327464e+00 2.778633348885356291e+00 2.788863803841012512e+00
1.019070140280561247e+02 2.732540346531298958e+00 2.725878319778288095e+00 2.730227724733412131e+00 2.730227724733418793e+00 2.730227724733423678e+00 2.725878319778296088e+00 2.729899272728839144e+00 2.729767490957433651e+00 2.729731018568703593e+00 2.730209032155012761e+00 2.740382250495441152e+00
1.022075951903807720e+02 2.684382820583551155e+00 2.677724181732239916e+00 2.682050720543452282e+00 2.682050720543446509e+00 2.682050720543426969e+00 2.677724181732255460e+00 2.681728646508736880e+00 2.681599544417752501e+00 2.681563825867709916e+00 2.682040340600805983e+00 2.692156743836812360e+00
1.025081763527054193e+02 2.636479470440350692e+00 2.629823908293765555e+00 2.634127832220836574e+00 2.634127832220837018e+00 2.634127832220838350e+00 2.629823908293745127e+00 2.633812135431774060e+00 2.633685704915467163e+00 2.633650737147436249e+00 2.634125764022726468e+00 2.644185768885558563e+00
1.028087575150300665e+02 2.588828797466862230e+00 2.582176005057959411e+00 2.586457560642510423e+00 2.586457560642485554e+00 2.586457560642510423e+00 2.582176005057953638e+00 2.586148240252081010e+00 2.586024473377161126e+00 2.585990253408031680e+00 2.586463803295242059e+00 2.596467821746231142e+00
1.031093386773547280e+02 2.541429313890776420e+00 2.534778988370351538e+00 2.539038417548810767e+00 2.539038417548826754e+00 2.539038417548805437e+00 2.534778988370354647e+00 2.538735472592163589e+00 2.538614361596219560e+00 2.538580886515060975e+00 2.539052970158952149e+00 2.549001409507523519e+00
1.034099198396793753e+02 2.494279542760522883e+00 2.487631385281455554e+00 2.491868925499307164e+00 2.491868925499318266e+00 2.491868925499328480e+00 2.487631385281448004e+00 2.491572354897069630e+00 2.491453892187558861e+00 2.491421159154778131e+00 2.491891787175870565e+00 2.501785050141460243e+00
1.037105010020040226e+02 2.447378017911038928e+00 2.440731733500446587e+00 2.444947617833249875e+00 2.444947617833228115e+00 2.444947617833248987e+00 2.440731733500450140e+00 2.444657420395655034e+00 2.444541598546595029e+00 2.444509604792828306e+00 2.444978787689789712e+00 2.454817272403665207e+00
1.040110821643286698e+02 2.400723283739019553e+00 2.394078581189758026e+00 2.398273038449736827e+00 2.398273038449765693e+00 2.398273038449748373e+00 2.394078581189763355e+00 2.397989212880497156e+00 2.397876024631071079e+00 2.397844767456110748e+00 2.398312515606822348e+00 2.408096615733876789e+00
1.043116633266533171e+02 2.354313895233701270e+00 2.347670486997648798e+00 2.351843741838565371e+00 2.351843741838563595e+00 2.351843741838570256e+00 2.347670486997648798e+00 2.351566286738252742e+00 2.351455724991782237e+00 2.351425201763140738e+00 2.351891525425767515e+00 2.361621630149823403e+00
1.046122444889779644e+02 2.308148417763181026e+00 2.301506019851684570e+00 2.305658292867576620e+00 2.305658292867566406e+00 2.305658292867570403e+00 2.301506019851689455e+00 2.305387206738000128e+00 2.305279264557971164e+00 2.305249472711638159e+00 2.305714382025214171e+00 2.315390876185475122e+00
1.049128256513026116e+02 2.262225427050609028e+00 2.255583758920050474e+00 2.259715266752376106e+00 2.259715266752376994e+00 2.259715266752380103e+00 2.255583758920055359e+00 2.259450547999072523e+00 2.259345218610504080e+00 2.259316155646651669e+00 2.259779660634092302e+00 2.269402924773302743e+00
1.052134068136272731e+02 2.216543509122586908e+00 2.209902293584484756e+00 2.214013249012631412e+00 2.214013249012652285e+00 2.214013249012638962e+00 2.209902293584480759e+00 2.213754895948779833e+00 2.213652172733741708e+00 2.213623836218803209e+00 2.214085946786606307e+00 2.223656357145158857e+00
1.055139879759519204e+02 2.171101260119020715e+00 2.164460223243158676e+00 2.168550835278110434e+00 2.168550835278153510e+00 2.168550835278140188e+00 2.164460223243150683e+00 2.168298846128034363e+00 2.168198722625110708e+00 2.168171110189203166e+00 2.168631836129345736e+00 2.178149764744941486e+00
1.058145691382765676e+02 2.125897286256709151e+00 2.119256157270362539e+00 2.123326631249987884e+00 2.123326631250001650e+00 2.123326631249997654e+00 2.119256157270362539e+00 2.123081004151537776e+00 2.122983474053520947e+00 2.122956583390353202e+00 2.123415934381658765e+00 2.132881749104245550e+00
1.061151503006012149e+02 2.080930203741932161e+00 2.074288714954060531e+00 2.078339252621431044e+00 2.078339252621440369e+00 2.078339252621439481e+00 2.074288714954060531e+00 2.078099985630293745e+00 2.078005042782657075e+00 2.077978871648040737e+00 2.078436857256742876e+00 2.087850921851572839e+00
1.064157314629258622e+02 2.036198638648798465e+00 2.029556525350870277e+00 2.033587324946486419e+00 2.033587324946491304e+00 2.033587324946491304e+00 2.029556525350872498e+00 2.033354416037987278e+00 2.033262054437495081e+00 2.033236600648698378e+00 2.033693230330233970e+00 2.043055904534407663e+00
1.067163126252505094e+02 1.991701226890265186e+00 1.985058227274137499e+00 1.989069483616408895e+00 1.989069483616371370e+00 1.989069483616386469e+00 1.985058227274142384e+00 1.988842930689375788e+00 1.988753144481733015e+00 1.988728405916427411e+00 1.989183689016632117e+00 1.998495328528877346e+00
1.070168937875751567e+02 1.947436614075157557e+00 1.940792469156942479e+00 1.944784373718025483e+00 1.944784373718031034e+00 1.944784373718032144e+00 1.940792469156954025e+00 1.944564174597237294e+00 1.944476958075848527e+00 1.944452932671623335e+00 1.944906878427243191e+00 1.954167834970523376e+00
1.073174749498998182e+02 1.903403455412652656e+00 1.896757908943025983e+00 1.900730649932287797e+00 1.900730649932269145e+00 1.900730649932277139e+00 1.896757908943022874e+00 1.900516802371086111e+00 1.900432149975189278e+00 1.900408835728214507e+00 1.900861453268954726e+00 1.910072074741259174e+00
1.076180561122244654e+02 1.859600415732829637e+00 1.852953214128271409e+00 1.856906976561725209e+00 1.856906976561768063e+00 1.856906976561740308e+00 1.852953214128274517e+00 1.856699478245049439e+00 1.856617384558423733e+00 1.856594779522775740e+00 1.857046077871751022e+00 1.866206708259296354e+00
1.079186372745491127e+02 1.816026169269112200e+00 1.809377061528717689e+00 1.813312027306700047e+00 1.813312027306662966e+00 1.813312027306698049e+00 1.809377061528735009e+00 1.813110875853366277e+00 1.813031335601983374e+00 1.813009437889202102e+00 1.813459425964539351e+00 1.822570405425554485e+00
1.082192184368737600e+02 1.772679399649276677e+00 1.766028137287685151e+00 1.769944485261640610e+00 1.769944485261661482e+00 1.769944485261661038e+00 1.766028137287676048e+00 1.769749678227462208e+00 1.769672686278156881e+00 1.769651494056066587e+00 1.770100180671717149e+00 1.779161845665153674e+00
1.085197995991984072e+02 1.729558799814674641e+00 1.722905136790694014e+00 1.726803042832141477e+00 1.726803042832148805e+00 1.726803042832138813e+00 1.722905136790714220e+00 1.726614577711181653e+00 1.726540129071031826e+00 1.726519640562917068e+00 1.726967034429689463e+00 1.735979717649426934e+00
1.088203807615230545e+02 1.686663071868898411e+00 1.680006764510229456e+00 1.683886401580902303e+00 1.683886401580913628e+00 1.683886401580903636e+00 1.680006764510241890e+00 1.683704275809159823e+00 1.683632365622584004e+00 1.683612579106283258e+00 1.684058688833564243e+00 1.693022719341223281e+00
1.091209619238477018e+02 1.643990927110142719e+00 1.637331734057427601e+00 1.641193272267267744e+00 1.641193272267297276e+00 1.641193272267284176e+00 1.637331734057420052e+00 1.641017483224487483e+00 1.640948106772038839e+00 1.640929020579920294e+00 1.641373854675673538e+00 1.650289557936780449e+00
1.094215430861723632e+02 1.601541085874165438e+00 1.594878768002730318e+00 1.598722374680347613e+00 1.598722374680341618e+00 1.598722374680354719e+00 1.594878768002730096e+00 1.598552919692050267e+00 1.598486072389033730e+00 1.598467684906474284e+00 1.598911251779452591e+00 1.607778949602828966e+00
1.097221242484970105e+02 1.559312277473640318e+00 1.552646597836593978e+00 1.556472437586388757e+00 1.556472437586393864e+00 1.556472437586393642e+00 1.552646597836591313e+00 1.556309313926193427e+00 1.556244991321241722e+00 1.556227300986185780e+00 1.556669608946486205e+00 1.565489619677540745e+00
1.100227054108216578e+02 1.517303240096578243e+00 1.510633963869701502e+00 1.514442198627359515e+00 1.514442198627334424e+00 1.514442198627367508e+00 1.510633963869712604e+00 1.514285403519215256e+00 1.514223601292780774e+00 1.514206606595085214e+00 1.514647663854600035e+00 1.523420302336137899e+00
1.103232865731463050e+02 1.475512720764383445e+00 1.468839615171268820e+00 1.472630404269793747e+00 1.472630404269767990e+00 1.472630404269812621e+00 1.468839615171270818e+00 1.472479934889879383e+00 1.472420648852315717e+00 1.472404348332979840e+00 1.472844163007581031e+00 1.481569740639409272e+00
1.106238677354709523e+02 1.433939475293993349e+00 1.427262309557737252e+00 1.431035809777789547e+00 1.431035809777784440e+00 1.431035809777808421e+00 1.427262309557723041e+00 1.430891663256172786e+00 1.430834889347037286e+00 1.430819281597298209e+00 1.431257861707184054e+00 1.439936686494498908e+00
1.109244488977955996e+02 1.392582268088813580e+00 1.385900813376209184e+00 1.389657178999854414e+00 1.389657178999822662e+00 1.389657178999828213e+00 1.385900813376216512e+00 1.389519352423296272e+00 1.389465086708822295e+00 1.389450170370073900e+00 1.389887523840504402e+00 1.398519900379975978e+00
1.112250300601202468e+02 1.351439872189811320e+00 1.344753901548433106e+00 1.348493284416230953e+00 1.348493284416221405e+00 1.348493284416223847e+00 1.344753901548443542e+00 1.348361774828929383e+00 1.348310013501845095e+00 1.348295787264216727e+00 1.348731921927281086e+00 1.357318151595144906e+00
1.115256112224449083e+02 1.310511069206901080e+00 1.303820357515169226e+00 1.307542907075639027e+00 1.307542907075653904e+00 1.307542907075640803e+00 1.303820357515177220e+00 1.307417711481975164e+00 1.307368450858732656e+00 1.307354913461077794e+00 1.307789837056179572e+00 1.316330217823411530e+00
1.118261923847695556e+02 1.269794649080183246e+00 1.263098972999738834e+00 1.266804836356530961e+00 1.266804836356530517e+00 1.266804836356523856e+00 1.263098972999733727e+00 1.266685951722312575e+00 1.266639188242868919e+00 1.266626338471564139e+00 1.267060058646283904e+00 1.275554885367720104e+00
1.121267735470942029e+02 1.229289410248807446e+00 1.222588548161235522e+00 1.226277870128635428e+00 1.226277870128635872e+00 1.226277870128647196e+00 1.222588548161234634e+00 1.226165293382813992e+00 1.226121023608395255e+00 1.226108860297147718e+00 1.226541384608871743e+00 1.234990948873591732e+00
1.124273547094188501e+02 1.188994159395554195e+00 1.182287891365018551e+00 1.185960814508535632e+00 1.185960814508539185e+00 1.185960814508531413e+00 1.182287891365018551e+00 1.185854542544870771e+00 1.185812763157144678e+00 1.185801285186177001e+00 1.186232621102209839e+00 1.194637211329658388e+00
1.127279358717434974e+02 1.148907711418045041e+00 1.142195819136885948e+00 1.145852483822489720e+00 1.145852483822483947e+00 1.145852483822505485e+00 1.142195819136880175e+00 1.145752513501050895e+00 1.145713221300504348e+00 1.145702427596233974e+00 1.146132582495036356e+00 1.154492484064040925e+00
1.130285170340681447e+02 1.109028889454084732e+00 1.102311156190079577e+00 1.105951700632217927e+00 1.105951700632206824e+00 1.105951700632213486e+00 1.102311156190071362e+00 1.105858028780963842e+00 1.105821220685611062e+00 1.105811110219358406e+00 1.106240091392121316e+00 1.114555586465456827e+00
1.133290981963927919e+02 1.069356524622437465e+00 1.062632735190694566e+00 1.066257295485956380e+00 1.066257295485967482e+00 1.066257295485967260e+00 1.062632735190684574e+00 1.066169918902447167e+00 1.066135591946454575e+00 1.066126163734586907e+00 1.066553978384735091e+00 1.074825346232310075e+00
1.136296793587174534e+02 1.029889456209504672e+00 1.023159396899480322e+00 1.026768107084678805e+00 1.026768107084661041e+00 1.026768107084677917e+00 1.023159396899494533e+00 1.026687022536927563e+00 1.026655173869280624e+00 1.026646426972409154e+00 1.027073082218236344e+00 1.035300598958562857e+00
1.139302605210421007e+02 9.906265312943939305e-01 9.838899898555691914e-01 9.874829819328477809e-01 9.874829819328346803e-01 9.874829819328414526e-01 9.838899898555767409e-01 9.874081861615208178e-01 9.873788130447748168e-01 9.873707465668415395e-01 9.877962494408903948e-01 9.959801883426614433e-01
1.142308416833667479e+02 9.515666050244140362e-01 9.448233706009615540e-01 9.484007745906494202e-01 9.484007745906839482e-01 9.484007745906506415e-01 9.448233706009688815e-01 9.483322643093882176e-01 9.483053641184400195e-01 9.482979772067946511e-01 9.487223346576666438e-01 9.568629659688679956e-01
1.145314228456913952e+02 9.127085401920550511e-01 9.059584032926779606e-01 9.095203472661375077e-01 9.095203472661007593e-01 9.095203472661586019e-01 9.059584032926746300e-01 9.094581191635602302e-01 9.094336893844533476e-01 9.094269812286025489e-01 9.098502001215216239e-01 9.179477912315213706e-01
1.148320040080160425e+02 8.740512075206428033e-01 8.672939599714295511e-01 8.708405700929795490e-01 8.708405700929698900e-01 8.708405700929934268e-01 8.672939599714306613e-01 8.707846208336572635e-01 8.707626590619569340e-01 8.707566288936310350e-01 8.711787160114278228e-01 8.792335314270783853e-01
1.151325851703406897e+02 8.355934852657603829e-01 8.288289201795215888e-01 8.323603207388460268e-01 8.323603207388563519e-01 8.323603207388512448e-01 8.288289201795295824e-01 8.323106469645709105e-01 8.322911509045670675e-01 8.322857979967818176e-01 8.327067600403278425e-01 8.407190614437453080e-01
1.154331663326653512e+02 7.973342594522581095e-01 7.905621711741981361e-01 7.940784846309294487e-01 7.940784846309180134e-01 7.940784846309576483e-01 7.905621711742043534e-01 7.940350829619522433e-01 7.940180504247534854e-01 7.940133740916008875e-01 7.944332176815700475e-01 8.024032639379812260e-01
1.157337474949899985e+02 7.592724235566291613e-01 7.524926076463137603e-01 7.559939546551420753e-01 7.559939546551385225e-01 7.559939546551491807e-01 7.524926076463218649e-01 7.559568216909479110e-01 7.559422505942051673e-01 7.559382501900290263e-01 7.563569818664640509e-01 7.642850291307892174e-01
1.160343286573146457e+02 7.214068786300272818e-01 7.146191318021347660e-01 7.181056312588803836e-01 7.181056312588742774e-01 7.181056312588709467e-01 7.146191318021446470e-01 7.180747635793577333e-01 7.180626519454410550e-01 7.180593268647500471e-01 7.184769530891750300e-01 7.263632547006920737e-01
1.163349098196392930e+02 6.837365331268205892e-01 6.769406532368619223e-01 6.804124223007983474e-01 6.804124223008126693e-01 6.804124223008264361e-01 6.769406532368458240e-01 6.803878164678800466e-01 6.803781624226049596e-01 6.803755120989956051e-01 6.807920392541809695e-01 6.886368459292259159e-01
1.166354909819639403e+02 6.462603028876040545e-01 6.394560888747323757e-01 6.429132430129715914e-01 6.429132430129805842e-01 6.429132430130118925e-01 6.394560888747323757e-01 6.428948955704143486e-01 6.428876973425921015e-01 6.428857212486492889e-01 6.433011556404139020e-01 6.511047154020286332e-01
1.169360721442885875e+02 6.089771110718946723e-01 6.021643629450751378e-01 6.056070159538093911e-01 6.056070159538301523e-01 6.056070159538308184e-01 6.021643629450627033e-01 6.055949234291305716e-01 6.055901793483695617e-01 6.055888769955161122e-01 6.060032248522980725e-01 6.137657830621455757e-01
1.172366533066132348e+02 5.718858880814753354e-01 5.650644068672008302e-01 5.684926709124924482e-01 5.684926709124824562e-01 5.684926709124971111e-01 5.650644068672108222e-01 5.684868298178730184e-01 5.684845383140196828e-01 5.684839092511948522e-01 5.688971767262219759e-01 5.766189762034753530e-01
1.175372344689378963e+02 5.349855715342792806e-01 5.281551592583831889e-01 5.315691448991622936e-01 5.315691448991858303e-01 5.315691448991869406e-01 5.281551592583767496e-01 5.315695517315947027e-01 5.315697113337780610e-01 5.315697551477023275e-01 5.319819483185391773e-01 5.396632292364199612e-01
1.178378156312625435e+02 4.982751061499187117e-01 4.914355657930120080e-01 4.948353820171130790e-01 4.948353820171086936e-01 4.948353820171123019e-01 4.914355657930102872e-01 4.948420332598202354e-01 4.948446425952423011e-01 4.948453589094183869e-01 4.952564837796988306e-01 5.028974838263333691e-01
1.181383967935871908e+02 4.617534437697530803e-01 4.549045792446188563e-01 4.582903334931957007e-01 4.582903334931716088e-01 4.582903334932101891e-01 4.549045792446173020e-01 4.583032256163955265e-01 4.583082834084826751e-01 4.583096718834370198e-01 4.587197343829091389e-01 4.663206887109242471e-01
1.184389779559118381e+02 4.254195431919264858e-01 4.185611593059146429e-01 4.219329575053215042e-01 4.219329575053678560e-01 4.219329575053566983e-01 4.185611593059146429e-01 4.219520869668014762e-01 4.219595920351312812e-01 4.219616523673291875e-01 4.223706583531234293e-01 4.299317996222326577e-01
1.187395591182364853e+02 3.892723702462440039e-01 3.824042726758075661e-01 3.857622192628651914e-01 3.857622192628363811e-01 3.857622192628732405e-01 3.824042726757994615e-01 3.857875825087752064e-01 3.857975337673506533e-01 3.858002656890940352e-01 3.862082209460922511e-01 3.937297793948995595e-01
1.190401402805611326e+02 3.533108975815691943e-01 3.464328928386096740e-01 3.497770907895462744e-01 3.497770907895456638e-01 3.497770907895657033e-01 3.464328928386155027e-01 3.498086842552483033e-01 3.498210807116245991e-01 3.498244839906099468e-01 3.502313942324060125e-01 3.577135976323440603e-01
1.193407214428857799e+02 3.175341047927522919e-01 3.106460001975173135e-01 3.139765510536893234e-01 3.139765510536774995e-01 3.139765510536833282e-01 3.106460001975145380e-01 3.140143711646214419e-01 3.140292119186641195e-01 3.140332863572402045e-01 3.144391572269395474e-01 3.218822309874680432e-01
1.196413026052104414e+02 2.819409781422479444e-01 2.750425817949631035e-01 2.783595856883626651e-01 2.783595856883600006e-01 2.783595856883879227e-01 2.750425817949653795e-01 2.784036288600620912e-01 2.784209131033552054e-01 2.784256585385607718e-01 2.788304956091779974e-01 2.862346627607060268e-01
1.199418837675350886e+02 2.465305107678813501e-01 2.396216315189201307e-01 2.429251871985840527e-01 2.429251871985909916e-01 2.429251871985967648e-01 2.396216315189219626e-01 2.429754498377422467e-01 2.429951768521172450e-01 2.430005931550249798e-01 2.434044019305189044e-01 2.507698831560550290e-01
1.202424649298597359e+02 2.113017023333792765e-01 2.043821497586353897e-01 2.076723546138751209e-01 2.076723546138785070e-01 2.076723546138790066e-01 2.043821497586234270e-01 2.077288331189784398e-01 2.077510022753893126e-01 2.077570893509508576e-01 2.081598752666251051e-01 2.154868889578505364e-01
1.205430460921843832e+02 1.762535592799374107e-01 1.693231436510955756e-01 1.726000937370176791e-01 1.726000937370443800e-01 1.726000937370360255e-01 1.693231436510955756e-01 1.726627844986759475e-01 1.726873952568408477e-01 1.726941530429271510e-01 1.730959214665089008e-01 1.803846837066243880e-01
1.208436272545090304e+02 1.413850944966811296e-01 1.344436267543065999e-01 1.377074168155661138e-01 1.377074168157789991e-01 1.377074168155930922e-01 1.344436267543100139e-01 1.377763162176413869e-01 1.378033681240782571e-01 1.378107965917037270e-01 1.382115528238926083e-01 1.454622774400233798e-01
1.211442084168336777e+02 1.066953274630105808e-01 9.974261919716244373e-02 1.029933426883546943e-01 1.029933426883787584e-01 1.029933426883851283e-01 9.974261919715871061e-02 1.030684471070867358e-01 1.030979397949195187e-01 1.031060389478057893e-01 1.035057882224642706e-01 1.107186868314161965e-01
1.214447895791583250e+02 7.218328410622136537e-02 6.521914751882103289e-02 6.845689663229589939e-02 6.845689663229270749e-02 6.845689663231852018e-02 6.521914751881888184e-02 6.853820243860563044e-02 6.857013562633293424e-02 6.857890550001828622e-02 6.897765298581857996e-02 7.615293494280206410e-02
1.217453707414829864e+02 3.784799672251185770e-02 3.087224462033076253e-02 3.409711030006775528e-02 3.409711030007099575e-02 3.409711030009158345e-02 3.087224462033076253e-02 3.418461385889417364e-02 3.421898734887118126e-02 3.422842801098302523e-02 3.462617881093391081e-02 4.176405138078873036e-02
1.220459519038076337e+02 3.688504066474019866e-03 -3.299050185273739045e-03 -8.697821171637553023e-05 -8.697821171319533487e-05 -8.697821170047464827e-05 -3.299050185277983046e-03 6.719459019212291331e-06 4.353313794984816406e-05 5.364468716424916438e-05 4.504038405086304591e-04 7.551072009583357364e-03
1.223465330661322810e+02 -3.029614893853044624e-02 -3.729569141651110226e-02 -3.409632462821664267e-02 -3.409632462822818205e-02 -3.409632462821461651e-02 -3.729569141650404540e-02 -3.399643649085783842e-02 -3.395718265492250060e-02 -3.394640008842354090e-02 -3.355062760693203888e-02 -2.648696083198117876e-02
1.226471142284569282e+02 -6.410691093815282238e-02 -7.111862720765689538e-02 -6.793187825869073659e-02 -6.793187825868195195e-02 -6.793187825866207896e-02 -7.111862720765689538e-02 -6.782580330428455984e-02 -6.778410926124686653e-02 -6.777265551681288525e-02 -6.737786479488273861e-02 -6.035099868836650561e-02
1.229476953907815755e+02 -9.774472456045818491e-02 -1.047687996779618352e-01 -1.015945823868372871e-01 -1.015945823868481257e-01 -1.015945823867966946e-01 -1.047687996779618352e-01 -1.014823242695833266e-01 -1.014381898887079664e-01 -1.014260647752156380e-01 -1.010322509636614324e-01 -9.404198669172722513e-02
1.232482765531062228e+02 -1.312105260737894963e-01 -1.382471446264473269e-01 -1.350853739485526894e-01 -1.350853739485827210e-01 -1.350853739485642080e-01 -1.382471446264570691e-01 -1.349669363258316768e-01 -1.349203613971685645e-01 -1.349075646935804229e-01 -1.345147230044556885e-01 -1.275608639970309821e-01
1.235488577154308700e+02 -1.645052458538078799e-01 -1.715545919673074626e-01 -1.684051839824540209e-01 -1.684051839824859953e-01 -1.684051839824759755e-01 -1.715545919673074071e-01 -1.682805705154896414e-01 -1.682315547501787301e-01 -1.682180862056105730e-01 -1.678262119127783836e-01 -1.609085634125842212e-01
1.238494388777555315e+02 -1.976298079864287349e-01 -2.046920653619081210e-01 -2.015549372483654567e-01 -2.015549372483735613e-01 -2.015549372483736446e-01 -2.046920653619120900e-01 -2.014241516010969457e-01 -2.013726946325935241e-01 -2.013585539669184299e-01 -2.009676424043218834e-01 -1.940860118945264001e-01
1.241500200400801788e+02 -2.305851307757612600e-01 -2.376604826928130632e-01 -2.345355527173945687e-01 -2.345355527174067811e-01 -2.345355527174096677e-01 -2.376604826928147285e-01 -2.343985985568522445e-01 -2.343446999418827004e-01 -2.343298868457768525e-01 -2.339399334080265458e-01 -2.270941301391611600e-01
1.244506012024048260e+02 -2.633721263428325243e-01 -2.704607557043834376e-01 -2.673479431935436024e-01 -2.673479431935570916e-01 -2.673479431935706918e-01 -2.704607557043786636e-01 -2.672048241893716924e-01 -2.671484834080087301e-01 -2.671329975436341209e-01 -2.667439976839643401e-01 -2.599338330734294322e-01
1.247511823647294733e+02 -2.959917010954010719e-01 -3.030937904189822119e-01 -2.999930157545398490e-01 -2.999930157545294129e-01 -2.999930157545276921e-01 -3.030937904189865972e-01 -2.998437355784628888e-01 -2.997849520365946652e-01 -2.997687930374534626e-01 -2.993807422688788966e-01 -2.926060294959217933e-01
1.250517635270541206e+02 -3.284447554048059992e-01 -3.355604868755246439e-01 -3.324716714625455816e-01 -3.324716714625551850e-01 -3.324716714625410852e-01 -3.355604868755284187e-01 -3.323162337884104645e-01 -3.322550068168278470e-01 -3.322381742887223210e-01 -3.318510681814781926e-01 -3.251116224930100662e-01
1.253523446893787678e+02 -3.607321839330924762e-01 -3.678617393955667114e-01 -3.647848056581431964e-01 -3.647848056581272647e-01 -3.647848056581447507e-01 -3.678617393955645465e-01 -3.646232141618833134e-01 -3.645595430185488151e-01 -3.645420365390314443e-01 -3.641558707218144342e-01 -3.574515091482284856e-01
1.256529258517034151e+02 -3.928548754951790012e-01 -3.999984364900336375e-01 -3.969333078472034315e-01 -3.969333078472054854e-01 -3.969333078471909415e-01 -3.999984364900336375e-01 -3.967655662061709831e-01 -3.966994500763030285e-01 -3.966812691957554704e-01 -3.962960393539572967e-01 -3.896265809038026995e-01
1.259535070140280766e+02 -4.248137132204374833e-01 -4.319714610013596912e-01 -4.289180618520042620e-01 -4.289180618520521127e-01 -4.289180618520223587e-01 -4.319714610013611900e-01 -4.287441737447175161e-01 -4.286756117421671730e-01 -4.286567559837092256e-01 -4.282724578590863529e-01 -4.216377233016720960e-01
1.262540881763527238e+02 -4.566095745400109429e-01 -4.637816900843626522e-01 -4.607399457949645227e-01 -4.607399457949686306e-01 -4.607399457949666322e-01 -4.637816900843679813e-01 -4.605599149016623706e-01 -4.604889060693323488e-01 -4.604693749290515448e-01 -4.600860043197466109e-01 -4.534858163376266904e-01
1.265546693386773711e+02 -4.882433312012890991e-01 -4.954299952417182684e-01 -4.923998321251257804e-01 -4.923998321251217836e-01 -4.923998321251361054e-01 -4.954299952417290376e-01 -4.922136621270762902e-01 -4.921402054375006441e-01 -4.921199983851326509e-01 -4.917375511442487190e-01 -4.851717341837120112e-01
1.268552505010020184e+02 -5.197158494751652480e-01 -5.269172425049520880e-01 -5.238985878110211658e-01 -5.238985878110055117e-01 -5.238985878110051786e-01 -5.269172425049489794e-01 -5.237062823906269982e-01 -5.236303767474334014e-01 -5.236094932262668200e-01 -5.232279652621344423e-01 -5.166963455774880032e-01
1.271558316633266656e+02 -5.510279899101081513e-01 -5.582442922152570652e-01 -5.552370741098019424e-01 -5.552370741097706341e-01 -5.552370741097746309e-01 -5.582442922152657250e-01 -5.550386369499231698e-01 -5.549602811884458697e-01 -5.549387206157229135e-01 -5.545581078905644778e-01 -5.480605135014844365e-01
1.274564128256513129e+02 -5.821806076961550946e-01 -5.894119993588652351e-01 -5.864161469152504580e-01 -5.864161469152487927e-01 -5.864161469152555650e-01 -5.894119993588636808e-01 -5.862115817000030926e-01 -5.861307745878018283e-01 -5.861085363552130945e-01 -5.857288348854132742e-01 -5.792650955907093779e-01
1.277569939879759602e+02 -6.131745524707412631e-01 -6.204212134012182522e-01 -6.174366565801009399e-01 -6.174366565800980533e-01 -6.174366565801020501e-01 -6.204212134012212498e-01 -6.172259669940168836e-01 -6.171427072324440211e-01 -6.171197907055590015e-01 -6.167409965604992994e-01 -6.103109438453191427e-01
1.280575751503006074e+02 -6.440106684724992148e-01 -6.512727784190828206e-01 -6.482994480574155727e-01 -6.482994480574222340e-01 -6.482994480574093554e-01 -6.512727784190968094e-01 -6.480826377856608866e-01 -6.479969240090565075e-01 -6.479733285292583744e-01 -6.475954378308076409e-01 -6.411989049427947451e-01
1.283581563126252547e+02 -6.746897945927179396e-01 -6.819675331546010133e-01 -6.790053609536620405e-01 -6.790053609536588208e-01 -6.790053609536716994e-01 -6.819675331546009023e-01 -6.787824336821141058e-01 -6.786942644606207553e-01 -6.786699893434879893e-01 -6.782929982662133650e-01 -6.719298200994706649e-01
1.286587374749499020e+02 -7.052127642924258533e-01 -7.125063109502131065e-01 -7.095552294565771190e-01 -7.095552294565441453e-01 -7.095552294565804496e-01 -7.125063109502292047e-01 -7.093261888714559316e-01 -7.092355627101910587e-01 -7.092106072469691602e-01 -7.088345120166170688e-01 -7.025045251790228429e-01
1.289593186372745492e+02 -7.355804058910931920e-01 -7.428899400070274606e-01 -7.399498826060737500e-01 -7.399498826060695311e-01 -7.399498826060826318e-01 -7.428899400070274606e-01 -7.397147323942051544e-01 -7.396216477347420382e-01 -7.395960111924536617e-01 -7.392208080862733288e-01 -7.329238508087981829e-01
1.292598997995991965e+02 -7.657935422639654544e-01 -7.731192431166019619e-01 -7.701901440121179387e-01 -7.701901440120858533e-01 -7.701901440121230458e-01 -7.731192431166042933e-01 -7.699488878603921727e-01 -7.698533430817577905e-01 -7.698270247026147706e-01 -7.694527100482240201e-01 -7.631886222208414949e-01
1.295604809619238438e+02 -7.958529912269693973e-01 -8.031950380087408137e-01 -8.002768322178670513e-01 -8.002768322178879234e-01 -8.002768322178779314e-01 -8.031950380087407027e-01 -8.000294738139377415e-01 -7.999314672327347830e-01 -7.999044662356996627e-01 -7.995310364111040125e-01 -7.932996595299002252e-01
1.298610621242484910e+02 -8.257595653303766436e-01 -8.331181371820302051e-01 -8.302107605152950764e-01 -8.302107605152873049e-01 -8.302107605152885261e-01 -8.331181371820189918e-01 -8.299573035469173243e-01 -8.298568334183771267e-01 -8.298291489984794822e-01 -8.294566004309747997e-01 -8.232577776102698586e-01
1.301616432865731383e+02 -8.555140720366245510e-01 -8.628893480480511746e-01 -8.599927371032514145e-01 -8.599927371032507484e-01 -8.599927371032441981e-01 -8.628893480480596123e-01 -8.597331852588354639e-01 -8.596302497774687135e-01 -8.596018811064045639e-01 -8.592302102727986668e-01 -8.530637861700246516e-01
1.304622244488977856e+02 -8.851173136858117019e-01 -8.925094729193037146e-01 -8.896235650664054972e-01 -8.896235650664079397e-01 -8.896235650664051642e-01 -8.925094729193004950e-01 -8.893579220348235559e-01 -8.892525193352693869e-01 -8.892234655614597028e-01 -8.888526689871733000e-01 -8.827184898750563002e-01
1.307628056112224328e+02 -9.145700875808546737e-01 -9.219793090898266152e-01 -9.191040424580606549e-01 -9.191040424580728674e-01 -9.191040424580732005e-01 -9.219793090898358301e-01 -9.188323119283187124e-01 -9.187244400861420690e-01 -9.186947003351018104e-01 -9.183247745934830508e-01 -9.122226882618507116e-01
1.310633867735471085e+02 -9.438731860123945605e-01 -9.512996488446525678e-01 -9.484349623156297371e-01 -9.484349623156110853e-01 -9.484349623156280717e-01 -9.512996488446481269e-01 -9.481571479772940014e-01 -9.480468050097990984e-01 -9.480163783843766900e-01 -9.476473200969279809e-01 -9.415771758435080852e-01
1.313639679358717558e+02 -9.730273962453983572e-01 -9.804712794758545513e-01 -9.776171126653608878e-01 -9.776171126653362409e-01 -9.776171126653568910e-01 -9.804712794758555505e-01 -9.773332182088059206e-01 -9.772204020748284092e-01 -9.771892876553850416e-01 -9.768210934904126841e-01 -9.707827421821314529e-01
1.316645490981964031e+02 -1.002033500698408242e+00 -1.009494983425292647e+00 -1.006651276679508822e+00 -1.006651276679514595e+00 -1.006651276679524143e+00 -1.009494983425292647e+00 -1.006361305795557159e+00 -1.006246014397356836e+00 -1.006214211242156598e+00 -1.005846877915164361e+00 -9.998401718646811043e-01
1.319651302605210503e+02 -1.030892276765312809e+00 -1.038371538140928640e+00 -1.035538232519335633e+00 -1.035538232519352286e+00 -1.035538232519349178e+00 -1.038371538140928640e+00 -1.035242188899415661e+00 -1.035124420082918162e+00 -1.035091927227850706e+00 -1.034725451500440041e+00 -1.028750244535818092e+00
1.322657114228456976e+02 -1.059604497109867038e+00 -1.067101716346132712e+00 -1.064278753614310347e+00 -1.064278753614336104e+00 -1.064278753614335216e+00 -1.067101716346137152e+00 -1.063976640950422325e+00 -1.063856392505838189e+00 -1.063823208965393174e+00 -1.063457587645080249e+00 -1.057513734998488220e+00
1.325662925851703449e+02 -1.088170929442493495e+00 -1.095686285826378725e+00 -1.092873608445197098e+00 -1.092873608445214195e+00 -1.092873608445204203e+00 -1.095686285826378725e+00 -1.092565430430490148e+00 -1.092442700092948860e+00 -1.092408824859918193e+00 -1.092044054799777175e+00 -1.086131413236471666e+00
1.328668737474949921e+02 -1.116592336789702156e+00 -1.124126009704070617e+00 -1.121323560816807063e+00 -1.121323560816827936e+00 -1.121323560816821496e+00 -1.124126009704069062e+00 -1.121009321145149951e+00 -1.120884106595262164e+00 -1.120849538641310872e+00 -1.120485616739064882e+00 -1.114604044372479619e+00
1.331674549098196394e+02 -1.144869477333269936e+00 -1.152421646261174715e+00 -1.149629369687272140e+00 -1.149629369687249048e+00 -1.149629369687252600e+00 -1.152421646261174715e+00 -1.149309072053359415e+00 -1.149181370918829437e+00 -1.149146109194108867e+00 -1.148783032392395098e+00 -1.142932388789807741e+00
1.334680360721442867e+02 -1.173003104616037184e+00 -1.180573949165875991e+00 -1.177791789386710031e+00 -1.177791789386717358e+00 -1.177791789386724020e+00 -1.180573949165881764e+00 -1.177465437486726829e+00 -1.177335247341518842e+00 -1.177299290775510210e+00 -1.176937056060841869e+00 -1.171117202190548268e+00
1.337686172344689339e+02 -1.200993967442817167e+00 -1.208583667349188540e+00 -1.205811569503314695e+00 -1.205811569503324021e+00 -1.205811569503299374e+00 -1.208583667349182766e+00 -1.205479167034545052e+00 -1.205346485400826007e+00 -1.205309832902238698e+00 -1.204948437305113140e+00 -1.199159235501987997e+00
1.340691983967935812e+02 -1.228842809993323959e+00 -1.236451545149196418e+00 -1.233689455015861025e+00 -1.233689455015851255e+00 -1.233689455015854364e+00 -1.236451545149201303e+00 -1.233351005676540213e+00 -1.233215830024642967e+00 -1.233178480481765149e+00 -1.232817921075329171e+00 -1.227059235035734774e+00
1.343697795591182285e+02 -1.256550371857022563e+00 -1.264178322301570345e+00 -1.261426186300885766e+00 -1.261426186300902641e+00 -1.261426186300877550e+00 -1.264178322301570345e+00 -1.261081693791323399e+00 -1.260944021540802318e+00 -1.260905973821693671e+00 -1.260546247722713842e+00 -1.254817942527334917e+00
1.346703607214428757e+02 -1.284117387999660131e+00 -1.291764733963269851e+00 -1.289022499135372479e+00 -1.289022499135407562e+00 -1.289022499135406674e+00 -1.291764733963277179e+00 -1.288671967157031251e+00 -1.288531795676870928e+00 -1.288493048629302695e+00 -1.288134152996212922e+00 -1.282436095014052535e+00
1.349709418837675230e+02 -1.311544588870558803e+00 -1.319211510761586048e+00 -1.316479124767507169e+00 -1.316479124767499620e+00 -1.316479124767517606e+00 -1.319211510761595152e+00 -1.316122557023769346e+00 -1.315979883633260794e+00 -1.315940436085398568e+00 -1.315582368119073697e+00 -1.309914425107580493e+00
1.352715230460921987e+02 -1.338832700449630320e+00 -1.346519378879557527e+00 -1.343796789987824480e+00 -1.343796789987806051e+00 -1.343796789987799833e+00 -1.346519378879561080e+00 -1.343434190183858012e+00 -1.343289012153634721e+00 -1.343248862913748010e+00 -1.342891619856582119e+00 -1.337253660798051413e+00
1.355721042084168459e+02 -1.365982444149471009e+00 -1.373689059951093139e+00 -1.370976217027083388e+00 -1.370976217027096489e+00 -1.370976217027102484e+00 -1.373689059951095137e+00 -1.370607588870194959e+00 -1.370459903421770376e+00 -1.370419051278895850e+00 -1.370062630414198956e+00 -1.364454525659821726e+00
1.358726853707414932e+02 -1.392994537036740477e+00 -1.400721271262865164e+00 -1.398018123765754961e+00 -1.398018123765736087e+00 -1.398018123765768062e+00 -1.400721271262868939e+00 -1.397643470965474588e+00 -1.397493275273286040e+00 -1.397451718996809866e+00 -1.397096117649100133e+00 -1.391517738794092907e+00
1.361732665330661405e+02 -1.419869691743580242e+00 -1.427616725694271560e+00 -1.424923223663177030e+00 -1.424923223663188798e+00 -1.424923223663166816e+00 -1.427616725694267785e+00 -1.424542549931349322e+00 -1.424389841122214895e+00 -1.424347579462750479e+00 -1.423992794996577382e+00 -1.418444014871923065e+00
1.364738476953907877e+02 -1.446608616470907327e+00 -1.454376131697391550e+00 -1.451692225746298082e+00 -1.451692225746324283e+00 -1.451692225746333831e+00 -1.454376131697389773e+00 -1.451305534797259433e+00 -1.451150309951692252e+00 -1.451107341640829995e+00 -1.450753371460953733e+00 -1.445234064227109094e+00
1.367744288577154350e+02 -1.473212015179180767e+00 -1.481000193504294682e+00 -1.478325834811516692e+00 -1.478325834811500705e+00 -1.478325834811517359e+00 -1.481000193504294460e+00 -1.477933130362446779e+00 -1.477775386514641465e+00 -1.477731710265225429e+00 -1.477378551815768937e+00 -1.471888592778912708e+00
1.370750100200400823e+02 -1.499680587445379132e+00 -1.507489610966803006e+00 -1.504824751269927319e+00 -1.504824751269914440e+00 -1.504824751269927985e+00 -1.507489610966803228e+00 -1.504426037040634379e+00 -1.504265771179767341e+00 -1.504221385686431267e+00 -1.503869036450882435e+00 -1.498408302202283826e+00
1.373755911823647295e+02 -1.526015028574391863e+00 -1.533845079686393387e+00 -1.531189671271446340e+00 -1.531189671271441455e+00 -1.531189671271459440e+00 -1.533845079686386725e+00 -1.530784950985177195e+00 -1.530622160055785885e+00 -1.530577063994100984e+00 -1.530225521494896324e+00 -1.524793889820072357e+00
1.376761723446893768e+02 -1.552216029681690701e+00 -1.560067291085302621e+00 -1.557421286779850034e+00 -1.557421286779838265e+00 -1.557421286779849590e+00 -1.560067291085300845e+00 -1.557010564162828237e+00 -1.556845245064487626e+00 -1.556799437092826643e+00 -1.556448698890440019e+00 -1.551046048752549256e+00
1.379767535070140241e+02 -1.578284277602656216e+00 -1.586156932310377021e+00 -1.583520285478390743e+00 -1.583520285478396072e+00 -1.583520285478394740e+00 -1.586156932310373691e+00 -1.583103564260448959e+00 -1.582935713850323944e+00 -1.582889192608408768e+00 -1.582539256301884079e+00 -1.577165467879699579e+00
1.382773346693386713e+02 -1.604220455028210202e+00 -1.612114686394297003e+00 -1.609487350922837567e+00 -1.609487350922832238e+00 -1.609487350922843785e+00 -1.612114686394308771e+00 -1.609064634837239716e+00 -1.608894249928526587e+00 -1.608847014038529366e+00 -1.608497877264087661e+00 -1.603152831870284345e+00
1.385779158316633186e+02 -1.630025240520045049e+00 -1.637941232229608746e+00 -1.635323162529233043e+00 -1.635323162529207952e+00 -1.635323162529227492e+00 -1.637941232229611632e+00 -1.634894455313531614e+00 -1.634721532677765543e+00 -1.634673580744007815e+00 -1.634325241175820675e+00 -1.629008821308799870e+00
1.388784969939879659e+02 -1.655699308427456495e+00 -1.663637244529904136e+00 -1.661028395520297574e+00 -1.661028395520299794e+00 -1.661028395520285805e+00 -1.663637244529904136e+00 -1.660593700915646398e+00 -1.660418237281869658e+00 -1.660369567891700537e+00 -1.660022023240340427e+00 -1.654734112524173240e+00
1.391790781563126131e+02 -1.681243329156627331e+00 -1.689203394065711183e+00 -1.686603721172774906e+00 -1.686603721172759807e+00 -1.686603721172754256e+00 -1.689203394065710295e+00 -1.686163042924753608e+00 -1.685985034981488218e+00 -1.685935646704425528e+00 -1.685588894717433339e+00 -1.680329377927467283e+00
1.394796593186372888e+02 -1.706657968890949784e+00 -1.714640347401864329e+00 -1.712049806548819220e+00 -1.712049806548803454e+00 -1.712049806548816333e+00 -1.714640347401867215e+00 -1.711603148407558006e+00 -1.711422592802103182e+00 -1.711372484190806897e+00 -1.711026522651879267e+00 -1.705795285670962613e+00
1.397802404809619361e+02 -1.731943889929108860e+00 -1.739948767226283444e+00 -1.737367314828576426e+00 -1.737367314828548448e+00 -1.737367314828581755e+00 -1.739948767226277448e+00 -1.736914680548823364e+00 -1.736731573888624869e+00 -1.736680743478987266e+00 -1.736335570207663492e+00 -1.731132500010564401e+00
1.400808216432865834e+02 -1.757101750467799262e+00 -1.765129312145636620e+00 -1.762556905101085647e+00 -1.762556905101104521e+00 -1.762556905101098748e+00 -1.765129312145637286e+00 -1.762098298442684730e+00 -1.761912637295147022e+00 -1.761861083606111933e+00 -1.761516696457434916e+00 -1.756341681154764967e+00
1.403814028056112306e+02 -1.782132204785428220e+00 -1.790182636845604414e+00 -1.787619232532633440e+00 -1.787619232532610125e+00 -1.787619232532612790e+00 -1.790182636845601749e+00 -1.787154657260353163e+00 -1.786966438154696357e+00 -1.786914159688694381e+00 -1.786570556553217948e+00 -1.781423485270608342e+00
1.406819839679358779e+02 -1.807035903207405703e+00 -1.815109392092233209e+00 -1.812554948356342344e+00 -1.812554948356309259e+00 -1.812554948356347895e+00 -1.815109392092231655e+00 -1.812084408240182132e+00 -1.811893627666548268e+00 -1.811840622909414611e+00 -1.811497801712096622e+00 -1.806378564738732706e+00
1.409825651302605252e+02 -1.831813492148878231e+00 -1.839910224729719879e+00 -1.837364699884698860e+00 -1.837364699884704633e+00 -1.837364699884710850e+00 -1.839910224729723209e+00 -1.836888198700520336e+00 -1.836694853111741299e+00 -1.836641120533023308e+00 -1.836299079233824738e+00 -1.831207567830510863e+00
1.412831462925851724e+02 -1.856465614099246375e+00 -1.864585777708474890e+00 -1.862049130523636853e+00 -1.862049130523626195e+00 -1.862049130523629303e+00 -1.864585777708471337e+00 -1.861566672052981541e+00 -1.861370757863588965e+00 -1.861316295917172514e+00 -1.860975032509721183e+00 -1.855911139036757973e+00
1.415837274549098197e+02 -1.880992907804790226e+00 -1.889136690232831262e+00 -1.886608879931452432e+00 -1.886608879931449767e+00 -1.886608879931441773e+00 -1.889136690232830817e+00 -1.886120467962218994e+00 -1.885921981550449766e+00 -1.885866788673918659e+00 -1.885526301186119191e+00 -1.880489919020735368e+00
1.418843086172344670e+02 -1.905396008008100051e+00 -1.913563597526346305e+00 -1.911044583776031924e+00 -1.911044583776029926e+00 -1.911044583776017491e+00 -1.913563597526331206e+00 -1.910550222101880857e+00 -1.910349159809966002e+00 -1.910293234424921494e+00 -1.909953520918037384e+00 -1.904944544481620428e+00
1.421848897795591142e+02 -1.929675545866005759e+00 -1.937867131230418760e+00 -1.935356874139682493e+00 -1.935356874139669392e+00 -1.935356874139686711e+00 -1.937867131230424089e+00 -1.934856566561021118e+00 -1.934652924695086984e+00 -1.934596265207958465e+00 -1.934257323776407356e+00 -1.929275648447942304e+00
1.424854709418837615e+02 -1.953832148562377968e+00 -1.962047919031208787e+00 -1.959546379141636319e+00 -1.959546379141617223e+00 -1.959546379141635652e+00 -1.962047919031205456e+00 -1.959040129465745572e+00 -1.958833904296763295e+00 -1.958776509098058671e+00 -1.958438337869193413e+00 -1.953483860118427007e+00
1.427860521042084088e+02 -1.977866439653088060e+00 -1.986106584994874469e+00 -1.983613723276463681e+00 -1.983613723276472784e+00 -1.983613723276466123e+00 -1.986106584994875579e+00 -1.983101535317357111e+00 -1.982892723081618236e+00 -1.982834590546836528e+00 -1.982497187680481998e+00 -1.977569804882664650e+00
1.430866332665330560e+02 -2.001779038979445424e+00 -2.010043749486254416e+00 -2.007559527331179261e+00 -2.007559527331193916e+00 -2.007559527331178817e+00 -2.010043749486256193e+00 -2.007041404910370641e+00 -2.006830001810041786e+00 -2.006771130299280337e+00 -2.006434493987620193e+00 -2.001534104551303539e+00
1.433872144288577033e+02 -2.025570562584352086e+00 -2.033860029085184706e+00 -2.031384408301616151e+00 -2.031384408301621924e+00 -2.031384408301631694e+00 -2.033860029085183374e+00 -2.030860355247980031e+00 -2.030646357451002526e+00 -2.030586745309820973e+00 -2.030250873776648923e+00 -2.025377377105895604e+00
1.436877955911823790e+02 -2.049241623028630777e+00 -2.057556036896633689e+00 -2.055088979704544627e+00 -2.055088979704557062e+00 -2.055088979704575269e+00 -2.057556036896631024e+00 -2.054558999854587675e+00 -2.054342403496697944e+00 -2.054282049055069947e+00 -2.053946940556160339e+00 -2.049100236881176595e+00
1.439883767535070263e+02 -2.072792829046643082e+00 -2.081132382214124110e+00 -2.078673851238840964e+00 -2.078673851238819648e+00 -2.078673851238832082e+00 -2.081132382214132548e+00 -2.078137948437171367e+00 -2.077918749620637051e+00 -2.077857651194438215e+00 -2.077523304016646311e+00 -2.072703294695003695e+00
1.442889579158316735e+02 -2.096224785858236128e+00 -2.104589670833105330e+00 -2.102139629098247031e+00 -2.102139629098259466e+00 -2.102139629098260354e+00 -2.104589670833097781e+00 -2.101597807197524315e+00 -2.101376001992737663e+00 -2.101314157882887113e+00 -2.100980570343914611e+00 -2.096187157569591175e+00
1.445895390781563208e+02 -2.119538095140149014e+00 -2.127928505002008031e+00 -2.125486915929145848e+00 -2.125486915929148068e+00 -2.125486915929152509e+00 -2.127928505002012471e+00 -2.124939178790737682e+00 -2.124714763236959403e+00 -2.124652171729947359e+00 -2.124319342178568437e+00 -2.119552429033303209e+00
1.448901202404809681e+02 -2.142733354883846086e+00 -2.151149483312957411e+00 -2.148716310710947930e+00 -2.148716310710928390e+00 -2.148716310710953259e+00 -2.151149483312951194e+00 -2.148162662204831541e+00 -2.147935632309364351e+00 -2.147872291677683343e+00 -2.147540218492730357e+00 -2.142799709109052042e+00
1.451907014028056153e+02 -2.165811159646192419e+00 -2.174253200932324326e+00 -2.171828408993098591e+00 -2.171828408993107917e+00 -2.171828408993118131e+00 -2.174253200932328767e+00 -2.171268852997869647e+00 -2.171039204737538864e+00 -2.170975113239365761e+00 -2.170643794829594686e+00 -2.165929594132949720e+00
1.454912825651302626e+02 -2.188772100472427429e+00 -2.197240249507759202e+00 -2.194823802806801893e+00 -2.194823802806792568e+00 -2.194823802806810775e+00 -2.197240249507763199e+00 -2.194258343211028528e+00 -2.194026072532895721e+00 -2.193961228412583342e+00 -2.193630663217069454e+00 -2.188942677056693320e+00
1.457918637274549098e+02 -2.211616764861458417e+00 -2.220111217181731433e+00 -2.217703080664283011e+00 -2.217703080664312765e+00 -2.217703080664295001e+00 -2.220111217181727881e+00 -2.217131721365159347e+00 -2.216896824186352699e+00 -2.216831225674007921e+00 -2.216501412160821971e+00 -2.211839547317399290e+00
1.460924448897795571e+02 -2.234345736883998068e+00 -2.242866688661293573e+00 -2.240466827643128322e+00 -2.240466827643123882e+00 -2.240466827643129211e+00 -2.242866688661288688e+00 -2.239889572547864027e+00 -2.239652044756213378e+00 -2.239585690068495616e+00 -2.239256626735010247e+00 -2.234620790810279090e+00
1.463930260521042044e+02 -2.256959597232853110e+00 -2.265507245279748005e+00 -2.263115625444289680e+00 -2.263115625444269252e+00 -2.263115625444276358e+00 -2.265507245279744009e+00 -2.262532478470713926e+00 -2.262292315925879649e+00 -2.262225203265852524e+00 -2.261896888638793346e+00 -2.257286990147611583e+00
1.466936072144288516e+02 -2.279458923098476308e+00 -2.288033464909038806e+00 -2.285650052294214252e+00 -2.285650052294207590e+00 -2.285650052294216916e+00 -2.288033464909035253e+00 -2.285061017369308889e+00 -2.284818215901945226e+00 -2.284750343459201360e+00 -2.284422776093199214e+00 -2.279838724379849246e+00
1.469941883767534989e+02 -2.301844288308668940e+00 -2.310445922043641076e+00 -2.308070683044837867e+00 -2.308070683044819216e+00 -2.308070683044821880e+00 -2.310445922043631306e+00 -2.307475764106522220e+00 -2.307230319519844475e+00 -2.307161685470812351e+00 -2.306834863949143166e+00 -2.302276569226829217e+00
1.472947695390781462e+02 -2.324116263418692263e+00 -2.332745187918002561e+00 -2.330378089283034804e+00 -2.330378089283016596e+00 -2.330378089283028586e+00 -2.332745187917996788e+00 -2.329777290280499180e+00 -2.329529198350874797e+00 -2.329459800858589613e+00 -2.329133723792938593e+00 -2.324601097113019765e+00
1.475953507014027934e+02 -2.346275415522293351e+00 -2.354931830339953347e+00 -2.352572839158062923e+00 -2.352572839158061146e+00 -2.352572839158055373e+00 -2.354931830339945353e+00 -2.351966164050489194e+00 -2.351715420526693023e+00 -2.351645257741564077e+00 -2.351319923770639253e+00 -2.346812876977714790e+00
1.478959318637274691e+02 -2.368322308428759015e+00 -2.377006413822065234e+00 -2.374655497525667514e+00 -2.374655497525672843e+00 -2.374655497525665293e+00 -2.377006413822065234e+00 -2.374042950283866027e+00 -2.373789550888943278e+00 -2.373718620947723235e+00 -2.373394028738379458e+00 -2.368912474598010576e+00
1.481965130260521164e+02 -2.390257502763837749e+00 -2.398969499704031172e+00 -2.396626626064608523e+00 -2.396626626064608523e+00 -2.396626626064608523e+00 -2.398969499704031172e+00 -2.396008210671336514e+00 -2.395752151102424232e+00 -2.395680452130004578e+00 -2.395356600376199019e+00 -2.390900452353812877e+00
1.484970941883767637e+02 -2.412081555745503980e+00 -2.420821645951884538e+00 -2.418486783069360158e+00 -2.418486783069374813e+00 -2.418486783069359269e+00 -2.420821645951876100e+00 -2.417862503518626305e+00 -2.417603779446727330e+00 -2.417531309554831420e+00 -2.417208196977231882e+00 -2.412777369372621106e+00
1.487976753507014109e+02 -2.433795021375772638e+00 -2.442563407307682954e+00 -2.440236523611632791e+00 -2.440236523611644781e+00 -2.440236523611655883e+00 -2.442563407307676737e+00 -2.439606383909214138e+00 -2.439344990981282546e+00 -2.439271748269084661e+00 -2.438949373615163285e+00 -2.434543781622146241e+00
1.490982565130260582e+02 -2.455398450542202404e+00 -2.464195335407990406e+00 -2.461876399654187697e+00 -2.461876399654169933e+00 -2.461876399654198355e+00 -2.464195335407985965e+00 -2.461240403818942823e+00 -2.460976337657201807e+00 -2.460902320211821870e+00 -2.460580682255749885e+00 -2.456200241699932452e+00
1.493988376753507055e+02 -2.476892390815884415e+00 -2.485717978605468392e+00 -2.483406959866020891e+00 -2.483406959866001351e+00 -2.483406959866029773e+00 -2.485717978605471057e+00 -2.482765111928403989e+00 -2.482498368130694466e+00 -2.482423574026850766e+00 -2.482102671568495733e+00 -2.477747299141118908e+00
1.496994188376753527e+02 -2.498277386580983084e+00 -2.507131882063662331e+00 -2.504828749726645043e+00 -2.504828749726637049e+00 -2.504828749726651260e+00 -2.507131882063662331e+00 -2.504181053730344164e+00 -2.503911627870619494e+00 -2.503836055170882702e+00 -2.503515887036195320e+00 -2.499185500241005276e+00
1.500000000000000000e+02 -2.519553979193392745e+00 -2.528437587920661311e+00 -2.526142311688562181e+00 -2.526142311688565290e+00 -2.526142311688577280e+00 -2.528437587920651541e+00 -2.525488771690366008e+00 -2.525216659320610901e+00 -2.525140306075561281e+00 -2.524820871116373766e+00 -2.520515388094481501e+00
