0.01 3.66575532737556E-05 3.91293600898734E-05 3.66583393791586E-05 3.66583393969222E-05 3.66583394288966E-05 3.9129360057899E-05 3.66799776223559E-05 3.66953433221795E-05 3.67008704813543E-05 3.66815102061935E-05
0.511638795986622 3.50053366489078E-05 3.73575102230461E-05 3.50440817484809E-05 3.50440817058484E-05 3.50440817200592E-05 3.7357510286995E-05 3.51724994516189E-05 3.52495267890163E-05 3.52748601315511E-05 3.51708933976624E-05
1.01327759197324 2.68036607025124E-05 2.86028287348472E-05 2.68629328417092E-05 2.68629328701309E-05 2.68629329269743E-05 2.86028286780038E-05 2.69902039775616E-05 2.70613710711132E-05 2.70839937854817E-05 2.69836259008116E-05
1.51491638795987 2.2728018521434E-05 2.42551328852869E-05 2.28038317402479E-05 2.28038317402479E-05 2.28038316976153E-05 2.42551328852869E-05 2.29265588558292E-05 2.29918409502261E-05 2.30121176798548E-05 2.29163298826052E-05
2.01655518394649 2.02052557796151E-05 2.15665814806698E-05 2.02957837274198E-05 2.02957837416307E-05 2.02957837700524E-05 2.1566581466459E-05 2.04134914980614E-05 2.04736837048358E-05 2.04920518314111E-05 2.04003168278177E-05
2.51819397993311 1.84567692755877E-05 1.97055631403487E-05 1.85609880745119E-05 1.85609880745119E-05 1.85609880887228E-05 1.97055631545595E-05 1.86736849983049E-05 1.87294646494252E-05 1.87462456864296E-05 1.86579987087043E-05
3.01983277591973 1.71580619650058E-05 1.83254159793478E-05 1.72753339526821E-05 1.72753339242604E-05 1.72753340024201E-05 1.83254160006641E-05 1.7383134576221E-05 1.74350297683645E-05 1.74504586425428E-05 1.73652297519311E-05
3.52147157190635 1.61471739374974E-05 1.7253092622127E-05 1.62770916176669E-05 1.62770916460886E-05 1.62770916460886E-05 1.7253092622127E-05 1.63801285211207E-05 1.64285513903906E-05 1.6442804280814E-05 1.63602134293228E-05
4.02311036789298 1.53332811620999E-05 1.63915316662155E-05 1.54755825150232E-05 1.54755825363395E-05 1.54755825505504E-05 1.63915316804264E-05 1.5573980462591E-05 1.56192582423387E-05 1.5632470649507E-05 1.55522094189564E-05
4.5247491638796 1.46610050677509E-05 1.56815472962535E-05 1.48155288925977E-05 1.48155288925977E-05 1.48155289068086E-05 1.56815473459915E-05 1.49093989847415E-05 1.49517951442135E-05 1.49640733795309E-05 1.48858887811798E-05
5.02638795986622 1.40944584501312E-05 1.50847832571799E-05 1.4261117499359E-05 1.42611175135698E-05 1.42611175633078E-05 1.5084783242969E-05 1.43505566683189E-05 1.43902858837919E-05 1.44017158589804E-05 1.43253970108503E-05
5.52802675585284 1.3609243602275E-05 1.45751623108481E-05 1.37880066830576E-05 1.37880066688467E-05 1.37880066333196E-05 1.45751622895318E-05 1.3873097387318E-05 1.39103380050187E-05 1.39209896801162E-05 1.3846358676517E-05
6.02966555183946 1.31881502909437E-05 1.41342899127039E-05 1.33790314222892E-05 1.33790314080784E-05 1.33790314222892E-05 1.41342898487551E-05 1.34598443395362E-05 1.34947450263212E-05 1.35046756923884E-05 1.34315813795638E-05
6.53130434782609 1.28186233894212E-05 1.37487478895082E-05 1.3021672288005E-05 1.30216722524779E-05 1.30216723164267E-05 1.37487479321408E-05 1.3098267466205E-05 1.31309527731105E-05 1.31402101004596E-05 1.30685227901495E-05
7.03294314381271 1.24912757470952E-05 1.34085065681688E-05 1.27065733224185E-05 1.27065733366294E-05 1.2706573379262E-05 1.34085065681688E-05 1.27790011603679E-05 1.28095767877312E-05 1.28182010783462E-05 1.27478079221532E-05
7.53458193979933 1.21989221923968E-05 1.31058916821303E-05 1.2426576603275E-05 1.24265766174858E-05 1.24265765606424E-05 1.3105891710552E-05 1.24948792930013E-05 1.2523434932632E-05 1.25314596104431E-05 1.24622625108373E-05
8.03622073578595 1.1935995665624E-05 1.28349560881702E-05 1.21761380853513E-05 1.21761381066676E-05 1.21761380924568E-05 1.28349560739593E-05 1.22403506068736E-05 1.22669627486971E-05 1.22744168393751E-05 1.22063289538232E-05
8.53785953177258 1.16980528730437E-05 1.25909578585492E-05 1.19508359261999E-05 1.19508359261999E-05 1.19508359333054E-05 1.25909578585492E-05 1.20109868007035E-05 1.20357205446453E-05 1.20426283629627E-05 1.19755732725935E-05
9.0394983277592 1.1481528694901E-05 1.23700937137983E-05 1.17471242901956E-05 1.17471243115119E-05 1.17471242901956E-05 1.23700936711657E-05 1.18032363474185E-05 1.18261473431858E-05 1.18325291253996E-05 1.17664391652283E-05
9.54113712374582 1.1283528721151E-05 1.21692777454996E-05 1.15621271419286E-05 1.15621271561395E-05 1.15621270992961E-05 1.21692777454996E-05 1.16142180459633E-05 1.1635353430961E-05 1.16412269761668E-05 1.15760413734733E-05
10.0427759197324 1.11016743602477E-05 1.19859752274465E-05 1.13934826941886E-05 1.1393482701294E-05 1.13934826586615E-05 1.19859751990248E-05 1.14415658600819E-05 1.14609653678599E-05 1.14663454695574E-05 1.14020100383527E-05
10.5444147157191 1.09339551599419E-05 1.18180482786556E-05 1.12391971995862E-05 1.12391971995862E-05 1.12391971853754E-05 1.18180482644448E-05 1.1283281352803E-05 1.13009789757257E-05 1.13058781181508E-05 1.12423439659892E-05
11.0460535117057 1.07787283454286E-05 1.16637486513582E-05 1.10976434370969E-05 1.10976434442023E-05 1.10976433944643E-05 1.16637486797799E-05 1.11377340346053E-05 1.11537577325294E-05 1.11581863180277E-05 1.10954094623139E-05
11.5476923076923 1.06345613275494E-05 1.15215570133387E-05 1.09674043926589E-05 1.09674043855534E-05 1.09674044423969E-05 1.15215570062333E-05 1.1003503331608E-05 1.10178761687507E-05 1.10218428091002E-05 1.09597835020736E-05
12.0493311036789 1.05002614247951E-05 1.13902083214157E-05 1.0847302661432E-05 1.08473026685374E-05 1.08473027395917E-05 1.13902083569428E-05 1.08794087054775E-05 1.08921489854197E-05 1.08956609849997E-05 1.08342830813513E-05
12.5509698996656 1.03747877986393E-05 1.12686017672559E-05 1.07363125891879E-05 1.07363125891879E-05 1.07363125536608E-05 1.12686017388342E-05 1.07644217024472E-05 1.07755440481583E-05 1.07786068568316E-05 1.07178776573846E-05
13.0526086956522 1.02572408025026E-05 1.11557877531254E-05 1.06335495075882E-05 1.06335495217991E-05 1.06335495786425E-05 1.11557877104929E-05 1.065765485464E-05 1.06671700734751E-05 1.06697880895013E-05 1.06096778154097E-05
13.5542474916388 1.01468500446344E-05 1.10509544910542E-05 1.05382583370783E-05 1.05382583299729E-05 1.05382583726055E-05 1.10509544839488E-05 1.05583507803431E-05 1.05662663827388E-05 1.05684427111896E-05 1.05089242197209E-05
14.0558862876254 1.00429076539399E-05 1.095336032364E-05 1.04497466040243E-05 1.04497466395515E-05 1.04497466466569E-05 1.09533603804834E-05 1.0465814703764E-05 1.04721348463954E-05 1.04738715833719E-05 1.04149202400095E-05
14.557525083612 9.94482490312976E-06 1.08623881942549E-05 1.03674409857035E-05 1.03674409999144E-05 1.03674409501764E-05 1.08623881516223E-05 1.03794711492355E-05 1.03841974521401E-05 1.03854955924021E-05 1.03270888800466E-05
15.0591638795987 9.8520732692009E-06 1.07774872972755E-05 1.02908289107972E-05 1.02908289179027E-05 1.02908289179027E-05 1.07774873612243E-05 1.0298805598552E-05 1.03019368609125E-05 1.03027965820957E-05 1.02449139589567E-05
15.5608026755853 9.76416540510172E-06 1.0698152792088E-05 1.02194393036825E-05 1.02194392894717E-05 1.02194394102639E-05 1.06981527991934E-05 1.02233450647304E-05 1.02248775348812E-05 1.02252982756568E-05 1.01679209620897E-05
16.0624414715719 9.68068175666303E-06 1.06239509136685E-05 1.01528690947816E-05 1.01528690947816E-05 1.01528690663599E-05 1.06239509136685E-05 1.01526848155231E-05 1.01526125604323E-05 1.0152592686552E-05 1.00957036224258E-05
16.5640802675585 9.60124263116313E-06 1.05544925332879E-05 1.00907560920405E-05 1.00907560920405E-05 1.00907560991459E-05 1.05544925759204E-05 1.00864609891005E-05 1.00847756527855E-05 1.00843129828831E-05 1.0027896607312E-05
17.0657190635452 9.52549427779559E-06 1.04894169297154E-05 1.00327638747899E-05 1.00327638747899E-05 1.00327639387388E-05 1.04894169297154E-05 1.0024335544756E-05 1.00210270375101E-05 1.00201184807247E-05 9.96416067522432E-06
17.5673578595318 9.45313799860514E-06 1.04284216888573E-05 9.97861200602301E-06 9.97861199181216E-06 9.97861192075789E-06 1.0428421717279E-05 9.96602663860813E-06 9.96108258277673E-06 9.9597244798133E-06 9.90421236934935E-06
18.0689966555184 9.38387714199962E-06 1.03712095267383E-05 9.92802273458437E-06 9.92802272747895E-06 9.92802277011151E-06 1.03712094698949E-05 9.91125513394309E-06 9.90466130446066E-06 9.90284933521934E-06 9.8477713024181E-06
18.570635451505 9.31747290167095E-06 1.03175430368196E-05 9.88077686514544E-06 9.88077685093458E-06 9.88077687935629E-06 1.03175430581359E-05 9.85980053513913E-06 9.85154078136929E-06 9.84927004310521E-06 9.79461555772332E-06
19.0722742474916 9.25368461679454E-06 1.02671857717951E-05 9.83665407972012E-06 9.83665407972012E-06 9.83665402998213E-06 1.02671857717951E-05 9.81144118838984E-06 9.80149781781847E-06 9.79876259776802E-06 9.74452223090339E-06
19.5739130434783 9.19227247209165E-06 1.02199044746953E-05 9.79543593615517E-06 9.7954359432606E-06 9.7954359432606E-06 1.02199044960116E-05 9.76595751467357E-06 9.75431087368861E-06 9.75110515355482E-06 9.69727036448376E-06
20.0755518394649 9.13306841709982E-06 1.01755392307723E-05 9.75697620475557E-06 9.756976211861E-06 9.75697629712613E-06 1.0175539259194E-05 9.72320203374011E-06 9.70983101922229E-06 9.70614794226776E-06 9.6527112063427E-06
20.5771906354515 9.07585518206133E-06 1.01338837836806E-05 9.72108077235134E-06 9.72108077945677E-06 9.72108075103506E-06 1.01338837552589E-05 9.68297968739762E-06 9.66786143408172E-06 9.66369361066199E-06 9.61064829141378E-06
21.0788294314381 9.02047144535345E-06 1.00947890402381E-05 9.68761234787507E-06 9.6876123549805E-06 9.68761234076965E-06 1.00947890615544E-05 9.64515201928862E-06 9.62826196371225E-06 9.62360169154408E-06 9.57094185594087E-06
21.5804682274248 8.96678722739352E-06 1.00581400133137E-05 9.65646622574923E-06 9.6564662186438E-06 9.65646624706551E-06 1.00581401198951E-05 9.60961333618116E-06 9.59092553642904E-06 9.58576420373447E-06 9.5334848992934E-06
22.0821070234114 8.91457199259094E-06 1.00237229574418E-05 9.62743825283496E-06 9.62743825283496E-06 9.62743828125667E-06 1.00237229716527E-05 9.5761585754417E-06 9.5556454908774E-06 9.54997408086911E-06 9.49807100880662E-06
22.583745819398 8.86375376296655E-06 9.99148420532947E-06 9.60048396336788E-06 9.60048397757873E-06 9.60048404863301E-06 9.99148425506746E-06 9.54474223391344E-06 9.5223748388662E-06 9.51618390843123E-06 9.46465336681968E-06
23.0853846153846 8.81417114584338E-06 9.96128349584069E-06 9.57547140245651E-06 9.57547138824566E-06 9.57547144508908E-06 9.96128354557868E-06 9.51523146852651E-06 9.49097921676412E-06 9.48425885383131E-06 9.43309775891521E-06
23.5870234113712 8.76567784757754E-06 9.9329970026929E-06 9.55228442478528E-06 9.55228441767986E-06 9.55228439636358E-06 9.93299702400918E-06 9.48750936657916E-06 9.46134016288625E-06 9.45407859376246E-06 9.40328557419434E-06
24.0886622073579 8.71818789249801E-06 9.90656395316591E-06 9.53086941279935E-06 9.53086941279935E-06 9.53086947674819E-06 9.90656396737677E-06 9.46152140102186E-06 9.43340170067586E-06 9.42558854433173E-06 9.37516132637484E-06
24.5903010033445 8.67153106298701E-06 9.88184098815736E-06 9.51108995650429E-06 9.51108997782058E-06 9.51108994939887E-06 9.88184099526279E-06 9.43713040868488E-06 9.40702508955837E-06 9.39864848703564E-06 9.3485861683007E-06
25.0919397993311 8.62565312331753E-06 9.85880338788547E-06 9.49292729046647E-06 9.49292729046647E-06 9.49292722651762E-06 9.8588033168312E-06 9.41431675016702E-06 9.38218941115565E-06 9.37323688532388E-06 9.32353911053951E-06
25.5935785953177 8.58039842199787E-06 9.83732706316687E-06 9.47626342195917E-06 9.4762634290646E-06 9.47626340774832E-06 9.83732707737772E-06 9.39296170798798E-06 9.35877432794996E-06 9.34923298245849E-06 9.29989993636582E-06
26.0952173913043 8.53567697589597E-06 9.81735646377047E-06 9.46104823640326E-06 9.46104823640326E-06 9.46104823640326E-06 9.81735648508675E-06 9.37301451386929E-06 9.33672752978509E-06 9.32658385721652E-06 9.2776163072017E-06
26.596856187291 8.49136396396943E-06 9.79880320528537E-06 9.44719862161492E-06 9.44719863582577E-06 9.44719859319321E-06 9.79880314844195E-06 9.35439126692472E-06 9.31596377995447E-06 9.30520361919207E-06 9.25660287265373E-06
27.0984949832776 8.44737812144558E-06 9.78162593412435E-06 9.43467806280296E-06 9.43467804148668E-06 9.43467806280296E-06 9.7816259483352E-06 9.33705481998004E-06 9.29644434677357E-06 9.28505300379356E-06 9.23682088682654E-06
27.6001337792642 8.40360774390092E-06 9.76575486077991E-06 9.42342146004194E-06 9.42342144583108E-06 9.42342146004194E-06 9.76575488209619E-06 9.32093942651591E-06 9.27810193473988E-06 9.26606411155717E-06 9.2182030257959E-06
28.1017725752508 8.35994315195876E-06 9.75112629220121E-06 9.41336924853431E-06 9.41336926274516E-06 9.41336921300717E-06 9.75112625667407E-06 9.30598487514089E-06 9.26087481900595E-06 9.24817464209582E-06 9.20068742971125E-06
28.6034113712375 8.31629841258064E-06 9.73770298173804E-06 9.40448849462427E-06 9.40448849462427E-06 9.40448843067543E-06 9.73770297463261E-06 9.29215753586732E-06 9.24472787033892E-06 9.23134910379986E-06 9.18423892670717E-06
29.1050501672241 8.27254717705728E-06 9.72541040056285E-06 9.39670860589104E-06 9.39670860589104E-06 9.39670866273445E-06 9.72541041477371E-06 9.27938632599989E-06 9.22958841442778E-06 9.21551307442314E-06 9.16878439483071E-06
29.6066889632107 8.22863340488311E-06 9.7142490318447E-06 9.39003381006387E-06 9.39003380295844E-06 9.39003380295844E-06 9.7142491100044E-06 9.26767488351743E-06 9.21545864684958E-06 9.20066901954897E-06 9.1543260722915E-06
30.1083277591973 8.18440035743606E-06 9.70412240519636E-06 9.38437080577614E-06 9.38437079867072E-06 9.38437079867072E-06 9.70412243361807E-06 9.25692936704081E-06 9.2022428788141E-06 9.18672066063664E-06 9.14076822766674E-06
30.6099665551839 8.13978316926978E-06 9.69502929848431E-06 9.37972228598483E-06 9.37972228598483E-06 9.37972233572282E-06 9.6950293198006E-06 9.24715175187885E-06 9.1899417498098E-06 9.17366793373731E-06 9.12811123043866E-06
31.1116053511706 8.09464195583587E-06 9.68689941771572E-06 9.37602079886801E-06 9.37602079886801E-06 9.37602085571143E-06 9.68689941771572E-06 9.23827439436309E-06 9.17848577586256E-06 9.16144019669218E-06 9.11628524846719E-06
31.6132441471572 8.04888274785753E-06 9.67971296716996E-06 9.37324973193654E-06 9.37324972483111E-06 9.37324971062026E-06 9.67971300980253E-06 9.23027990040737E-06 9.16785599258674E-06 9.15001814405514E-06 9.10527118946902E-06
32.1148829431438 8.0023690429698E-06 9.67341260604826E-06 9.37135484235796E-06 9.37135484235796E-06 9.37135484235796E-06 9.6734126415754E-06 9.22311374296214E-06 9.15799614631396E-06 9.13934450608167E-06 9.09501249424238E-06
32.6165217391304 7.95502455019914E-06 9.66800828905434E-06 9.37034860015729E-06 9.37034860726271E-06 9.3703487067387E-06 9.66800828194891E-06 9.2167877880911E-06 9.14891644754334E-06 9.12942891062585E-06 9.08551912459643E-06
33.1181605351171 7.90669363226471E-06 9.66343594654973E-06 9.3701698347104E-06 9.37016981339411E-06 9.37016979918326E-06 9.66343596786601E-06 9.21124039621191E-06 9.14055363665511E-06 9.12020713883521E-06 9.07672738748033E-06
33.6197993311037 7.85724570562252E-06 9.65966401622609E-06 9.37078958429538E-06 9.37078959140081E-06 9.37078963403337E-06 9.65966405885865E-06 9.20644239243984E-06 9.1328765279286E-06 9.11164745787119E-06 9.06860596927572E-06
34.1214381270903 7.80656644394639E-06 9.65668523633667E-06 9.37220293906194E-06 9.37220293906194E-06 9.37220297458907E-06 9.65668523633667E-06 9.20238824875241E-06 9.12587807277987E-06 9.10374165385974E-06 9.06114727428076E-06
34.6230769230769 7.75448299350501E-06 9.65444171185936E-06 9.37435460457436E-06 9.37435459746894E-06 9.37435459746894E-06 9.65444171896479E-06 9.19902238649684E-06 9.11950056092792E-06 9.09643148361283E-06 9.05429342878961E-06
35.1247157190635 7.70089005897034E-06 9.65295259192089E-06 9.37726591132559E-06 9.37726589000931E-06 9.37726592553645E-06 9.65295250665577E-06 9.19636573115668E-06 9.11376336176772E-06 9.08973514412992E-06 9.04806321955221E-06
35.6263545150502 7.64559322163905E-06 9.65215749459958E-06 9.38087902824236E-06 9.38087902824236E-06 9.38087907798035E-06 9.65215745196701E-06 9.19436018875786E-06 9.10860615732645E-06 9.08359181295282E-06 9.04239617227631E-06
36.1279933110368 7.58843327020031E-06 9.65204339564707E-06 9.38518270032773E-06 9.38518270743316E-06 9.38518265058974E-06 9.65204348801763E-06 9.19299404245066E-06 9.10401558940066E-06 9.07798679605776E-06 9.03727822532119E-06
36.6296321070234 7.52923111235759E-06 9.65258855956108E-06 9.39015757950301E-06 9.39015757950301E-06 9.39015757950301E-06 9.65258855956108E-06 9.19224778073158E-06 9.09996995090978E-06 9.07289761187258E-06 9.03268738738916E-06
37.13127090301 7.46781359595161E-06 9.6537913734096E-06 9.395803978407E-06 9.39580400682871E-06 9.39580401393414E-06 9.65379139472589E-06 9.19212123307034E-06 9.09646740865355E-06 9.06832148928061E-06 9.02862124263493E-06
37.6329096989967 7.40396085774364E-06 9.65561813615068E-06 9.40209033473138E-06 9.40209032762596E-06 9.40209039868023E-06 9.65561810772897E-06 9.1925826239958E-06 9.09347399868921E-06 9.06422316404587E-06 9.02504527289239E-06
38.1345484949833 7.33742937342186E-06 9.65802836105922E-06 9.4089780660056E-06 9.40897805179475E-06 9.40897798074047E-06 9.65802833974294E-06 9.19359301576606E-06 9.09094861611948E-06 9.06056084204465E-06 9.02191798957119E-06
38.6361872909699 7.26799407146928E-06 9.66101826094246E-06 9.41646531060769E-06 9.41646531060769E-06 9.41646529639684E-06 9.66101827515331E-06 9.19515065334053E-06 9.0888874524353E-06 9.05732919420643E-06 9.01923482388156E-06
39.1378260869565 7.19541061755535E-06 9.66458570417217E-06 9.42455160313216E-06 9.42455162089573E-06 9.42455162800115E-06 9.66458571483031E-06 9.19725449577413E-06 9.08728726400909E-06 9.05452426636089E-06 9.01699213784468E-06
39.6394648829431 7.11939091146974E-06 9.66870743113191E-06 9.43321567703492E-06 9.43321569124578E-06 9.43321567703492E-06 9.66870743823733E-06 9.19988336889332E-06 9.08612465266856E-06 9.05212118951226E-06 9.01516577656025E-06
40.1411036789298 7.03962553672E-06 9.6733649321834E-06 9.44244072798028E-06 9.44244073863842E-06 9.44244071376943E-06 9.6733649321834E-06 9.20302003137863E-06 9.08538040533813E-06 9.05009964569103E-06 9.01373583417353E-06
40.6427424749164 6.95577127274305E-06 9.6785346350714E-06 9.45220504888766E-06 9.45220505244038E-06 9.45220504178224E-06 9.67853465283497E-06 9.20664282944017E-06 9.08503020013995E-06 9.048434051806E-06 9.01267742037248E-06
41.144381270903 6.86748419553851E-06 9.6842252403917E-06 9.46251882538718E-06 9.46251881117632E-06 9.46251885025617E-06 9.68422519065371E-06 9.21076157212042E-06 9.0850817144883E-06 9.04713103722088E-06 9.01199750202864E-06
41.6460200668896 6.77434882589978E-06 9.69041020937311E-06 9.47335746559475E-06 9.47335749046374E-06 9.47335750822731E-06 9.69041021292583E-06 9.21535173503685E-06 9.0855079477592E-06 9.0461621411464E-06 9.01166832534273E-06
42.1476588628763 6.67590360947656E-06 9.69705973119517E-06 9.48469239503424E-06 9.48469239503424E-06 9.48469239503424E-06 9.69705972408974E-06 9.22038474726605E-06 9.08627801265993E-06 9.04549484204154E-06 9.01165804734205E-06
42.6492976588629 6.57167572981621E-06 9.70417902124154E-06 9.49653088611058E-06 9.49653088611058E-06 9.49653086834701E-06 9.70417902124154E-06 9.22586744778187E-06 9.08739643890044E-06 9.0451323870866E-06 9.01197043745583E-06
43.1509364548495 6.46111499236213E-06 9.71175109398814E-06 9.50885720740757E-06 9.50885720740757E-06 9.50885712569516E-06 9.71175106911915E-06 9.23178444622863E-06 9.08884487316186E-06 9.04505516885479E-06 9.01258640695346E-06
43.6525752508361 6.34359637530224E-06 9.71974586505553E-06 9.52164296919023E-06 9.52164297984837E-06 9.52164294432123E-06 9.71974580821211E-06 9.23810704023254E-06 9.09059257736544E-06 9.04523072264851E-06 9.01347415549481E-06
44.1542140468227 6.2184755691419E-06 9.72818539679565E-06 9.53491198174561E-06 9.5349119284549E-06 9.53491191069134E-06 9.7281854358755E-06 9.2448593633776E-06 9.09266038817691E-06 9.04567816917279E-06 9.0146536386726E-06
44.6558528428094 6.08496664966651E-06 9.73703266282655E-06 9.54862843016713E-06 9.54862843016713E-06 9.54862840529813E-06 9.7370327019064E-06 9.25200526324943E-06 9.09501020984749E-06 9.04635808396392E-06 9.01608574466195E-06
45.157491638796 5.94225047834129E-06 9.74631317163244E-06 9.56281938968573E-06 9.56281938968573E-06 9.56281936481673E-06 9.74631315386887E-06 9.25957220232476E-06 9.0976660480635E-06 9.04729288109252E-06 9.01779362294519E-06
45.6591304347826 5.7893777771767E-06 9.75603271413661E-06 9.57749228902571E-06 9.57749229613114E-06 9.57749227481486E-06 9.75603268216219E-06 9.26756751340463E-06 9.10063286951868E-06 9.04848547023107E-06 9.01978095058098E-06
46.1607692307692 5.62515223379023E-06 9.76608129477086E-06 9.5925384648865E-06 9.5925384897555E-06 9.59253849686093E-06 9.76608126990186E-06 9.27588259003187E-06 9.10379923269034E-06 9.0498228217939E-06 9.02193521667982E-06
46.6624080267559 5.44838864158237E-06 9.77651167488602E-06 9.60801253313548E-06 9.60801254024091E-06 9.60801256866262E-06 9.77651172462402E-06 9.2845721866297E-06 9.10721701430361E-06 9.05135471640506E-06 9.02430705096435E-06
47.1640468227425 5.25766600745214E-06 9.7873235915813E-06 9.62391504799598E-06 9.62391501246884E-06 9.62391500536342E-06 9.78732357381773E-06 9.29363701374086E-06 9.11088392641091E-06 9.05307705778569E-06 9.02689296111703E-06
47.6656856187291 5.05129516881198E-06 9.79846196713652E-06 9.64019272942096E-06 9.64019275073724E-06 9.6401927649481E-06 9.79846197424195E-06 9.30302408619355E-06 9.11474387166322E-06 9.05493182301598E-06 9.02963566318249E-06
48.1673244147157 4.82747625696334E-06 9.81001980449037E-06 9.65693989840588E-06 9.65693989485317E-06 9.65693998367101E-06 9.81001977251594E-06 9.31282807670186E-06 9.11888814769668E-06 9.0570081923147E-06 9.03262508700209E-06
48.6689632107023 4.58388753798999E-06 9.82187695441894E-06 9.67403827090152E-06 9.6740382922178E-06 9.67403830642866E-06 9.82187694731351E-06 9.32293069055845E-06 9.12319594448263E-06 9.05918300020403E-06 9.03573883448416E-06
49.170602006689 4.31799306710445E-06 9.8340775593897E-06 9.69153287400104E-06 9.69153284557933E-06 9.69153293439717E-06 9.83407757360055E-06 9.33337716446658E-06 9.12770888561454E-06 9.06149602641904E-06 9.03901729287782E-06
49.6722408026756 4.026794897527E-06 9.84666177572535E-06 9.70946552669716E-06 9.7094655373553E-06 9.7094654591956E-06 9.84666178638349E-06 9.34420988230045E-06 9.13246636002896E-06 9.06398401312458E-06 9.04249810673718E-06
50.1738795986622 3.70655702752742E-06 9.85950180165673E-06 9.72770966001235E-06 9.72770967777592E-06 9.72770970975034E-06 9.85950177678774E-06 9.35530233192594E-06 9.13733838814323E-06 9.06651490595323E-06 9.046049889605E-06
50.6755183946488 3.35303925780295E-06 9.87267002727776E-06 9.74633952566251E-06 9.74633953632065E-06 9.7463395754005E-06 9.87266999885605E-06 9.36672934415128E-06 9.14239643634573E-06 9.06915737175495E-06 9.04974226756394E-06
51.1771571906355 2.9610077412201E-06 9.88613669861138E-06 9.76532636798311E-06 9.76532637864125E-06 9.76532632535054E-06 9.88613672703309E-06 9.3784626429283E-06 9.1476084911335E-06 9.07187710197377E-06 9.05354159996818E-06
51.6787959866221 2.52416061385929E-06 9.89993237610065E-06 9.78470190915459E-06 9.78470191270731E-06 9.78470190915459E-06 9.8999323618898E-06 9.3905341493894E-06 9.15300327974933E-06 9.07470019839707E-06 9.0574748128347E-06
52.1804347826087 2.0346851599129E-06 9.91403136296754E-06 9.8044423957333E-06 9.80444238152245E-06 9.80444240639145E-06 9.91403135230939E-06 9.40292068918325E-06 9.15855411776079E-06 9.07759685020437E-06 9.06151309720826E-06
52.6820735785953 1.48287196211072E-06 9.92840896074654E-06 9.82452424125313E-06 9.82452424125313E-06 9.82452423770042E-06 9.92840898206282E-06 9.41559921585622E-06 9.16423398678035E-06 9.08053755210858E-06 9.06562767255537E-06
53.1837123745819 8.56519346115192E-07 9.94306050827731E-06 9.84494426248261E-06 9.8449442837989E-06 9.84494426248261E-06 9.94306054025174E-06 9.42856698671335E-06 9.17003689338003E-06 9.08351297823629E-06 9.069810200657E-06
53.6853511705686 1.40052080155328E-07 9.95799226899408E-06 9.86571006222903E-06 9.86571006222903E-06 9.86571006222903E-06 9.95799229031036E-06 9.44183242168606E-06 9.17596675975574E-06 9.08652451059311E-06 9.0740627918251E-06
54.1869899665552 6.8673245934292E-07 9.97322628393249E-06 9.88684513458793E-06 9.88684510971893E-06 9.88684510616622E-06 9.97322629814335E-06 9.45541938079941E-06 9.18204439059878E-06 9.08958903167445E-06 9.07840351160871E-06
54.6886287625418 1.65064059487463E-06 9.98869596458007E-06 9.90828428015789E-06 9.90828428015789E-06 9.90828428726331E-06 9.98869595392193E-06 9.46926324374431E-06 9.18820098050333E-06 9.0926350360121E-06 9.0827614975808E-06
55.1902675585284 2.78775659978692E-06 1.0004423469212E-05 9.93005111737944E-06 9.9300510818523E-06 9.93005106408873E-06 1.00044234336849E-05 9.48338868766996E-06 9.19445644953498E-06 9.09567907214637E-06 9.08715432146323E-06
55.691906354515 4.14805441550925E-06 1.00204010919924E-05 9.95213914123383E-06 9.95213914123383E-06 9.95213915189197E-06 1.00204010955451E-05 9.49778952374913E-06 9.2008016423506E-06 9.09870795950951E-06 9.09156987560777E-06
56.1935451505017 5.80266878813518E-06 1.00366764250737E-05 9.9745977344412E-06 9.97459774154663E-06 9.97459766338693E-06 1.00366764144155E-05 9.51251670500142E-06 9.20728221842637E-06 9.10176401092144E-06 9.09605140009262E-06
56.6951839464883 7.85671401359878E-06 1.00531384781277E-05 9.99731701156748E-06 9.99731702222562E-06 9.99731700446205E-06 1.00531384568114E-05 9.52746015059347E-06 9.21378513041304E-06 9.10473004367418E-06 9.10048269631147E-06
57.1968227424749 1.04717298192725E-05 1.0069849249561E-05 1.00203605803983E-05 1.00203605768456E-05 1.00203605306604E-05 1.00698492602191E-05 9.54268491071275E-06 9.2203704475935E-06 9.10766227946169E-06 9.10492108019412E-06
57.6984615384615 1.3910009396767E-05 1.00868085262107E-05 1.00437293220068E-05 1.00437293539812E-05 1.00437293930611E-05 1.00868085617378E-05 9.55819240644473E-06 9.22703542016734E-06 9.11055413155282E-06 9.10936077147539E-06
58.2001003344482 1.86274045539392E-05 1.01040271225372E-05 1.00674358556319E-05 1.00674358591846E-05 1.00674358058939E-05 1.01040271154318E-05 9.57399661061231E-06 9.23378935979713E-06 9.11341021847534E-06 9.11380768897629E-06
58.7017391304348 2.54923433011811E-05 1.01214739736122E-05 1.00914505019034E-05 1.0091450519667E-05 1.00914505587468E-05 1.0121473987823E-05 9.59006868228585E-06 9.24059903795182E-06 9.11619303067823E-06 9.11822533566919E-06
59.2033779264214 3.6388913688512E-05 1.01390964069026E-05 1.01157218672654E-05 1.01157218779235E-05 1.01157218779235E-05 1.01390963926917E-05 9.60635814095667E-06 9.24740978192062E-06 9.11884308507638E-06 9.12255530494122E-06
59.705016722408 5.63150558470227E-05 1.01569498269782E-05 1.01403071184336E-05 1.014030710067E-05 1.01403071468553E-05 1.01569498411891E-05 9.62292335415782E-06 9.25427464792961E-06 9.12140896147662E-06 9.12684722820245E-06
60.2066555183947 0.0001043465451 1.01750049203986E-05 1.01651780681777E-05 1.01651780752832E-05 1.01651780752832E-05 1.01750049061877E-05 9.63973774403826E-06 9.26116219446271E-06 9.12385412732419E-06 9.13106575239908E-06
60.7082943143813 0.000381183733623 1.01932995804077E-05 1.01903740912235E-05 1.01903740805653E-05 1.0190374133856E-05 1.0193299551986E-05 9.6568407919051E-06 9.26810806589629E-06 9.12620891213578E-06 9.1352423545743E-06
60.91 0.009154528740961 1.02007052475983E-05 1.0200579346531E-05 1.0200579346531E-05 1.02005793714E-05 1.02007052227293E-05 9.66378236455512E-06 9.27089922342361E-06 9.12711089284812E-06 9.13689078885227E-06
60.9100668896321 0.009222863706334 1.02007008138116E-05 1.02005759998747E-05 1.02005760389545E-05 1.02005759679003E-05 1.02007008599969E-05 9.66377787747774E-06 9.27089340763132E-06 9.12710443401465E-06 9.13688457160333E-06
60.9101337792642 0.009292225155974 1.02007073508048E-05 1.020058340373E-05 1.02005834072827E-05 1.02005833610974E-05 1.02007073721211E-05 9.66378406275226E-06 9.27089833169248E-06 9.12710876832534E-06 9.13688911907684E-06
60.9102006688963 0.009362635938746 1.02007062778853E-05 1.02005832012253E-05 1.02005832225416E-05 1.02005832651741E-05 1.02007062352527E-05 9.66378275180091E-06 9.27089577729134E-06 9.12710542166906E-06 9.1368861205865E-06
60.9102675585284 0.009434120832456 1.02007146338678E-05 1.02005926088111E-05 1.02005926159165E-05 1.02005926372328E-05 1.0200714619657E-05 9.66379103672921E-06 9.27090259850161E-06 9.12711173484126E-06 9.13689260784167E-06
60.9103344481605 0.009506704027309 1.02007150140082E-05 1.02005939055516E-05 1.02005938771299E-05 1.02005938487082E-05 1.02007149855865E-05 9.66379138489515E-06 9.27090151847665E-06 9.12710999045885E-06 9.13689111925464E-06
60.9104013377926 0.009580411777741 1.02007226452372E-05 1.02006024036427E-05 1.02006023787737E-05 1.02006024036427E-05 1.02007226310263E-05 9.66379883138302E-06 9.27090735203251E-06 9.12711533374022E-06 9.13689666859341E-06
60.9104682274247 0.009655269420957 1.02007192772646E-05 1.02006000481936E-05 1.02006000695098E-05 1.02006000730626E-05 1.02007192985809E-05 9.66379548827945E-06 9.27090272284659E-06 9.12710989808829E-06 9.13689158110742E-06
60.9105351170569 0.009731304698807 1.02007226985279E-05 1.02006043789515E-05 1.02006043931624E-05 1.0200604435795E-05 1.02007226878698E-05 9.66379842637366E-06 9.27090457381041E-06 9.12711117706522E-06 9.13689305193088E-06
60.910602006689 0.009808545807829 1.02007291573614E-05 1.02006116406983E-05 1.02006116584619E-05 1.02006116087239E-05 1.02007291928885E-05 9.66380476441486E-06 9.27090923497076E-06 9.12711529466037E-06 9.13689737558343E-06
60.9106688963211 0.009887020937597 1.02007243647506E-05 1.02006077824512E-05 1.02006078144257E-05 1.02006078357419E-05 1.02007243789615E-05 9.66379984390642E-06 9.27090307101253E-06 9.12710843081754E-06 9.13689079240498E-06
60.9107357859532 0.00996676147065 1.02007291218342E-05 1.02006136266652E-05 1.0200613630218E-05 1.0200613630218E-05 1.02007291360451E-05 9.66380458677918E-06 9.27090643898509E-06 9.12711110956366E-06 9.13689375536819E-06
60.9108026755853 0.010047795773289 1.02007291289397E-05 1.02006145787925E-05 1.02006145752398E-05 1.02006146178724E-05 1.02007290720962E-05 9.66380440559078E-06 9.27090487934379E-06 9.12710898504088E-06 9.13689184045552E-06
60.9108695652174 0.010130156967662 1.02007337723364E-05 1.02006200641824E-05 1.0200620081946E-05 1.02006200677351E-05 1.02007338220744E-05 9.66380900280228E-06 9.27090779967443E-06 9.12711136535904E-06 9.13689445170007E-06
60.9109364548495 0.010213878777272 1.02007339215504E-05 1.02006212614469E-05 1.02006212543415E-05 1.02006212898687E-05 1.02007339286558E-05 9.66380907740927E-06 9.27090655267193E-06 9.12710949663165E-06 9.13689281034635E-06
60.9110033444816 0.010298994175251 1.02007386182379E-05 1.02006268178911E-05 1.02006268214438E-05 1.02006267930221E-05 1.02007386004743E-05 9.66381348277423E-06 9.27090967550726E-06 9.12711190892424E-06 9.13689550685604E-06
60.9110702341137 0.010385538616909 1.02007463986808E-05 1.02006354829598E-05 1.02006354794071E-05 1.02006355007234E-05 1.02007464271026E-05 9.66382102873808E-06 9.27091592473062E-06 9.12711747247386E-06 9.13690135107004E-06
60.9111371237458 0.010473546724061 1.02007483313571E-05 1.0200638246971E-05 1.02006382327602E-05 1.02006382149966E-05 1.020074829583E-05 9.66382262745924E-06 9.2709162835547E-06 9.12711713851877E-06 9.13690128712119E-06
60.9112040133779 0.010563058621809 1.02007579840802E-05 1.02006489832718E-05 1.02006489797191E-05 1.02006489797191E-05 1.02007579769747E-05 9.66383250045055E-06 9.2709243624256E-06 9.12712479461675E-06 9.13690911730214E-06
60.91127090301 0.010654111735075 1.02007501823209E-05 1.02006419915313E-05 1.02006420341638E-05 1.0200641995084E-05 1.02007501432411E-05 9.6638242261804E-06 9.2709149335235E-06 9.1271146800409E-06 9.13689924786354E-06
60.9113377926421 0.010746746272531 1.0200758705281E-05 1.02006514630659E-05 1.02006514737241E-05 1.02006515234621E-05 1.02007586697539E-05 9.66383263900639E-06 9.27092208158342E-06 9.1271210678201E-06 9.13690596249239E-06
60.9114046822742 0.010841003602607 1.02007523352654E-05 1.02006462618931E-05 1.02006462796567E-05 1.02006462121551E-05 1.02007522926328E-05 9.66382617306749E-06 9.27091410574121E-06 9.12711275091738E-06 9.1368977308548E-06
60.9114715719064 0.010936928635413 1.02007530777826E-05 1.0200647690084E-05 1.02006476865313E-05 1.0200647714953E-05 1.02007530990988E-05 9.6638266420257E-06 9.27091328151164E-06 9.12711106693109E-06 9.13689642700888E-06
60.9115384615385 0.011034563198045 1.02007653772773E-05 1.02006610056549E-05 1.02006610092076E-05 1.02006610447347E-05 1.02007653595138E-05 9.66383897349488E-06 9.27092431624033E-06 9.12712133072091E-06 9.13690700699021E-06
60.9116053511706 0.011133954487377 1.02007623610234E-05 1.02006589912662E-05 1.02006589983716E-05 1.02006590054771E-05 1.02007623823397E-05 9.66383586131769E-06 9.27091978653039E-06 9.12711622547135E-06 9.13690211845619E-06
60.9116722408027 0.011235151151549 1.02007691396011E-05 1.0200666661575E-05 1.02006666793386E-05 1.02006666757859E-05 1.02007691715755E-05 9.66384263989539E-06 9.27092474611868E-06 9.12712079070843E-06 9.13690683645996E-06
60.9117391304348 0.01133820161877 1.02007640592205E-05 1.02006624693729E-05 1.02006624764783E-05 1.02006624977946E-05 1.02007640307988E-05 9.66383726819231E-06 9.27091830149607E-06 9.12711353251439E-06 9.13689990511557E-06
60.9118060200669 0.011443158909522 1.02007707063478E-05 1.02006701148127E-05 1.02006701396817E-05 1.02006701503399E-05 1.02007707063478E-05 9.66384380518548E-06 9.27092335345492E-06 9.12711805156619E-06 9.13690463022476E-06
60.911872909699 0.01155007474696 1.0200773036928E-05 1.02006732944915E-05 1.02006732944915E-05 1.02006732980442E-05 1.02007730191644E-05 9.66384581602142E-06 9.2709241528155E-06 9.12711812972589E-06 9.1369050032597E-06
60.9119397993311 0.011659004816721 1.02007716087371E-05 1.02006727864534E-05 1.02006727509263E-05 1.02006727829007E-05 1.02007715909735E-05 9.6638441746677E-06 9.27092110103445E-06 9.12711444200909E-06 9.13690157133829E-06
60.9120066889632 0.011770007775052 1.02007762698975E-05 1.02006783784248E-05 1.02006783784248E-05 1.02006783677666E-05 1.02007762556866E-05 9.66384871503578E-06 9.2709242061062E-06 9.12711705325364E-06 9.1369043282441E-06
60.9120735785953 0.011883142053982 1.02007762343703E-05 1.02006793341047E-05 1.02006793163412E-05 1.020067938029E-05 1.0200776287661E-05 9.66384851608382E-06 9.27092274594088E-06 9.12711487188744E-06 9.13690245241128E-06
60.9121404682274 0.011998470421204 1.02007801636717E-05 1.02006841444791E-05 1.02006841835589E-05 1.02006842510605E-05 1.02007801956461E-05 9.66385265144254E-06 9.27092510139005E-06 9.12711664113886E-06 9.13690449522164E-06
60.9122073578595 0.012116056947761 1.02007853932662E-05 1.02006903190954E-05 1.02006903262009E-05 1.0200690336859E-05 1.02007853755026E-05 9.66385765011069E-06 9.27092881397584E-06 9.12711967515634E-06 9.1369077814818E-06
60.9122742474916 0.012235968292391 1.02007824480665E-05 1.02006883686556E-05 1.0200688375761E-05 1.02006883615502E-05 1.0200782455172E-05 9.6638542252947E-06 9.27092441926902E-06 9.12711455569593E-06 9.13690292847491E-06
60.9123411371237 0.012358275155311 1.02007863347353E-05 1.02006931577137E-05 1.0200693129292E-05 1.02006930831067E-05 1.02007863667097E-05 9.6638582505193E-06 9.27092666458407E-06 9.12711630007834E-06 9.13690488957286E-06
60.9124080267558 0.01248304850726 1.02007868996168E-05 1.02006946960387E-05 1.02006946853805E-05 1.02006946214317E-05 1.02007868854059E-05 9.66385862000152E-06 9.27092591851419E-06 9.12711463030291E-06 9.13690360704322E-06
60.912474916388 0.01261036491168 1.02007926194858E-05 1.02007011548722E-05 1.02007011548722E-05 1.02007011619776E-05 1.02007925981695E-05 9.66386392420304E-06 9.27092969504884E-06 9.12711809419875E-06 9.13690714909876E-06
60.9125418060201 0.012740302067339 1.0200796587867E-05 1.0200706181962E-05 1.02007061748566E-05 1.02007062174891E-05 1.02007965416817E-05 9.66386793521679E-06 9.27093234537324E-06 9.12712004108585E-06 9.13690939086109E-06
60.9126086956522 0.012872942749876 1.02008024498446E-05 1.02007129676451E-05 1.02007129463289E-05 1.02007129889614E-05 1.02008024427391E-05 9.66387366219124E-06 9.27093643099397E-06 9.12712377498792E-06 9.13691324555543E-06
60.9126755852843 0.013008371842261 1.02007996503062E-05 1.02007110562852E-05 1.02007110776015E-05 1.02007110491797E-05 1.02007996254372E-05 9.66387053935591E-06 9.27093224589726E-06 9.12711877631978E-06 9.13690856663152E-06
60.9127424749164 0.013146677316783 1.02008067059955E-05 1.02007191031817E-05 1.02007191031817E-05 1.02007191031817E-05 1.02008067166537E-05 9.66387757728171E-06 9.27093797997713E-06 9.12712370393365E-06 9.1369138353059E-06
60.9128093645485 0.01328795349453 1.02008047733193E-05 1.02007180124986E-05 1.0200717994735E-05 1.02007179876296E-05 1.02008047235813E-05 9.66387550960235E-06 9.27093432778747E-06 9.12711953304779E-06 9.1369098598193E-06
60.9128762541806 0.013432295992978 1.02008088020966E-05 1.02007231390644E-05 1.02007231461698E-05 1.0200723181697E-05 1.02008088482819E-05 9.66387942824554E-06 9.27093689284675E-06 9.12712155809459E-06 9.13691207671263E-06
60.9129431438127 0.01357980572821 1.020081409564E-05 1.02007291573614E-05 1.02007291609141E-05 1.02007292106521E-05 1.0200814070771E-05 9.66388439493926E-06 9.27094056279998E-06 9.12712452105779E-06 9.13691531323479E-06
60.9130100334448 0.013730588548718 1.02008154883038E-05 1.02007316442609E-05 1.02007316691299E-05 1.02007316584718E-05 1.0200815484751E-05 9.66388580181388E-06 9.27094053437827E-06 9.12712382472591E-06 9.13691491533086E-06
60.9130769230769 0.013884753604867 1.02008142910393E-05 1.02007312108299E-05 1.02007311895136E-05 1.02007311291175E-05 1.02008142590648E-05 9.66388406453689E-06 9.27093770997089E-06 9.12712024714324E-06 9.13691161130714E-06
60.913143812709 0.014042417127154 1.02008121452002E-05 1.02007300171181E-05 1.02007300597506E-05 1.02007300029072E-05 1.02008121878328E-05 9.66388187606526E-06 9.27093387659284E-06 9.12711600520311E-06 9.13690752923912E-06
60.9132107023411 0.014203699605055 1.0200821801476E-05 1.0200740739208E-05 1.02007407427607E-05 1.02007407178917E-05 1.0200821801476E-05 9.66389163892245E-06 9.27094227165526E-06 9.12712368261737E-06 9.13691549442319E-06
60.9132775919732 0.014368726638267 1.02008221389838E-05 1.02007419329198E-05 1.02007419364725E-05 1.02007419222616E-05 1.02008221354311E-05 9.66389178458371E-06 9.27094078662094E-06 9.12712176415198E-06 9.13691375359349E-06
60.9133444816054 0.014537629450757 1.02008265372433E-05 1.0200747190936E-05 1.02007471767251E-05 1.02007471838306E-05 1.02008265088216E-05 9.66389588086258E-06 9.27094366076631E-06 9.12712391709647E-06 9.13691617299151E-06
60.9134113712375 0.014710547893689 1.02008293012545E-05 1.02007510420776E-05 1.02007510669466E-05 1.0200751098921E-05 1.02008293367817E-05 9.66389859158312E-06 9.27094512448434E-06 9.12712467382448E-06 9.13691722104204E-06
60.9134782608696 0.014887625046047 1.02008275888466E-05 1.02007501752155E-05 1.02007501716628E-05 1.02007501823209E-05 1.02008275923993E-05 9.6638966127216E-06 9.27094187730404E-06 9.12712067702159E-06 9.13691353332524E-06
60.9135451505017 0.015069014263375 1.02008305766788E-05 1.02007540547788E-05 1.02007540689897E-05 1.0200754090306E-05 1.02008305695733E-05 9.66389960055381E-06 9.27094327352052E-06 9.12712151546202E-06 9.13691458492849E-06
60.9136120401338 0.015254874546397 1.02008297702128E-05 1.02007542430727E-05 1.02007542146509E-05 1.02007542324145E-05 1.02008297524492E-05 9.66389878342966E-06 9.2709408292535E-06 9.12711861644766E-06 9.13691186710253E-06
60.9136789297659 0.015445372479544 1.02008355504779E-05 1.02007609683596E-05 1.02007609648069E-05 1.02007609612542E-05 1.02008355682415E-05 9.66390440737541E-06 9.27094513158977E-06 9.1271221336342E-06 9.13691573600772E-06
60.913745819398 0.015640686297964 1.02008480880045E-05 1.02007745148569E-05 1.02007744793298E-05 1.02007745539368E-05 1.0200848105768E-05 9.66391675660816E-06 9.27095630487429E-06 9.12713261058684E-06 9.13692646165032E-06
60.9138127090301 0.015840996787823 1.02008374298634E-05 1.02007647519997E-05 1.02007647768687E-05 1.02007647910796E-05 1.02008374049944E-05 9.66390603807099E-06 9.27094408709195E-06 9.12711978173775E-06 9.13691388859661E-06
60.9138795986622 0.016046502175776 1.0200839916763E-05 1.02007681306304E-05 1.02007681164196E-05 1.02007681412886E-05 1.02008399451847E-05 9.6639082478589E-06 9.27094509961535E-06 9.12712002687499E-06 9.13691443571452E-06
60.9139464882943 0.016257404172418 1.0200848180375E-05 1.02007771154433E-05 1.02007770976797E-05 1.02007770799162E-05 1.02008481484006E-05 9.66391612777784E-06 9.27095152647439E-06 9.12712593148513E-06 9.1369205357239E-06
60.9140133779264 0.016473919902236 1.02008431959177E-05 1.02007732003528E-05 1.02007731825893E-05 1.02007732323273E-05 1.02008431959177E-05 9.66391117884768E-06 9.27094506408821E-06 9.12711885092676E-06 9.13691372517178E-06
60.9140802675585 0.0166962767141 1.02008476368098E-05 1.02007786608738E-05 1.02007786644265E-05 1.02007786715319E-05 1.02008476581261E-05 9.66391555223822E-06 9.27094810876383E-06 9.12712127387749E-06 9.13691637549618E-06
60.9141471571906 0.016924713137275 1.02008626186034E-05 1.02007945166349E-05 1.02007945130822E-05 1.02007944384752E-05 1.02008625830763E-05 9.66393018941858E-06 9.27096147407269E-06 9.12713399259246E-06 9.13692932513754E-06
60.9142140468227 0.01715948357284 1.02008513565011E-05 1.02007843167939E-05 1.02007843452157E-05 1.02007842777141E-05 1.02008513955809E-05 9.66391872836425E-06 9.27094888325541E-06 9.12712074097044E-06 9.13691631510005E-06
60.9142809364549 0.017400853321643 1.02008581279733E-05 1.02007918663105E-05 1.02007918449942E-05 1.02007918805214E-05 1.0200858156395E-05 9.66392533996441E-06 9.27095402758482E-06 9.12712521383696E-06 9.13692107218367E-06
60.914347826087 0.0176491056862 1.02008615208149E-05 1.0200796239701E-05 1.02007962077266E-05 1.02007962787809E-05 1.02008614888405E-05 9.66392860135557E-06 9.27095578973081E-06 9.12712648215575E-06 9.13692253234899E-06
60.9144147157191 0.017904538657831 1.02008614177862E-05 1.02007971101159E-05 1.02007971136686E-05 1.02007971349849E-05 1.02008614035753E-05 9.66392847345787E-06 9.27095434732905E-06 9.12712430078955E-06 9.13692065651617E-06
60.9144816053512 0.018167468970518 1.02008663738218E-05 1.02008030005152E-05 1.02008029791989E-05 1.02008029756462E-05 1.02008663667164E-05 9.66393322698877E-06 9.27095761582564E-06 9.12712706480079E-06 9.13692360171581E-06
60.9145484949833 0.018438231899598 1.02008645086471E-05 1.02008020981259E-05 1.02008021016786E-05 1.02008020661515E-05 1.02008644837781E-05 9.66393139734123E-06 9.27095431890734E-06 9.12712302536534E-06 9.13691988913001E-06
60.9146153846154 0.018717180917765 1.0200868281629E-05 1.02008066953374E-05 1.02008067024428E-05 1.0200806638494E-05 1.02008682851817E-05 9.66393476176108E-06 9.27095635816499E-06 9.12712458500664E-06 9.13692159798529E-06
60.9146822742475 0.019004693965776 1.02008764741868E-05 1.0200815882655E-05 1.02008158613387E-05 1.02008159146294E-05 1.02008764812922E-05 9.66394297563511E-06 9.27096301239772E-06 9.12713062817261E-06 9.1369279111575E-06
60.9147491638796 0.01930117452655 1.02008794229391E-05 1.02008197870873E-05 1.02008197835346E-05 1.02008198616943E-05 1.0200879412281E-05 9.66394584978048E-06 9.27096442282505E-06 9.12713146661304E-06 9.13692896986618E-06
60.9148160535117 0.019607043695494 1.02008793909647E-05 1.02008205082882E-05 1.02008205011828E-05 1.02008205047355E-05 1.02008793803066E-05 9.66394557266881E-06 9.27096278857675E-06 9.12712907208402E-06 9.13692689508139E-06
60.9148829431438 0.019922756848882 1.02008830573652E-05 1.02008252191865E-05 1.02008252227392E-05 1.02008252369501E-05 1.02008830893396E-05 9.6639490259065E-06 9.27096497704838E-06 9.12713074185945E-06 9.1369287424925E-06
60.9149498327759 0.020248800736493 1.02008821940558E-05 1.02008253506369E-05 1.02008253222152E-05 1.02008252831354E-05 1.02008821407651E-05 9.66394814838623E-06 9.27096273883876E-06 9.12712766876211E-06 9.13692602466654E-06
60.915016722408 0.020585683507118 1.02008862654657E-05 1.02008303386469E-05 1.02008303173307E-05 1.02008303421997E-05 1.02008862903347E-05 9.66395191781544E-06 9.27096519731663E-06 9.1271295090678E-06 9.13692811721489E-06
60.9150836120401 0.020933959978514 1.02008849651725E-05 1.0200829816398E-05 1.02008298341616E-05 1.02008298874523E-05 1.02008849651725E-05 9.66395050028268E-06 9.27096226277513E-06 9.12712596345955E-06 9.1369248202966E-06
60.9151505016722 0.021294215028362 1.02008911326834E-05 1.02008369573525E-05 1.02008369680107E-05 1.02008369751161E-05 1.02008910971563E-05 9.6639564262091E-06 9.2709669559099E-06 9.12713011302913E-06 9.13692913684372E-06
60.9152173913043 0.021667080235851 1.02008930369379E-05 1.02008397746545E-05 1.02008397746545E-05 1.0200839817287E-05 1.02008930760178E-05 9.66395808177367E-06 9.27096718328357E-06 9.12712975775776E-06 9.13692901605145E-06
60.9152842809365 0.022053231323977 1.02008958933197E-05 1.02008436044798E-05 1.02008435973744E-05 1.02008435867162E-05 1.02008959110833E-05 9.66396088131205E-06 9.27096858660548E-06 9.12713047895863E-06 9.136930014364E-06
60.9153511705686 0.022453384765832 1.02008923370533E-05 1.02008410003407E-05 1.02008410003407E-05 1.02008410323151E-05 1.02008923299479E-05 9.66395742452164E-06 9.27096356662105E-06 9.12712485146017E-06 9.13692463200277E-06
60.9154180602007 0.022868322197962 1.02009015385818E-05 1.02008510509677E-05 1.02008510403095E-05 1.02008510189933E-05 1.02009015279236E-05 9.66396607893216E-06 9.27097114100661E-06 9.12713171175028E-06 9.13693176940456E-06
60.9154849498328 0.023298872352772 1.02008970301881E-05 1.02008476510207E-05 1.02008476616788E-05 1.02008476545734E-05 1.02008970124245E-05 9.66396192580987E-06 9.27096536074146E-06 9.12712531331295E-06 9.13692564452617E-06
60.9155518394649 0.023745939253669 1.02009138380765E-05 1.02008651836627E-05 1.02008651730046E-05 1.02008651232666E-05 1.02009137741277E-05 9.66397827895094E-06 9.27098031056062E-06 9.12713959877465E-06 9.13694020354683E-06
60.915618729097 0.024210489146139 1.02009066296205E-05 1.02008589095703E-05 1.02008589202285E-05 1.02008589415448E-05 1.02009066296205E-05 9.66397082180492E-06 9.27097170588809E-06 9.12713026934853E-06 9.1369311583378E-06
60.9156856187291 0.024693571741384 1.02009136995207E-05 1.02008670381792E-05 1.02008670452847E-05 1.02008670594955E-05 1.0200913695968E-05 9.6639778028873E-06 9.27097715219816E-06 9.1271353532818E-06 9.13693634885249E-06
60.9157525083612 0.025196309925516 1.02009110989343E-05 1.02008652973495E-05 1.02008653115604E-05 1.02008652902441E-05 1.02009110669599E-05 9.66397495361093E-06 9.27097310210456E-06 9.12713052869663E-06 9.13693181914255E-06
60.9158193979933 0.025719936948299 1.02009161970784E-05 1.02008712410395E-05 1.02008712516977E-05 1.02008712872248E-05 1.0200916140235E-05 9.66397992385737E-06 9.270976384812E-06 9.12713339928928E-06 9.13693486026546E-06
60.9158862876254 0.026265777231412 1.02009168614359E-05 1.02008729392367E-05 1.02008729427894E-05 1.02008729498948E-05 1.02009168791994E-05 9.66398055268769E-06 9.27097576663982E-06 9.12713187517511E-06 9.13693374826607E-06
60.9159531772575 0.02683527757744 1.02009189397734E-05 1.02008758915417E-05 1.02008759341743E-05 1.02008758560146E-05 1.02009189433261E-05 9.66398221535769E-06 9.27097626401974E-06 9.12713175793556E-06 9.13693382287306E-06
60.9160200668896 0.027430008862982 1.02009240663392E-05 1.02008820874744E-05 1.02008820981325E-05 1.02008821301069E-05 1.02009240841028E-05 9.66398754442821E-06 9.27098011160865E-06 9.12713485590189E-06 9.13693726900533E-06
60.9160869565217 0.028051685800541 1.02009240627865E-05 1.02008830253908E-05 1.02008830360489E-05 1.02008831248668E-05 1.02009241054191E-05 9.66398744850494E-06 9.27097842406965E-06 9.12713270651011E-06 9.13693529369652E-06
60.9161538461539 0.028702184228504 1.02009294096206E-05 1.020088916448E-05 1.02008891573746E-05 1.02008891218475E-05 1.02009293456717E-05 9.66399231927539E-06 9.27098221836786E-06 9.12713578316016E-06 9.13693863324738E-06
60.916220735786 0.029383554978129 1.02009253133417E-05 1.02008860345393E-05 1.0200886038092E-05 1.02008860096703E-05 1.02009253062363E-05 9.6639881910221E-06 9.27097644876085E-06 9.12712957656936E-06 9.13693257231785E-06
60.9162876254181 0.03009805038128 1.02009302409556E-05 1.02008921238905E-05 1.02008921203378E-05 1.02008921523122E-05 1.02009302160866E-05 9.6639932039011E-06 9.27098019687378E-06 9.12713261058684E-06 9.13693590831599E-06
60.9163545150502 0.030848140319506 1.02009329872033E-05 1.02008957014732E-05 1.02008957370003E-05 1.02008957263422E-05 1.02009329445707E-05 9.66399575119681E-06 9.27098134795301E-06 9.12713300849077E-06 9.13693662596415E-06
60.9164214046823 0.031636559273622 1.02009333389219E-05 1.02008968774214E-05 1.02008968525524E-05 1.02008968525524E-05 1.02009333069475E-05 9.66399549540142E-06 9.27098000857995E-06 9.12713109002539E-06 9.13693488513445E-06
60.9164882943144 0.032466319186803 1.02009452831453E-05 1.02009097524558E-05 1.02009097489031E-05 1.02009097204814E-05 1.02009452440655E-05 9.66400757818064E-06 9.27099044290003E-06 9.12714086354072E-06 9.13694496063044E-06
60.9165551839465 0.033340758726311 1.02009324294272E-05 1.02008978331014E-05 1.02008978224433E-05 1.02008977940216E-05 1.02009324045582E-05 9.66399453261602E-06 9.27097590874837E-06 9.12712585332542E-06 9.13693013515626E-06
60.9166220735786 0.034263589508417 1.02009415847704E-05 1.02009078410958E-05 1.02009078233323E-05 1.02009078730703E-05 1.02009415918758E-05 9.66400339308393E-06 9.27098358971534E-06 9.12713282730238E-06 9.13693738269217E-06
60.9166889632107 0.035238939497901 1.02009510989376E-05 1.02009184637097E-05 1.02009184566043E-05 1.02009184814733E-05 1.02009511238066E-05 9.66401288593488E-06 9.27099174319324E-06 9.12714028444839E-06 9.1369451311607E-06
60.9167558528428 0.036271424163633 1.02009511380174E-05 1.02009193057029E-05 1.02009193057029E-05 1.02009193305719E-05 1.02009511451229E-05 9.66401281132789E-06 9.27099007341781E-06 9.12713804268606E-06 9.13694313453561E-06
60.9168227424749 0.037366210650969 1.02009508573531E-05 1.02009199380859E-05 1.02009199345332E-05 1.02009198883479E-05 1.02009508680112E-05 9.66401246316195E-06 9.27098814784699E-06 9.12713554157563E-06 9.13694086079886E-06
60.916889632107 0.038529127146898 1.02009527616076E-05 1.0200922865522E-05 1.02009228442057E-05 1.02009228086786E-05 1.02009527331859E-05 9.66401418622809E-06 9.27098870207033E-06 9.1271354314415E-06 9.13694099935469E-06
60.9169565217391 0.039766732148298 1.02009560656313E-05 1.02009270932513E-05 1.0200927071935E-05 1.02009270612768E-05 1.02009560407623E-05 9.66401726287813E-06 9.27099041803103E-06 9.12713649015018E-06 9.13694233517504E-06
60.9170234113712 0.041086446691619 1.02009585489782E-05 1.02009304576711E-05 1.02009304612238E-05 1.02009305287254E-05 1.02009585916107E-05 9.66401951174589E-06 9.27099151937227E-06 9.12713675305099E-06 9.13694294624179E-06
60.9170903010033 0.042496739913474 1.02009602294117E-05 1.02009330227304E-05 1.02009330262831E-05 1.02009330333885E-05 1.02009602294117E-05 9.66402106072906E-06 9.27099146963428E-06 9.12713626988193E-06 9.13694262294484E-06
60.9171571906355 0.04400725055881 1.02009633771161E-05 1.02009371758527E-05 1.02009371865108E-05 1.02009371580891E-05 1.02009633486944E-05 9.66402419422252E-06 9.27099312875157E-06 9.12713732503789E-06 9.13694392679076E-06
60.9172240802676 0.045629079602712 1.02009664040281E-05 1.02009411939719E-05 1.02009411762083E-05 1.02009411939719E-05 1.02009664217917E-05 9.6640271500803E-06 9.27099476655258E-06 9.12713823097988E-06 9.13694514537156E-06
60.9172909698997 0.047374987143154 1.02009678535353E-05 1.02009434641559E-05 1.02009434570505E-05 1.02009434392869E-05 1.0200967832219E-05 9.66402799562616E-06 9.27099451075719E-06 9.12713738543403E-06 9.13694447390867E-06
60.9173578595318 0.049259770286842 1.02009693598859E-05 1.02009459794772E-05 1.02009459759245E-05 1.02009459581609E-05 1.02009693527805E-05 9.66402946644962E-06 9.27099452496805E-06 9.12713689160682E-06 9.13694419324429E-06
60.9174247491639 0.051300701388826 1.02009714773033E-05 1.02009491378396E-05 1.02009490987598E-05 1.02009490845489E-05 1.02009714524343E-05 9.66403171176466E-06 9.27099517866736E-06 9.12713687029054E-06 9.13694447035596E-06
60.917491638796 0.053518002514302 1.02009719213925E-05 1.02009503706313E-05 1.02009503635259E-05 1.0200950324446E-05 1.02009718965235E-05 9.66403187518949E-06 9.270993942323E-06 9.12713503709028E-06 9.13694287874023E-06
60.9175585284281 0.055935607826356 1.02009738647268E-05 1.0200953141748E-05 1.02009531275371E-05 1.02009531701697E-05 1.02009738327524E-05 9.6640334348308E-06 9.27099430114708E-06 9.12713466405535E-06 9.13694282544952E-06
60.9176254180602 0.058581894476969 1.02009778615297E-05 1.02009582221285E-05 1.02009582398921E-05 1.02009582754192E-05 1.0200977882846E-05 9.66403778690506E-06 9.27099715042345E-06 9.12713677081456E-06 9.13694526261111E-06
60.9176923076923 0.061490954289287 1.02009825830862E-05 1.02009638425216E-05 1.02009638283107E-05 1.02009638212053E-05 1.02009825901916E-05 9.6640421105576E-06 9.27099991798741E-06 9.12713920087072E-06 9.13694780280139E-06
60.9177591973244 0.064703966110624 1.02009850628804E-05 1.02009672566794E-05 1.0200967249574E-05 1.02009671856251E-05 1.02009850344587E-05 9.66404474667115E-06 9.27100104419765E-06 9.12713947087696E-06 9.1369485062387E-06
60.9178260869565 0.068271189648364 1.02009864484387E-05 1.02009696725247E-05 1.02009696654193E-05 1.02009696263394E-05 1.02009864804131E-05 9.66404591551395E-06 9.27100085945654E-06 9.12713881362492E-06 9.13694801596421E-06
60.9178929765886 0.072254607390931 1.020099133342E-05 1.02009753817356E-05 1.0200975388841E-05 1.02009753781829E-05 1.02009913476309E-05 9.66405047719832E-06 9.27100413861126E-06 9.12714143552762E-06 9.13695091853128E-06
60.9179598662207 0.076731576248797 1.02009970852635E-05 1.02009819862303E-05 1.02009819755722E-05 1.02009820217575E-05 1.02009970568417E-05 9.66405585600683E-06 9.27100838055139E-06 9.12714499179401E-06 9.13695476967291E-06
60.9180267558528 0.081799885243804 1.02009988367513E-05 1.0200984782216E-05 1.02009848141904E-05 1.02009847786633E-05 1.02009988331986E-05 9.6640577709195E-06 9.27100869674291E-06 9.1271446507335E-06 9.13695474835663E-06
60.9180936454849 0.087585003816393 1.02010073916858E-05 1.02009942644088E-05 1.02009942715142E-05 1.02009942999359E-05 1.02010074058967E-05 9.66406610558579E-06 9.27101587677726E-06 9.12715109890883E-06 9.13696152693433E-06
60.9181605351171 0.094250495306451 1.02010001050701E-05 1.02009877913645E-05 1.02009877913645E-05 1.02009878482079E-05 1.02010000944119E-05 9.66405858804365E-06 9.27100683512094E-06 9.12714147460747E-06 9.13695221882449E-06
60.9182274247492 0.102013889328084 1.0201013854072E-05 1.02010025280208E-05 1.0201002538679E-05 1.02010025919697E-05 1.02010138718356E-05 9.66407198887964E-06 9.27101891079474E-06 9.12715318079904E-06 9.13696408133546E-06
60.9182943143813 0.111170886608925 1.02010105500483E-05 1.02010000873065E-05 1.02010000944119E-05 1.02010000375685E-05 1.02010105322847E-05 9.66406868130321E-06 9.2710142247654E-06 9.12714762790756E-06 9.13695899029676E-06
60.9183612040134 0.122133653152332 1.0201010354649E-05 1.02010008937725E-05 1.02010008689035E-05 1.02010008475872E-05 1.02010103901762E-05 9.66406828339927E-06 9.27101242709227E-06 9.12714523693126E-06 9.13695695814454E-06
60.9184280936455 0.135494801852232 1.02010159785948E-05 1.02010074556347E-05 1.02010074485293E-05 1.02010074130021E-05 1.02010159643839E-05 9.66407398550473E-06 9.27101654468743E-06 9.12714876832865E-06 9.13696089455129E-06
60.9184949832776 0.152137946505874 1.02010125253571E-05 1.02010049261025E-05 1.02010049438661E-05 1.02010049793932E-05 1.02010125182517E-05 9.66407019831195E-06 9.27101162062627E-06 9.12714311596119E-06 9.13695577509088E-06
60.9185618729097 0.173441890941522 1.02010171474376E-05 1.02010104647832E-05 1.02010104718886E-05 1.02010105464956E-05 1.02010171332267E-05 9.66407474933817E-06 9.27101473280345E-06 9.12714556378091E-06 9.13695883397736E-06
60.9186287625418 0.201682981000889 1.02010151543652E-05 1.02010093101512E-05 1.02010093456784E-05 1.02010093101512E-05 1.02010151188381E-05 9.66407263192082E-06 9.27101100955952E-06 9.12714131118264E-06 9.13695530968539E-06
60.9186956521739 0.240908926256672 1.02010184761525E-05 1.02010137013053E-05 1.0201013679989E-05 1.02010136409092E-05 1.02010184974688E-05 9.66407572633443E-06 9.27101307013345E-06 9.12714255107971E-06 9.13695771842527E-06
60.918762541806 0.299075606663028 1.02010204336978E-05 1.0201016621636E-05 1.0201016621636E-05 1.0201016621636E-05 1.02010204194869E-05 9.66407759150911E-06 9.27101335079783E-06 9.12714241962931E-06 9.13695928161928E-06
60.9188294314381 0.394268172371309 1.02010227713834E-05 1.02010197302604E-05 1.02010197267077E-05 1.02010197338132E-05 1.02010227394089E-05 9.66407962366134E-06 9.27101400804986E-06 9.12714239476031E-06 9.13696277748954E-06
60.9188963210702 0.578343337298225 1.02010230271787E-05 1.02010209594994E-05 1.02010209594994E-05 1.02010209808157E-05 1.02010230094152E-05 9.66407993985285E-06 9.27101288539234E-06 9.12714059708719E-06 9.13697004989444E-06
60.9189632107023 1.08476270408588 1.02010323139723E-05 1.02010311486822E-05 1.02010311628931E-05 1.02010311309186E-05 1.02010322784452E-05 9.66408896729831E-06 9.2710205628066E-06 9.12714768475098E-06 9.13701867588657E-06
60.9190301003344 8.66692006718642 1.02010318379087E-05 1.02010316993528E-05 1.02010316815893E-05 1.02010316709311E-05 1.02010318414614E-05 9.66408827451915E-06 9.27101851644352E-06 9.12714511613899E-06 9.45916648475986E-06
60.9190969899666 1.44324213699446 1.02010344171788E-05 1.02010351739068E-05 1.02010351845649E-05 1.02010351810122E-05 1.02010343496772E-05 9.66409065483731E-06 9.27101962489019E-06 9.1271455353592E-06 9.78127452810895E-06
60.9191638795987 0.666653082588621 1.02010339944059E-05 1.02010356322069E-05 1.02010356357596E-05 1.02010355966797E-05 1.02010339659842E-05 9.66409003666513E-06 9.27101769931937E-06 9.12714288858751E-06 9.78135419060777E-06
60.9192307692308 0.433422575943567 1.02010424640753E-05 1.02010452103229E-05 1.0201045185454E-05 1.02010451037415E-05 1.02010424143373E-05 9.66409869107565E-06 9.27102475500874E-06 9.12714934742098E-06 9.78137515517119E-06
60.9192976588629 0.321090142151156 1.0201044055691E-05 1.02010477078807E-05 1.02010476936698E-05 1.02010476652481E-05 1.02010440450329E-05 9.66410000913243E-06 9.27102472658703E-06 9.12714874345966E-06 9.78138056240141E-06
60.919364548495 0.255000372629439 1.02010445637291E-05 1.02010491467297E-05 1.02010491325188E-05 1.02010490969917E-05 1.02010445246492E-05 9.66410041414179E-06 9.27102369630006E-06 9.12714708434237E-06 9.78138266560791E-06
60.9194314381271 0.211473732774028 1.0201044911895E-05 1.02010503475469E-05 1.02010503475469E-05 1.02010503653105E-05 1.02010449083423E-05 9.66410040703636E-06 9.27102234982158E-06 9.12714514100799E-06 9.78138356799718E-06
60.9194983277592 0.180640525632544 1.02010490650173E-05 1.02010553284515E-05 1.02010553248988E-05 1.02010553000298E-05 1.02010490792281E-05 9.6641045210788E-06 9.27102503212041E-06 9.12714703460438E-06 9.78138804796913E-06
60.9195652173913 0.157654455864261 1.02010506601857E-05 1.02010579574596E-05 1.02010579716705E-05 1.0201058039172E-05 1.02010506672912E-05 9.6641059244007E-06 9.27102511383282E-06 9.12714661538416E-06 9.78138977103527E-06
60.9196321070234 0.13985825953803 1.02010510083517E-05 1.0201059243542E-05 1.02010592328838E-05 1.0201059268411E-05 1.02010510012462E-05 9.66410604164025E-06 9.27102390946288E-06 9.12714477507848E-06 9.78139004459422E-06
60.9196989966555 0.125672420393791 1.02010491040971E-05 1.02010583269418E-05 1.02010583056256E-05 1.02010583304946E-05 1.02010491005444E-05 9.66410405922602E-06 9.27102060543916E-06 9.12714078893373E-06 9.78138811547069E-06
60.9197658862876 0.114099641398656 1.02010539713149E-05 1.02010641889194E-05 1.02010641853667E-05 1.02010641427341E-05 1.0201053981973E-05 9.66410888736391E-06 9.27102392722645E-06 9.12714357070854E-06 9.78139285834345E-06
60.9198327759197 0.104478602097036 1.0201061687809E-05 1.0201072768723E-05 1.02010727545121E-05 1.02010727758284E-05 1.02010616522819E-05 9.66411634450992E-06 9.2710302510568E-06 9.12714897438605E-06 9.78140038654374E-06
60.9198996655518 0.096354106933049 1.02010599540847E-05 1.02010719480461E-05 1.02010719444934E-05 1.02010720084422E-05 1.02010599825064E-05 9.66411471381434E-06 9.2710269008478E-06 9.12714510192814E-06 9.78139852492177E-06
60.919966555184 0.089402089800544 1.02010719764678E-05 1.02010849367673E-05 1.02010849261092E-05 1.02010849190037E-05 1.02010719871259E-05 9.66412645198034E-06 9.27103727832446E-06 9.12715501044659E-06 9.7814102204552E-06
60.9200334448161 0.083385881363725 1.02010626399363E-05 1.02010765097305E-05 1.0201076502625E-05 1.02010765559157E-05 1.02010626363835E-05 9.66411687031155E-06 9.27102645320588E-06 9.12714344281085E-06 9.78140063168098E-06
60.9201003344482 0.078128416803349 1.02010666154229E-05 1.02010814124753E-05 1.02010814053699E-05 1.0201081416028E-05 1.02010666154229E-05 9.66412072500589E-06 9.27102881576047E-06 9.12714519785141E-06 9.78140432295049E-06
60.9201672240803 0.073494674252761 1.02010653328932E-05 1.0201081057204E-05 1.02010810216768E-05 1.02010810039133E-05 1.02010653115769E-05 9.66411935365841E-06 9.27102601977481E-06 9.12714174816642E-06 9.78140282015261E-06
60.9202341137124 0.069379875470421 1.02010754403636E-05 1.02010921132489E-05 1.02010921203544E-05 1.02010921239071E-05 1.02010754368109E-05 9.66412931191485E-06 9.27103455694578E-06 9.12714977374662E-06 9.78141266827493E-06
60.9203010033445 0.065701487307418 1.02010782079276E-05 1.02010957938603E-05 1.0201095772544E-05 1.02010957689913E-05 1.02010782221384E-05 9.664131791709E-06 9.27103608105995E-06 9.12715038836609E-06 9.78141519780706E-06
60.9203678929766 0.062393556567603 1.02010798457286E-05 1.02010982523382E-05 1.02010982843126E-05 1.02010982523382E-05 1.02010798812557E-05 9.66413331582316E-06 9.27103582171185E-06 9.12714972045592E-06 9.78141644125685E-06
60.9204347826087 0.059402813928966 1.02010832101485E-05 1.02011026079651E-05 1.02011026079651E-05 1.02011026044124E-05 1.02010832137012E-05 9.66413638181507E-06 9.27103772951909E-06 9.12715103851269E-06 9.78141950724876E-06
60.9205016722408 0.056685718451981 1.02010814053699E-05 1.02011017446557E-05 1.02011017375503E-05 1.02011017055759E-05 1.02010813805009E-05 9.66413461966909E-06 9.27103442194266E-06 9.12714699907724E-06 9.7814174928601E-06
60.9205685618729 0.054206344801173 1.02010797000673E-05 1.02011008777936E-05 1.02011008955571E-05 1.02011008920044E-05 1.02010796894092E-05 9.66413277225797E-06 9.27103124581663E-06 9.12714311596119E-06 9.78141553531486E-06
60.920635451505 0.051934820342289 1.02011007960812E-05 1.02011230680432E-05 1.02011230787014E-05 1.02011230893595E-05 1.02011007818703E-05 9.6641536622144E-06 9.27105055836819E-06 9.12716215850651E-06 9.78143628316275E-06
60.9207023411371 0.049846068103975 1.0201085945738E-05 1.02011090561405E-05 1.02011090632459E-05 1.02011090312715E-05 1.02010859421853E-05 9.664138467258E-06 9.27103434023024E-06 9.12714505929557E-06 9.78142109886448E-06
60.9207692307692 0.047918857534917 1.02010920315365E-05 1.02011160834081E-05 1.02011161366988E-05 1.02011161651205E-05 1.02010920315365E-05 9.66414463832166E-06 9.2710389267836E-06 9.12714899214961E-06 9.78142703900176E-06
60.9208361204013 0.046135168829508 1.02010967246713E-05 1.02011216647213E-05 1.02011216789322E-05 1.02011217073539E-05 1.02010967744093E-05 9.66414905434476E-06 9.27104200698636E-06 9.12715141865306E-06 9.78143134133802E-06
60.9209030100334 0.044479524652903 1.02010994886825E-05 1.02011253808598E-05 1.0201125391518E-05 1.0201125366649E-05 1.02010994851298E-05 9.66415171532731E-06 9.27104327175243E-06 9.12715202261438E-06 9.78143383889574E-06
60.9209698996656 0.04293862724245 1.02011029774474E-05 1.02011298181992E-05 1.02011298217519E-05 1.02011298253046E-05 1.02011029454729E-05 9.66415501935103E-06 9.27104512626897E-06 9.12715341527814E-06 9.78143702567991E-06
60.9210367892977 0.041500943545042 1.02011059439633E-05 1.0201133754606E-05 1.0201133729737E-05 1.02011337084207E-05 1.02011059546214E-05 9.66415769454443E-06 9.27104677828083E-06 9.12715421108601E-06 9.78143971863688E-06
60.9211036789298 0.040156428768086 1.02011130564961E-05 1.02011418086079E-05 1.0201141819266E-05 1.02011418547932E-05 1.02011130458379E-05 9.66416495273847E-06 9.27105227077618E-06 9.1271591955433E-06 9.78144664287584E-06
60.9211705685619 0.038896337713204 1.0201104842622E-05 1.02011346285735E-05 1.02011346250208E-05 1.02011346392317E-05 1.02011048532802E-05 9.66415671399545E-06 9.27104260384226E-06 9.12714892109534E-06 9.78143826557698E-06
60.921237458194 0.037712945012537 1.02011097524723E-05 1.02011403093627E-05 1.02011403129154E-05 1.02011402880464E-05 1.02011097844468E-05 9.66416126502168E-06 9.27104584036442E-06 9.1271514826019E-06 9.7814426851528E-06
60.9213043478261 0.036599444661327 1.02011089531118E-05 1.02011406113434E-05 1.02011406042379E-05 1.02011405580527E-05 1.02011089211373E-05 9.66416033776341E-06 9.27104361281295E-06 9.1271486759581E-06 9.78144167618211E-06
60.9213712374582 0.035549838975431 1.0201108590735E-05 1.0201141162014E-05 1.02011411549086E-05 1.02011411584613E-05 1.02011086369203E-05 9.66415983683078E-06 9.27104168724213E-06 9.12714622458566E-06 9.7814410509045E-06
60.9214381270903 0.034558773040303 1.02011132483426E-05 1.02011466225349E-05 1.02011466189822E-05 1.02011466509566E-05 1.02011132163682E-05 9.66416408232362E-06 9.27104468573248E-06 9.12714855161312E-06 9.7814452324485E-06
60.9215050167224 0.033621480986778 1.0201117934372E-05 1.02011521967427E-05 1.02011522074008E-05 1.02011521221357E-05 1.02011179450301E-05 9.66416888914523E-06 9.27104779790966E-06 9.12715089995686E-06 9.78144968044603E-06
60.9215719063545 0.03273371084175 1.02011257823165E-05 1.02011611069486E-05 1.02011611247121E-05 1.02011611069486E-05 1.02011257965273E-05 9.66417657366492E-06 9.27105418568885E-06 9.12715686851584E-06 9.78145733654401E-06
60.9216387959866 0.031891629541772 1.02011189255791E-05 1.02011552378656E-05 1.0201155244971E-05 1.02011552272074E-05 1.02011189255791E-05 9.6641696600841E-06 9.27104591852412E-06 9.12714790146651E-06 9.78145028085464E-06
60.9217056856187 0.03109180434414 1.02011222686826E-05 1.02011593803297E-05 1.02011593838824E-05 1.02011593803297E-05 1.02011223006571E-05 9.66417266567987E-06 9.27104769843368E-06 9.12714884293564E-06 9.78145318342172E-06
60.9217725752508 0.030331125967006 1.02011321594375E-05 1.0201170159263E-05 1.02011701414995E-05 1.02011701663685E-05 1.02011321700957E-05 9.6641823610355E-06 9.27105577730458E-06 9.1271565452189E-06 9.78146268693081E-06
60.9218394648829 0.029606797635271 1.02011318645623E-05 1.02011706744065E-05 1.02011706779592E-05 1.02011706779592E-05 1.02011318539041E-05 9.66418198800056E-06 9.27105412884544E-06 9.1271540014759E-06 9.78146215047104E-06
60.9219063545151 0.028916267695014 1.0201134138299E-05 1.02011740565899E-05 1.02011740672481E-05 1.02011740601426E-05 1.02011341240882E-05 9.6641842830536E-06 9.27105488202074E-06 9.12715426437671E-06 9.78146424657211E-06
60.9219732441472 0.028257232339275 1.0201135950183E-05 1.02011767246779E-05 1.02011767211252E-05 1.02011767246779E-05 1.0201135950183E-05 9.66418584980033E-06 9.27105504899828E-06 9.1271538202875E-06 9.78146568542115E-06
60.9220401337793 0.027627574343207 1.0201135093979E-05 1.02011768134958E-05 1.02011768170485E-05 1.02011767637578E-05 1.02011351366116E-05 9.66418467029939E-06 9.27105288539565E-06 9.12715089995686E-06 9.78146452723649E-06
60.9221070234114 0.027025378473248 1.02011429135018E-05 1.02011855886985E-05 1.0201185595804E-05 1.02011856029094E-05 1.0201142874422E-05 9.66419232639737E-06 9.27105895698332E-06 9.12715653456075E-06 9.78147203056778E-06
60.9221739130435 0.026448885168772 1.0201147514266E-05 1.02011912517241E-05 1.02011912446187E-05 1.02011912090916E-05 1.02011475213715E-05 9.66419687031816E-06 9.27106225034891E-06 9.12715909962003E-06 9.78147644303817E-06
60.9222408026756 0.025896484984848 1.02011536888824E-05 1.02011982860972E-05 1.02011982860972E-05 1.02011983322825E-05 1.02011537030933E-05 9.66420299874926E-06 9.27106687953483E-06 9.12716299694694E-06 9.78148236541188E-06
60.9223076923077 0.025366698686884 1.02011558986703E-05 1.02012013059039E-05 1.02012012952457E-05 1.02012012845876E-05 1.02011558738013E-05 9.66420498826892E-06 9.27106740533645E-06 9.12716291523452E-06 9.781484163085E-06
60.9223745819398 0.024858161522008 1.02011451907913E-05 1.02011916887079E-05 1.02011916958134E-05 1.02011916638389E-05 1.02011452014494E-05 9.66419418801934E-06 9.27105509518356E-06 9.12715018586141E-06 9.78147321362144E-06
60.9224414715719 0.024369624068591 1.02011606877284E-05 1.0201207942373E-05 1.02012079601366E-05 1.02012080240854E-05 1.02011606415431E-05 9.66420938652846E-06 9.27106920300957E-06 9.12716339129815E-06 9.78148838370885E-06
60.922508361204 0.023899925758247 1.02011519800271E-05 1.02012001974572E-05 1.02012001761409E-05 1.02012001903518E-05 1.02011519587109E-05 9.66420049763883E-06 9.27105867276623E-06 9.12715247736173E-06 9.78147927810369E-06
60.9225752508361 0.023448002008632 1.0201158769263E-05 1.02012080240854E-05 1.02012080063219E-05 1.02012080311908E-05 1.02011587479467E-05 9.66420717674055E-06 9.27106416170886E-06 9.12715725931434E-06 9.78148589325656E-06
60.9226421404682 0.023012859729828 1.02011652849399E-05 1.02012153782027E-05 1.02012153782027E-05 1.02012152822795E-05 1.0201165295598E-05 9.66421336912049E-06 9.27106914971887E-06 9.12716149770176E-06 9.78149200037137E-06
60.9227090301003 0.022593581829792 1.02011624250054E-05 1.02012135023699E-05 1.02012135307916E-05 1.02012134703955E-05 1.02011624498743E-05 9.66421049852784E-06 9.27106476211748E-06 9.12715656298246E-06 9.78148893793218E-06
60.9227759197324 0.02218931472089 1.0201172777613E-05 1.02012247644723E-05 1.02012247467087E-05 1.02012247822358E-05 1.0201172777613E-05 9.66422089732077E-06 9.27107337034272E-06 9.12716465961694E-06 9.7814990205336E-06
60.9228428093646 0.021799270413446 1.02011699816273E-05 1.0201222906403E-05 1.02012228779813E-05 1.02012228850867E-05 1.02011699922855E-05 9.66421800541184E-06 9.271069210115E-06 9.12715976397749E-06 9.78149599006883E-06
60.9229096989967 0.021422706119395 1.02011699461002E-05 1.02012239473481E-05 1.02012239509008E-05 1.02012239473481E-05 1.02011699674165E-05 9.66421789883043E-06 9.27106784942566E-06 9.12715773537798E-06 9.78149581243315E-06
60.9229765886288 0.02105893943941 1.02011702409754E-05 1.02012250238204E-05 1.02012250309258E-05 1.02012249989514E-05 1.020117023387E-05 9.664217916594E-06 9.27106658821231E-06 9.12715566769862E-06 9.78149572361531E-06
60.9230434782609 0.020707325367656 1.02011766784926E-05 1.02012323601741E-05 1.02012323921485E-05 1.02012323708323E-05 1.02011766571763E-05 9.6642240201561E-06 9.27107130621607E-06 9.12716000911473E-06 9.78150173835957E-06
60.923110367893 0.020367267091587 1.02011767388888E-05 1.02012334224355E-05 1.02012334082247E-05 1.02012333442758E-05 1.02011767530996E-05 9.66422423331892E-06 9.27106999526472E-06 9.12715781709039E-06 9.78150167085801E-06
60.9231772575251 0.020038204080041 1.020117688455E-05 1.02012345557512E-05 1.02012345770675E-05 1.02012346054892E-05 1.0201176834812E-05 9.66422408055223E-06 9.27106853154669E-06 9.12715588086144E-06 9.7815014861169E-06
60.9232441471572 0.019719611130064 1.02011784584022E-05 1.02012369538329E-05 1.02012369467275E-05 1.02012369254112E-05 1.02011784584022E-05 9.66422538795086E-06 9.27106842851799E-06 9.12715513834428E-06 9.7815026300907E-06
60.9233110367893 0.019410995703158 1.02011887861408E-05 1.02012481093539E-05 1.02012480915903E-05 1.02012481058011E-05 1.02011887364029E-05 9.66423537462902E-06 9.27107724990606E-06 9.12716333090202E-06 9.78151256703086E-06
60.9233779264214 0.019111898478489 1.02011869280716E-05 1.0201247313546E-05 1.02012473028879E-05 1.02012472957824E-05 1.02011868996499E-05 9.66423336379307E-06 9.27107375758851E-06 9.12715936962627E-06 9.78151043895537E-06
60.9234448160535 0.018821881134148 1.02011863916118E-05 1.02012477647406E-05 1.02012477505298E-05 1.02012477753988E-05 1.02011864342444E-05 9.66423304760156E-06 9.2710716756983E-06 9.12715668377473E-06 9.78150976749248E-06
60.9235117056856 0.018540541914465 1.02011883917896E-05 1.02012508058635E-05 1.02012507738891E-05 1.02012508058635E-05 1.02011883953423E-05 9.66423485593282E-06 9.27107241466274E-06 9.12715668022202E-06 9.78151157227103E-06
60.9235785953177 0.018267494887795 1.02011935148028E-05 1.0201256706921E-05 1.02012566891574E-05 1.02012566500775E-05 1.02011935325663E-05 9.66423961301643E-06 9.27107587855858E-06 9.12715940870612E-06 9.78151621922052E-06
60.9236454849498 0.01800237740434 1.02011952556325E-05 1.02012593821144E-05 1.02012593572454E-05 1.02012593501399E-05 1.02011952307635E-05 9.66424100923291E-06 9.27107586434772E-06 9.12715906409289E-06 9.78151751951373E-06
60.9237123745819 0.017744848912482 1.02012013982744E-05 1.0201266409382E-05 1.02012663951712E-05 1.0201266409382E-05 1.0201201391169E-05 9.66424717319114E-06 9.27108061787862E-06 9.12716299339422E-06 9.78152348096728E-06
60.923779264214 0.017494591795863 1.02012037288546E-05 1.02012697666964E-05 1.02012697560383E-05 1.02012697489329E-05 1.02012036755639E-05 9.66424941850619E-06 9.27108163395474E-06 9.12716323853147E-06 9.7815256410172E-06
60.9238461538462 0.017251299021101 1.02012087594972E-05 1.02012757068337E-05 1.02012757139391E-05 1.02012756926229E-05 1.02012087843661E-05 9.66425438519991E-06 9.2710849237676E-06 9.12716612688769E-06 9.78153033770468E-06
60.9239130434783 0.017014685477268 1.02012030112064E-05 1.02012708538268E-05 1.02012708360633E-05 1.02012708751431E-05 1.02012030644971E-05 9.66424843795721E-06 9.27107759451928E-06 9.12715812617648E-06 9.78152427677514E-06
60.9239799331104 0.016784477873113 1.02012117189076E-05 1.02012805136553E-05 1.02012805136553E-05 1.02012805527352E-05 1.02012117828565E-05 9.66425690407391E-06 9.27108471060478E-06 9.12716467027508E-06 9.78153263986314E-06
60.9240468227425 0.016560420969256 1.02012194282963E-05 1.02012891893821E-05 1.02012891858294E-05 1.02012892000403E-05 1.0201219456718E-05 9.66426452464475E-06 9.27109107351498E-06 9.12717029777355E-06 9.78154015029986E-06
60.9241137123746 0.016342271563151 1.02012142342289E-05 1.02012849794164E-05 1.02012849865218E-05 1.02012850042854E-05 1.02012142910723E-05 9.66425948334404E-06 9.27108449033653E-06 9.12716298273608E-06 9.78153483899291E-06
60.9241806020067 0.01612979900321 1.02012181351085E-05 1.02012896299186E-05 1.02012896014969E-05 1.02012896654458E-05 1.02012181599775E-05 9.6642627447352E-06 9.27108664683374E-06 9.12716450329754E-06 9.78153813946392E-06
60.9242474916388 0.015922784430966 1.02012123761597E-05 1.02012849083621E-05 1.02012849332311E-05 1.02012849794164E-05 1.02012123548434E-05 9.66425708526231E-06 9.27107951653738E-06 9.12715674417086E-06 9.78153225972278E-06
60.9243143812709 0.015721019550124 1.02012197977786E-05 1.02012932003959E-05 1.02012931968432E-05 1.02012932288176E-05 1.02012198119894E-05 9.66426436832535E-06 9.27108516535213E-06 9.12716188139484E-06 9.78153931896486E-06
60.924381270903 0.015524309088114 1.02012260043693E-05 1.02013004337209E-05 1.02013004195101E-05 1.02013004266155E-05 1.02012259901585E-05 9.6642704860983E-06 9.27109001480631E-06 9.12716593148843E-06 9.78154533015641E-06
60.9244481605351 0.015332462897874 1.0201228874962E-05 1.0201304267099E-05 1.02013042706517E-05 1.02013042599935E-05 1.02012288429876E-05 9.66427304405215E-06 9.2710913897065E-06 9.12716682321957E-06 9.78154787034669E-06
60.9245150501672 0.015145304611767 1.02012296423482E-05 1.02013058622674E-05 1.02013058409511E-05 1.02013058445039E-05 1.02012296281373E-05 9.66427346327237E-06 9.27109052994979E-06 9.12716523160384E-06 9.78154819719634E-06
60.9245819397993 0.014962663741802 1.02012339091573E-05 1.0201311017255E-05 1.0201311017255E-05 1.02013110563348E-05 1.0201233937579E-05 9.6642777585032E-06 9.2710931305362E-06 9.12716732770491E-06 9.78155219755195E-06
60.9246488294314 0.014784378795401 1.02012354581404E-05 1.02013134686274E-05 1.02013134508638E-05 1.02013134508638E-05 1.02012355078784E-05 9.66427917248325E-06 9.27109320514319E-06 9.12716665624203E-06 9.78155347652887E-06
60.9247157190635 0.014610295480139 1.02012416007824E-05 1.02013205882656E-05 1.02013205669493E-05 1.02013205882656E-05 1.02012415830188E-05 9.66428493853755E-06 9.27109772064227E-06 9.1271707276519E-06 9.78155921060875E-06
60.9247826086957 0.014440266874381 1.02012395792883E-05 1.02013195117934E-05 1.02013195295569E-05 1.02013195153461E-05 1.02012395721829E-05 9.66428285664733E-06 9.271094299379E-06 9.12716646439549E-06 9.7815569901627E-06
60.9248494983278 0.014274154858004 1.02012428264686E-05 1.02013237821552E-05 1.02013237786025E-05 1.02013238603149E-05 1.02012428122578E-05 9.66428622106719E-06 9.27109612192112E-06 9.12716765100186E-06 9.78156011299802E-06
60.9249163879599 0.014111823228085 1.02012436364873E-05 1.02013253027167E-05 1.02013253062694E-05 1.02013252956112E-05 1.02012436293819E-05 9.66428663318197E-06 9.27109511295043E-06 9.12716617307297E-06 9.78156034747713E-06
60.924983277592 0.013953145320716 1.02012465852397E-05 1.02013293492575E-05 1.02013293741265E-05 1.02013292853087E-05 1.02012465426071E-05 9.66428950732734E-06 9.27109672232973E-06 9.12716713941109E-06 9.78156316477907E-06
60.9250501672241 0.013798000130951 1.02012526568274E-05 1.02013362734965E-05 1.02013362699438E-05 1.02013363303399E-05 1.02012526603801E-05 9.66429534798863E-06 9.27110112414198E-06 9.12717093370929E-06 9.78156886688453E-06
60.9251170568562 0.013646268979549 1.02012504470395E-05 1.0201335026494E-05 1.02013350229413E-05 1.02013350158359E-05 1.02012504683557E-05 9.66429310977901E-06 9.27109753945388E-06 9.12716659584589E-06 9.78156647235551E-06
60.9251839464883 0.013497841855852 1.02012521630002E-05 1.0201337694582E-05 1.02013376803711E-05 1.02013377087928E-05 1.02012521630002E-05 9.66429479021258E-06 9.2710977526167E-06 9.1271661553094E-06 9.78156794673168E-06
60.9252508361204 0.013352611648276 1.02012576306265E-05 1.02013440930193E-05 1.02013441143356E-05 1.02013441392046E-05 1.02012576270738E-05 9.66430002691254E-06 9.27110149717691E-06 9.1271694024897E-06 9.78157304487581E-06
60.9253177257525 0.013210475743499 1.02012591476353E-05 1.0201346540839E-05 1.02013465301809E-05 1.02013464839956E-05 1.02012591796097E-05 9.66430122417705E-06 9.27110147941335E-06 9.12716875944852E-06 9.78157418884962E-06
60.9253846153846 0.013071336761456 1.02012641072236E-05 1.02013523743949E-05 1.02013523957112E-05 1.02013523957112E-05 1.0201264114329E-05 9.66430624060877E-06 9.27110485804406E-06 9.12717145595821E-06 9.78157889974796E-06
60.9254515050167 0.012935100378105 1.02012591369771E-05 1.02013483846974E-05 1.0201348402461E-05 1.02013483633812E-05 1.02012591085554E-05 9.66430110338479E-06 9.27109831749817E-06 9.12716445000683E-06 9.781573638179E-06
60.9255183946488 0.012801678495507 1.02012714862099E-05 1.02013616753993E-05 1.02013616967156E-05 1.02013617357954E-05 1.02012715110789E-05 9.66431318616401E-06 9.27110924564545E-06 9.12717465695323E-06 9.78158569964194E-06
60.9255852842809 0.012670982150759 1.02012735112567E-05 1.0201364620599E-05 1.02013646099408E-05 1.02013646632315E-05 1.02012735432311E-05 9.66431514726196E-06 9.2711097785525E-06 9.12717447576483E-06 9.78158747244606E-06
60.925652173913 0.012542930526117 1.02012677558605E-05 1.02013598208828E-05 1.02013598421991E-05 1.02013597853556E-05 1.02012677594132E-05 9.66430921778283E-06 9.27110270509957E-06 9.12716651058076E-06 9.78158146480723E-06
60.9257190635452 0.012417443714803 1.02012803928631E-05 1.02013733034312E-05 1.02013733069839E-05 1.02013732750095E-05 1.02012803928631E-05 9.6643214178016E-06 9.27111362969413E-06 9.12717689516285E-06 9.78159360087716E-06
60.9257859531773 0.012294444003622 1.02012719338518E-05 1.0201365810758E-05 1.02013657929945E-05 1.02013657681255E-05 1.02012719658262E-05 9.66431329274542E-06 9.27110358261984E-06 9.1271662867598E-06 9.78158507436433E-06
60.9258528428094 0.012173861033301 1.02012749927383E-05 1.02013698608516E-05 1.02013698537462E-05 1.02013698537462E-05 1.02012750247127E-05 9.6643161455745E-06 9.27110505699602E-06 9.12716730994134E-06 9.78158783837557E-06
60.9259197324415 0.012055621659673 1.02012786875605E-05 1.02013744509577E-05 1.02013744900376E-05 1.0201374422536E-05 1.02012786520334E-05 9.66431947801993E-06 9.27110709270096E-06 9.12716874523767E-06 9.78159107489773E-06
60.9259866220736 0.011939659844138 1.02012867202461E-05 1.02013833966907E-05 1.02013834144543E-05 1.02013833576109E-05 1.0201286734457E-05 9.66432723714661E-06 9.27111376824996E-06 9.12717464274238E-06 9.78159882691898E-06
60.9260535117057 0.011825909893656 1.02012946250341E-05 1.02013922003152E-05 1.02013922003152E-05 1.02013921932098E-05 1.02012945646379E-05 9.66433506377484E-06 9.27112006721131E-06 9.12718033418969E-06 9.78160644393711E-06
60.9261204013378 0.011714308086337 1.02012829152898E-05 1.02013814498036E-05 1.02013814462509E-05 1.02013814000657E-05 1.02012829010789E-05 9.66432321902744E-06 9.27110691151256E-06 9.1271664928172E-06 9.7815944677393E-06
60.9261872909699 0.011604795693526 1.02012887417402E-05 1.02013881182472E-05 1.02013881075891E-05 1.02013881217999E-05 1.02012887346348E-05 9.66432883231505E-06 9.27111106818757E-06 9.12717004553087E-06 9.78159990694394E-06
60.926254180602 0.011497314168963 1.02012934526385E-05 1.02013938700907E-05 1.02013938736434E-05 1.02013938700907E-05 1.02012933993478E-05 9.6643335716351E-06 9.27111419812832E-06 9.12717277756769E-06 9.78160443310117E-06
60.9263210702341 0.011391807319164 1.02013018263847E-05 1.02014033735998E-05 1.02014033735998E-05 1.02014034268905E-05 1.0201301847701E-05 9.66434208748979E-06 9.27112134618824E-06 9.12717914758332E-06 9.78161277487288E-06
60.9263879598662 0.011288221033034 1.02012997835743E-05 1.02014021017283E-05 1.02014020733066E-05 1.02014020910701E-05 1.02012997977852E-05 9.66433952598322E-06 9.27111760873345E-06 9.12717471379665E-06 9.78161018494461E-06
60.9264548494983 0.011186503680943 1.02012985827571E-05 1.02014017713259E-05 1.02014017926422E-05 1.02014017713259E-05 1.02012985685462E-05 9.66433804805433E-06 9.27111470616637E-06 9.12717129608609E-06 9.78160858267074E-06
60.9265217391304 0.011086604526049 1.02012995135681E-05 1.0201403643606E-05 1.02014036471587E-05 1.0201403618737E-05 1.02012994993572E-05 9.66433896820718E-06 9.27111438642214E-06 9.12717011658515E-06 9.78160939268946E-06
60.9265886287625 0.01098847652003 1.02013108786991E-05 1.02014159573116E-05 1.02014159608643E-05 1.02014159288899E-05 1.0201310868041E-05 9.66435025517853E-06 9.27112414572662E-06 9.127179325219E-06 9.78162047005071E-06
60.9266555183947 0.010892071921703 1.02013087790453E-05 1.02014148026797E-05 1.0201414799127E-05 1.0201414774258E-05 1.02013087790453E-05 9.66434814131389E-06 9.27112048287881E-06 9.1271750655153E-06 9.78161812525968E-06
60.9267224080268 0.010797345792121 1.02013067397877E-05 1.02014136480477E-05 1.02014136622586E-05 1.0201413594757E-05 1.02013067788675E-05 9.66434574323216E-06 9.27111692661242E-06 9.12717077383718E-06 9.78161567743996E-06
60.9267892976589 0.010704255224479 1.02013149430036E-05 1.0201422714573E-05 1.02014226932567E-05 1.02014226968095E-05 1.020131492524E-05 9.66435382920849E-06 9.27112363768856E-06 9.12717670331631E-06 9.78162360709689E-06
60.926856187291 0.010612757315496 1.02013124099187E-05 1.02014211833534E-05 1.02014211691426E-05 1.02014211584844E-05 1.0201312431235E-05 9.66435113269881E-06 9.27111958404225E-06 9.1271721309738E-06 9.78162078979494E-06
60.9269230769231 0.010522812544608 1.02013169076542E-05 1.02014266296635E-05 1.02014266296635E-05 1.02014266261108E-05 1.02013169396287E-05 9.66435544569322E-06 9.27112254345275E-06 9.12717444734312E-06 9.78162498910251E-06
60.9269899665552 0.010434380859234 1.02013174085869E-05 1.02014280791707E-05 1.02014280969343E-05 1.02014280400908E-05 1.0201317419245E-05 9.66435588622971E-06 9.27112153092935E-06 9.12717279888398E-06 9.78162527331961E-06
60.9270568561873 0.010347424984392 1.02013204568152E-05 1.02014319764976E-05 1.02014319764976E-05 1.02014319374177E-05 1.02013204319462E-05 9.66435863247739E-06 9.27112275661557E-06 9.12717360534998E-06 9.78162784548431E-06
60.9271237458194 0.010261908321898 1.02013242297971E-05 1.02014368792425E-05 1.02014368614789E-05 1.02014368508208E-05 1.02013242297971E-05 9.66436233440504E-06 9.27112539983455E-06 9.12717542078667E-06 9.78163152254297E-06
60.9271906354515 0.010177794726111 1.02013246241484E-05 1.02014380480853E-05 1.02014380694015E-05 1.02014381155868E-05 1.02013245850685E-05 9.664362583095E-06 9.27112415993747E-06 9.12717348455772E-06 9.78163157583367E-06
60.9272575250836 0.010095051071552 1.02013266598533E-05 1.02014410394702E-05 1.02014410217066E-05 1.02014409897322E-05 1.02013266776169E-05 9.66436449800767E-06 9.27112454363055E-06 9.12717337442359E-06 9.78163328113624E-06
60.9273244147157 0.010013643382681 1.02013318681315E-05 1.02014471643486E-05 1.02014471536904E-05 1.02014471430323E-05 1.02013318681315E-05 9.66436948246496E-06 9.27112819582021E-06 9.1271764404155E-06 9.78163816256483E-06
60.9273913043478 0.009933538920698 1.02013351117591E-05 1.02014514453685E-05 1.02014514453685E-05 1.02014514347104E-05 1.02013350975483E-05 9.66437275451426E-06 9.27113002902047E-06 9.12717758794202E-06 9.78164126053116E-06
60.9274581939799 0.009854708276222 1.02013403804335E-05 1.02014575737996E-05 1.02014575809051E-05 1.02014576235376E-05 1.02013403910917E-05 9.6643776998917E-06 9.2711337771334E-06 9.12718066103935E-06 9.78164615972332E-06
60.927525083612 0.009777119968309 1.02013363445508E-05 1.0201454578862E-05 1.02014545753093E-05 1.02014545220186E-05 1.02013363481035E-05 9.66437363558725E-06 9.27112829529619E-06 9.12717453260825E-06 9.78164191423048E-06
60.9275919732441 0.00970074534316 1.02013368348253E-05 1.02014558898134E-05 1.02014558969188E-05 1.02014559146824E-05 1.02013368312726E-05 9.66437386296093E-06 9.27112716198053E-06 9.12717279533126E-06 9.78164203502274E-06
60.9276588628763 0.009625556224208 1.02013480365315E-05 1.02014680081197E-05 1.0201468004567E-05 1.02014680010143E-05 1.02013480223206E-05 9.66438497940203E-06 9.27113672943847E-06 9.12718175882787E-06 9.78165292764288E-06
60.9277257525084 0.009551525275757 1.02013462708328E-05 1.02014672016537E-05 1.020146722297E-05 1.02014671945483E-05 1.02013462885964E-05 9.66438306093664E-06 9.27113337922947E-06 9.12717786505368E-06 9.78165085996352E-06
60.9277926421405 0.009478625610068 1.02013536178447E-05 1.02014753693425E-05 1.02014753764479E-05 1.02014753906587E-05 1.02013535858703E-05 9.66439010952058E-06 9.27113917015276E-06 9.12718296319781E-06 9.78165782328233E-06
60.9278595317726 0.009406831919161 1.02013602507611E-05 1.0201482968597E-05 1.02014829579389E-05 1.0201483018335E-05 1.02013602329976E-05 9.66439674954245E-06 9.2711443215876E-06 9.12718748935504E-06 9.78166424658866E-06
60.9279264214047 0.009336118821423 1.02013607268248E-05 1.02014843008647E-05 1.02014843008647E-05 1.02014843079701E-05 1.02013607268248E-05 9.66439693428356E-06 9.27114315629751E-06 9.12718564904935E-06 9.78166432830108E-06
60.9279933110368 0.009266461851048 1.02013621550157E-05 1.02014869156619E-05 1.02014869156619E-05 1.02014868730294E-05 1.02013621798847E-05 9.66439865024427E-06 9.27114316340294E-06 9.12718520496014E-06 9.78166572807027E-06
60.9280602006689 0.009197838424601 1.02013565026482E-05 1.02014821727892E-05 1.02014821656837E-05 1.02014821905527E-05 1.02013565772552E-05 9.66439267813257E-06 9.27113608995001E-06 9.12717735346291E-06 9.781659763064E-06
60.928127090301 0.00913022506338 1.02013639882159E-05 1.02014905465353E-05 1.02014905323244E-05 1.02014905287717E-05 1.02013640770338E-05 9.66439980842893E-06 9.27114191995315E-06 9.12718262924273E-06 9.78166679743708E-06
60.9281939799331 0.009063599679166 1.02013632741205E-05 1.02014907952253E-05 1.02014908058834E-05 1.02014908165415E-05 1.02013632954368E-05 9.66439894156679E-06 9.27113972082339E-06 9.12717983325706E-06 9.78166583820439E-06
60.9282608695652 0.008997941614187 1.02013674840862E-05 1.02014957050756E-05 1.0201495712181E-05 1.02014956908647E-05 1.02013674627699E-05 9.66440284955183E-06 9.27114209048341E-06 9.12718159185033E-06 9.78166954723747E-06
60.9283277591973 0.00893322838176 1.02013735627793E-05 1.02015028815572E-05 1.02015028851099E-05 1.02015029099789E-05 1.02013735556739E-05 9.66440892824494E-06 9.27114694349029E-06 9.1271856099695E-06 9.78167553000731E-06
60.9283946488294 0.008869440675017 1.02013806824175E-05 1.020151094977E-05 1.02015109355591E-05 1.02015109106901E-05 1.02013806717594E-05 9.66441572103349E-06 9.27115241466936E-06 9.12719059797951E-06 9.78168224108345E-06
60.9284615384615 0.0088065589668 1.02013749447849E-05 1.02015060399197E-05 1.02015060505778E-05 1.02015060825522E-05 1.0201374955443E-05 9.66440979155436E-06 9.27114508897375E-06 9.1271826221373E-06 9.78167615528491E-06
60.9285284280936 0.008744563623193 1.02013870133533E-05 1.02015191068006E-05 1.0201519113906E-05 1.0201519138775E-05 1.02013869991424E-05 9.66442188854444E-06 9.27115565829695E-06 9.12719259460459E-06 9.78168805332302E-06
60.9285953177258 0.008683436112147 1.02013776128729E-05 1.0201510526997E-05 1.02015104950226E-05 1.02015105127862E-05 1.02013776412946E-05 9.66441234950821E-06 9.27114475501867E-06 9.12718083512232E-06 9.78167832599297E-06
60.9286622073579 0.008623158354091 1.02013814142765E-05 1.02015153267132E-05 1.02015153373713E-05 1.02015153693458E-05 1.02013813965129E-05 9.66441593419631E-06 9.27114708559884E-06 9.12718256884659E-06 9.78168185383765E-06
60.92872909699 0.008563713123142 1.02013830591829E-05 1.02015178846671E-05 1.02015178775616E-05 1.02015178455872E-05 1.02013830591829E-05 9.6644172558058E-06 9.27114714599497E-06 9.12718207146668E-06 9.78168310439287E-06
60.9287959866221 0.008505082920607 1.0201384323949E-05 1.02015201335348E-05 1.02015201548511E-05 1.02015201406402E-05 1.0201384323949E-05 9.66441877281454E-06 9.27114681914532E-06 9.12718120105183E-06 9.78168424126125E-06
60.9288628762542 0.008447251119875 1.02013892018249E-05 1.02015259564325E-05 1.02015259457744E-05 1.0201525963538E-05 1.0201389162745E-05 9.66442323147021E-06 9.27115038606985E-06 9.12718395440493E-06 9.78168878873476E-06
60.9289297658863 0.008390201462078 1.02013972735904E-05 1.02015349270346E-05 1.02015349128237E-05 1.02015349270346E-05 1.02013973339865E-05 9.66443123218141E-06 9.27115668147849E-06 9.12718984480421E-06 9.78169651588701E-06
60.9289966555184 0.008333918742188 1.02013986484906E-05 1.02015371901132E-05 1.02015371865605E-05 1.02015372007713E-05 1.02013986094107E-05 9.66443233707537E-06 9.27115652515909E-06 9.12718893175679E-06 9.78169753906855E-06
60.9290635451505 0.008278386918391 1.0201401732246E-05 1.02015413077083E-05 1.02015413041556E-05 1.02015413077083E-05 1.02014017251406E-05 9.664435356882E-06 9.27115835835934E-06 9.12718995138562E-06 9.78170048426819E-06
60.9291304347826 0.008223590903771 1.02013953835467E-05 1.02015359999541E-05 1.02015359928487E-05 1.02015359821905E-05 1.02013954119684E-05 9.66442888028496E-06 9.27115043225513E-06 9.12718152434877E-06 9.78169386200989E-06
60.9291973244147 0.00816951692028 1.0201405057586E-05 1.02015463383509E-05 1.02015463347982E-05 1.02015463241401E-05 1.0201405032717E-05 9.66443811734052E-06 9.27115812032753E-06 9.1271888571498E-06 9.78170291787706E-06
60.9292642140468 0.008116150748375 1.02014042795417E-05 1.02015466083571E-05 1.02015466048044E-05 1.02015465515137E-05 1.02014043079635E-05 9.66443745653578E-06 9.27115623383656E-06 9.12718597589901E-06 9.78170212562191E-06
60.9293311036789 0.008063477978716 1.02014073952716E-05 1.02015505980546E-05 1.02015505909492E-05 1.0201550555422E-05 1.02014074023771E-05 9.66444037686642E-06 9.27115768334375E-06 9.12718693868442E-06 9.78170486121144E-06
60.929397993311 0.008011485507062 1.02014095162417E-05 1.02015536604938E-05 1.02015536640465E-05 1.02015536853628E-05 1.02014095091363E-05 9.66444251915277E-06 9.27115812388024E-06 9.12718687828829E-06 9.78170673704426E-06
60.9294648829432 0.007960160025316 1.02014107064008E-05 1.0201555916467E-05 1.0201555916467E-05 1.02015558951507E-05 1.02014106957427E-05 9.66444329719707E-06 9.27115797821898E-06 9.12718596879358E-06 9.7817076039064E-06
60.9295317725753 0.007909488901475 1.02014142591145E-05 1.02015603395955E-05 1.02015603218319E-05 1.02015603324901E-05 1.02014142235873E-05 9.66444679306733E-06 9.27115981497195E-06 9.12718734369378E-06 9.78171084042856E-06
60.9295986622074 0.00785946030145 1.02014255425331E-05 1.02015725786941E-05 1.02015725467197E-05 1.02015725857996E-05 1.02014255496385E-05 9.66445801253713E-06 9.27116968441055E-06 9.12719650614235E-06 9.78172191068438E-06
60.9296655518395 0.007810061216759 1.02014191938338E-05 1.02015670897515E-05 1.02015670613298E-05 1.02015670435662E-05 1.02014192044919E-05 9.66445132277727E-06 9.27116170501563E-06 9.12718783041555E-06 9.78171514987025E-06
60.9297324414716 0.007761280022596 1.02014223628544E-05 1.02015711469505E-05 1.02015711327397E-05 1.02015710865544E-05 1.02014223877234E-05 9.66445451666687E-06 9.27116329307864E-06 9.12718889978237E-06 9.78171806309547E-06
60.9297993311037 0.007713105717759 1.02014279583784E-05 1.02015777976305E-05 1.02015777585507E-05 1.0201577804736E-05 1.02014279619311E-05 9.66445988836995E-06 9.27116758120405E-06 9.12719240631077E-06 9.78172343835126E-06
60.9298662207358 0.007665526514106 1.0201427244283E-05 1.0201577829605E-05 1.02015778509212E-05 1.02015778224995E-05 1.02014272371775E-05 9.66445900374424E-06 9.27116509075177E-06 9.12718933321344E-06 9.7817223050356E-06
60.9299331103679 0.00761853136952 1.02014332554745E-05 1.02015848923998E-05 1.0201584888847E-05 1.02015848781889E-05 1.02014332625799E-05 9.66446495453965E-06 9.27116964888342E-06 9.12719332646361E-06 9.78172812438061E-06
60.93 0.007572109798087 1.02014271092798E-05 1.02015795846455E-05 1.02015795704347E-05 1.02015796272781E-05 1.02014270986217E-05 9.66445865913101E-06 9.27116202120715E-06 9.12718493850662E-06 9.78172167620528E-06
61.2099331103679 0.000296884719809 1.02118191414036E-05 1.02158824830667E-05 1.02158824759613E-05 1.02158824404341E-05 1.02118191342981E-05 9.67422206699098E-06 9.27509649883973E-06 9.12845201028745E-06 9.79088415320462E-06
61.7115719063545 0.000116617035847 1.02304794857844E-05 1.02416201706035E-05 1.02416201634981E-05 1.02416201670508E-05 1.02304795106534E-05 9.69179901488815E-06 9.28203967731633E-06 9.13049057515991E-06 9.80733162592173E-06
62.2132107023411 7.61228157308835E-05 1.0249373278981E-05 1.02676813114044E-05 1.02676812936409E-05 1.02676813362734E-05 1.02493732754283E-05 9.70966784663574E-06 9.28902898778006E-06 9.13240970490392E-06 9.824001537595E-06
62.7148494983278 5.82699924791541E-05 1.02684610396864E-05 1.02940281472286E-05 1.02940281649921E-05 1.0294028104596E-05 1.02684609721848E-05 9.72779163177506E-06 9.2960226929506E-06 9.13416175407633E-06 9.84085504640575E-06
63.2164882943144 4.82277645943441E-05 1.02877138310475E-05 1.03206333079697E-05 1.0320633279548E-05 1.03206332653372E-05 1.02877138736801E-05 9.74614456339396E-06 9.30298989842981E-06 9.13570924154783E-06 9.85786416052292E-06
63.718127090301 4.17970387367461E-05 1.03072188188946E-05 1.03475852313295E-05 1.03475852206714E-05 1.03475852313295E-05 1.03072188366582E-05 9.76481684844543E-06 9.31001489234973E-06 9.13713041583719E-06 9.87511654670925E-06
64.2197658862876 3.73312497323752E-05 1.03268499600517E-05 1.03747596327253E-05 1.03747596469361E-05 1.03747596185144E-05 1.03268499778153E-05 9.7836854280331E-06 9.31697000794429E-06 9.13829067172856E-06 9.89248717075952E-06
64.7214046822743 3.4052854811506E-05 1.03466607619396E-05 1.04022116147462E-05 1.04022116147462E-05 1.04022116254043E-05 1.03466608010194E-05 9.80280713136494E-06 9.3239065392936E-06 9.13923407708239E-06 9.91003045669459E-06
65.2230434782609 3.15467952063386E-05 1.03666631048327E-05 1.0429954556912E-05 1.04299545604647E-05 1.04299545995445E-05 1.03666630799637E-05 9.82219706102683E-06 9.33083419951686E-06 9.1399630193223E-06 9.92775912678212E-06
65.7246822742475 2.9571294156483E-05 1.0386843054988E-05 1.04579759820922E-05 1.04579759785395E-05 1.04579759643286E-05 1.03868430620935E-05 9.8418446086157E-06 9.33773670297455E-06 9.14045361000149E-06 9.94566003242881E-06
66.2263210702341 2.79759746355523E-05 1.04071798396888E-05 1.04862570573516E-05 1.04862570466935E-05 1.04862570431408E-05 1.04071798681105E-05 9.8617325114958E-06 9.34459121992859E-06 9.14067525314977E-06 9.96371355910242E-06
66.7279598662207 2.66624296294538E-05 1.04276862202823E-05 1.05148119473597E-05 1.05148119402543E-05 1.05148119402543E-05 1.0427686248704E-05 9.88187675332597E-06 9.35140823443703E-06 9.14063011947519E-06 9.98193321066765E-06
67.2295986622074 2.55635206087845E-05 1.04483486786933E-05 1.05436285871008E-05 1.05436285906535E-05 1.05436286474969E-05 1.04483486786933E-05 9.90226725861021E-06 9.35817226377367E-06 9.14029384802006E-06 1.00003064282816E-05
67.731237458194 2.46319001924178E-05 1.04691717588423E-05 1.05727136023859E-05 1.05727135952804E-05 1.05727135562006E-05 1.04691717801586E-05 9.92291254320321E-06 9.36488626024357E-06 9.13966033522229E-06 1.0018839198267E-05
68.2328762541806 2.38331576127848E-05 1.04901061277474E-05 1.06020190138167E-05 1.06020190173695E-05 1.0602019010264E-05 1.04901061099838E-05 9.94376697605048E-06 9.37149791369052E-06 9.13866866625313E-06 1.0037482937264E-05
68.7345150501672 2.31418851086573E-05 1.05112815802499E-05 1.06316763464065E-05 1.06316763570646E-05 1.06316763925918E-05 1.05112815624864E-05 9.96496365601729E-06 9.37813536694421E-06 9.13743658870203E-06 1.00563684064525E-05
69.2361538461539 2.25385946173162E-05 1.05325876305074E-05 1.06615770398832E-05 1.06615770150142E-05 1.06615770540941E-05 1.05325876447182E-05 9.98639640670262E-06 9.38468639688495E-06 9.13584217698826E-06 1.00753866369985E-05
69.7377926421405 2.2008305101906E-05 1.05540094033074E-05 1.06917076792001E-05 1.06917076720947E-05 1.0691707618804E-05 1.05540093997547E-05 1.00080541329817E-05 9.39113370179712E-06 9.13385752454587E-06 1.00945236383154E-05
70.2394314381271 2.15392664344449E-05 1.05755431896171E-05 1.07220663281282E-05 1.07220663174701E-05 1.07220663281282E-05 1.05755431931698E-05 1.00299369556467E-05 9.39747205208619E-06 9.13146616099425E-06 1.01137770229798E-05
70.7410702341137 2.11222320167792E-05 1.05972872219695E-05 1.07527528712126E-05 1.0752752878318E-05 1.07527529351614E-05 1.05972872290749E-05 1.0052147498385E-05 9.403797687213E-06 9.12875329106555E-06 1.01332462953962E-05
71.2427090301003 2.07495819424253E-05 1.06191491404672E-05 1.07836770730785E-05 1.07836770624203E-05 1.07836770553149E-05 1.06191491262564E-05 1.0074597472709E-05 9.41001650645035E-06 9.12561270283163E-06 1.01528404670148E-05
71.744347826087 2.04152072029729E-05 1.06411530396144E-05 1.08148644457629E-05 1.08148644493156E-05 1.08148644031303E-05 1.06411530467199E-05 1.00973150622963E-05 9.41615050820133E-06 9.12205436520708E-06 1.01725847159173E-05
72.2459866220736 2.01140322140247E-05 1.06632687035813E-05 1.08462866919012E-05 1.08462866741377E-05 1.08462866883485E-05 1.06632687106867E-05 1.01202746236595E-05 9.42216846055999E-06 9.11803336478556E-06 1.01924505777617E-05
72.7476254180602 1.98418854857607E-05 1.06855146491114E-05 1.08779643248624E-05 1.08779643355206E-05 1.08779643248624E-05 1.06855146349005E-05 1.01434989012716E-05 9.42808667403483E-06 9.11355351718157E-06 1.02124577168183E-05
73.2492642140468 1.95952583368353E-05 1.0707889856576E-05 1.09098979415023E-05 1.09098979379496E-05 1.09098979770295E-05 1.07078898849977E-05 1.01669916503511E-05 9.43390250895959E-06 9.10859790081986E-06 1.02326066730996E-05
73.7509030100335 1.93711877294334E-05 1.07303900556133E-05 1.09420853711129E-05 1.09420853924291E-05 1.09420853640074E-05 1.07303900875877E-05 1.01907534997281E-05 9.43961110166924E-06 9.10314687629921E-06 1.02528951622105E-05
74.2525418060201 1.91671442841823E-05 1.07529986728139E-05 1.09745115608462E-05 1.09745115786097E-05 1.0974511599926E-05 1.07529986870247E-05 1.02147718159529E-05 9.44519374002084E-06 9.09716647612413E-06 1.02733075131312E-05
74.7541806020067 1.8980964743065E-05 1.07757010106013E-05 1.10071640477827E-05 1.10071640229137E-05 1.10071640655462E-05 1.07757010248122E-05 1.02390369782768E-05 9.45063461443851E-06 9.09062543996697E-06 1.02938309360923E-05
75.2558193979933 1.88108773819806E-05 1.07985725001925E-05 1.10401201780519E-05 1.10401201673938E-05 1.10401201212085E-05 1.07985725215087E-05 1.02636296404057E-05 9.4560081969064E-06 9.08358144258159E-06 1.03145427736706E-05
75.7574581939799 1.86552244798577E-05 1.08215533813905E-05 1.10733218008363E-05 1.10733218008363E-05 1.107332177952E-05 1.0821553374285E-05 1.02884942805304E-05 9.46125398471054E-06 9.07595648413917E-06 1.03353847116239E-05
76.2590969899666 1.85126015566084E-05 1.08446266153805E-05 1.11067542967191E-05 1.11067542682974E-05 1.11067543038246E-05 1.08446266153805E-05 1.03136198212894E-05 9.46635381993133E-06 9.06771484210367E-06 1.03563419635577E-05
76.7607357859532 1.83817751455706E-05 1.08677714258931E-05 1.11403985059155E-05 1.11403985094682E-05 1.11403985734171E-05 1.08677713939187E-05 1.03389900552031E-05 9.47128594930291E-06 9.05881608304071E-06 1.03773952027098E-05
77.2623745819398 1.82617539437047E-05 1.0891058579432E-05 1.11743276214327E-05 1.11743276391962E-05 1.11743276605125E-05 1.08910585581157E-05 1.03646813087721E-05 9.47612125301589E-06 9.04931098588691E-06 1.03986176220872E-05
77.7640133779264 1.81515754498207E-05 1.0914461721967E-05 1.12085169661214E-05 1.12085169519105E-05 1.12085169874376E-05 1.0914461746836E-05 1.03906719672864E-05 9.48083235741137E-06 9.0391521645472E-06 1.04199843491415E-05
78.2656521739131 1.80503650071273E-05 1.09379349133576E-05 1.12429226213351E-05 1.12429226604149E-05 1.12429226106769E-05 1.0937934895594E-05 1.04169222510109E-05 9.48537300260455E-06 9.02827238746795E-06 1.04414517956286E-05
78.7672909698997 1.795742123889E-05 1.09615102203975E-05 1.12775792437958E-05 1.12775792331377E-05 1.12775792544539E-05 1.09615102203975E-05 1.04434696410749E-05 9.4897761968582E-06 9.01668167330172E-06 1.04630546076123E-05
79.2689297658863 1.787208760895E-05 1.09851843532738E-05 1.13124851210955E-05 1.13124851424118E-05 1.13124851139901E-05 1.09851843532738E-05 1.04703163490427E-05 9.49403768757406E-06 9.00435324524551E-06 1.04847912112405E-05
79.7705685618729 1.77937602821032E-05 1.10089382161505E-05 1.1347623461333E-05 1.1347623461333E-05 1.13476234169241E-05 1.10089382250322E-05 1.04974486632159E-05 9.49813947315192E-06 8.99124430908671E-06 1.05066449123115E-05
80.2722073578595 1.77219289447805E-05 1.10327842008928E-05 1.13830088714906E-05 1.13830088395162E-05 1.13830088963596E-05 1.10327841849056E-05 1.05248852477757E-05 9.50209409822378E-06 8.97734276428253E-06 1.05286306464336E-05
80.7738461538462 1.76561296711952E-05 1.10567282067819E-05 1.1418649524586E-05 1.1418649524586E-05 1.14186495352442E-05 1.10567282156637E-05 1.05526379474696E-05 9.50590877835111E-06 8.96262905847323E-06 1.05507569099217E-05
81.2754849498328 1.75958788357633E-05 1.10807104363175E-05 1.14544877725109E-05 1.145448777784E-05 1.14544877849454E-05 1.10807104203303E-05 1.05806522370244E-05 9.50952472500433E-06 8.94701693887612E-06 1.05729661488141E-05
81.7771237458194 1.75409026059725E-05 1.11048393733881E-05 1.14906341295296E-05 1.14906341188714E-05 1.1490634186373E-05 1.11048393822699E-05 1.06090438034556E-05 9.51305181473572E-06 8.93058717821305E-06 1.05953699591765E-05
82.278762541806 1.74907103946964E-05 1.11289706783424E-05 1.1526946671836E-05 1.1526946671836E-05 1.15269466824941E-05 1.1128970646368E-05 1.06376734976266E-05 9.51634717338834E-06 8.91316731532754E-06 1.06178262289092E-05
82.7804013377927 1.74451119203667E-05 1.11532286695137E-05 1.15635521780177E-05 1.15635521868995E-05 1.15635521975577E-05 1.11532286553029E-05 1.0666672290327E-05 9.51953765770952E-06 8.89485256116984E-06 1.06404625430656E-05
83.2820401337793 1.74037691920148E-05 1.11775606246312E-05 1.1600400171119E-05 1.16004001800007E-05 1.16004001409209E-05 1.1177560638842E-05 1.06959943355633E-05 9.52257249586808E-06 8.87555946427199E-06 1.0663229186747E-05
83.7836789297659 1.73663351841213E-05 1.12018804649949E-05 1.16374066170266E-05 1.16374066134739E-05 1.16374066809755E-05 1.12018804436786E-05 1.07255595089839E-05 9.52536870180154E-06 8.8551701669104E-06 1.06860429909261E-05
84.2853177257525 1.73327685359936E-05 1.12263846983041E-05 1.16747710183773E-05 1.16747710059428E-05 1.16747710450227E-05 1.12263846983041E-05 1.07555711021945E-05 9.52812590426788E-06 8.83384913663576E-06 1.07091037850893E-05
84.7869565217392 1.7302643179562E-05 1.1250865110668E-05 1.17122865699315E-05 1.17122865503916E-05 1.17122866019059E-05 1.12508650538246E-05 1.07858268698635E-05 9.53063839581603E-06 8.81135281893819E-06 1.07322058635617E-05
85.2885953177258 1.72758964289699E-05 1.12754581884644E-05 1.17500933800585E-05 1.17500933942694E-05 1.17500934120329E-05 1.12754581582664E-05 1.0816471304409E-05 9.53304820328071E-06 8.78778423185622E-06 1.07554904023033E-05
85.7902341137124 1.72522596457725E-05 1.13000788886097E-05 1.17881082637439E-05 1.17881082370985E-05 1.17881082175586E-05 1.13000788761752E-05 1.0847425260252E-05 9.53527383451558E-06 8.76302068419932E-06 1.07788750352E-05
86.291872909699 1.72316040707443E-05 1.13247669872862E-05 1.182637361552E-05 1.18263736030855E-05 1.18263736190727E-05 1.13247669748517E-05 1.08787357060436E-05 9.53736049247311E-06 8.73706441062438E-06 1.08024034890519E-05
86.7935117056856 1.72137171183806E-05 1.13494648381618E-05 1.18648341835836E-05 1.18648341906891E-05 1.18648342066763E-05 1.13494648115164E-05 1.09103522749621E-05 9.53925487756635E-06 8.70981787493008E-06 1.08260216222789E-05
87.2951505016723 1.71985760779592E-05 1.13742933667282E-05 1.19036136716488E-05 1.1903613657438E-05 1.19036136752015E-05 1.13742933560701E-05 1.0942403179115E-05 9.54108520012653E-06 8.68136168286071E-06 1.08498548065938E-05
87.7967892976589 1.71858785069645E-05 1.13990820693743E-05 1.19425436917453E-05 1.19425437024034E-05 1.1942543695298E-05 1.13990820889143E-05 1.09747238745683E-05 9.5426861310699E-06 8.65148190065668E-06 1.08737354977961E-05
88.2984280936455 1.71756665157119E-05 1.14239958168838E-05 1.19817924915111E-05 1.19817925074983E-05 1.19817925074983E-05 1.14239958346474E-05 1.10074879966504E-05 9.5442307497251E-06 8.62030032955374E-06 1.08978338726473E-05
88.8000668896321 1.71676537643606E-05 1.14488608851104E-05 1.2021188556588E-05 1.20211885636934E-05 1.2021188581457E-05 1.14488608815577E-05 1.10405284150517E-05 9.54555234500276E-06 8.58759614885685E-06 1.09219798503091E-05
89.3017056856187 1.71619272339996E-05 1.14738703960171E-05 1.20609277196593E-05 1.20609277303174E-05 1.20609277409756E-05 1.14738704137807E-05 1.10740459646763E-05 9.54685314802362E-06 8.55351536088733E-06 1.09463713418023E-05
89.8033444816054 1.71581787977715E-05 1.14988131016958E-05 1.2100801475512E-05 1.21008014595247E-05 1.21008014382085E-05 1.14988131070248E-05 1.11078367694972E-05 9.54793006258115E-06 8.51779656407814E-06 1.09708013269483E-05
90.304983277592 1.71564453292916E-05 1.15238170419474E-05 1.21409407682904E-05 1.21409407736195E-05 1.21409407771722E-05 1.15238170508292E-05 1.11420372128634E-05 9.54892214721781E-06 8.48051640112146E-06 1.09954033380433E-05
90.8066220735786 1.71566757121155E-05 1.15489147525238E-05 1.21813808409144E-05 1.21813808533489E-05 1.21813808480198E-05 1.15489147614056E-05 1.11766866996987E-05 9.54987158330312E-06 8.4416530299336E-06 1.10202141438975E-05
91.3082608695652 1.71586785278066E-05 1.15739940795834E-05 1.22220123675021E-05 1.22220123497385E-05 1.22220123657257E-05 1.15739940724779E-05 1.121168103424E-05 9.55067817365318E-06 8.40103828458894E-06 1.1045126910858E-05
91.8098996655518 1.71624078326715E-05 1.15990824127721E-05 1.22628658143498E-05 1.22628658250079E-05 1.22628658125734E-05 1.15990823914558E-05 1.12470559958666E-05 9.55138213143414E-06 8.35864159753896E-06 1.10701747395581E-05
92.3115384615385 1.71678070657322E-05 1.16241911634063E-05 1.23039557120563E-05 1.23039557156091E-05 1.23039557173854E-05 1.16241911776172E-05 1.12828308616031E-05 9.55200748187224E-06 8.31441335868988E-06 1.1095374327752E-05
92.8131772575251 1.71748022399498E-05 1.16493105419835E-05 1.23452748574948E-05 1.23452748361785E-05 1.2345274873482E-05 1.16493105490889E-05 1.13190037271949E-05 9.55255913481778E-06 8.26828002331581E-06 1.1120721515212E-05
93.3148160535117 1.71833294988488E-05 1.1674437448761E-05 1.23868221155732E-05 1.23868221013623E-05 1.23868221528767E-05 1.16744374576427E-05 1.13555784384545E-05 9.55304776439903E-06 8.2201711748553E-06 1.11462178598032E-05
93.8164548494983 1.7193384222125E-05 1.1699621854433E-05 1.2428651665175E-05 1.24286516705041E-05 1.24286516705041E-05 1.16996218526566E-05 1.13926146383392E-05 9.55354055598434E-06 8.17006859143987E-06 1.11719205744265E-05
94.318093645485 1.72048261024571E-05 1.17247757334127E-05 1.24706783903861E-05 1.24706784010442E-05 1.24706784010442E-05 1.17247757227545E-05 1.1430031797488E-05 9.55396657431606E-06 8.11781169041126E-06 1.11977475008018E-05
94.8197324414716 1.72176682777803E-05 1.17499488432316E-05 1.25129675065949E-05 1.25129675048186E-05 1.25129675421221E-05 1.17499488432316E-05 1.14679010163599E-05 9.55440705929789E-06 8.06338737646684E-06 1.12237676468396E-05
95.3213712374582 1.72318358337975E-05 1.17751472519245E-05 1.25554932211003E-05 1.2555493249522E-05 1.25554932068894E-05 1.17751472377137E-05 1.15062008987366E-05 9.55485239906295E-06 8.0066881356089E-06 1.12499582396453E-05
95.8230100334448 1.72472860811013E-05 1.18003383189347E-05 1.25982592624752E-05 1.25982592678042E-05 1.25982592855678E-05 1.18003383171583E-05 1.15449413122803E-05 9.55532397028946E-06 7.94763198364024E-06 1.12763270827543E-05
96.3246488294314 1.72639443487554E-05 1.18254981043009E-05 1.26412348073757E-05 1.26412348127047E-05 1.2641234809152E-05 1.18254981060772E-05 1.15840962600089E-05 9.55581032258124E-06 7.88609947122154E-06 1.13028470973831E-05
96.8262876254181 1.72817931325397E-05 1.18506470982993E-05 1.2684443268185E-05 1.26844432770667E-05 1.26844433001594E-05 1.18506470858648E-05 1.16236943110692E-05 9.55635548294254E-06 7.82202031679446E-06 1.13295458188389E-05
97.3279264214047 1.73008018062859E-05 1.18757902907163E-05 1.27278929333841E-05 1.27278929333841E-05 1.27278929191732E-05 1.18757902711764E-05 1.1663749591051E-05 9.5569893829861E-06 7.75530534369295E-06 1.13564359320861E-05
97.8295652173913 1.73209680589537E-05 1.19009574444107E-05 1.27716175502002E-05 1.27716175608583E-05 1.27716175448711E-05 1.19009574390816E-05 1.17043005172235E-05 9.55776845579237E-06 7.68588541788517E-06 1.1383555277078E-05
98.3312040133779 1.73421751785696E-05 1.1926065901946E-05 1.28155361949212E-05 1.28155362073557E-05 1.28155362180138E-05 1.19260659090514E-05 1.17452718111366E-05 9.55863714047212E-06 7.61357415512975E-06 1.14108278985725E-05
98.8328428093645 1.73644234084946E-05 1.19511439660158E-05 1.28596821600269E-05 1.28596821600269E-05 1.28596821387106E-05 1.19511439713449E-05 1.178670228974E-05 9.55965506932444E-06 7.53829291788577E-06 1.14382920131106E-05
99.3344816053512 1.7387755690379E-05 1.19762624350983E-05 1.29041292353804E-05 1.29041292460386E-05 1.29041292602494E-05 1.19762624315456E-05 1.18286704928749E-05 9.56092371140471E-06 7.45999854778745E-06 1.14660262884314E-05
99.8361204013378 1.74120050839832E-05 1.20012803126457E-05 1.29487402205086E-05 1.29487402293904E-05 1.29487402347195E-05 1.2001280314422E-05 1.18710448830939E-05 9.56233615845292E-06 7.37843073572719E-06 1.14938990929403E-05
100.337759197324 1.74372675232348E-05 1.20263184957281E-05 1.29936392614383E-05 1.29936392756491E-05 1.29936392845309E-05 1.20263185081626E-05 1.19139553174108E-05 9.56404789675958E-06 7.29358567319594E-06 1.1522040281875E-05
100.839397993311 1.74634172100951E-05 1.20512742576295E-05 1.3038727313841E-05 1.3038727313841E-05 1.30387272960775E-05 1.20512742594059E-05 1.1957307428645E-05 9.56599286361382E-06 7.20522924169131E-06 1.15503562252428E-05
101.341036789298 1.74905359173749E-05 1.20762507602734E-05 1.30841114014402E-05 1.30841114032165E-05 1.30841114120983E-05 1.20762507673788E-05 1.20012135926828E-05 9.56831423692961E-06 7.11332666369913E-06 1.15789603292171E-05
101.842675585284 1.75184850839116E-05 1.21011306930541E-05 1.31296777290402E-05 1.31296777290402E-05 1.31296777308165E-05 1.21011307196994E-05 1.20455657341978E-05 9.57093513598295E-06 7.01761625343522E-06 1.16077451082219E-05
102.344314381271 1.75473479675503E-05 1.21260152763369E-05 1.31755316949977E-05 1.31755317021032E-05 1.31755316488125E-05 1.21260152550207E-05 1.20904738807326E-05 9.57400027701283E-06 6.91804622121595E-06 1.16368222897734E-05
102.845953177258 1.75770258827868E-05 1.21508247907798E-05 1.32215971628824E-05 1.32215971682115E-05 1.3221597161106E-05 1.21508247907798E-05 1.21358674949335E-05 9.57747492691397E-06 6.81437685834396E-06 1.16661226865489E-05
103.347591973244 1.76075085711602E-05 1.21755665389856E-05 1.32678851727519E-05 1.32678851727519E-05 1.32678851691992E-05 1.21755665389856E-05 1.21817627505294E-05 9.58141486862019E-06 6.7064468449729E-06 1.16956646660782E-05
103.849230769231 1.76387809194267E-05 1.22002402207499E-05 1.33143995917351E-05 1.33143995828533E-05 1.33143995952878E-05 1.22002402118682E-05 1.22281687175985E-05 9.58586834087782E-06 6.59407657543909E-06 1.17254589859783E-05
104.350869565217 1.76708688481852E-05 1.22248867064911E-05 1.33611854966631E-05 1.33611855073212E-05 1.33611855233085E-05 1.22248867153729E-05 1.2275135601314E-05 9.59093020824753E-06 6.47711984669286E-06 1.17555587646478E-05
104.852508361204 1.77037359065935E-05 1.22494844188026E-05 1.34082249854117E-05 1.34082249783063E-05 1.34082250120571E-05 1.22494844312371E-05 1.23226504058493E-05 9.59663255351018E-06 6.35535710102886E-06 1.17859537027698E-05
105.354147157191 1.77373416079263E-05 1.22740056891502E-05 1.34554946598087E-05 1.34554946633614E-05 1.34554946757959E-05 1.22740057104664E-05 1.23706946268953E-05 9.60300556229754E-06 6.22855117704546E-06 1.18166286533494E-05
105.855785953177 1.7771672801814E-05 1.22984497874512E-05 1.35029980512513E-05 1.35029980530277E-05 1.35029980388168E-05 1.22984497874512E-05 1.24192772474885E-05 9.61010876743273E-06 6.09648061278278E-06 1.1847595803971E-05
106.357424749164 1.78067117122538E-05 1.23228108890316E-05 1.35507333638429E-05 1.35507333851592E-05 1.3550733369172E-05 1.23228109014661E-05 1.24684013105281E-05 9.61799825915932E-06 5.95890590204817E-06 1.1878861966963E-05
106.859063545151 1.78424531878107E-05 1.23470942945403E-05 1.35987103124791E-05 1.35987103000446E-05 1.35987102733992E-05 1.23470943034221E-05 1.25180811760828E-05 9.62674503135474E-06 5.81558450285513E-06 1.19104458509156E-05
107.360702341137 1.78788594684676E-05 1.23712725788039E-05 1.36469056801758E-05 1.36469056748467E-05 1.36469056801758E-05 1.23712725734748E-05 1.25682988443288E-05 9.63638993312088E-06 5.66622736286604E-06 1.19423338080793E-05
107.862341137124 1.79159450723887E-05 1.2395369589413E-05 1.36953479490387E-05 1.36953479650259E-05 1.36953479366042E-05 1.23953695947421E-05 1.26190868918741E-05 9.64702786454552E-06 5.51058050746178E-06 1.19745636428803E-05
108.36397993311 1.79537325397661E-05 1.24194169561775E-05 1.3744073006805E-05 1.37440730085814E-05 1.37440729606197E-05 1.24194169579539E-05 1.2670486951194E-05 9.65876371594732E-06 5.34838156340811E-06 1.20071814642131E-05
108.865618729097 1.79921637055713E-05 1.24433646391253E-05 1.37930353272253E-05 1.37930353183435E-05 1.37930353574234E-05 1.24433646284672E-05 1.27224569386186E-05 9.67162404741373E-06 5.17926743626163E-06 1.20401515175672E-05
109.367257525084 1.80312261051085E-05 1.24672066643683E-05 1.38422347735201E-05 1.38422348054945E-05 1.38422347895073E-05 1.24672066981191E-05 1.27750019061068E-05 9.68568403614256E-06 5.00290135896364E-06 1.20734844095693E-05
109.86889632107 1.80708963934961E-05 1.24909292837927E-05 1.38916596412741E-05 1.38916596315042E-05 1.38916596332805E-05 1.24909293077735E-05 1.28281143476627E-05 9.70101000064005E-06 4.81891384307431E-06 1.21071791516769E-05
110.370535117057 1.81111273001022E-05 1.2514489912796E-05 1.39412737070188E-05 1.39412737452105E-05 1.39412737372169E-05 1.25144899172369E-05 1.28817627329525E-05 9.71764573787226E-06 4.62688734881311E-06 1.21412104654439E-05
110.872173913044 1.81520167750193E-05 1.25379934230452E-05 1.39911863330511E-05 1.39911863294984E-05 1.39911863170639E-05 1.25379934337033E-05 1.29360605116702E-05 9.73578492846627E-06 4.42652746368566E-06 1.21756991173783E-05
111.37381270903 1.81935069312189E-05 1.25613872876684E-05 1.40413497788927E-05 1.40413497646819E-05 1.40413498055381E-05 1.25613873027675E-05 1.29909642403447E-05 9.75546682546735E-06 4.21735400024659E-06 1.22106091255958E-05
111.875451505017 1.82355967988101E-05 1.25846754022163E-05 1.40917730044876E-05 1.40917730160339E-05 1.40917730346857E-05 1.25846754066572E-05 1.30464872452052E-05 9.77678907521096E-06 3.99891484903492E-06 1.22459610834014E-05
112.377090301003 1.82782300370832E-05 1.26078059770052E-05 1.41424091948394E-05 1.41424091664177E-05 1.41424091939513E-05 1.26078059787815E-05 1.31025868332912E-05 9.7997967030139E-06 3.77067076051674E-06 1.22817202203862E-05
112.87872909699 1.83213823916617E-05 1.26307586887364E-05 1.41932431070302E-05 1.41932431336755E-05 1.4193243131011E-05 1.26307587109409E-05 1.31592506065203E-05 9.82457000642256E-06 3.53207987036086E-06 1.23178833506543E-05
113.380367892977 1.83651211704827E-05 1.26536049895876E-05 1.42443512229917E-05 1.42443512434198E-05 1.42443512469725E-05 1.26536049913639E-05 1.32165598074607E-05 9.85128320607487E-06 3.28265574811581E-06 1.23545397929803E-05
113.882006688963 1.84094234860765E-05 1.26763255181572E-05 1.42957193833837E-05 1.42957193824955E-05 1.42957193931537E-05 1.26763255163809E-05 1.32745037477733E-05 9.88002302726443E-06 3.02178136468711E-06 1.23916882248665E-05
114.38364548495 1.84542844436919E-05 1.26989184447979E-05 1.43473508797953E-05 1.43473508869008E-05 1.43473508797953E-05 1.26989184447979E-05 1.33330897940098E-05 9.91089523605382E-06 2.74881196116183E-06 1.24293448457991E-05
114.885284280936 1.8499682066242E-05 1.27213641851753E-05 1.43992315910779E-05 1.43992315511099E-05 1.43992315875252E-05 1.2721364183399E-05 1.33923064655761E-05 9.94399131926116E-06 2.46303759876554E-06 1.24675084292036E-05
115.386923076923 1.85455689765135E-05 1.27436177059792E-05 1.44513218414133E-05 1.44513218343079E-05 1.44513217943398E-05 1.27436176988738E-05 1.34521183836611E-05 9.97937927760262E-06 2.1636701443839E-06 1.25061528262194E-05
115.88856187291 1.85919912505383E-05 1.27657267983139E-05 1.45036749295002E-05 1.45036749463756E-05 1.45036749277239E-05 1.2765726803643E-05 1.35125817886106E-05 1.00172222703421E-05 1.84995627616757E-06 1.25453446546686E-05
116.390200668896 1.86389303777901E-05 1.27876746480737E-05 1.45562796189935E-05 1.45562796358689E-05 1.45562795923482E-05 1.27876746436328E-05 1.35736882285187E-05 1.00576214903114E-05 1.52101535988436E-06 1.2585086152761E-05
116.891839464883 1.86863721598485E-05 1.28094480853491E-05 1.46091283497185E-05 1.4609128352383E-05 1.4609128337284E-05 1.28094480764673E-05 1.36354337714195E-05 1.01006825294903E-05 1.17589997739032E-06 1.26253834205059E-05
117.39347826087 1.87342979796057E-05 1.28310297453638E-05 1.46622094776561E-05 1.46622094847615E-05 1.46622094696625E-05 1.28310297631273E-05 1.36978090541362E-05 1.0146509390907E-05 8.13582925474066E-07 1.26662383408416E-05
117.895117056856 1.87826584481243E-05 1.28523714311157E-05 1.47154803311622E-05 1.47154803222804E-05 1.47154803267213E-05 1.28523714328921E-05 1.3760774661975E-05 1.0195176931127E-05 4.32921646087436E-07 1.2707622374819E-05
118.396755852843 1.88316128264532E-05 1.28736310740507E-05 1.47691051939347E-05 1.47691051974874E-05 1.47691052205801E-05 1.2873631070498E-05 1.38244975520507E-05 1.0246966267502E-05 3.28812141958679E-08 1.27497130897325E-05
118.898394648829 1.88810310470799E-05 1.28946793926943E-05 1.48229606748984E-05 1.48229606917738E-05 1.48229606464767E-05 1.28946793918061E-05 1.38888564720219E-05 1.03018729014082E-05 3.87959476988442E-07 1.27924006809721E-05
119.400033444816 1.89308451581383E-05 1.29154499797224E-05 1.48769857011288E-05 1.48769856700426E-05 1.48769856584963E-05 1.29154499868278E-05 1.39537939238821E-05 1.03599566942947E-05 8.31071930385008E-07 1.2835638709241E-05
119.901672240803 1.89812009523394E-05 1.2936085385995E-05 1.49313297361786E-05 1.49313297352904E-05 1.49313297468368E-05 1.29360853868832E-05 1.40194597877397E-05 1.04214844318662E-05 1.29785818980821E-06 1.28795887608391E-05
120.403311036789 1.90320463806515E-05 1.29565329158865E-05 1.49859464180224E-05 1.4985946410917E-05 1.49859464082525E-05 1.29565329078929E-05 1.40858108856889E-05 1.04865297778645E-05 1.79005274070221E-06 1.29242182325129E-05
120.904949832776 1.90832231279359E-05 1.29766366141482E-05 1.5040684876233E-05 1.50406848851148E-05 1.50406848851148E-05 1.29766366159245E-05 1.41526982986306E-05 1.05550625901785E-05 2.30964644654108E-06 1.2969390320805E-05
121.406588628763 1.91350347327202E-05 1.29966943189785E-05 1.50958507774135E-05 1.50958507969534E-05 1.50958508093879E-05 1.29966943136495E-05 1.42204297430837E-05 1.06275038325165E-05 2.85837638447362E-06 1.30154224926571E-05
121.908227424749 1.91871653543174E-05 1.30163912706038E-05 1.51511350159339E-05 1.51511349999467E-05 1.51511350150457E-05 1.30163912652748E-05 1.42886975833534E-05 1.07036627330359E-05 3.43877842912121E-06 1.30620189535691E-05
122.409866220736 1.92397725804483E-05 1.30358830636723E-05 1.52066997243239E-05 1.52066997065603E-05 1.52066997127776E-05 1.30358830565669E-05 1.43576657087863E-05 1.07838169265406E-05 4.05315460749733E-06 1.31093543425109E-05
122.911505016722 1.92928912596813E-05 1.30552003936302E-05 1.52625830418529E-05 1.52625830578401E-05 1.5262583037412E-05 1.30552003954065E-05 1.44273730402489E-05 1.08681152903856E-05 4.70419778508813E-06 1.31574778983179E-05
123.413143812709 1.93463047857279E-05 1.30741283026481E-05 1.53185753744012E-05 1.53185753619667E-05 1.53185753521967E-05 1.30741282964308E-05 1.44976124714091E-05 1.09564610264457E-05 5.39512387831564E-06 1.3206193088422E-05
123.914782608696 1.94003019675648E-05 1.30929486541476E-05 1.53749669538072E-05 1.53749669689063E-05 1.53749669689063E-05 1.30929486532594E-05 1.45686744232876E-05 1.10492486733449E-05 6.12901302954327E-06 1.32557997707394E-05
124.416421404682 1.94546652778627E-05 1.31114441570546E-05 1.54315464477861E-05 1.54315464415689E-05 1.54315464344634E-05 1.311144415439E-05 1.46403489518221E-05 1.11463714524973E-05 6.90980742756864E-06 1.33060980287425E-05
124.918060200669 1.95094107482419E-05 1.31296278986781E-05 1.54883338732148E-05 1.54883338607803E-05 1.54883338625567E-05 1.3129627903119E-05 1.47126571334866E-05 1.12479493559192E-05 7.74166830641576E-06 1.33571182114878E-05
125.419698996656 1.9564688304996E-05 1.31476440214939E-05 1.55454815979894E-05 1.55454815784495E-05 1.55454815793377E-05 1.3147644026823E-05 1.47857514418703E-05 1.1354226428395E-05 8.6291427408014E-06 1.34090209211735E-05
125.921337792642 1.96203376079396E-05 1.31653310058155E-05 1.56028343996084E-05 1.5602834377404E-05 1.56028343987202E-05 1.31653310111446E-05 1.48594776732125E-05 1.14651391589504E-05 9.57765643327946E-06 1.34616607949667E-05
126.422976588629 1.96763499191732E-05 1.31826769287358E-05 1.5660387569838E-05 1.56603875982597E-05 1.56603875813843E-05 1.31826769287358E-05 1.49338321921988E-05 1.15807657223854E-05 1.05931738483278E-05 1.35150412052809E-05
126.924615384615 1.97328310749256E-05 1.31997821020136E-05 1.57182495605923E-05 1.5718249558816E-05 1.57182495712505E-05 1.31997821020136E-05 1.5008923020865E-05 1.17012910214598E-05 1.16823519551446E-05 1.35692773142182E-05
127.426254180602 1.97897422946625E-05 1.32166043220749E-05 1.5776385449584E-05 1.57763854806703E-05 1.57763854264914E-05 1.32166043176341E-05 1.50847154367639E-05 1.18267509412462E-05 1.28529180942749E-05 1.36243408705994E-05
127.927892976589 1.9847043033927E-05 1.32330988522611E-05 1.58347581136198E-05 1.58347581358242E-05 1.58347581518115E-05 1.32330988495966E-05 1.51611726648682E-05 1.19571709653599E-05 1.41137058529139E-05 1.36802004266912E-05
128.429531772575 1.99047383917517E-05 1.32492669173701E-05 1.58933764540237E-05 1.58933764478064E-05 1.58933764478064E-05 1.32492669164819E-05 1.52383032645531E-05 1.20926158997392E-05 1.54748095235746E-05 1.37368696506712E-05
128.931170568562 1.99628050685519E-05 1.32650799811174E-05 1.59522199014717E-05 1.59522198872608E-05 1.59522198828199E-05 1.32650799820055E-05 1.53160867171209E-05 1.22331124785546E-05 1.69479173575127E-05 1.3794331858108E-05
129.432809364548 2.00212942966793E-05 1.32805844046402E-05 1.60113428200326E-05 1.60113428364639E-05 1.60113428542274E-05 1.32805844006434E-05 1.53945765903885E-05 1.23787522756658E-05 1.85465147732877E-05 1.38526438240305E-05
129.934448160535 2.00801835461561E-05 1.32957526832733E-05 1.60707259753146E-05 1.60707259704296E-05 1.60707259420079E-05 1.32957526863819E-05 1.54737533488714E-05 1.25295463528907E-05 2.02864241338752E-05 1.39117883111162E-05
130.436086956522 2.01394776500052E-05 1.33105844084547E-05 1.61303769670162E-05 1.61303769798948E-05 1.6130376960799E-05 1.33105844093429E-05 1.5553624700626E-05 1.26855215127897E-05 2.21862025422404E-05 1.39717737543954E-05
130.937725752508 2.01991679458224E-05 1.33250655336425E-05 1.61902901325561E-05 1.61902901454347E-05 1.61902901507638E-05 1.33250655331985E-05 1.5634183644142E-05 1.28466826696538E-05 2.42678086661563E-05 1.40325941000441E-05
131.439364548495 2.02592424116688E-05 1.33391785062109E-05 1.62504563925303E-05 1.62504564027444E-05 1.62504564094057E-05 1.33391785022141E-05 1.57154195665754E-05 1.30130198190415E-05 2.65574051381279E-05 1.40942384345699E-05
131.941003344482 2.031970345584E-05 1.33529198356186E-05 1.63108808810541E-05 1.63108808699519E-05 1.63108808579615E-05 1.33529198391713E-05 1.5797337499901E-05 1.3184528368182E-05 2.90863952585596E-05 1.41567096516582E-05
132.442642140468 2.03805300920123E-05 1.33662628387654E-05 1.63715453593838E-05 1.63715453531665E-05 1.6371545365601E-05 1.33662628361009E-05 1.58799180924873E-05 1.33611684032253E-05 3.18928489813075E-05 1.42199857382508E-05
132.944280936455 2.0441745772537E-05 1.33792241880926E-05 1.64324756632972E-05 1.64324756637413E-05 1.6432475672179E-05 1.33792241787667E-05 1.59631856520015E-05 1.35429341163729E-05 3.50232966956909E-05 1.42840874315375E-05
133.445919732441 2.05033990887671E-05 1.33918455746951E-05 1.6493722641453E-05 1.64937226689865E-05 1.64937226609929E-05 1.3391845574251E-05 1.60471892955982E-05 1.37298326161606E-05 3.85352575604791E-05 1.43490590942541E-05
133.947558528428 2.05654254594734E-05 1.34040564927496E-05 1.6555224605419E-05 1.655522460009E-05 1.65552246036427E-05 1.34040564927496E-05 1.61318664355647E-05 1.39217496890609E-05 4.25008296041085E-05 1.44148321981064E-05
134.449197324415 2.06277556382695E-05 1.34157821505276E-05 1.66169153974494E-05 1.66169153974494E-05 1.66169153952289E-05 1.34157821540803E-05 1.62171489792584E-05 1.41185546298495E-05 4.70114373314345E-05 1.44813323639248E-05
134.950836120401 2.06904708637268E-05 1.34270951424043E-05 1.66788777407056E-05 1.66788777402616E-05 1.66788777016258E-05 1.3427095141072E-05 1.63031182203177E-05 1.43202543139154E-05 5.2184658154264E-05 1.45486322682409E-05
135.452474916388 2.07536450811396E-05 1.34380611118701E-05 1.67411871494494E-05 1.67411871578871E-05 1.67411871365708E-05 1.34380611105378E-05 1.63898478446889E-05 1.45268381142039E-05 5.81745309049531E-05 1.46167963990251E-05
135.954113712375 2.08170688962284E-05 1.34484670204493E-05 1.6803638675178E-05 1.68036386618553E-05 1.68036386538617E-05 1.34484670071267E-05 1.64771308353018E-05 1.4738005074566E-05 6.51870869221582E-05 1.46856087175351E-05
136.455752508361 2.08809880928307E-05 1.34585474351745E-05 1.68664782314032E-05 1.686647822563E-05 1.68664782380645E-05 1.345854743251E-05 1.65652109749281E-05 1.49538944578254E-05 7.35034693088998E-05 1.47553013460922E-05
136.957391304348 2.0945176640641E-05 1.34680712196023E-05 1.69294833818334E-05 1.69294833942679E-05 1.69294834000411E-05 1.34680712204904E-05 1.66538638275426E-05 1.51741673040107E-05 8.35187984868924E-05 1.48256383383227E-05
137.459030100334 2.10097903088347E-05 1.34771838555814E-05 1.69928108011419E-05 1.69928108029183E-05 1.6992810806471E-05 1.34771838542491E-05 1.67432438762383E-05 1.53988539763894E-05 9.58052007167254E-05 1.48967606663497E-05
137.960668896321 2.10747176141446E-05 1.34857681319822E-05 1.70563522683409E-05 1.70563522314815E-05 1.70563522465805E-05 1.34857681319822E-05 1.68332402497029E-05 1.56277116363235E-05 0.000111224432705 1.49685445234304E-05
138.462307692308 2.11400697613939E-05 1.34939250204802E-05 1.71202199692466E-05 1.71202199727993E-05 1.71202199905629E-05 1.34939250253652E-05 1.6923963711335E-05 1.58607086873097E-05 0.000131136993437 1.5041084835854E-05
138.963946488294 2.12056972932473E-05 1.35014971713865E-05 1.7184266857484E-05 1.71842668530431E-05 1.71842668446054E-05 1.3501497168722E-05 1.70152637433141E-05 1.60975461271917E-05 0.00015782467989 1.51142163580253E-05
139.465585284281 2.1271793229527E-05 1.35086695336462E-05 1.72486880978262E-05 1.72486880973821E-05 1.7248688091609E-05 1.35086695309816E-05 1.7107332969335E-05 1.63382606870321E-05 0.000195428223124 1.51881157415268E-05
139.967224080268 2.1338099339907E-05 1.35151733799965E-05 1.73132266345632E-05 1.73132266292342E-05 1.73132266212406E-05 1.35151733786643E-05 1.71999124476407E-05 1.65824285165428E-05 0.000252326558223 1.52625059786082E-05
140.468862876254 2.14049245355064E-05 1.35213105880716E-05 1.73781941388285E-05 1.73781941428253E-05 1.73781941308349E-05 1.35213105814103E-05 1.72933100235362E-05 1.68301897756074E-05 0.000348420215949 1.53376786560244E-05
140.970501672241 2.14720382349931E-05 1.35268396324051E-05 1.74433610962144E-05 1.74433610882208E-05 1.74433610882208E-05 1.35268396304067E-05 1.73872946236386E-05 1.70811376336566E-05 0.000545316522732 1.54133831791192E-05
141.472140468227 2.15394514335721E-05 1.35317629517129E-05 1.75087406901753E-05 1.75087407021657E-05 1.75087407201513E-05 1.35317629501586E-05 1.74818754608008E-05 1.73351024512769E-05 0.001175816565453 1.5489611042474E-05
141.973779264214 2.16073288914487E-05 1.35362351876278E-05 1.75744993022864E-05 1.75744993033966E-05 1.75744993118343E-05 1.35362351896262E-05 1.75772167412269E-05 1.75920639851057E-05 0.012004348720631 2.19121163513858E-05
142.475418060201 2.16754768254113E-05 1.35400522904838E-05 1.76404445892953E-05 1.76404445839662E-05 1.76404446006195E-05 1.35400522895957E-05 1.76731225520754E-05 1.7851640753852E-05 0.001030214735816 2.20244277828741E-05
142.977056856187 2.17439746081904E-05 1.35432845485006E-05 1.77066581261709E-05 1.77066581377172E-05 1.77066581115159E-05 1.35432845511652E-05 1.7769671678991E-05 1.81137220385263E-05 0.000551111083157 2.21373703526151E-05
143.478695652174 2.18128963429542E-05 1.3545994629327E-05 1.77732150292709E-05 1.77732150505872E-05 1.77732150437038E-05 1.35459946299932E-05 1.78669364006012E-05 1.83781885916279E-05 0.000382045409317 2.22509957403805E-05
143.980334448161 2.18820697623912E-05 1.35480003660149E-05 1.78399450347921E-05 1.78399450336819E-05 1.78399450176947E-05 1.35480003671251E-05 1.79647426834517E-05 1.86446755461311E-05 0.00029567970085 2.23651095598854E-05
144.481973244147 2.19516475252757E-05 1.35494438615602E-05 1.79070023162975E-05 1.79070023129668E-05 1.79070023400563E-05 1.35494438584516E-05 1.80632422002169E-05 1.89131408627752E-05 0.000243284391392 2.24798423602568E-05
144.983612040134 2.20215994295447E-05 1.35502831486445E-05 1.797435797668E-05 1.79743579888925E-05 1.79743579575842E-05 1.35502831484224E-05 1.81624019739424E-05 1.91833607652292E-05 0.000208129193491 2.25951422792026E-05
145.48525083612 2.20917945865651E-05 1.35503776810264E-05 1.80418831765561E-05 1.80418831789986E-05 1.80418831814411E-05 1.35503776825807E-05 1.82620905269104E-05 1.94550127108339E-05 0.00018292071008 2.27108573465085E-05
145.986889632107 2.21624409579846E-05 1.35499222699842E-05 1.81097866454039E-05 1.81097866340796E-05 1.81097866134294E-05 1.35499222708724E-05 1.83625128500342E-05 1.97281130125404E-05 0.00016397141306 2.28271746585129E-05
146.488528428094 2.22333463022473E-05 1.35487145851432E-05 1.81778781800368E-05 1.81778781624953E-05 1.81778781704889E-05 1.3548714584033E-05 1.84634755813207E-05 2.00022817631318E-05 0.000149215858544 2.29438817003214E-05
146.99016722408 2.23046553029516E-05 1.35468866000465E-05 1.82463034872349E-05 1.82463035021119E-05 1.8246303522762E-05 1.35468866009347E-05 1.85651209227977E-05 2.02774772892766E-05 0.000137407596397 2.3061103212596E-05
147.491806020067 2.23762833496677E-05 1.35443416672265E-05 1.83149794941162E-05 1.83149794793502E-05 1.83149794589221E-05 1.3544341664451E-05 1.8667362250202E-05 2.0553433485615E-05 0.000127749513234 2.3178735528373E-05
147.993444816054 2.24482409239002E-05 1.35410791154422E-05 1.83839183343082E-05 1.83839183318657E-05 1.83839183253154E-05 1.35410791154422E-05 1.87702085222563E-05 2.08299830972702E-05 0.000119708249037 2.32967704606457E-05
148.49508361204 2.25205700939979E-05 1.35371273092266E-05 1.84531629712215E-05 1.84531629645601E-05 1.84531629796592E-05 1.35371273103369E-05 1.88736992601246E-05 2.11069942638309E-05 0.000112913468718 2.34152321565428E-05
148.996722408027 2.25931795102552E-05 1.35323827427092E-05 1.85226236544267E-05 1.85226236336655E-05 1.85226236344427E-05 1.35323827437084E-05 1.89777406871539E-05 2.1384207859354E-05 0.00010709982477 2.35340119616456E-05
149.498361204013 2.26662138462785E-05 1.35269773875457E-05 1.85924463921294E-05 1.85924463882436E-05 1.85924463743659E-05 1.35269773866575E-05 1.90824756941543E-05 2.16616051152974E-05 0.000102072515479 2.36532379026544E-05
150 2.27394793900215E-05 1.35207048029828E-05 1.86624389501011E-05 1.8662438959649E-05 1.86624389464374E-05 1.35207048057584E-05 1.91877091114678E-05 2.19388356424988E-05 9.76848602147751E-05 2.37727006920929E-05
