0.01 2.5604818031265E-05 2.56048176028949E-05 2.56048180229838E-05 2.56048180237402E-05 2.56048180312649E-05 2.5604817602895E-05 2.56048186036668E-05 2.56048171433787E-05 2.5604818175666E-05 2.56048180502581E-05 2.56054858642775E-05
0.03002004008016 0.000404504964646 0.000404504960483 0.000404504964642 0.000404504964636 0.000404504964646 0.000404504960483 0.00040450496481 0.000404504964332 0.000404504964445 0.000404504964579 0.000404515760236
0.050040080160321 0.001468543837018 0.001468543829145 0.001468543837002 0.001468543837012 0.001468543837018 0.001468543829145 0.001468543837108 0.001468543836925 0.001468543836947 0.001468543837003 0.001468583952174
0.070060120240481 0.0034481905517 0.003448190544825 0.00344819055169 0.00344819055168 0.0034481905517 0.003448190544825 0.003448190551613 0.0034481905518 0.003448190551841 0.003448190551724 0.003448286987464
0.090080160320641 0.006545439710727 0.006545439709106 0.006545439710731 0.006545439710732 0.006545439710727 0.006545439709106 0.00654543971019 0.00654543971065 0.006545439710852 0.006545439710689 0.006545627184875
0.110100200400802 0.01095019657015 0.010950196568143 0.010950196570155 0.010950196570146 0.01095019657015 0.010950196568143 0.010950196569504 0.010950196570342 0.010950196570293 0.01095019657017 0.010950517873142
0.130120240480962 0.016847580669745 0.016847580638329 0.016847580669734 0.016847580669737 0.016847580669745 0.016847580638329 0.016847580669554 0.016847580669732 0.016847580669883 0.016847580669731 0.016848087263412
0.150140280561122 0.02442220013913 0.024422200008234 0.024422200139149 0.024422200139117 0.02442220013913 0.024422200008235 0.024422200138808 0.024422200138261 0.024422200139198 0.024422200139015 0.024422952939647
0.170160320641283 0.033861103428654 0.033861103064967 0.033861103428662 0.033861103428663 0.033861103428651 0.033861103064967 0.033861103428419 0.033861103428255 0.033861103427553 0.033861103428328 0.033862173758879
0.190180360721443 0.045356078640021 0.045356077819792 0.04535607864 0.045356078640004 0.045356078640015 0.045356077819792 0.045356078638417 0.045356078637455 0.045356078637764 0.045356078638562 0.045357549351449
0.210200400801603 0.059105618655769 0.059105617031935 0.059105618655748 0.059105618655758 0.059105618655746 0.059105617031935 0.059105618652996 0.059105618649396 0.059105618649466 0.05910561865229 0.059107585433119
0.230220440881764 0.075316725495942 0.075316722558809 0.075316725495873 0.075316725495866 0.075316725495875 0.075316722558809 0.075316725488079 0.075316725484118 0.075316725481555 0.07531672548812 0.075319298363115
0.250240480961924 0.094206660179197 0.094206655209737 0.094206660179037 0.094206660179029 0.094206660179027 0.094206655209735 0.094206660164381 0.094206660154082 0.094206660150275 0.094206660163354 0.094209965225765
0.270260521042084 0.11600471082072 0.116004702835202 0.116004710820332 0.116004710820337 0.11600471082033 0.116004702835205 0.116004710792412 0.116004710772656 0.116004710765114 0.1160047107903 0.116008892197008
0.290280561122245 0.140954034560691 0.140954022245402 0.140954034559857 0.140954034559854 0.140954034559855 0.140954022245404 0.140954034509613 0.140954034473344 0.140954034460202 0.140954034505661 0.140959256754841
0.310300601202405 0.169313620364654 0.16931360199897 0.169313620362977 0.169313620362985 0.169313620362968 0.169313601998971 0.169313620276195 0.169313620212009 0.169313620190107 0.169313620268918 0.169320070816631
0.330320641282565 0.201360416433413 0.201360389799096 0.201360416430159 0.201360416430158 0.201360416430163 0.201360389799096 0.201360416285715 0.201360416179939 0.201360416142611 0.201360416273882 0.201368308559217
0.350340681362725 0.237391666078916 0.237391628353363 0.237391666072947 0.23739166607294 0.237391666072948 0.237391628353366 0.237391665838755 0.237391665670511 0.237391665610477 0.237391665821163 0.237401242736025
0.370360721442886 0.277727498401872 0.277727446032359 0.277727498391277 0.277727498391294 0.27772749839128 0.277727446032355 0.277727498025074 0.277727497762177 0.277727497667655 0.27772749799749 0.27773903588955
0.390380761523046 0.322713824899359 0.32271375345472 0.322713824881163 0.322713824881145 0.322713824881164 0.322713753454726 0.322713824320515 0.322713823922563 0.322713823776673 0.322713824280089 0.322727637587079
0.410400801603207 0.372725599899705 0.37272550389506 0.372725599869295 0.372725599869293 0.372725599869304 0.372725503895064 0.372725599031721 0.372725598434203 0.372725598221106 0.37272559897141 0.372742045599571
0.430420841683367 0.428170511728617 0.428170384418354 0.428170511679066 0.428170511679052 0.428170511679071 0.428170384418359 0.428170510448341 0.428170509578523 0.428170509265301 0.428170510363521 0.4281899979162
0.450440881763527 0.489493182844191 0.489493015976544 0.489493182765241 0.489493182765247 0.489493182765247 0.489493015976557 0.489493180991795 0.489493179740275 0.489493179290901 0.489493180871263 0.4895161739241
0.470460921843687 0.557179971650181 0.55717975517561 0.557179971526891 0.557179971526932 0.557179971526893 0.557179755175631 0.55717996900768 0.557179967236738 0.557179966602833 0.557179968841239 0.557206997428452
0.490480961923848 0.631764486441958 0.631764208166443 0.631764486252865 0.631764486252844 0.63176448625285 0.631764208166431 0.631764482724364 0.63176448025212 0.631764479369396 0.631764482497047 0.631796152068242
0.510501002004008 0.713833944279566 0.713833589450664 0.713833943994251 0.713833943994228 0.713833943994243 0.713833589450676 0.713833939111733 0.713833935704554 0.713833934491144 0.713833938806718 0.713870941924333
0.530521042084168 0.804036535190593 0.804036086001928 0.804036534766408 0.804036534766374 0.804036534766407 0.804036086001913 0.804036528086125 0.804036523441701 0.804036521791865 0.804036527680876 0.804079657822455
0.550541082164329 0.903089986747269 0.903089421743973 0.90308998612503 0.903089986124997 0.903089986125001 0.903089421743974 0.903089977075858 0.903089970811595 0.903089968589261 0.903089976544751 0.903140144440817
0.570561122244489 1.01179156741543 1.01179086077765 1.0117915665137 1.01179156651376 1.01179156651372 1.01179086077764 1.01179155436591 1.01179154599202 1.01179154302912 1.01179155367767 1.01184980673119
0.590581162324649 1.13102982173603 1.13102894241327 1.13102982044386 1.13102982044391 1.13102982044387 1.13102894241328 1.13102980427101 1.13102979316841 1.13102978924888 1.13102980338682 1.13109734884933
0.61060120240481 1.2617983996467 1.26179731030656 1.26179839781336 1.26179839781335 1.26179839781333 1.26179731030653 1.26179837643895 1.26179836183018 1.26179835668402 1.2617983753152 1.261876608051
0.63062124248497 1.40521243038028 1.40521108612843 1.4052124278031 1.40521242780302 1.40521242780307 1.40521108612847 1.40521239974171 1.40521238064626 1.40521237393845 1.40521239832616 1.4053029342525
0.65064128256513 1.56252800452627 1.56252635133875 1.56252800093328 1.56252800093331 1.56252800093325 1.56252635133876 1.56252796431351 1.56252793950506 1.56252793081198 1.56252796254518 1.56263267905344
0.670661322645291 1.73516547352755 1.73516344632426 1.73516546855597 1.73516546855595 1.73516546855594 1.73516344632425 1.73516542101842 1.73516538896621 1.73516537776112 1.73516541883037 1.7352865039468
0.690681362725451 1.92473746547517 1.92473498573667 1.92473745864241 1.92473745864249 1.9247374586425 1.9247349857367 1.92473739722745 1.92473735600856 1.92473734163795 1.92473739453841 1.92487740701231
0.710701402805611 2.13308276397672 2.13307973678533 2.13308275464309 2.13308275464298 2.13308275464317 2.13307973678536 2.1330826756247 2.13308262284951 2.13308260449475 2.13308267234961 2.13324461548737
0.730721442885772 2.36230752365612 2.36230383399396 2.36230751097505 2.36230751097507 2.36230751097509 2.3623038339939 2.36230740967651 2.36230734234777 2.36230731899489 2.36230740571658 2.36249481878708
0.750741482965932 2.61483573104506 2.61483123914251 2.61483571389822 2.61483571389819 2.61483571389821 2.61483123914251 2.6148355844386 2.61483549881523 2.6148354691941 2.614835579687 2.61505265155566
0.770761523046092 2.8934714017537 2.89346593719598 2.89347137866446 2.89347137866445 2.89347137866444 2.89346593719593 2.89347121363865 2.89347110502978 2.89347106756051 2.89347120798023 2.89372291966168
0.790781563126253 3.20147579437201 3.20146914858581 3.20147576339073 3.20147576339067 3.20147576339052 3.20146914858584 3.20147555345268 3.20147541598513 3.20147536868578 3.20147554677307 3.20176785136856
0.810801603206413 3.54266399839182 3.54265591499191 3.54266395694266 3.54266395694282 3.54266395694272 3.54265591499185 3.5426636902766 3.54266351655231 3.54266345693883 3.54266368245776 3.54300373413273
0.830821643286573 3.92152674002743 3.92151690230839 3.92152668470295 3.92152668470303 3.92152668470302 3.92151690230813 3.92152634631153 3.921526126998 3.9215260519457 3.92152633724788 3.92192278510951
0.850841683366734 4.34338532229943 4.34337333688662 4.34338524858043 4.34338524858082 4.34338524858053 4.3433733368866 4.34338481936212 4.34338454263042 4.34338444818708 4.34338480896696 4.34384817754968
0.870861723446894 4.81459053654814 4.81457591182719 4.81459043842445 4.81459043842418 4.81459043842437 4.81457591182733 4.81458989393422 4.81458954471704 4.81458942586425 4.8145898821571 4.81513306890806
0.890881763527054 5.34278054743766 5.34276266479313 5.34278041688313 5.34278041688256 5.34278041688295 5.34276266479298 5.34277972565732 5.34277928466422 5.34277913499545 5.34277971251836 5.34341864498535
0.910901803607215 5.93721876211977 5.93719683717793 5.93721858836401 5.93721858836435 5.93721858836346 5.93719683717857 5.93721770965175 5.93721715202857 5.93721696329897 5.93721769528096 5.93797220852274
0.930921843687375 6.60924146642407 6.60921449619217 6.60924123493175 6.60924123493233 6.60924123493172 6.6092144961922 6.609240115576 6.60923940904367 6.60923917056832 6.60924010026689 6.61013512320649
0.950941883767535 7.37285798278439 7.37282467263908 7.37285767379918 7.37285767379888 7.37285767379968 7.372824672639 7.37285624387029 7.37285534615223 7.37285504399518 7.37285622818102 7.3739234066162
0.970961923847695 8.24556550016061 8.24552416164349 8.24556508661531 8.24556508661438 8.2455650866147 8.2455241616436 8.24556325326317 8.24556210847696 8.24556172423703 8.24556323814762 8.24684318646072
0.990981963927856 9.24947006822704 9.24941847389015 9.24946951268555 9.24946951268498 9.24946951268589 9.24941847389032 9.24946715130162 9.24946568479721 9.24946519393688 9.24946713833821 9.25101260686189
1.01100200400802 10.4128500136167 10.4127851877715 10.4128492637513 10.4128492637519 10.4128492637513 10.4127851877728 10.4128462051391 10.412844315964 10.4128436853898 10.4128461968477 10.4147265941373
1.03102204408818 11.7723666875956 11.7722845999492 11.772365669375 11.7723656693771 11.7723656693761 11.7722845999492 11.7723616807774 11.7723592306233 11.7723584150747 11.7723616811393 11.7746696276849
1.05104208416834 13.3762324058088 13.3761275160176 13.3762310130727 13.3762310130707 13.3762310130715 13.3761275160176 13.3762257696609 13.3762225663057 13.3762215030004 13.3762257849517 13.3790867503203
1.0710621242485 15.2888028483158 15.2886674194382 15.2888009265892 15.2888009265918 15.2888009265899 15.2886674194383 15.288793968072 15.2887897401896 15.2887883406921 15.2887940081782 15.2923806658804
1.09108216432866 17.5972845101222 17.5971075628653 17.5972818311411 17.5972818311367 17.5972818311412 17.5971075628636 17.5972724948296 17.5972668533505 17.5972649910805 17.5972725754318 17.6018263709946
1.11110220440882 20.4215182427822 20.4212839589969 20.4215144640738 20.4215144640712 20.4215144640753 20.4212839589941 20.421501781291 20.4214941597679 20.4214916507929 20.4215019274542 20.4273654623728
1.13112224448898 23.9279590458392 23.9276443693601 23.9279536470653 23.9279536470617 23.9279536470646 23.9276443693583 23.9279361846057 23.9279257484326 23.9279223222935 23.9279364367173 23.9356010676532
1.15114228456914 28.3483713642962 28.3479425993503 28.3483635505584 28.3483635505606 28.3483635505593 28.3479425993514 28.3483391797767 28.3483246949611 28.348319952635 28.3483396031524 28.3585106074951
1.1711623246493 34.0002333858943 33.9996421688589 34.000221957186 34.0002219571829 34.0002219571855 33.9996421688589 34.0001875651721 34.00016723641 34.0001605988506 34.0001882642858 34.0138561876689
1.19118236472946 41.2933242213927 41.292505559977 41.293307456934 41.2933074569392 41.2933074569326 41.2925055599706 41.2932587559489 41.2932301271607 41.2932208048212 41.2932598909067 41.3117163513882
1.21120240480962 50.6735718830893 50.6724533492078 50.6735476498082 50.6735476498189 50.6735476498062 50.6724533492034 50.6734796546373 50.6734399027671 50.673426993204 50.6734814430992 50.6980874070005
1.23122244488978 62.4027478873775 62.4012879179886 62.4027144642018 62.4027144641776 62.4027144641981 62.401287917988 62.4026238388108 62.4025711463594 62.4025540799745 62.4026264960854 62.4339824209286
1.25124248496994 76.1177128251696 76.1159705271552 76.1176707284239 76.1176707284536 76.1176707284406 76.1159705271537 76.1175603721421 76.1174965576514 76.1174759438688 76.1175639434356 76.154115412946
1.2712625250501 90.5217719569081 90.5199333568017 90.5217251257801 90.5217251257823 90.5217251257959 90.519933356779 90.5216063765634 90.5215380825429 90.5215160799596 90.5216105829449 90.5593070569373
1.29128256513026 103.902389832348 103.900666431809 103.902343607692 103.902343607719 103.9023436077 103.900666431805 103.902230182777 103.902165305051 103.902144457813 103.90223455022 103.936786385363
1.31130260521042 115.147396097215 115.145905233517 115.147354034109 115.147354034117 115.147354034102 115.145905233508 115.147254113108 115.147197268775 115.147179050414 115.147258270746 115.176502534337
1.33132264529058 124.063203722174 124.0619615273 124.063166893897 124.063166893905 124.0631668939 124.061961527292 124.063082165095 124.063034223524 124.063018898128 124.063085955527 124.086939142455
1.35134268537074 130.979628025711 130.978601645862 130.979596081397 130.979596081394 130.979596081395 130.978601645871 130.979524877317 130.97948480496 130.979472027932 130.979528286981 130.998831912065
1.3713627254509 136.345929100708 136.345075241046 136.345901230214 136.345901230209 136.345901230211 136.345075241042 136.345841018914 136.345807314542 136.345796595243 136.345844093212 136.361580199867
1.39138276553106 140.554182878795 140.553463107544 140.554158262772 140.554158262769 140.554158262773 140.553463107541 140.554106701118 140.554077992462 140.55406888501 140.554109498592 140.567113592682
1.41140280561122 143.902730677253 143.902114743789 143.90270862632 143.902708626319 143.902708626318 143.902114743788 143.90266382826 143.902639017875 143.902631166779 143.902666403045 143.913580305209
1.43142284569138 146.608111529865 146.607576591068 146.608091499737 146.608091499733 146.60809149973 146.607576591069 146.608052019423 146.608030269664 146.60802340414 146.608054416675 146.617354552472
1.45144288577154 148.825757444075 148.825286425199 148.825739013738 148.825739013735 148.825739013736 148.825286425198 148.825703758001 148.825684437672 148.825678353986 148.82570601403 148.833743754629
1.4714629258517 150.66776807803 150.667348170104 150.667750922513 150.667750922511 150.667750922515 150.6673481701 150.667719063684 150.667701696166 150.667696240704 150.667721207349 150.674757203393
1.49148296593186 152.215938860022 152.215560360156 152.215922726823 152.215922726823 152.215922726824 152.215560360159 152.215893633036 152.215877855329 152.215872911191 152.215895687314 152.222125467319
1.51150300601202 153.530817446226 153.530472913659 153.530802137086 153.530802137086 153.530802137085 153.53047291366 153.530775320522 153.530760852954 153.530756330185 153.530777303839 153.536349505674
1.53152304609218 154.657904134248 154.65758778816 154.65788949162 154.65788949162 154.657889491618 154.657587788162 154.657864571052 154.657851195477 154.657847023956 154.657866498328 154.662895682488
1.55154308617234 155.631901503937 155.631608794698 155.631887401015 155.631887401016 155.631887401014 155.631608794698 155.631864074853 155.631851618982 155.631847743382 155.631865958295 155.636441620374
1.57156312625251 156.479652249621 156.479379551964 156.479638583064 156.479638583064 156.479638583065 156.479379551966 156.47961660989 156.47960493604 156.479601312168 156.479618459607 156.483811417701
1.59158316633267 157.222194803315 157.221939194614 157.222181487864 157.222181487862 157.222181487864 157.221939194615 157.222160672268 157.222149669152 157.222146261323 157.222162496721 157.226029467963
1.61160320641283 157.876221179862 157.875980278141 157.876208144329 157.876208144329 157.876208144329 157.87598027814 157.876188326498 157.876177903241 157.876174682314 157.876190132853 157.879777051937
1.63162324649299 158.455125255581 158.454897099784 158.455112439859 158.455112439857 158.45511243986 158.454897099784 158.455093487826 158.455083569482 158.455080511453 158.455095282214 158.458439738575
1.65164328657315 158.969766858742 158.969549819152 158.969754211528 158.969754211529 158.96975421153 158.969549819152 158.969736015363 158.969726539578 158.969723624474 158.969737803081 158.97287085242
1.67166332665331 159.429036047359 159.428828757809 159.429023524403 159.429023524404 159.429023524403 159.428828757809 159.429005991766 159.428996906236 159.428994117313 159.429007777444 159.43195530535
1.69168336673347 159.840275042273 159.840076348285 159.840262605033 159.840262605034 159.840262605032 159.840076348286 159.840245657802 159.840236918307 159.84023424142 159.840247445512 159.843031205074
1.71170340681363 160.209597447597 160.209406366299 160.209585062185 160.209585062185 160.209585062185 160.209406366299 160.209568633796 160.209560202711 160.209557625817 160.209570427164 160.212208837243
1.73172344689379 160.542132441229 160.541948130019 160.542120077574 160.542120077573 160.542120077575 160.54194813002 160.54210411096 160.542095956045 160.542093468838 160.542105913232 160.544614679054
1.75174348697395 160.842213513402 160.842035245267 160.842201144589 160.842201144589 160.842201144588 160.842035245267 160.842185590537 160.842177684017 160.842175277612 160.842187404649 160.844580004904
1.77176352705411 161.113525766671 161.113352910562 161.113513368422 161.113513368421 161.113513368421 161.113352910561 161.113498184275 161.113490502087 161.113488168788 161.113500012898 161.115788085406
1.79178356713427 161.359221923958 161.359053929026 161.35920947418 161.359209474179 161.35920947418 161.359053929027 161.35919462278 161.359187143969 161.359184877079 161.359196468363 161.361390118126
1.81180360721443 161.582014472928 161.581850855818 161.582001951387 161.582001951386 161.582001951386 161.581850855818 161.581987400219 161.581980106464 161.581977900124 161.581989265027 161.584097312301
1.83182364729459 161.784249442394 161.784089776868 161.784236830408 161.784236830409 161.784236830409 161.784089776868 161.784222550914 161.784215426122 161.784213275182 161.784224437051 161.786254618502
1.85184368737475 161.967965916029 161.967809824475 161.96795319624 161.967953196242 161.96795319624 161.967809824475 161.967939163244 161.967932193218 161.96793009314 161.967941072672 161.969900205711
1.87186372745491 162.134944379946 162.13479152637 162.134931536126 162.134931536126 162.134931536126 162.13479152637 162.134917727356 162.134910899537 162.1349088463 162.134919661921 162.136813779876
1.89188376753507 162.286746260249 162.286596344454 162.286733277127 162.286733277127 162.286733277127 162.286596344454 162.28671967283 162.286712976073 162.286710966104 162.286721634277 162.288556098175
1.91190380761523 162.424746458058 162.424599210774 162.424733321187 162.424733321187 162.424733321186 162.424599210774 162.424719903786 162.424713328162 162.424711358282 162.424721893772 162.426501485443
1.93192384769539 162.550160280369 162.550015459182 162.550146976005 162.550146976004 162.550146976005 162.550015459183 162.550133729837 162.55012726648 162.550125333846 162.55013574994 162.551864749915
1.95194388777555 162.664065856224 162.663923242129 162.664052371229 162.664052371229 162.664052371228 162.663923242129 162.664039282296 162.664032923279 162.664031025343 162.664041334031 162.665723587089
1.97196392785571 162.767422893259 162.767282287729 162.767409215015 162.767409215016 162.767409215015 162.767282287729 162.767396270794 162.767390008998 162.767388143475 162.767398355613 162.769037326223
1.99198396793587 162.861088450413 162.860949672915 162.861074566749 162.86107456675 162.86107456675 162.860949672914 162.861061756019 162.861055585049 162.861053749879 162.861063875325 162.862662694737
2.01200400801603 162.945830264116 162.945693149981 162.945816163246 162.945816163246 162.945816163246 162.945693149981 162.945803475935 162.945797390035 162.945795583364 162.94580563109 162.947367137508
2.03202404809619 163.022338057828 163.022202456413 163.022323728294 163.022323728294 163.022323728294 163.022202456413 163.022311155363 163.022305149343 163.022303369493 163.022313347685 163.023840120754
2.05204408817635 163.091233181178 163.091098954287 163.091218611805 163.091218611803 163.091218611804 163.091098954286 163.091206145133 163.091200214309 163.091198459763 163.09120837591 163.092702766324
2.07206412825651 163.153076858493 163.152943879009 163.153062038347 163.153062038346 163.153062038347 163.152943879008 163.153049670643 163.153043810774 163.153042080158 163.153051941126 163.154516096245
2.09208416833667 163.208377274658 163.208245425348 163.208362193008 163.208362193007 163.208362193008 163.208245425348 163.208349917718 163.208344124977 163.208342417042 163.208352229139 163.209788115186
2.11210420841683 163.25759568454 163.257464857018 163.257580330829 163.257580330829 163.257580330829 163.257464857017 163.257568142072 163.257562412989 163.257560726604 163.257570495635 163.258979917023
2.13212424849699 163.301151698993 163.301021792812 163.301136062811 163.30113606281 163.30113606281 163.301021792812 163.301123955313 163.301118286746 163.301116620884 163.301126352203 163.302510968399
2.15214428857715 163.33942787376 163.339298795611 163.339411944813 163.339411944812 163.339411944812 163.33929879561 163.33939991385 163.33939430296 163.339392656683 163.339402355236 163.34076369552
2.17216432865731 163.372773705907 163.372645368917 163.372757474 163.372757474001 163.372757474001 163.372645368917 163.372745515358 163.372739959565 163.372738332024 163.372748002389 163.374087478819
2.19218436873747 163.401509124971 163.401381448082 163.40149257999 163.40149257999 163.401492579989 163.401381448082 163.401480689905 163.401475186882 163.401473577301 163.401483223722 163.402802142569
2.21220440881764 163.425927551618 163.425800459036 163.425910683508 163.425910683508 163.425910683508 163.425800459036 163.425898858644 163.42589340628 163.425891813955 163.425901440371 163.427201012237
2.2322244488978 163.44629858502 163.446172005726 163.446281383768 163.446281383768 163.446281383768 163.446172005727 163.446269621174 163.446264217566 163.446262641856 163.446272251928 163.447553600673
2.25224448897796 163.46287037025 163.462744237565 163.462852825877 163.462852825878 163.462852825877 163.462744237564 163.462841122957 163.462835766384 163.462834206707 163.462843803845 163.464107974516
2.27226452905812 163.475871689246 163.475745940443 163.47585379179 163.47585379179 163.47585379179 163.475745940444 163.475842146279 163.475836835191 163.47583529102 163.4758448784 163.47709284432
2.29228456913828 163.485513812262 163.485388388218 163.485495551766 163.485495551766 163.485495551766 163.485388388218 163.4854839617 163.485478694711 163.485477165561 163.48548674615 163.486719415219
2.31230460921844 163.491992141085 163.491866985972 163.491973507588 163.491973507588 163.491973507588 163.491866985972 163.49196197129 163.49195674715 163.491955232588 163.491964809156 163.493183029494
2.3323246492986 163.495487670826 163.495362731824 163.495468654352 163.495468654353 163.495468654353 163.495362731824 163.495457170404 163.495451987999 163.495450487633 163.495460062771 163.496664627797
2.35234468937876 163.496168293224 163.496043520276 163.496148883775 163.496148883775 163.496148883774 163.496043520276 163.496137451004 163.496132309347 163.496130822818 163.496140398953 163.497332051917
2.37236472945892 163.494189961068 163.494065306653 163.494170148614 163.494170148615 163.494170148614 163.494065306654 163.494158766076 163.494153664295 163.494152191283 163.494161770689 163.495341208771
2.39238476953908 163.489697730741 163.489573149659 163.489677505214 163.489677505214 163.489677505214 163.489573149659 163.489666172181 163.489661109503 163.489659649722 163.489669234533 163.490837112517
2.41240480961924 163.482826697399 163.482702146596 163.482806048686 163.482806048686 163.482806048686 163.482702146596 163.482794764628 163.482789740384 163.482788293579 163.482797885796 163.483954819428
2.4324248496994 163.473702835592 163.473578273981 163.473681753527 163.473681753528 163.473681753528 163.473578273981 163.473670518103 163.473665531718 163.47366409766 163.473673699164 163.474820268147
2.45244488977956 163.462443756126 163.462319144441 163.462422230489 163.462422230488 163.462422230488 163.462319144441 163.462411043534 163.462406094517 163.462404673004 163.462414285565 163.463551036307
2.47246492985972 163.449159388853 163.4490346895 163.449137409353 163.449137409354 163.449137409353 163.4490346895 163.449126270874 163.449121358815 163.449119949671 163.449129574953 163.450257023064
2.49248496993988 163.433952599659 163.433827776598 163.433930155944 163.433930155944 163.433930155944 163.433827776597 163.433919066101 163.433914190666 163.433912793737 163.433922433307 163.43504106585
2.51250501002004 163.4169197489 163.41679476752 163.416896830542 163.416896830542 163.416896830542 163.41679476752 163.416885789646 163.416880950573 163.416879565729 163.416889221063 163.417999498623
2.5325250501002 163.398151197721 163.398026024738 163.398127794215 163.398127794215 163.398127794215 163.398026024737 163.398116802723 163.398111999814 163.398110626941 163.398120299431 163.399222657989
2.55254509018036 163.377731767755 163.377606371107 163.377707868512 163.377707868512 163.377707868512 163.377606371108 163.377696927008 163.377692160132 163.37769079914 163.377700490098 163.378795342771
2.57256513026052 163.355741159247 163.355615508013 163.355716753593 163.355716753592 163.355716753592 163.355615508013 163.355705862796 163.35570113188 163.355699782694 163.355709493358 163.356797231951
2.59258517034068 163.332254331795 163.332128396107 163.332229408967 163.332229408967 163.332229408967 163.332128396107 163.33221856972 163.332213874743 163.332212537306 163.332222268844 163.333303265309
2.61260521042084 163.30734185164 163.307215602607 163.307316400781 163.307316400781 163.307316400781 163.307215602608 163.307305614036 163.307300955038 163.307299629309 163.307309382824 163.308383990588
2.632625250501 163.281070208873 163.28094361851 163.281044219028 163.281044219029 163.281044219028 163.280943618509 163.281033485853 163.28102886292 163.281027548874 163.281037325406 163.282105880567
2.65264529058116 163.253502107423 163.253375148585 163.253475567538 163.253475567538 163.253475567537 163.253375148585 163.253464889106 163.253460302372 163.253458999999 163.253468800533 163.254531623038
2.67266533066132 163.224696730807 163.224569377132 163.224669629722 163.224669629721 163.224669629722 163.224569377132 163.224659007314 163.224654456958 163.22465316626 163.224662991725 163.225720386354
2.69268537074148 163.194709985621 163.19458221147 163.19468231207 163.194682312071 163.19468231207 163.19458221147 163.194671747058 163.194667233307 163.194665954299 163.194675805574 163.195728062904
2.71270541082164 163.163594725159 163.163466505568 163.163566467767 163.163566467766 163.163566467767 163.163466505568 163.163555961621 163.163551484739 163.163550217449 163.163560095364 163.164607492648
2.7327254509018 163.131400954905 163.131272265536 163.131372102183 163.131372102183 163.131372102183 163.131272265536 163.131361656464 163.131357216756 163.131355961227 163.131365866564 163.13240866856
2.75274549098196 163.098176021683 163.098046838777 163.098146562028 163.098146562028 163.098146562028 163.098046838777 163.098136178383 163.098131776192 163.098130532476 163.098140465976 163.099178925693
2.77276553106212 163.063964787872 163.06383508821 163.06393470956 163.06393470956 163.06393470956 163.06383508821 163.063924389723 163.06392002543 163.063918793587 163.063928755951 163.06496311535
2.79278557114228 163.028809792089 163.028679552952 163.028779083277 163.028779083277 163.028779083277 163.028679552952 163.028768829061 163.028764503082 163.028763283186 163.028773275076 163.029803765722
2.81280561122244 162.992751397558 162.992620596691 162.992720046278 162.992720046279 162.992720046278 162.992620596691 162.992709859576 162.99270557236 162.992704364494 162.992714386534 162.993741230201
2.83282565130261 162.955827929226 162.955696544802 162.955795923383 162.955795923384 162.955795923383 162.955696544802 162.955785806165 162.955781558193 162.955780362451 162.955790415229 162.956813824456
2.85284569138277 162.918075800618 162.917943811209 162.91804312799 162.91804312799 162.91804312799 162.917943811209 162.9180330823 162.918028874084 162.918027690567 162.918037774642 162.919057953254
2.87286573146293 162.879529631332 162.87939701588 162.879496279565 162.879496279564 162.879496279565 162.879397015879 162.879486307516 162.8794821396 162.879480968421 162.879491084316 162.880508227914
2.89288577154309 162.840222355939 162.840089093721 162.840188312541 162.840188312541 162.840188312541 162.840089093721 162.840178416319 162.840174289277 162.840173130555 162.840183278765 162.841197575183
2.91290581162325 162.800185325053 162.800051395665 162.8001505774 162.8001505774 162.8001505774 162.800051395665 162.800140759257 162.800136673691 162.800135527555 162.800145708546 162.801157338265
2.93292585170341 162.759448399183 162.759313782509 162.75941293451 162.75941293451 162.75941293451 162.759313782509 162.759403196765 162.759399153302 162.759398019888 162.7594082341 162.760417370653
2.95294589178357 162.718040035983 162.717904712173 162.718003841386 162.718003841386 162.718003841386 162.717904712173 162.717994186419 162.717990185717 162.71798906517 162.717999313014 162.719006123345
2.97296593186373 162.675987371433 162.675851320879 162.675950433858 162.675950433858 162.675950433858 162.675851320879 162.675940864116 162.675936906855 162.675935799329 162.675946081194 162.676950726007
2.99298597194389 162.633316295412 162.633179498734 162.633278601666 162.633278601666 162.633278601666 162.633179498734 162.633269119653 162.633265206542 162.633264112194 162.633274428446 162.634277062536
3.01300601202405 162.590051522181 162.589913960196 162.590013058916 162.590013058916 162.590013058916 162.589913960196 162.590003667197 162.589999798969 162.589998717967 162.590009068946 162.591009841494
3.03302605210421 162.546216656064 162.546078309778 162.546177409784 162.546177409783 162.546177409783 162.546078309778 162.546168110981 162.546164288392 162.546163220912 162.546173606937 162.547172661804
3.05304609218437 162.501834252823 162.501695103409 162.501794209876 162.501794209876 162.501794209877 162.501695103409 162.501785006672 162.501781230502 162.501780176723 162.501790598094 162.502788074076
3.07306613226453 162.456925876946 162.456785905728 162.456885023526 162.456885023526 162.456885023526 162.456785905728 162.456875918652 162.456872189704 162.456871149819 162.456881606812 162.457877637905
3.09308617234469 162.411512155248 162.411371343686 162.411470477391 162.411470477391 162.411470477391 162.411371343685 162.411461473635 162.411457792738 162.411456766938 162.411467259814 162.412461975434
3.11310621242485 162.365612826995 162.365471156663 162.365570310572 162.365570310572 162.365570310572 162.365471156664 162.365561410776 162.365557778779 162.365556767266 162.365567296267 162.366560821481
3.13312625250501 162.319246790846 162.319104243429 162.319203421566 162.319203421565 162.319203421566 162.319104243429 162.319194628624 162.319191046397 162.319190049381 162.319200614729 162.320193070467
3.15314629258517 162.272432148853 162.272288706126 162.27238791226 162.27238791226 162.27238791226 162.272288706126 162.272379229116 162.272375697553 162.272374715247 162.272385317148 162.273376820396
3.17316633266533 162.225186247701 162.225041891516 162.225141129168 162.225141129168 162.225141129168 162.225041891516 162.225132558817 162.225129078832 162.225128111458 162.225138750101 162.226129414086
3.19318637274549 162.177525717425 162.1773804297 162.177479702156 162.177479702156 162.177479702156 162.1773804297 162.177471247639 162.177467820168 162.177466867952 162.177477543511 162.178467477866
3.21320641282565 162.129466507696 162.129320270402 162.129419580719 162.129419580719 162.129419580719 162.129320270403 162.129411245128 162.129407871126 162.129406934303 162.129417646935 162.130406957904
3.23322645290581 162.081023922044 162.080876717195 162.080976068211 162.080976068211 162.080976068211 162.080876717195 162.080967854683 162.080964535129 162.080963613936 162.080974363785 162.081963154344
3.25324649298597 162.032212649925 162.032064459567 162.032163853911 162.032163853911 162.03216385391 162.032064459567 162.03215576563 162.032152501518 162.032151596204 162.032162383398 162.033150753401
3.27326653306613 161.98304679692 161.982897603116 161.982997043214 161.982997043214 161.982997043214 161.982897603116 161.98298908341 161.98298587576 161.982984986575 161.982995811228 161.983983857556
3.29328657314629 161.933539913169 161.933389697994 161.933489186078 161.933489186078 161.933489186078 161.933389697995 161.933481358024 161.933478207873 161.933477335074 161.933488197288 161.934476013978
3.31330661322645 161.883705020151 161.883553765678 161.883653303793 161.883653303792 161.883653303792 161.883553765677 161.883645610808 161.88364251921 161.883641663062 161.883652562925 161.884640241301
3.33332665330661 161.833554635925 161.83340232422 161.83350191423 161.83350191423 161.83350191423 161.83340232422 161.833494359675 161.833491327711 161.83349048848 161.833501426068 161.834489054855
3.35334669338677 161.783100798944 161.782947412052 161.783047055648 161.783047055648 161.783047055648 161.782947412052 161.783039642926 161.78303667169 161.783035849654 161.78304682503 161.784034490468
3.37336673346693 161.732355090511 161.732200610448 161.732300309151 161.732300309151 161.732300309152 161.732200610448 161.732293041709 161.732290132317 161.732289327756 161.732300340971 161.733288126921
3.39338677354709 161.681328655979 161.681173064725 161.681272819898 161.681272819898 161.681272819898 161.681173064725 161.681265701221 161.681262854809 161.681262068009 161.681273119103 161.682261107148
3.41340681362725 161.630032224795 161.629875504284 161.629975317131 161.629975317131 161.62997531713 161.629875504284 161.629968350746 161.629965568468 161.629964799721 161.629975888723 161.630964158268
3.43342685370741 161.578476129444 161.578318261544 161.578418133118 161.578418133118 161.578418133118 161.578318261545 161.578411322593 161.578408605622 161.578407855228 161.578418982154 161.579407610511
3.45344689378757 161.5266703233 161.526511289856 161.526611221064 161.526611221064 161.526611221064 161.526511289856 161.526604570007 161.526601919536 161.526601187796 161.526612352653 161.527601415127
3.47346693386774 161.474624397681 161.474464180427 161.474564172036 161.474564172036 161.474564172036 161.474464180427 161.474557684091 161.474555101331 161.474554388558 161.474565591342 161.475555161317
3.4934869739479 161.422347597764 161.422186178374 161.422286231013 161.422286231013 161.422286231013 161.422186178373 161.422279909864 161.422277396046 161.422276702554 161.42228794325 161.423278092274
3.51350701402806 161.369848837861 161.369686197919 161.369786312085 161.369786312085 161.369786312085 161.369686197919 161.369780161455 161.369777717828 161.369777043938 161.369788322523 161.370779120368
3.53352705410822 161.317136715777 161.316972836775 161.317073012838 161.317073012838 161.317073012838 161.316972836775 161.317067036485 161.31706466432 161.317064010359 161.317075326799 161.318066841539
3.55354709418838 161.264219526462 161.264054389794 161.264154627999 161.264154627999 161.264154627999 161.264054389794 161.264148829719 161.264146530303 161.264145896603 161.264157250854 161.26514954894
3.57356713426854 161.211105274974 161.210938861925 161.211039162396 161.211039162396 161.211039162396 161.210938861925 161.21103354602 161.211031320659 161.21103070756 161.211042099569 161.212035245882
3.5935871743487 161.157801688738 161.15763398048 161.157734343226 161.157734343225 161.157734343226 161.15763398048 161.157728912623 161.157726762643 161.157726170488 161.157737600193 161.158731658116
3.61360721442886 161.104316229238 161.104147206823 161.104247631735 161.104247631736 161.104247631735 161.104147206823 161.104242390808 161.104240317555 161.104239746696 161.104251214025 161.105246245487
3.63362725450902 161.050656103063 161.050485747413 161.050586234278 161.050586234278 161.050586234278 161.050485747414 161.050581186966 161.050579191803 161.050578642594 161.050590147468 161.051586213019
3.65364729458918 160.99682827247 160.996656564373 160.996757112867 160.996757112867 160.996757112867 160.996656564373 160.996752263142 160.996750347452 160.996749820256 160.996761362586 160.997758521436
3.67366733466934 160.942839465352 160.942666385452 160.942766995148 160.942766995147 160.942766995148 160.942666385452 160.942762347017 160.942760512202 160.942760007387 160.942771587076 160.943769897163
3.6936873747495 160.888696184796 160.888521713593 160.888622383961 160.888622383961 160.888622383961 160.888521713593 160.888617941465 160.888616188949 160.888615706887 160.88862732383 160.889626841853
3.71370741482966 160.83440471812 160.834228835955 160.83432956637 160.83432956637 160.83432956637 160.834228835955 160.834325333582 160.834323664806 160.834323205878 160.83433485996 160.835335641431
3.73372745490982 160.779971145499 160.779793832555 160.779894622294 160.779894622294 160.779894622294 160.779793832555 160.779890603321 160.779889019744 160.779888584337 160.779900275435 160.78090237472
3.75374749498998 160.72540134817 160.725222584458 160.725323432706 160.725323432705 160.725323432706 160.725222584458 160.725319631687 160.725318134789 160.725317723294 160.725329451278 160.72633292165
3.77376753507014 160.670701016256 160.670520781615 160.670621687465 160.670621687465 160.670621687465 160.670520781615 160.670618108572 160.670616699853 160.670616312668 160.670628077401 160.67163297107
3.7937875751503 160.615875656226 160.615693930314 160.61579489277 160.61579489277 160.61579489277 160.615693930314 160.615791540205 160.615790221185 160.615789858714 160.615801660049 160.616808028211
3.81380761523046 160.560930597997 160.560747360281 160.560848378262 160.560848378262 160.560848378262 160.560747360281 160.560845256261 160.560844028478 160.560843691131 160.560855528915 160.561863421782
3.83382765531062 160.505871001711 160.505686231467 160.505787303807 160.505787303806 160.505787303807 160.505686231467 160.505784416634 160.505783281648 160.505782969842 160.505794843913 160.506804310754
3.85384769539078 160.450701864211 160.450515540515 160.450616665964 160.450616665964 160.450616665964 160.450515540515 160.450614017915 160.450612977306 160.450612691464 160.450624601653 160.451635690823
3.87386773547094 160.395428025205 160.395240126923 160.395341304154 160.395341304154 160.395341304153 160.395240126923 160.395338899556 160.395337954921 160.395337695473 160.395349641602 160.396362400582
3.8938877755511 160.340054173167 160.339864678952 160.339965906555 160.339965906556 160.339965906555 160.339864678951 160.339963749765 160.339962902725 160.339962670106 160.339974651993 160.340989127418
3.91390781563126 160.284584850965 160.284393739249 160.284495015744 160.284495015744 160.284495015744 160.284393739249 160.284493111147 160.284492363342 160.284492157994 160.284504175446 160.285520413139
3.93392785571142 160.229024461246 160.228831710236 160.228933034062 160.228933034062 160.228933034062 160.228831710236 160.228931386072 160.228930739163 160.228930561534 160.228942614353 160.229960659352
3.95394789579158 160.173377271579 160.173182859244 160.17328422877 160.17328422877 160.17328422877 160.173182859244 160.173282841832 160.173282297499 160.173282148047 160.173294236026 160.174314132608
3.97396793587174 160.117647419359 160.117451323433 160.117552736954 160.117552736955 160.117552736954 160.117451323433 160.117551615543 160.117551175487 160.117551054672 160.117563177598 160.118584969321
3.9939879759519 160.061838916545 160.061641114511 160.061742570253 160.061742570253 160.061742570253 160.061641114511 160.061741718868 160.061741384814 160.061741293104 160.061753450757 160.062777180466
4.01400801603206 160.005955654119 160.005756123207 160.005857619327 160.005857619327 160.005857619327 160.005756123206 160.005857042497 160.005856816188 160.00585675406 160.005868946213 160.006894656082
4.03402805611222 159.950001406429 159.949800123609 159.949901658197 159.949901658197 159.949901658198 159.949800123609 159.949901360479 159.949901243681 159.949901211618 159.949913438034 159.950941169582
4.05404809619238 159.893979835297 159.893776777269 159.89387834835 159.89387834835 159.89387834835 159.893776777269 159.893878334328 159.893878328827 159.893878327317 159.893890587755 159.894920381872
4.07406813627255 159.837894493975 159.837689637168 159.837791242698 159.837791242698 159.837791242698 159.837689637168 159.837791516983 159.837791624588 159.837791654128 159.837803948339 159.838835845308
4.09408817635271 159.78174883093 159.781542151488 159.781643789366 159.781643789365 159.781643789365 159.781542151488 159.781644356596 159.781644579137 159.78164464023 159.781656967958 159.782691007477
4.11410821643287 159.725546193484 159.725337667261 159.725439335319 159.725439335319 159.725439335318 159.725337667261 159.725440200158 159.725440539487 159.725440632644 159.725452993627 159.726489214827
4.13412825651303 159.669289831275 159.669079433834 159.669181129841 159.669181129842 159.669181129841 159.669079433833 159.669182296981 159.669182754973 159.669182880712 159.669195274678 159.670233716143
4.15414829659319 159.612982899594 159.612770606186 159.612872327859 159.612872327859 159.612872327859 159.612770606186 159.612873802014 159.612874380566 159.612874539412 159.612886966086 159.613927665881
4.17416833667335 159.556628462601 159.556414248175 159.556515993164 159.556515993164 159.556515993164 159.556414248174 159.556517779078 159.556518480108 159.556518672594 159.55653113169 159.557574127371
4.19418837675351 159.50022949639 159.500013335568 159.50011510147 159.500115101471 159.50011510147 159.500013335568 159.500117203908 159.500118029359 159.500118256026 159.500130747253 159.501176075886
4.21420841683367 159.443788891922 159.443570759007 159.44367254336 159.44367254336 159.443672543359 159.443570759006 159.443674967114 159.44367591895 159.443676180345 159.443688703406 159.444736401586
4.23422845691383 159.387309457873 159.387089326828 159.387191127114 159.387191127114 159.387191127114 159.387089326828 159.387193877001 159.387194957212 159.38719525389 159.387207808479 159.388257912349
4.25424849699399 159.330793923343 159.330571767791 159.330673581439 159.330673581439 159.330673581439 159.330571767791 159.330676662301 159.330677872896 159.33067820542 159.330690791226 159.33174333649
4.27426853707415 159.274244940466 159.27402073368 159.274122558062 159.274122558062 159.274122558062 159.27402073368 159.274125974763 159.274127317777 159.27412768672 159.274140303423 159.275195325367
4.29428857715431 159.217665086929 159.217438801823 159.217540634261 159.217540634261 159.217540634261 159.217438801823 159.21754439169 159.217545869181 159.21754627512 159.217558922395 159.218616455893
4.31430861723447 159.161056868366 159.160828477487 159.160930315247 159.160930315247 159.160930315247 159.160828477487 159.160934418316 159.160936032368 159.160936475895 159.160949153406 159.162009232943
4.33432865731463 159.104422720695 159.104192196214 159.104294036514 159.104294036514 159.104294036515 159.104192196214 159.104298490157 159.104300242877 159.104300724577 159.104313431991 159.105376091678
4.35434869739479 159.047765012331 159.047532326038 159.047634166043 159.047634166042 159.047634166042 159.047532326038 159.047638975218 159.047640868736 159.04764138922 159.047654126185 159.048719399765
4.37436873747495 158.991086046347 158.990851169637 158.990953006462 158.990953006462 158.990953006462 158.990851169637 158.99095817615 158.990960212622 158.990960772501 158.990973538663 158.99204145953
4.39438877755511 158.934388062525 158.934150966391 158.934252797101 158.934252797101 158.934252797101 158.934150966391 158.934258332306 158.934260513912 158.934261113806 158.934273908804 158.935344510018
4.41440881763527 158.877673239351 158.877433894374 158.877535715988 158.877535715988 158.877535715988 158.877433894375 158.877541621734 158.87754395068 158.877544591216 158.877557414683 158.878630728974
4.43442885771543 158.820943695919 158.820702072262 158.820803881749 158.82080388175 158.820803881749 158.820702072262 158.820810163082 158.820812641596 158.820813323417 158.820826174976 158.821902234763
4.45444889779559 158.764201493776 158.763957561172 158.764059355453 158.764059355453 158.764059355453 158.763957561171 158.76406601744 158.764068647783 158.76406937153 158.764082250799 158.765161088202
4.47446893787575 158.707448638699 158.707202366438 158.707304142389 158.707304142389 158.707304142389 158.707202366437 158.707311190121 158.707313974572 158.707314740902 158.707327647492 158.708409294341
4.49448897795591 158.650687082398 158.650438439322 158.650540193773 158.650540193773 158.650540193773 158.650438439322 158.650547632358 158.650550573225 158.650551382804 158.650564316317 158.651648804165
4.51450901803607 158.593918724168 158.593667678661 158.593769408394 158.593769408393 158.593769408394 158.59366767866 158.593777242962 158.59378034258 158.59378119608 158.593794156112 158.594881516241
4.53452905811623 158.537145412466 158.536891932438 158.536993634193 158.536993634193 158.536993634194 158.536891932438 158.537001869895 158.537005130628 158.537006028729 158.537019014869 158.538109278309
4.55454909819639 158.48036894645 158.480112999333 158.480214669804 158.480214669805 158.480214669804 158.480112999333 158.48022331181 158.48022673604 158.480227679438 158.480240691268 158.4813338888
4.57456913827655 158.423591077458 158.42333263019 158.423434266029 158.423434266029 158.423434266029 158.42333263019 158.423443319528 158.423446909672 158.423447899066 158.423460936159 158.424557098324
4.59458917835671 158.366813510412 158.36655252943 158.366654127243 158.366654127243 158.366654127243 158.36655252943 158.366663597443 158.366667355943 158.366668392046 158.366681453968 158.367780611087
4.61460921843687 158.310037905208 158.309774356434 158.309875912785 158.309875912785 158.309875912784 158.309774356433 158.309885804915 158.309889734241 158.309890817771 158.309903904082 158.311006086254
4.63462925851703 158.253265878042 158.252999726869 158.253101238281 158.253101238281 158.253101238281 158.252999726869 158.253111557587 158.253115660235 158.253116791924 158.253129902176 158.254235139291
4.65464929859719 158.196499002672 158.196230213959 158.196331676912 158.196331676911 158.196331676911 158.196230213959 158.196342428657 158.196346707153 158.196347887742 158.196361021478 158.197469343228
4.67466933867736 158.139738811664 158.139467349718 158.13956876065 158.13956876065 158.139568760649 158.139467349718 158.139579950118 158.139584407016 158.139585637255 158.139598794011 158.140710229897
4.69468937875752 158.08298679759 158.082712626153 158.082813981463 158.082813981462 158.082813981463 158.082712626153 158.082825613953 158.082830251834 158.082831532485 158.082844711791 158.083959291127
4.71470941883768 158.026244414152 158.025967496395 158.026068792438 158.026068792438 158.026068792438 158.025967496395 158.026080873269 158.026085694744 158.026087026577 158.026100227953 158.02721797989
4.73472945891784 157.969513077333 157.969233375833 157.969334608927 157.969334608927 157.969334608927 157.969233375833 157.969347143432 157.969352151143 157.969353534939 157.9693667579 157.970487711409
4.754749498998 157.912794166435 157.91251164317 157.912612809592 157.912612809592 157.912612809592 157.912511643169 157.912625803123 157.912630999736 157.91263243629 157.91264568034 157.913769864242
4.77476953907816 157.856089025137 157.855803641466 157.855904737455 157.855904737455 157.855904737455 157.855803641466 157.855918195379 157.855923583595 157.855925073709 157.855938338346 157.85706578131
4.79478957915832 157.799398962495 157.799110679149 157.799211700904 157.799211700904 157.799211700904 157.799110679149 157.799225628602 157.799231211152 157.799232755639 157.799246040354 157.800376770902
4.81480961923848 157.742725253908 157.742434030971 157.742534974652 157.742534974652 157.742534974652 157.742434030972 157.742549377526 157.742555157167 157.742556756853 157.742570061127 157.743704107649
4.83482965931864 157.686069142059 157.685774938957 157.685875800686 157.685875800686 157.685875800686 157.685774938957 157.685890684149 157.685896663672 157.685898319393 157.6859116427 157.687049033452
4.8548496993988 157.629431837821 157.629134613302 157.629235389163 157.629235389163 157.629235389163 157.629134613301 157.629250758644 157.62925694087 157.629258653475 157.62927199528 157.6304127584
4.87486973947896 157.57281452113 157.572514233253 157.572614919294 157.572614919293 157.572614919294 157.572514233253 157.572630780236 157.572637168017 157.572638938363 157.572652298126 157.573796461636
4.89488977955912 157.516218341851 157.515914947965 157.516015540194 157.516015540194 157.516015540194 157.515914947965 157.516031898057 157.516038494276 157.516040323236 157.516053700404 157.517201292213
4.91490981963928 157.459644420571 157.459337877304 157.459438371694 157.459438371695 157.459438371695 157.459337877304 157.45945523195 157.45946203952 157.459463927978 157.459477321992 157.460628369911
4.93492985971944 157.403093849421 157.402784112658 157.402884505146 157.402884505146 157.402884505146 157.402784112658 157.40290187328 157.40290889515 157.402910843997 157.402924254292 157.404078786035
4.9549498997996 157.346567692833 157.346254717702 157.346355004186 157.346355004185 157.346355004186 157.346254717702 157.346372885695 157.346380124845 157.346382134991 157.346395560989 157.347553604177
4.97496993987976 157.290066988282 157.289750729133 157.289850905477 157.289850905477 157.289850905477 157.289750729133 157.289869305875 157.289876765317 157.289878837679 157.289892278797 157.291053860971
4.99498997995992 157.233592747023 157.23327315741 157.233373219443 157.233373219443 157.233373219443 157.23327315741 157.233392144252 157.23339982703 157.233401962541 157.233415418187 157.234580566805
5.01501002004008 157.177145954767 157.176822987429 157.176922930943 157.176922930942 157.176922930943 157.176822987429 157.176942385699 157.176950294893 157.176952494496 157.176965964068 157.178134706523
5.03503006012024 157.120727572378 157.120401179224 157.120500999976 157.120500999975 157.120500999976 157.120401179224 157.120520990226 157.120529128948 157.120531393601 157.120544876488 157.121717240103
5.0550501002004 157.064338536523 157.064008668604 157.064108362316 157.064108362316 157.064108362316 157.064008668604 157.06412889362 157.064137265014 157.064139595688 157.064153091272 157.065329103311
5.07507014028056 157.007979760309 157.007646367802 157.007745930163 157.007745930163 157.007745930163 157.007646367802 157.007767008091 157.007775615337 157.007778013013 157.007791520667 157.008971208334
5.09509018036072 156.95165213389 156.951315166073 156.951414592736 156.951414592736 156.951414592736 156.951315166073 156.951436222867 156.951445069181 156.951447534857 156.951461053943 156.952644444402
5.11511022044088 156.895356525078 156.895015930316 156.895115216901 156.8951152169 156.8951152169 156.895015930316 156.895137404824 156.895146493455 156.89514902814 156.895162558013 156.896349678375
5.13513026052104 156.839093779918 156.83874950563 156.838848647722 156.838848647722 156.838848647723 156.83874950563 156.838871399039 156.838880733269 156.83888333799 156.838896877994 156.840087755332
5.1551503006012 156.782864723241 156.782516715884 156.782615709035 156.782615709035 156.782615709035 156.782516715884 156.782639029354 156.782648612507 156.782651288296 156.78266483777 156.783859499126
5.17517034068136 156.726670159222 156.726318364263 156.726417203993 156.726417203993 156.726417203993 156.726318364264 156.726441098932 156.726450934359 156.726453682273 156.726467240541 156.727665712927
5.19519038076152 156.670510871908 156.6701552338 156.670253915593 156.670253915593 156.670253915593 156.6701552338 156.670278390778 156.670288481876 156.670291302976 156.670304869357 156.671507179756
5.21521042084168 156.614387625711 156.614028087871 156.61412660718 156.61412660718 156.61412660718 156.614028087871 156.614151668246 156.61416201844 156.614164913809 156.614178487611 156.615384662989
5.23523046092184 156.558301165932 156.557937670709 156.558036022953 156.558036022953 156.558036022953 156.557937670709 156.55806167554 156.558072288296 156.55807525903 156.55808883955 156.559298906862
5.255250501002 156.50225221923 156.501884707879 156.501982888447 156.501982888446 156.501982888447 156.501884707879 156.502009138205 156.502020017023 156.502023064233 156.502036650759 156.503250636948
5.27527054108217 156.446241494091 156.445869906751 156.445967910996 156.445967910996 156.445967910996 156.44586990675 156.44599476358 156.446005912003 156.44600903681 156.446022628624 156.447240560624
5.29529058116233 156.390269681287 156.389893956943 156.38999178019 156.38999178019 156.38999178019 156.389893956943 156.390019241263 156.390030662866 156.390033866411 156.390047462782 156.391269367531
5.31531062124249 156.334337454315 156.333957530775 156.334055168314 156.334055168314 156.334055168314 156.333957530775 156.334083243541 156.334094941942 156.334098225381 156.334111825567 156.33533773001
5.33533066132265 156.278445469834 156.278061283696 156.278158730787 156.278158730787 156.278158730787 156.278061283696 156.278187425842 156.278199404693 156.278202769196 156.278216372448 156.279446303529
5.35535070140281 156.222594368069 156.222205854688 156.222303106558 156.222303106558 156.222303106558 156.222205854688 156.222332427116 156.222344690113 156.222348136868 156.222361742425 156.223595727108
5.37537074148297 156.166784773231 156.166391866687 156.166488918534 156.166488918535 156.166488918534 156.166391866687 156.16651887028 156.166531421151 156.166534951362 156.166548558452 156.167786623711
5.39539078156313 156.111017293894 156.11061992696 156.11071677395 156.11071677395 156.11071677395 156.11061992696 156.110747362566 156.110760205085 156.110763819971 156.110777427814 156.112019600646
5.41541082164329 156.055292523386 156.05489062749 156.054987264758 156.054987264758 156.054987264758 156.05489062749 156.055018495933 156.055031633912 156.055035334709 156.055048942513 156.056295249948
5.43543086172345 155.999611040175 155.999204545364 155.999300968015 155.999300968015 155.999300968015 155.999204545365 155.99933284744 155.99934628473 155.999350072689 155.999363679654 156.00061414874
5.45545090180361 155.943973408193 155.943562243101 155.943658446207 155.943658446207 155.943658446207 155.943562243101 155.943690979576 155.943704720069 155.943708596464 155.943722201774 155.944976859604
5.47547094188377 155.888380177225 155.887964269025 155.888060247631 155.888060247631 155.888060247631 155.887964269025 155.888093440639 155.888107488269 155.888111454379 155.888125057217 155.889383930923
5.49549098196393 155.832831883244 155.832411157615 155.832506906735 155.832506906736 155.832506906735 155.832411157615 155.832540765079 155.832555123819 155.832559180953 155.832572780482 155.833835897227
5.51551102204409 155.777329048716 155.7769034298 155.776998944418 155.776998944417 155.776998944418 155.776903429801 155.777033473795 155.777048147661 155.777052297141 155.777065892516 155.778333279521
5.53553106212425 155.721872182949 155.721441593311 155.721536868379 155.721536868379 155.721536868379 155.721441593311 155.721572074486 155.721587067538 155.721591310702 155.721604901068 155.722876585606
5.55555110220441 155.666461782415 155.666026142991 155.666121173435 155.666121173435 155.666121173435 155.666026142991 155.666157061968 155.666172378304 155.666176716512 155.666190301002 155.667466310392
5.57557114228457 155.611098331024 155.610657561081 155.610752341797 155.610752341797 155.610752341797 155.610657561081 155.610788918452 155.610804562216 155.610808996843 155.61082257458 155.612102936206
5.59559118236473 155.55578230045 155.55533631754 155.555430843392 155.555430843392 155.555430843392 155.555336317539 155.555468113864 155.555484089241 155.555488621682 155.555502191777 155.556786933082
5.61561122244489 155.500514150405 155.50006287031 155.500157136137 155.500157136137 155.500157136138 155.50006287031 155.500195106116 155.500211417337 155.500216049006 155.500229610559 155.501518759055
5.63563126252505 155.44529432893 155.444837665616 155.444931666227 155.444931666227 155.444931666227 155.444837665616 155.444970341401 155.44498699274 155.444991725069 155.445005277168 155.446298860436
5.65565130260521 155.390123272668 155.38966113823 155.389754868404 155.389754868404 155.389754868404 155.389661138231 155.389794254463 155.389811250234 155.389816084676 155.389829626397 155.391127672088
5.67567134268537 155.335001407115 155.334533711727 155.334627166214 155.334627166214 155.334627166214 155.334533711726 155.334667268837 155.334684613404 155.334689551431 155.33470308184 155.336005617691
5.69569138276553 155.279929146913 155.279455798762 155.279548972287 155.279548972287 155.279548972287 155.279455798762 155.279589797153 155.27960749492 155.279612538022 155.279626056173 155.280933109997
5.71571142284569 155.224906896078 155.224427801312 155.22452068857 155.22452068857 155.22452068857 155.224427801312 155.224562241349 155.224580296771 155.224585446468 155.224598951396 155.225910551088
5.73573146292585 155.169935048249 155.169450110916 155.169542706576 155.169542706576 155.169542706576 155.169450110916 155.169584992935 155.169603410506 155.169608668324 155.169622159065 155.170938332615
5.75575150300601 155.115013986941 155.114523108924 155.114615407623 155.114615407622 155.114615407623 155.114523108924 155.114658433221 155.114677217487 155.114682584979 155.114696060548 155.116016836037
5.77577154308617 155.060144085765 155.059647166717 155.05973916307 155.05973916307 155.059739163069 155.059647166717 155.059782933562 155.059802089109 155.059807567851 155.059821027253 155.061146432856
5.79579158316633 155.005325708669 155.004822645945 155.004914334535 155.004914334535 155.004914334535 155.004822645945 155.004958855564 155.00497838703 155.004983978618 155.004997420845 155.006327484844
5.81581162324649 154.950559210162 154.950049898746 154.950141274133 154.950141274132 154.950141274132 154.950049898746 154.950186551336 154.950206463403 154.950212169454 154.950225593487 154.951560344254
5.83583166332665 154.895844935509 154.895329267945 154.895420324658 154.895420324657 154.895420324658 154.895329267945 154.895466363663 154.895486661061 154.895492483213 154.89550588802 154.896845354048
5.85585170340681 154.841183220978 154.840661087279 154.840751819825 154.840751819825 154.840751819825 154.84066108728 154.840798626249 154.840819313757 154.840825253671 154.840838638207 154.842182848097
5.87587174348697 154.786574393996 154.786045681607 154.786136084462 154.786136084462 154.786136084462 154.786045681607 154.78618366391 154.786204746355 154.786210805717 154.786224168922 154.787573151387
5.89589178356713 154.732018773427 154.731483367085 154.731573434702 154.731573434702 154.731573434702 154.731483367084 154.731621792771 154.731643275023 154.731649455541 154.731662796344 154.733016580217
5.9159118236473 154.677516669695 154.676974451375 154.677064178179 154.677064178179 154.677064178179 154.676974451374 154.677113320452 154.677135207438 154.677141510838 154.677154828157 154.678513442394
5.93593186372746 154.623068385011 154.622519233834 154.622608614225 154.622608614226 154.622608614226 154.622519233834 154.622658546274 154.622680842965 154.622687271002 154.622700563739 154.624064037421
5.95595190380762 154.568674213559 154.568118005695 154.568207034048 154.568207034048 154.568207034048 154.568118005695 154.56825776143 154.568280472846 154.568287027298 154.568300294342 154.56966865668
5.97597194388778 154.51433444166 154.513771050236 154.5138597209 154.513859720899 154.5138597209 154.513771050236 154.513911249158 154.513934380371 154.513941063038 154.513954303266 154.515327583608
5.99599198396794 154.460049347991 154.459478642985 154.459566950283 154.459566950283 154.459566950283 154.459478642985 154.459619284944 154.459642841077 154.459649653784 154.459662866059 154.461041093881
6.0160120240481 154.40581920371 154.405241051847 154.405328990078 154.405328990078 154.405328990078 154.405241051847 154.405382136654 154.405406122879 154.405413067476 154.405426250648 154.406809455575
6.03603206412826 154.351644272665 154.351058537311 154.351146100747 154.351146100748 154.351146100748 154.351058537311 154.351200064736 154.351224486274 154.351231564637 154.351244717539 154.352632929338
6.05605210420842 154.297524811541 154.296931352585 154.297018535476 154.297018535476 154.297018535476 154.296931352585 154.297073322354 154.29709818448 154.29710539851 154.297118519964 154.298511768546
6.07607214428858 154.243461070026 154.242859743758 154.24294654033 154.24294654033 154.24294654033 154.242859743759 154.243002155557 154.243027463596 154.243034815218 154.243047904033 154.244446219468
6.09609218436874 154.189453290985 154.188843949981 154.188930354433 154.188930354434 154.188930354433 154.188843949981 154.188986803451 154.189012562781 154.189020053947 154.189033108916 154.190436521418
6.1161122244489 154.135501710584 154.134884203568 154.134970210077 154.134970210076 154.134970210076 154.134884203568 154.135027498305 154.135053714357 154.135061347047 154.135074366948 154.136482906901
6.13613226452906 154.081606558473 154.080980730186 154.081066332904 154.081066332904 154.081066332904 154.080980730185 154.081124465745 154.081151143999 154.081158920217 154.081171903817 154.082585601766
6.15615230460922 154.027768057934 154.027133748988 154.027218942047 154.027218942047 154.027218942047 154.027133748987 154.027277924878 154.027305070869 154.027312992649 154.027325938696 154.028744825344
6.17617234468938 153.973986425999 153.973343472735 153.973428250241 153.973428250241 153.973428250241 153.973343472736 153.973488088417 153.973515707735 153.973523777137 153.973536684367 153.974960790592
6.19619238476954 153.920261873623 153.919610107952 153.919694463988 153.919694463988 153.919694463988 153.919610107953 153.919755162842 153.919783261126 153.91979148024 153.919804347374 153.921233704228
6.2162124248497 153.866594605806 153.86593385505 153.866017783675 153.866017783674 153.866017783675 153.86593385505 153.866079348516 153.866107931463 153.866116302403 153.866129128148 153.867563766861
6.23623246492986 153.812984821752 153.812314908471 153.812398403725 153.812398403725 153.812398403724 153.812314908471 153.812460839835 153.812489913195 153.812498438106 153.812511221153 153.813951173127
6.25625250501002 153.759432714967 153.758753456787 153.758836512685 153.758836512686 153.758836512685 153.758753456786 153.758899825322 153.758929394897 153.758938075956 153.758950814979 153.760396111811
6.27627254509018 153.705938473428 153.705249682851 153.705332293388 153.705332293388 153.705332293388 153.70524968285 153.70539648778 153.705426559432 153.705435398837 153.705448092501 153.706898765973
6.29629258517034 153.652502279698 153.651803763908 153.651885923058 153.651885923058 153.651885923058 153.651803763909 153.651951004407 153.651981584049 153.651990584035 153.652003230983 153.653459313067
6.3163126252505 153.599124311037 153.598415871705 153.598497573416 153.598497573417 153.598497573416 153.598415871704 153.598563546895 153.598594640497 153.598603803327 153.59861640219 153.600077925062
6.33633266533066 153.545804739583 153.545086172638 153.545167410844 153.545167410844 153.545167410844 153.545086172638 153.545234281593 153.545265895179 153.545275223149 153.54528777254 153.546754768554
6.35635270541082 153.492543732384 153.491814827804 153.491895596412 153.491895596412 153.491895596412 153.491814827804 153.491963369544 153.491995509194 153.492005004628 153.492017503147 153.493490004885
6.37637274549098 153.439341451604 153.438601993172 153.438682286072 153.438682286072 153.438682286072 153.438601993172 153.438750966663 153.438783638517 153.43879330377 153.438805750001 153.440283790245
6.39639278557114 153.386198054606 153.385447819666 153.385527630727 153.385527630727 153.385527630727 153.385447819666 153.385597223824 153.385630434074 153.385640271535 153.385652664044 153.387136275782
6.4164128256513 153.333113694067 153.332352453266 153.332431776335 153.332431776335 153.332431776335 153.332352453266 153.33250228695 153.332536041847 153.332546053936 153.332558391274 153.334047607712
6.43643286573146 153.280088518098 153.279316035109 153.279394864017 153.279394864017 153.279394864017 153.279316035109 153.279466297125 153.279500602978 153.279510792147 153.279523072849 153.281017927416
6.45645290581162 153.227122670368 153.22633870161 153.226417030167 153.226417030167 153.226417030167 153.22633870161 153.226489390707 153.226524253879 153.226534622615 153.2265468452 153.228047371541
6.47647294589178 153.174216290204 153.173420584533 153.173498406529 153.173498406529 153.17349840653 153.173420584533 153.173571699403 153.17360712632 153.173617677141 153.173629840111 153.175136072101
6.49649298597194 153.121369512712 153.120561811107 153.120639120317 153.120639120317 153.120639120317 153.120561811107 153.120713350388 153.120749347528 153.120760082989 153.12077218483 153.122284156569
6.5165130260521 153.068582468878 153.067762504109 153.067839294286 153.067839294286 153.067839294286 153.067762504109 153.067914466378 153.067951040279 153.067961962968 153.067974002148 153.069491747974
6.53653306613226 153.015855285672 153.015022781947 153.015099046827 153.015099046827 153.015099046827 153.015022781947 153.015175165722 153.015212322981 153.015223435522 153.015235410493 153.016758964989
6.55655310621243 152.963188086191 152.962342758779 152.962418492081 152.962418492081 152.962418492082 152.962342758779 152.962495562519 152.962533309792 152.96254461484 152.962556524039 152.964085922025
6.57657314629259 152.910580989735 152.909722544577 152.909797740004 152.909797740004 152.909797740004 152.909722544577 152.909875766682 152.909914110682 152.909925610935 152.909937452778 152.911472729314
6.59659318637275 152.858034111908 152.857162245206 152.857236896444 152.857236896444 152.857236896444 152.857162245206 152.857315884014 152.857354831515 152.8573665297 152.85737830259 152.858919492997
6.61661322645291 152.805547564745 152.804661962522 152.804736063238 152.804736063237 152.804736063238 152.804661962522 152.804816016308 152.80485557414 152.804867473026 152.804879175346 152.806426315204
6.63663326653307 152.753121456831 152.752221794469 152.752295338315 152.752295338315 152.752295338315 152.752221794469 152.752376261443 152.752416436499 152.752428538889 152.752440169007 152.753993294143
6.65665330661323 152.700755893369 152.699841835118 152.699914815733 152.699914815732 152.699914815733 152.699841835117 152.69999671343 152.700037512661 152.700049821398 152.700061377661 152.701620524171
6.67667334669339 152.648450976306 152.647522174772 152.647594585777 152.647594585777 152.647594585777 152.647522174772 152.647677462506 152.647718892921 152.647731410885 152.647742891626 152.649308095879
6.69669338677355 152.596206804471 152.59526290006 152.595334735062 152.595334735062 152.595334735062 152.59526290006 152.595418595235 152.595460663903 152.595473394014 152.595484797546 152.597056096165
6.71671342685371 152.544023473597 152.543064093946 152.543135346538 152.543135346538 152.543135346538 152.543064093946 152.543220194512 152.543262908565 152.543275853779 152.543287178399 152.544864608311
6.73673346693387 152.491901076543 152.490925835893 152.490996499653 152.490996499654 152.490996499654 152.490925835893 152.491082339736 152.491125706362 152.491138869678 152.491150113663 152.492733712054
6.75675350701403 152.439839703308 152.438848201853 152.438918270348 152.438918270348 152.438918270348 152.438848201853 152.439005106787 152.439049133239 152.439062517695 152.439073679305 152.440663483656
6.77677354709419 152.38783944119 152.386831264391 152.386900731172 152.386900731172 152.386900731172 152.38683126439 152.386988568163 152.387033261749 152.387046870424 152.387057947902 152.388653995979
6.79679358717435 152.335900374892 152.334875092725 152.334943951333 152.334943951334 152.334943951334 152.334875092725 152.335032793014 152.335078161105 152.33509199712 152.335102988689 152.336705318551
6.81681362725451 152.284022586611 152.282979752798 152.283047996761 152.283047996762 152.283047996761 152.282979752799 152.283137847209 152.283183897235 152.283197963751 152.283208867617 152.28481751763
6.83683366733467 152.232206156206 152.231145307369 152.231212930202 152.231212930202 152.231212930202 152.231145307369 152.231303793434 152.231350532888 152.23136483311 152.231375647459 152.232990656275
6.85685370741483 152.180451161236 152.179371816016 152.179438811225 152.179438811225 152.179438811225 152.179371816016 152.179530691196 152.179578127629 152.179592664805 152.179603387806 152.181224794406
6.87687374749499 152.12875767718 152.127659335277 152.127725696356 152.127725696357 152.127725696356 152.127659335277 152.127818596961 152.127866737985 152.127881515403 152.127892145207 152.12951998887
6.89689378757515 152.077125777483 152.076007918653 152.076073639087 152.076073639087 152.076073639087 152.076007918653 152.076167564152 152.076216417439 152.076231438437 152.076241973174 152.077876293495
6.91691382765531 152.025555533706 152.024417616684 152.024482689949 152.024482689949 152.024482689949 152.024417616685 152.024577643234 152.02462721652 152.024642484475 152.024652922258 152.026293759164
6.93693386773547 151.974047015694 151.972888477028 151.972952896589 151.972952896589 151.972952896589 151.972888477028 151.97304888179 151.973099182867 151.973114701204 151.973125040126 151.97477243386
6.95695390781563 151.922600291661 151.921420544485 151.9214843038 151.9214843038 151.9214843038 151.921420544485 151.921581324538 151.921632361262 151.92164813345 151.921658371587 151.923312362729
6.97697394789579 151.871215428376 151.870013861083 151.870076953602 151.870076953602 151.870076953602 151.870013861083 151.870175013433 151.870226793717 151.870242823273 151.87025295868 151.871913588141
6.99699398797595 151.819892491291 151.818668466115 151.818730885281 151.818730885281 151.818730885281 151.818668466115 151.818829987685 151.818882519504 151.818898809991 151.818908840704 151.820576149737
7.01701402805611 151.7686315447 151.767384396197 151.767446135446 151.767446135447 151.767446135446 151.767384396197 151.767546283829 151.767599575219 151.767616130249 151.767626054285 151.769300084488
7.03703406813627 151.717432651919 151.716161685325 151.716222738089 151.716222738089 151.716222738089 151.716161685325 151.716323935783 151.716377994839 151.71639481807 151.716404633427 151.718085426747
7.05705410821643 151.66629587543 151.665000364921 151.665060724622 151.665060724621 151.665060724622 151.665000364921 151.665162974881 151.665217809754 151.665234904893 151.665244609551 151.666932208301
7.07707414829659 151.615221277111 151.613900463891 151.61396012395 151.61396012395 151.61396012395 151.61390046389 151.614063429947 151.614119048855 151.614136419659 151.614146011576 151.615840458423
7.09709418837675 151.564208918395 151.562862008674 151.562920962508 151.562920962507 151.562920962507 151.562862008674 151.563025327338 151.563081738555 151.563099388829 151.563108865945 151.564810203915
7.11711422845691 151.513258860489 151.511885023279 151.511943264299 151.511943264298 151.511943264299 151.511885023279 151.512048690974 151.512105902832 151.512123836434 151.51213319667 151.51384146917
7.13713426853708 151.462371164611 151.46096952935 151.461027050967 151.461027050966 151.461027050967 151.46096952935 151.461133542413 151.461191563308 151.461209784145 151.461219025401 151.462934276203
7.15715430861724 151.411545892195 151.410115546192 151.410172341813 151.410172341813 151.410172341813 151.410115546192 151.410279900872 151.410338739253 151.410357251287 151.410366371443 151.412088644714
7.1771743486974 151.360783105199 151.359323090845 151.359379153877 151.359379153878 151.359379153877 151.359323090845 151.359487783304 151.359547447681 151.35956625492 151.35957525184 151.361304592122
7.19719438877756 151.310082866331 151.308592178094 151.308647501943 151.308647501943 151.308647501944 151.308592178094 151.308757204401 151.308817703341 151.308836809854 151.308845681378 151.310582133613
7.21721442885772 151.259445239385 151.25792282054 151.257977398613 151.257977398613 151.257977398613 151.25792282054 151.258088176674 151.258149518806 151.258168928708 151.258177672658 151.259921282191
7.23723446893788 151.208870289559 151.207315028636 151.20736885434 151.20736885434 151.20736885434 151.207315028636 151.207480710485 151.20754290449 151.207562621956 151.207571236134 151.209322048705
7.25725450901804 151.158358083815 151.156768810733 151.156821877475 151.156821877475 151.156821877475 151.156768810733 151.156934814089 151.156997868709 151.157017897965 151.157026380155 151.158784441913
7.2772745490982 151.107908691251 151.106284173101 151.106336474295 151.106336474295 151.106336474295 151.106284173101 151.106450493667 151.106514417696 151.106534763027 151.106543110991 151.108308468501
7.29729458917836 151.057522183539 151.055861119991 151.05591264905 151.05591264905 151.05591264905 151.055861119991 151.056027753368 151.056092555661 151.056113221406 151.056121432886 151.057894133142
7.31731462925852 151.007198635416 151.005499653677 151.00555040402 151.005550404021 151.00555040402 151.005499653677 151.005666595373 151.005732284839 151.005753275395 151.005761348114 151.00754143852
7.33733466933868 150.956938125151 150.955199774473 150.955249739524 150.955249739525 150.955249739524 150.955199774473 150.955367019901 150.955433605501 150.955454925319 150.955462856982 150.957250385386
7.35735470941884 150.906740735162 150.904961480781 150.90501065397 150.90501065397 150.90501065397 150.904961480781 150.905129025249 150.905196516005 150.905218169599 150.905225957887 150.907020972576
7.377374749499 150.856606552642 150.854784769146 150.854833143912 150.854833143912 150.854833143912 150.854784769146 150.854952607868 150.855021012851 150.855043004791 150.855050647369 150.856853197068
7.39739478957916 150.806535670256 150.80466963427 150.804717204054 150.804717204054 150.804717204054 150.80466963427 150.804837762355 150.804907090691 150.804929425609 150.804936920119 150.806747054006
7.41741482965932 150.756528186921 150.754616069049 150.754662827307 150.754662827307 150.754662827306 150.754616069049 150.754784481507 150.754854742372 150.754877424958 150.754884769025 150.756702536736
7.43743486973948 150.706584208731 150.704624064629 150.704670004821 150.704670004821 150.704670004821 150.704624064629 150.704792756367 150.704863958991 150.704886993997 150.704894185224 150.706719636853
7.45745490981964 150.656703849888 150.65469361041 150.654738726011 150.654738726011 150.654738726011 150.65469361041 150.654862576227 150.654934729893 150.654958122133 150.654965158105 150.656798344219
7.4774749498998 150.606887233885 150.604824694109 150.604868978605 150.604868978605 150.604868978605 150.60482469411 150.604993928705 150.605067042742 150.605090797091 150.605097675373 150.606938647012
7.49749498997996 150.557134494704 150.555017301772 150.555060748657 150.555060748657 150.555060748657 150.555017301772 150.555186799731 150.555260883523 150.555285004919 150.555291723056 150.557140531746
7.51751503006012 150.507445778317 150.505271417817 150.505314020606 150.505314020606 150.505314020606 150.505271417817 150.505441173628 150.5055162366 150.505540730047 150.505547285564 150.507403983313
7.53753507014028 150.457821244254 150.455587025065 150.455628777282 150.455628777282 150.455628777282 150.455587025065 150.455757033099 150.45583308473 150.455857955295 150.455864345698 150.457728985013
7.55755511022044 150.408261067501 150.40596410477 150.406004999958 150.406004999959 150.406004999958 150.405964104771 150.406134359293 150.406211409105 150.406236661919 150.406242884695 150.408115518579
7.5775751503006 150.358765440593 150.356402636635 150.35644266835 150.35644266835 150.356442668351 150.356402636635 150.356573131796 150.356651189361 150.356676829622 150.356682882238 150.358563564219
7.59759519038076 150.309334576133 150.306902598886 150.306941760708 150.306941760707 150.306941760708 150.306902598886 150.307073328731 150.307152403659 150.307178436632 150.307184316537 150.309073100633
7.61761523046092 150.259968709506 150.257463968241 150.257502253762 150.257502253762 150.257502253762 150.25746396824 150.257634926695 150.257715028644 150.257741459661 150.257747164283 150.259644105054
7.63763527054108 150.210668102255 150.208086719981 150.20812412282 150.20812412282 150.20812412282 150.208086719981 150.208257900861 150.20833903953 150.20836587399 150.208371400739 150.210276553268
7.65765531062124 150.161433045816 150.158770827972 150.158807341767 150.158807341767 150.158807341767 150.158770827972 150.158942224977 150.159024410106 150.159051653478 150.159056999746 150.160970419651
7.6776753507014 150.112263865985 150.109516264686 150.109551883096 150.109551883096 150.109551883096 150.109516264686 150.109687871399 150.109771112765 150.109798770586 150.109803933745 150.111725677187
7.69769539078156 150.063160928111 150.060323001227 150.060357717936 150.060357717936 150.060357717937 150.060323001227 150.060494811111 150.060579118535 150.060607196413 150.060612173817 150.062542297505
7.71771543086172 150.014124643218 150.011191007347 150.011224816068 150.011224816068 150.011224816068 150.011191007347 150.011363013752 150.011448397087 150.011476900701 150.011481689685 150.013420250897
7.73773547094188 149.965155475283 149.962120251511 149.962153145978 149.962153145977 149.962153145978 149.962120251511 149.962292447663 149.962378916797 149.962407851898 149.962412449781 149.964359506354
7.75775551102204 149.916253949875 149.913110700893 149.913142674871 149.913142674871 149.913142674871 149.913110700894 149.913283079899 149.913370644758 149.913400017168 149.913404421247 149.915360031576
7.77777555110221 149.867420664416 149.864162321385 149.864193368669 149.864193368669 149.864193368668 149.864162321385 149.86433487623 149.86442354677 149.864453362384 149.864457569941 149.86642179302
7.79779559118237 149.818656300661 149.815275077658 149.815305192071 149.81530519207 149.815305192071 149.815275077658 149.815447801204 149.815537587409 149.815567852197 149.815571860497 149.817544755906
7.81781563126253 149.769961639708 149.76644893317 149.766478108569 149.76647810857 149.76647810857 149.76644893317 149.766621818157 149.766712730043 149.766743450048 149.766747256337 149.768728884245
7.83783567134269 149.72133758026 149.717683850192 149.717712080468 149.717712080469 149.717712080469 149.717683850192 149.717856889233 149.717948936842 149.717980118183 149.717983719689 149.71997414087
7.85785571142285 149.672785161075 149.668979789824 149.669007068902 149.669007068903 149.669007068903 149.668979789824 149.669152975407 149.669246168807 149.669277817677 149.669281211615 149.671280487455
7.87787575150301 149.624305588623 149.620336712025 149.620363033867 149.620363033867 149.620363033867 149.620336712025 149.62051003651 149.620604385792 149.620636508464 149.620639692027 149.622647884531
7.89789579158317 149.575900271585 149.571754575636 149.571779934243 149.571779934243 149.571779934243 149.571754575636 149.571928031259 149.572023546532 149.572056149353 149.572059119722 149.574076291527
7.91791583166333 149.527570864045 149.523233338397 149.523257727807 149.523257727807 149.523257727807 149.523233338397 149.523406917259 149.523503608657 149.523536698052 149.52353945239 149.525565666767
7.93793587174349 149.479319320322 149.474772956987 149.474796371282 149.474796371282 149.474796371282 149.474772956987 149.474946651065 149.475044528734 149.475078111207 149.475080646663 149.477115967519
7.95795591182365 149.431147964844 149.426373387 149.426395820304 149.426395820304 149.426395820304 149.426373387 149.426547188135 149.42664626224 149.426680344375 149.42668265808 149.428727149991
7.97797595190381 149.383059582796 149.378034583032 149.378056029514 149.378056029514 149.378056029514 149.378034583033 149.37820848294 149.378308763651 149.378343352113 149.378345441185 149.380399169371
7.99799599198397 149.335057538236 149.329756498632 149.329776952506 149.329776952507 149.329776952506 149.329756498632 149.329930488888 149.330031986394 149.330067087924 149.330068949466 149.332131979834
8 149.330257433128 149.324927198953 149.324947553151 149.324947553151 149.324947553151 149.324927198953 149.325101197784 149.325202817652 149.325237970915 149.325239809522 149.327303774696
8.00334448160535 149.322248584288 149.316868952269 149.316889139989 149.31688913999 149.316889139989 149.31686895227 149.317042965221 149.317144789527 149.317180029278 149.317181829542 149.319247356293
8.0066889632107 149.314242291844 149.308812398468 149.308832419549 149.308832419549 149.308832419549 149.308812398468 149.308986425299 149.309088454326 149.309123780757 149.309125542598 149.311192632787
8.01003344481605 149.306238578436 149.300757537321 149.300777391605 149.300777391605 149.300777391605 149.300757537321 149.300931577792 149.301033811826 149.30106922513 149.301070948464 149.303139603955
8.01337792642141 149.298237467496 149.292704368593 149.29272405592 149.29272405592 149.29272405592 149.292704368593 149.292878422463 149.292980861788 149.293016362154 149.293018046902 149.295088269574
8.01672240802676 149.290238983347 149.284652892068 149.28467241228 149.28467241228 149.28467241228 149.284652892069 149.284826959096 149.284929603996 149.284965191619 149.284966837698 149.28703862942
8.01801603206413 149.287145930819 149.281539086384 149.281558541914 149.281558541914 149.281558541914 149.281539086384 149.281713158436 149.281815882927 149.281851504351 149.281853135452 149.283925534576
8.02006688963211 149.282243151172 149.276603107523 149.27662246046 149.27662246046 149.27662246046 149.276603107523 149.276777187465 149.276880038226 149.276915713295 149.276917320625 149.27899068327
8.02341137123746 149.274249997091 149.268555014719 149.268574200223 149.268574200223 149.268574200223 149.268555014719 149.268729107333 149.268832164238 149.268867926949 149.268869495448 149.270944430898
8.02675585284281 149.2662595482 149.260508613431 149.260527631344 149.260527631345 149.260527631345 149.260508613432 149.260682718475 149.260785981809 149.260821832355 149.26082336194 149.262899872079
8.03010033444816 149.258271832597 149.252463903432 149.252482753594 149.252482753594 149.252482753595 149.252463903432 149.252638020659 149.252741490707 149.252777429281 149.252778919871 149.254857006585
8.03344481605351 149.250286879487 149.24442088449 149.244439566746 149.244439566747 149.244439566746 149.24442088449 149.244595013658 149.244698690704 149.244734717501 149.244736169014 149.24681583419
8.03678929765886 149.242304719144 149.236379556376 149.236398070566 149.236398070566 149.236398070566 149.236379556376 149.236553697237 149.236657581566 149.236693696779 149.236695109133 149.238776354665
8.03803607214429 149.239329805883 149.233382297879 149.233400749378 149.233400749377 149.233400749378 149.233382297879 149.233556443038 149.233660404711 149.233696552935 149.23369795067 149.235779785819
8.04013377926422 149.234325383052 149.228339918856 149.228358264824 149.228358264824 149.228358264824 149.228339918856 149.228514071166 149.228618163063 149.228654366888 149.228655740001 149.230738567781
8.04347826086956 149.226348903886 149.220301971702 149.220320149289 149.22032014929 149.220320149289 149.220301971702 149.220476135213 149.220580434963 149.220616727594 149.220618061385 149.22270247331
8.04682274247492 149.218375315625 149.212265714675 149.212283723727 149.212283723727 149.212283723727 149.212265714676 149.212439889141 149.212544397027 149.212580778662 149.212582073047 149.214668071023
8.05016722408027 149.21040465361 149.204231147547 149.204248987906 149.204248987905 149.204248987905 149.204231147547 149.204405332719 149.204510049027 149.20454651986 149.204547774758 149.206635360686
8.05351170568562 149.20243695459 149.19619827008 149.19621594159 149.19621594159 149.19621594159 149.19619827008 149.196372465711 149.196477390726 149.196513950954 149.196515166282 149.19860434207
8.05685618729097 149.194472256787 149.188167082032 149.188184584535 149.188184584535 149.188184584535 149.188167082032 149.18834128787 149.188446421876 149.188483071696 149.188484247373 149.190575014941
8.05805611222445 149.191615441111 149.185286083772 149.185303525602 149.185303525601 149.185303525602 149.185286083772 149.185460293212 149.185565502268 149.185602184281 149.185603345711 149.187694684839
8.06020066889632 149.186510600014 149.180137583176 149.180154916518 149.180154916518 149.180154916518 149.180137583176 149.180311798973 149.180417142254 149.180453881864 149.180455017807 149.182547379067
8.06354515050167 149.17855202572 149.172109773273 149.172126937298 149.172126937298 149.172126937298 149.172109773273 149.172283998779 149.17238955162 149.172426381217 149.172427477343 149.174521434213
8.06688963210702 149.170596577081 149.164083652082 149.164100646635 149.164100646635 149.164100646635 149.164083652082 149.164257887045 149.164363649731 149.164400569514 149.16440162574 149.166497180146
8.07023411371237 149.162644299118 149.156059219375 149.1560760443 149.156076044301 149.1560760443 149.156059219374 149.156233463544 149.15633943636 149.156376446524 149.15637746277 149.15847461663
8.07357859531773 149.154695238735 149.148036474902 149.148053130044 149.148053130045 149.148053130044 149.148036474902 149.148210728023 149.148316911253 149.148354012 149.148354988181 149.15045374343
8.07692307692308 149.146749444906 149.140015418434 149.140031903639 149.140031903639 149.140031903639 149.140015418434 149.140189680257 149.140296074183 149.140333265712 149.140334201747 149.142434560308
8.07807615230461 149.144010743654 149.137250393755 149.137266820335 149.137266820335 149.137266820335 149.137250393754 149.137424658517 149.137531125154 149.137568348026 149.137569270201 149.139670181986
8.08026755852843 149.138806968679 149.13199604972 149.132012364834 149.132012364834 149.132012364834 149.13199604972 149.132170319989 149.132276924899 149.132314207409 149.132315103214 149.134417067026
8.08361204013378 149.130867863378 149.123978368525 149.123994513394 149.123994513394 149.123994513394 149.123978368525 149.124152646985 149.124259463164 149.124296836854 149.124297692347 149.126401263349
8.08695652173913 149.122932184714 149.115962374606 149.115978349075 149.115978349076 149.115978349075 149.115962374606 149.116136661004 149.116243688733 149.116281153805 149.116281968903 149.118387149038
8.09030100334448 149.114999990897 149.107948067719 149.107963871635 149.107963871635 149.107963871635 149.107948067718 149.108122361798 149.108229601365 149.108267158017 149.108267932638 149.110374723853
8.09364548494983 149.107071342775 149.09993544762 149.09995108083 149.09995108083 149.09995108083 149.09993544762 149.100109749124 149.100217200811 149.100254849248 149.100255583307 149.102363987553
8.09698996655518 149.099146304002 149.091924514073 149.091939976423 149.091939976422 149.091939976423 149.091924514072 149.092098822745 149.092206486838 149.092244227258 149.092244920674 149.094354939898
8.09809619238477 149.096525811764 149.089275176627 149.089290582432 149.089290582432 149.089290582431 149.089275176627 149.089449487614 149.089557222027 149.089594992916 149.08959567287 149.091706226697
8.10033444816053 149.091224941189 149.083915266824 149.083930558163 149.083930558163 149.083930558164 149.083915266825 149.084089582408 149.084197459192 149.084235291797 149.084235944487 149.086347580647
8.10367892976589 149.083307324104 149.075907705637 149.075922825811 149.075922825811 149.075922825811 149.075907705637 149.076082027873 149.07619011763 149.076228042625 149.076228654505 149.078341909557
8.10702341137124 149.075393525797 149.06790183026 149.067916779117 149.067916779118 149.067916779118 149.067901830259 149.068076158889 149.068184461904 149.068222479491 149.068223050477 149.070337926386
8.11036789297659 149.067483622878 149.059897640444 149.059912417833 149.059912417832 149.059912417833 149.059897640444 149.060071975208 149.060180491765 149.060218602146 149.060219132156 149.062335630889
8.11371237458194 149.059577695697 149.051895135948 149.051909741718 149.051909741718 149.051909741718 149.051895135948 149.052069476587 149.052178206971 149.05221641035 149.052216899301 149.054335022824
8.11705685618729 149.051675828532 149.043894316523 149.043908750521 149.043908750522 149.043908750522 149.043894316524 149.044068662777 149.044177607271 149.044215903852 149.04421635166 149.046336101947
8.11811623246493 149.049173745212 149.041360380281 149.041374759838 149.041374759837 149.041374759837 149.04136038028 149.041534728256 149.041643740631 149.041682066776 149.041682501535 149.043802767518
8.12040133779264 149.043778109902 149.035895181917 149.035909443993 149.035909443993 149.035909443993 149.035895181917 149.036069533524 149.036178692412 149.036217082398 149.036217488981 149.038338868011
8.12374581939799 149.035884632819 149.027897731891 149.027911821892 149.027911821893 149.027911821893 149.027897731891 149.028072088587 149.028181462155 149.028219945752 149.028220311025 149.030343320769
8.12709030100334 149.027995495017 149.019901966185 149.019915883962 149.019915883962 149.019915883963 149.019901966185 149.020076327707 149.020185916238 149.020224493652 149.020224817532 149.022349459977
8.1304347826087 149.020110799319 149.011907884548 149.011921629951 149.011921629951 149.011921629951 149.011907884548 149.012082250634 149.012192054412 149.012230725847 149.01223100825 149.014357285385
8.13377926421405 149.012230653981 149.003915486733 149.003929059613 149.003929059612 149.003929059612 149.003915486733 149.004089857119 149.004199876428 149.00423864209 149.004238882933 149.006366796746
8.1371237458194 149.00435517301 148.995924772488 148.995938172693 148.995938172693 148.995938172693 148.995924772488 148.99609914691 148.996209382034 148.996248242128 148.996248441329 148.998377993811
8.13813627254509 149.001971844484 148.993505951744 148.993519299643 148.993519299642 148.993519299643 148.993505951744 148.993680327335 148.993790627851 148.993829516576 148.993829703152 148.995959752128
8.14046822742475 148.996484476553 148.987935741555 148.987948968936 148.987948968936 148.987948968936 148.987935741555 148.988110119747 148.988220570969 148.988259525704 148.988259683177 148.99039087633
8.1438127090301 148.988618691316 148.979948393683 148.979961448093 148.979961448093 148.979961448093 148.979948393683 148.980122775379 148.980233442983 148.980272492565 148.980272608227 148.982405444053
8.14715719063545 148.980757951111 148.971962728627 148.971975609915 148.971975609915 148.971975609915 148.971962728626 148.972137113562 148.972247997829 148.972287142467 148.972287216234 148.974421696731
8.1505016722408 148.972902397211 148.963978746126 148.963991454145 148.963991454144 148.963991454145 148.963978746126 148.964153134029 148.964264235249 148.964303475147 148.964303506936 148.966439634111
8.15384615384615 148.965052178942 148.955996445924 148.956008980524 148.956008980524 148.956008980524 148.955996445923 148.95617083653 148.956282154981 148.956321490351 148.956321480077 148.958459255942
8.15719063545151 148.957207454293 148.948015827767 148.948028188802 148.948028188801 148.948028188801 148.948015827767 148.948190220806 148.948301756773 148.948341187823 148.948341135403 148.950480561971
8.15815631262525 148.954943433908 148.945711837144 148.945724148036 148.945724148036 148.945724148036 148.945711837144 148.945886230837 148.945997829661 148.946037288375 148.946037223771 148.948177127336
8.16053511705686 148.949368390505 148.940036891393 148.940049078715 148.940049078715 148.940049078715 148.940036891393 148.940211286598 148.940323040363 148.940362567301 148.940362472651 148.942503551946
8.16387959866221 148.941535164815 148.932059636553 148.932071650013 148.932071650013 148.932071650013 148.932059636553 148.932234033652 148.932346005499 148.932385628537 148.932385491571 148.93452822561
8.16722408026756 148.93370796516 148.92408406299 148.924095902443 148.924095902443 148.924095902443 148.924084062991 148.924258461714 148.924370651928 148.924410371271 148.924410191909 148.92655458271
8.17056856187291 148.925886990973 148.916110170438 148.916121835737 148.916121835737 148.916121835737 148.916110170438 148.916284570515 148.916396979377 148.916436795239 148.916436573394 148.918582622992
8.17391304347826 148.918072454171 148.908137958635 148.908149449633 148.908149449633 148.908149449633 148.908137958635 148.908312359794 148.908424987587 148.908464900179 148.908464635767 148.910612346199
8.17725752508361 148.910264580078 148.900167427332 148.900178743882 148.900178743881 148.900178743882 148.900167427332 148.900341829299 148.900454676306 148.900494685837 148.900494378775 148.902643752075
8.17817635270541 148.908120725168 148.897977981803 148.897989250402 148.897989250401 148.897989250402 148.897977981803 148.898152383944 148.898265291227 148.898305327426 148.898305008632 148.900454839128
8.18060200668896 148.902463608477 148.892198576262 148.89220971822 148.89220971822 148.89220971822 148.892198576262 148.892372978765 148.89248604527 148.892526151951 148.892525802154 148.894676840362
8.18394648829431 148.894669794891 148.884231405172 148.884242372391 148.884242372391 148.884242372391 148.884231405171 148.884405807935 148.884519094222 148.884559298266 148.88455890565 148.886711610803
8.18729096989967 148.886883411748 148.876265913792 148.876276706128 148.876276706129 148.876276706128 148.876265913792 148.876440316543 148.876553822891 148.876594124511 148.876593688992 148.878748063139
8.19063545150502 148.879104749932 148.868302101864 148.868312719172 148.868312719173 148.868312719172 148.868302101864 148.868476504327 148.86859023102 148.868630630428 148.868630151921 148.870786197113
8.19397993311037 148.871334120305 148.860339969128 148.860350411261 148.860350411261 148.860350411261 148.860339969128 148.860514371026 148.860628318346 148.860668815756 148.860668294177 148.862826012463
8.19732441471572 148.863571855454 148.852379515311 148.852389782128 148.852389782128 148.852389782128 148.852379515312 148.852553916371 148.852668084598 148.852708680224 148.852708115487 148.854867508928
8.19819639278557 148.861549484858 148.850304330203 148.850314551288 148.850314551288 148.850314551288 148.850304330203 148.850478730998 148.85059295687 148.850633578135 148.850633002134 148.852792832661
8.20066889632107 148.855818311648 148.844420740156 148.844430831511 148.844430831511 148.844430831512 148.844420740155 148.844595140098 148.844709529517 148.84475022357 148.844749615593 148.846910686251
8.20401337792642 148.848073870969 148.836463643397 148.836473559148 148.836473559148 148.836473559148 148.836463643397 148.836638041944 148.836752652838 148.836793445533 148.836792794231 148.838955544168
8.20735785953177 148.840338943692 148.828508224775 148.828517964778 148.828517964777 148.828517964778 148.828508224775 148.828682621649 148.828797454298 148.82883834585 148.828837651138 148.831002082418
8.21070234113712 148.832613970904 148.820554484015 148.820564048127 148.820564048127 148.820564048127 148.820554484015 148.820728878936 148.820843933622 148.820884924248 148.820884186041 148.823050300738
8.21404682274248 148.824899427466 148.812602420849 148.812611808927 148.812611808927 148.812611808927 148.81260242085 148.812776813537 148.812892090543 148.812933180457 148.81293239867 148.815100198864
8.21739130434783 148.817195825368 148.804652035014 148.804661246917 148.804661246916 148.804661246917 148.804652035014 148.80482642519 148.804941924795 148.804983114214 148.804982288764 148.807151776533
8.21821643286573 148.81529698869 148.802690826008 148.802699994424 148.802699994424 148.802699994424 148.802690826008 148.802865215522 148.802980770088 148.80302198409 148.803021147854 148.805191052289
8.22073578595318 148.809503717347 148.796703326247 148.796712361831 148.796712361832 148.796712361831 148.796703326246 148.796877713627 148.796993436115 148.797034725255 148.797033856056 148.79920503348
8.22408026755853 148.801823701007 148.788756294264 148.788765153389 148.788765153389 148.788765153389 148.788756294263 148.788930678569 148.78904662422 148.789088013297 148.789087100264 148.79125996944
8.22742474916388 148.794156423599 148.780810938813 148.780819621337 148.780819621337 148.780819621337 148.780810938813 148.780985319761 148.781101488854 148.781142978086 148.781142021135 148.783316584148
8.23076923076923 148.786502587164 148.772867259621 148.772875765404 148.772875765404 148.772875765404 148.772867259621 148.773041636929 148.773158029749 148.773199619351 148.773198618397 148.775374877335
8.23411371237458 148.778862954426 148.764925256416 148.764933585316 148.764933585316 148.764933585316 148.764925256416 148.765099629797 148.765216246623 148.765257936816 148.765256891774 148.767434848737
8.23745819397993 148.771238355564 148.756984928928 148.756993080806 148.756993080805 148.756993080805 148.756984928928 148.7571592981 148.757276139213 148.757317930215 148.757316840999 148.759496498087
8.23823647294589 148.769466321442 148.755137412076 148.755145522738 148.755145522739 148.755145522738 148.755137412075 148.755311780227 148.755428673573 148.755470488064 148.755469388558 148.757649441574
8.24080267558528 148.763629695872 148.749046276883 148.749054251598 148.749054251598 148.749054251598 148.749046276883 148.74922064156 148.749337707241 148.74937959927 148.749378465796 148.751559825115
8.24414715719064 148.756037964345 148.741109300012 148.741117097424 148.741117097425 148.741117097425 148.741109300012 148.74128365991 148.741400950438 148.741442943713 148.741441765898 148.743624829554
8.24749163879599 148.748464243601 148.733173998041 148.733181618011 148.733181618011 148.733181618011 148.733173998041 148.733348352871 148.733465868527 148.733507963268 148.733506741025 148.735691511133
8.25083612040134 148.740909721319 148.725240370695 148.725247813085 148.725247813084 148.725247813084 148.725240370695 148.725414720173 148.725532461235 148.725574657663 148.725573390907 148.727759869584
8.25418060200669 148.733375703178 148.71730841771 148.71731568238 148.71731568238 148.71731568238 148.71730841771 148.717482761546 148.717600728296 148.71764302663 148.717641715276 148.719829904635
8.25752508361204 148.725863627965 148.709378138798 148.70938522561 148.70938522561 148.70938522561 148.709378138798 148.709552476705 148.709670669422 148.709713069884 148.709711713847 148.711901616017
8.25825651302605 148.724223834359 148.707644030526 148.707651078422 148.707651078423 148.707651078422 148.707644030526 148.707818367096 148.70793660927 148.707979032095 148.707977666276 148.710167943317
8.26086956521739 148.718375084887 148.701449533682 148.701456442499 148.701456442499 148.7014564425 148.701449533682 148.70162386537 148.701742284336 148.701784787146 148.701783386341 148.703975003455
8.26421404682274 148.710911833911 148.693522602098 148.693529332782 148.693529332781 148.693529332781 148.693522602097 148.693696927276 148.693815572768 148.693858178148 148.69385673249 148.696050066678
8.26755852842809 148.703475829155 148.685597343771 148.685603896184 148.685603896183 148.685603896184 148.685597343771 148.685771662149 148.685890534447 148.68593324262 148.685931752023 148.688126805417
8.27090301003345 148.696069246513 148.67767375842 148.677680132426 148.677680132426 148.677680132426 148.67767375842 148.677848069708 148.677967169091 148.678009980279 148.678008444658 148.680205219395
8.2742474916388 148.688694515938 148.669751845767 148.66975804123 148.669758041229 148.669758041229 148.669751845767 148.669926149673 148.670045476421 148.670088390846 148.670086810116 148.672285308339
8.27759197324415 148.681354359823 148.661831605538 148.66183762232 148.661837622321 148.66183762232 148.661831605539 148.66200590177 148.66212545616 148.662168474046 148.662166848123 148.664367071975
8.27827655310621 148.679856441217 148.660210622655 148.660216602847 148.660216602847 148.660216602847 148.660210622655 148.66038491728 148.660504518301 148.660547557392 148.660545922207 148.662746499547
8.2809364548495 148.674051838108 148.653913037446 148.653918875412 148.653918875413 148.653918875413 148.653913037446 148.65408732571 148.654207108021 148.654250229593 148.654248558389 148.656450510028
8.28428093645485 148.6667904025 148.645996141224 148.646001800239 148.64600180024 148.646001800239 148.645996141224 148.646170421227 148.646290431736 148.646333657218 148.646331940649 148.648535622222
8.2876254180602 148.659573960967 148.638080916583 148.638086396512 148.638086396513 148.638086396512 148.638080916583 148.63825518803 148.638375427017 148.638418756631 148.638416994612 148.640622408281
8.29096989966555 148.652406956048 148.630167363248 148.630172663957 148.630172663958 148.630172663957 148.630167363248 148.630341625844 148.630462093586 148.630505527561 148.630503720005 148.632710867928
8.2943143812709 148.645294459137 148.622255480936 148.622260602288 148.622260602288 148.622260602289 148.622255480936 148.622429734384 148.62255043116 148.622593969718 148.622592116541 148.624801000887
8.29765886287625 148.63824228612 148.614345269367 148.614350211231 148.614350211231 148.614350211231 148.614345269367 148.614519513372 148.61464043946 148.614684082828 148.614682183944 148.616892806879
8.29829659318637 148.636904955048 148.612837129082 148.612842036706 148.612842036707 148.612842036706 148.612837129082 148.613011371254 148.613132341099 148.613176004477 148.613174096868 148.615385051569
8.30100334448161 148.631257138821 148.606436728253 148.606441490495 148.606441490494 148.606441490495 148.606436728253 148.606610962519 148.606732118194 148.606775866598 148.606773921922 148.608986285624
8.30434782608696 148.62434678091 148.59852985732 148.598534439806 148.598534439806 148.598534439806 148.59852985732 148.598704081547 148.598825467088 148.598869320754 148.5988673302 148.601081436846
8.30769230769231 148.617520256371 148.590624656284 148.59062905888 148.59062905888 148.59062905888 148.590624656284 148.590798870174 148.590920485857 148.590964445014 148.590962408496 148.593178260265
8.31103678929766 148.610788164913 148.58272112486 148.582725347435 148.582725347436 148.582725347436 148.58272112486 148.582895328113 148.583017174218 148.583061239091 148.583059156524 148.585276755601
8.31438127090301 148.604163011634 148.574819262764 148.574823305185 148.574823305185 148.574823305185 148.574819262764 148.574993455082 148.57511553188 148.575159702699 148.575157573997 148.577376922572
8.31772575250836 148.597659655236 148.566919069715 148.566922931852 148.566922931851 148.566922931852 148.566919069715 148.567093250796 148.567215558568 148.567259835559 148.567257660637 148.569478760899
8.31831663326653 148.596524634999 148.565523489635 148.565527319906 148.565527319906 148.565527319906 148.565523489635 148.5656976687 148.565820017306 148.56586431308 148.565862129983 148.568083539949
8.32107023411371 148.591295888888 148.559020545426 148.559024227145 148.559024227145 148.559024227145 148.559020545425 148.55919471497 148.559317253988 148.559361637383 148.559359416154 148.561582270299
8.32441471571906 148.585093202503 148.551123689612 148.551127190784 148.551127190784 148.551127190784 148.551123689612 148.551297847317 148.551420617859 148.551465107885 148.551462840264 148.55368745049
8.32775919732442 148.579077795108 148.543228501977 148.543231822471 148.543231822472 148.543231822471 148.543228501977 148.54340264754 148.543525649882 148.543570246768 148.543567932669 148.54579430119
8.33110367892977 148.573281939976 148.535334982245 148.53533812193 148.535338121932 148.53533812193 148.535334982245 148.535509115362 148.535632349778 148.535677053757 148.535674693093 148.537902822115
8.33444816053512 148.56774585262 148.527443130124 148.527446088872 148.527446088872 148.527446088872 148.527443130125 148.527617250492 148.527740717259 148.527785528559 148.527783121244 148.530013012981
8.33779264214047 148.562520294608 148.519552945331 148.519555723011 148.519555723011 148.519555723011 148.519552945331 148.519727052645 148.519850752037 148.519895670888 148.519893216837 148.522124873504
8.33833667334669 148.561703827483 148.518269643457 148.518272391671 148.518272391671 148.518272391671 148.518269643457 148.518443748617 148.518567485876 148.518612422244 148.518609960582 148.520841904555
8.34113712374582 148.557670272968 148.511664427575 148.511667024059 148.511667024059 148.511667024058 148.511664427575 148.511838521529 148.511962453822 148.512007480455 148.512004979582 148.514238403397
8.34448160535117 148.553280414169 148.503777576574 148.503779991732 148.503779991732 148.503779991732 148.503777576574 148.503951656863 148.504075822328 148.504120956978 148.504118409194 148.506353602378
8.34782608695652 148.549462970139 148.495892392016 148.495894625721 148.495894625722 148.495894625721 148.495892392016 148.496066458334 148.496190857248 148.496236100145 148.496233505363 148.49847047016
8.35117056856187 148.546370091589 148.488008873633 148.488010925756 148.488010925756 148.488010925756 148.488008873632 148.488182925672 148.488307558308 148.488352909683 148.488350267818 148.490589006457
8.35451505016722 148.544213285106 148.480127021131 148.480128891546 148.480128891546 148.480128891546 148.480127021131 148.480301058583 148.480425925216 148.480471385304 148.480468696265 148.482709210981
8.35785953177258 148.543295484349 148.472246834217 148.472248522796 148.472248522796 148.472248522796 148.472246834216 148.472420856773 148.472545957674 148.472591526708 148.472588790407 148.474831083444
8.35835671342685 148.543289760796 148.471075528978 148.471077190515 148.471077190515 148.471077190515 148.471075528978 148.471249549294 148.471374685043 148.471420270295 148.471417526959 148.473660084549
8.36120401337793 148.544066436052 148.464368312599 148.464369819216 148.464369819216 148.464369819216 148.464368312599 148.464542319951 148.464667655394 148.464713333608 148.464710549953 148.46695462356
8.36454849498328 148.547223902543 148.456491455987 148.456492780515 148.456492780516 148.456492780516 148.456491455987 148.456665447825 148.456791018082 148.456836805711 148.456833974607 148.459079831039
8.36789297658863 148.553911957758 148.448616264082 148.448617406396 148.448617406395 148.448617406395 148.448616264082 148.448790240092 148.448916045438 148.448961942715 148.448959064216 148.451206705592
8.37123745819398 148.566145758534 148.440742736595 148.440743696569 148.440743696569 148.440743696569 148.440742736595 148.440916696469 148.441042737175 148.441088744335 148.441085818172 148.44333524693
8.37458193979933 148.587835485593 148.43287087323 148.43287165074 148.43287165074 148.43287165074 148.43287087323 148.433044816655 148.433171092992 148.433217210271 148.433214236571 148.435465454763
8.37792642140468 148.627698539553 148.425000673697 148.425001268617 148.425001268617 148.425001268617 148.425000673697 148.42517460036 148.425301112602 148.425347340235 148.425344318504 148.427597328799
8.37837675350701 148.63540438782 148.423941083934 148.423941654259 148.423941654259 148.423941654259 148.423941083934 148.424115008316 148.424241552342 148.424287794853 148.424284766627 148.426538018422
8.38127090301003 148.70992515367 148.4171321377 148.417132549906 148.417132549906 148.417132549906 148.417132137699 148.417306047286 148.417432795704 148.417479133928 148.417476063643 148.419730868747
8.384 148.869891397302 148.410712644686 148.410712907706 148.410712907706 148.410712907706 148.410712644687 148.410886540107 148.411013481445 148.411059910085 148.41105679871 148.413313071463
8.3840351758794 148.873195285263 148.410629909778 148.410630170874 148.410630170874 148.410630170874 148.410629909778 148.410803805013 148.410930748839 148.410977178647 148.410974066717 148.413230358423
8.38407035175879 148.876549458 148.410547175055 148.410547434228 148.410547434228 148.410547434228 148.410547175055 148.410721070107 148.41084801642 148.410894447395 148.41089133491 148.413147645568
8.38410552763819 148.879955059242 148.410464440517 148.410464697767 148.410464697767 148.410464697767 148.410464440517 148.410638335385 148.410765284186 148.410811716327 148.410808603286 148.413064932897
8.38414070351759 148.883413229494 148.410381706161 148.410381961487 148.410381961487 148.410381961487 148.410381706161 148.410555600846 148.410682552136 148.410728985442 148.410725871844 148.41298222041
8.38417587939698 148.886925181695 148.410298971991 148.410299225394 148.410299225394 148.410299225394 148.410298971991 148.410472866492 148.410599820267 148.410646254742 148.410643140584 148.412899508107
8.38421105527638 148.890492150826 148.410216238003 148.410216489482 148.410216489482 148.410216489482 148.410216238003 148.410390132319 148.410517088583 148.410563524225 148.410560409507 148.412816795988
8.38424623115578 148.894115391288 148.410133504201 148.410133753757 148.410133753758 148.410133753757 148.410133504201 148.410307398334 148.410434357085 148.410480793893 148.410477678614 148.412734084054
8.38428140703518 148.89779623358 148.410050770582 148.410051018214 148.410051018213 148.410051018214 148.410050770582 148.41022466453 148.410351625769 148.410398063744 148.410394947903 148.412651372304
8.38431658291457 148.901536022805 148.409968037145 148.409968282855 148.409968282855 148.409968282855 148.409968037146 148.41014193091 148.410268894639 148.410315333779 148.410312217375 148.412568660738
8.38435175879397 148.90533615743 148.409885303895 148.409885547681 148.40988554768 148.409885547681 148.409885303895 148.410059197475 148.410186163691 148.410232603999 148.410229487029 148.412485949356
8.38438693467337 148.909198075627 148.409802570829 148.409802812691 148.409802812691 148.409802812691 148.409802570829 148.409976464224 148.410103432929 148.410149874403 148.410146756866 148.412403238159
8.38442211055276 148.913123275441 148.409719837944 148.409720077882 148.409720077882 148.409720077881 148.409719837943 148.409893731156 148.410020702347 148.410067144988 148.410064026883 148.412320527146
8.38445728643216 148.917113275791 148.409637105244 148.409637343259 148.409637343258 148.409637343259 148.409637105244 148.409810998272 148.409937971951 148.409984415759 148.409981297084 148.412237816317
8.38449246231156 148.92116966452 148.409554372733 148.409554608823 148.409554608823 148.409554608823 148.409554372732 148.409728265575 148.409855241744 148.409901686716 148.409898567471 148.412155105672
8.38452763819095 148.925294086064 148.409471640399 148.409471874567 148.409471874567 148.409471874567 148.409471640399 148.409645533058 148.409772511714 148.409818957855 148.409815838035 148.412072395211
8.38456281407035 148.929488220635 148.409388908252 148.409389140496 148.409389140496 148.409389140496 148.409388908252 148.409562800726 148.409689781871 148.409736229178 148.409733108784 148.411989684935
8.38459798994975 148.933753824777 148.409306176289 148.40930640661 148.40930640661 148.40930640661 148.40930617629 148.409480068579 148.409607052211 148.409653500686 148.409650379715 148.411906974843
8.38461538461539 148.935890146789 148.409265264946 148.409265494314 148.409265494314 148.409265494314 148.409265264945 148.409439157142 148.409566142006 148.409612591058 148.409609469801 148.411866074316
8.38463316582915 148.938092702323 148.40922344451 148.409223672907 148.409223672906 148.409223672906 148.40922344451 148.409397336615 148.409524322736 148.409570772377 148.409567650828 148.411824264935
8.38466834170854 148.942506713568 148.409140712915 148.409140939388 148.409140939388 148.409140939387 148.409140712915 148.409314604835 148.409441593445 148.409488044253 148.409484922123 148.411741555211
8.38470351758794 148.94699779742 148.409057981504 148.409058206053 148.409058206053 148.409058206053 148.409057981504 148.40923187324 148.409358864337 148.409405316313 148.409402193601 148.411658845672
8.38473869346734 148.951567957299 148.408975250276 148.408975472901 148.408975472901 148.408975472901 148.408975250276 148.409149141826 148.409276135413 148.409322588555 148.409319465258 148.411576136317
8.38477386934673 148.956219253209 148.408892519231 148.408892739933 148.408892739933 148.408892739933 148.408892519231 148.409066410597 148.409193406674 148.409239860981 148.409236737099 148.411493427146
8.38480904522613 148.960953833618 148.408809788374 148.408810007151 148.408810007152 148.408810007152 148.408809788374 148.408983679556 148.409110678118 148.409157133595 148.409154009122 148.411410718159
8.38484422110553 148.965773892803 148.408727057699 148.408727274552 148.408727274553 148.408727274552 148.408727057698 148.408900948694 148.409027949746 148.40907440639 148.409071281327 148.411328009356
8.38487939698493 148.970681763356 148.408644327205 148.408644542134 148.408644542135 148.408644542135 148.408644327205 148.408818218016 148.408945221557 148.408991679366 148.408988553711 148.411245300738
8.38491457286432 148.975679804044 148.4085615969 148.408561809905 148.408561809905 148.408561809906 148.4085615969 148.408735487526 148.408862493553 148.408908952532 148.40890582628 148.411162592304
8.38494974874372 148.980770473383 148.408478866775 148.408479077858 148.408479077857 148.408479077858 148.408478866774 148.408652757217 148.408779765733 148.408826225879 148.408823099028 148.411079884054
8.38498492462312 148.985956344486 148.408396136832 148.408396345992 148.408396345992 148.408396345992 148.408396136832 148.40857002709 148.408697038096 148.408743499407 148.408740371957 148.410997175988
8.38502010050251 148.99124007424 148.408313407079 148.408313614315 148.408313614315 148.408313614315 148.408313407079 148.408487297151 148.408614310646 148.408660773126 148.408657645071 148.410914468107
8.38505527638191 148.99662438152 148.408230677508 148.408230882818 148.408230882819 148.408230882819 148.408230677508 148.408404567394 148.408531583377 148.408578047023 148.408574918363 148.410831760409
8.38509045226131 149.002112154902 148.408147948118 148.408148151507 148.408148151507 148.408148151506 148.408147948118 148.408321837822 148.408448856293 148.408495321106 148.408492191836 148.410749052896
8.3851256281407 149.007706341663 148.408065218916 148.408065420379 148.408065420379 148.40806542038 148.408065218916 148.408239108433 148.408366129392 148.408412595374 148.408409465491 148.410666345567
8.3851608040201 149.013410015655 148.407982489893 148.407982689433 148.407982689433 148.407982689433 148.407982489893 148.408156379225 148.408283402675 148.408329869822 148.408326739325 148.410583638423
8.3851959798995 149.019226388937 148.407899761059 148.407899958676 148.407899958675 148.407899958675 148.407899761059 148.408073650206 148.408200676144 148.408247144459 148.408244013343 148.410500931462
8.3852311557789 149.025158794627 148.407817032407 148.407817228098 148.407817228098 148.407817228098 148.407817032406 148.407990921368 148.408117949793 148.408164419278 148.408161287539 148.410418224686
8.38526633165829 149.031210670176 148.407734303939 148.407734497708 148.407734497707 148.407734497708 148.407734303939 148.407908192716 148.408035223632 148.408081694282 148.408078561918 148.410335518094
8.38530150753769 149.037385595218 148.407651575653 148.407651767497 148.407651767498 148.407651767497 148.407651575653 148.407825464244 148.407952497648 148.407998969466 148.407995836473 148.410252811686
8.38533668341709 149.043687359383 148.407568847554 148.407569037474 148.407569037473 148.407569037473 148.407568847554 148.407742735959 148.407869771852 148.407916244837 148.407913111211 148.410170105462
8.38537185929648 149.050119827347 148.407486119636 148.407486307632 148.407486307633 148.407486307632 148.407486119636 148.407660007858 148.407787046239 148.407833520391 148.407830386128 148.410087399423
8.38540703517588 149.056687052978 148.407403391906 148.407403577978 148.407403577978 148.407403577978 148.407403391906 148.407577279941 148.407704320811 148.407750796131 148.407747661227 148.410004693568
8.38544221105528 149.063393266989 148.407320664358 148.407320848506 148.407320848506 148.407320848506 148.407320664358 148.407494552208 148.407621595568 148.407668072055 148.407664936506 148.409921987897
8.38547738693467 149.070242871942 148.407237936992 148.407238119217 148.407238119216 148.407238119217 148.407237936992 148.407411824657 148.407538870506 148.407585348161 148.407582211961 148.40983928241
8.38551256281407 149.077240455461 148.40715520981 148.407155390111 148.407155390111 148.407155390111 148.407155209811 148.407329097289 148.407456145628 148.40750262445 148.407499487596 148.409756577108
8.38554773869347 149.084390799936 148.407072482815 148.407072661191 148.407072661192 148.407072661192 148.407072482815 148.40724637011 148.407373420936 148.407419900926 148.407416763412 148.409673871989
8.38558291457287 149.091698912428 148.406989756003 148.406989932455 148.406989932455 148.406989932455 148.406989756003 148.40716364311 148.407290696426 148.407337177584 148.407334039405 148.409591167055
8.38561809045226 149.099170026343 148.406907029374 148.406907203902 148.406907203902 148.406907203903 148.406907029374 148.407080916296 148.407207972102 148.407254454427 148.407251315579 148.409508462305
8.38565326633166 149.106809554491 148.406824302929 148.406824475533 148.406824475533 148.406824475534 148.406824302929 148.406998189667 148.407125247961 148.407171731453 148.40716859193 148.409425757739
8.38568844221106 149.114623230256 148.406741576669 148.406741747349 148.406741747349 148.406741747349 148.406741576669 148.406915463221 148.407042524004 148.407089008665 148.407085868459 148.409343053358
8.38572361809045 149.122617014326 148.406658850592 148.406659019348 148.406659019347 148.406659019348 148.406658850592 148.406832736958 148.40695980023 148.407006286059 148.407003145166 148.409260349161
8.38575879396985 149.130797094798 148.406576124698 148.406576291531 148.40657629153 148.406576291531 148.406576124698 148.406750010879 148.40687707664 148.406923563637 148.40692042205 148.409177645148
8.38579396984925 149.139170026663 148.406493398988 148.406493563897 148.406493563897 148.406493563897 148.406493398988 148.406667284983 148.406794353234 148.406840841399 148.406837699111 148.409094941319
8.38582914572864 149.147742642848 148.406410673465 148.406410836449 148.406410836448 148.406410836449 148.406410673465 148.406584559274 148.406711630013 148.406758119346 148.406754976351 148.409012237674
8.38586432160804 149.156522099258 148.406327948122 148.406328109182 148.406328109182 148.406328109182 148.406327948122 148.406501833746 148.406628906975 148.406675397475 148.406672253765 148.408929534213
8.38589949748744 149.165515890617 148.406245222967 148.406245382102 148.406245382101 148.406245382102 148.406245222967 148.406419108404 148.406546184123 148.40659267579 148.406589531358 148.408846830937
8.38593467336684 149.174731857546 148.406162497994 148.406162655205 148.406162655205 148.406162655205 148.406162497994 148.406336383246 148.406463461455 148.406509954289 148.406506809127 148.408764127845
8.38596984924623 149.184178308886 148.406079773203 148.40607992849 148.406079928489 148.40607992849 148.406079773203 148.406253658269 148.406380738966 148.406427232969 148.406424087068 148.408681424937
8.38600502512563 149.193863923564 148.405997048599 148.405997201961 148.405997201961 148.405997201961 148.405997048599 148.406170933478 148.406298016666 148.406344511836 148.406341365188 148.408598722214
8.38604020100503 149.203797769855 148.405914324177 148.405914475616 148.405914475615 148.405914475616 148.405914324177 148.406088208871 148.406215294547 148.406261790886 148.40625864348 148.408516019674
8.38607537688442 149.213989474565 148.405831599939 148.405831749453 148.405831749453 148.405831749453 148.405831599939 148.406005484446 148.406132572612 148.406179070119 148.406175921946 148.408433317319
8.38611055276382 149.224449092989 148.405748875887 148.405749023476 148.405749023476 148.405749023476 148.405748875886 148.405922760208 148.406049850863 148.406096349538 148.406093200588 148.408350615148
8.38614572864322 149.235187266558 148.405666152017 148.405666297683 148.405666297683 148.405666297682 148.405666152017 148.405840036153 148.405967129297 148.40601362914 148.406010479402 148.408267913161
8.38618090452261 149.246215166613 148.405583428331 148.405583572073 148.405583572072 148.405583572073 148.405583428331 148.40575731228 148.405884407915 148.405930908927 148.405927758388 148.408185211359
8.38621608040201 149.257544610686 148.405500704831 148.405500846648 148.405500846648 148.405500846648 148.405500704831 148.405674588594 148.405801686719 148.405848188897 148.405845037548 148.40810250974
8.38625125628141 149.269188024558 148.40541798151 148.405418121404 148.405418121403 148.405418121404 148.40541798151 148.405591865087 148.405718965701 148.405765469049 148.405762316874 148.408019808306
8.38628643216081 149.281158508704 148.405335258375 148.405335396345 148.405335396345 148.405335396345 148.405335258375 148.405509141767 148.405636244871 148.405682749387 148.405679596375 148.407937107056
8.3863216080402 149.293470002696 148.405252535426 148.405252671472 148.405252671471 148.405252671472 148.405252535427 148.405426418632 148.405553524225 148.405600029909 148.405596876045 148.40785440599
8.3863567839196 149.306137162105 148.405169812661 148.405169946782 148.405169946782 148.405169946782 148.405169812661 148.40534369568 148.405470803763 148.405517310615 148.405514155883 148.407771705108
8.386391959799 149.319175462421 148.405087090077 148.405087222274 148.405087222274 148.405087222273 148.405087090077 148.40526097291 148.405388083483 148.405434591503 148.405431435888 148.407689004411
8.38642713567839 149.332601461171 148.405004367682 148.405004497953 148.405004497952 148.405004497953 148.405004367682 148.405178250327 148.40530536339 148.405351872579 148.405348716064 148.407606303898
8.38646231155779 149.346432515138 148.404921645466 148.404921773813 148.404921773813 148.404921773813 148.404921645466 148.405095527925 148.405222643478 148.405269153834 148.405265996402 148.407523603569
8.38649748743719 149.360687138809 148.404838923437 148.404839049861 148.404839049861 148.404839049861 148.404838923437 148.405012805712 148.405139923754 148.405186435278 148.405183276909 148.407440903424
8.38653266331658 149.375384954361 148.404756201593 148.404756326091 148.404756326091 148.404756326092 148.404756201593 148.404930083679 148.405057204213 148.405103716905 148.405100557578 148.407358203463
8.38656783919598 149.390546875285 148.404673479928 148.404673602503 148.404673602503 148.404673602503 148.404673479929 148.40484736183 148.404974484851 148.405020998713 148.405017838407 148.407275503687
8.38660301507538 149.406195065525 148.404590758449 148.404590879099 148.404590879099 148.404590879099 148.40459075845 148.404764640164 148.404891765675 148.404938280704 148.404935119398 148.407192804095
8.38663819095477 149.422353182196 148.404508037157 148.404508155882 148.404508155883 148.404508155882 148.404508037157 148.404681918685 148.404809046687 148.404855562884 148.404852400552 148.407110104687
8.38667336683417 149.439046405718 148.404425316047 148.404425432847 148.404425432847 148.404425432847 148.404425316047 148.404599197388 148.404726327881 148.404772845245 148.404769681862 148.407027405463
8.38670854271357 149.456301654796 148.404342595119 148.404342709996 148.404342709996 148.404342709995 148.40434259512 148.404516476275 148.404643609256 148.40469012779 148.404686963326 148.406944706423
8.38674371859297 149.474147619864 148.404259874374 148.404259987327 148.404259987326 148.404259987327 148.404259874374 148.404433755342 148.404560890815 148.404607410518 148.404604244944 148.406862007568
8.38677889447236 149.49261502968 148.404177153816 148.404177264844 148.404177264843 148.404177264844 148.404177153815 148.404351034596 148.404478172559 148.404524693431 148.404521526717 148.406779308897
8.38681407035176 149.511736756357 148.404094433443 148.404094542546 148.404094542546 148.404094542545 148.404094433443 148.404268314036 148.404395454489 148.404441976529 148.40443880864 148.40669661041
8.38684924623116 149.53154808451 148.404011713251 148.40401182043 148.404011820429 148.40401182043 148.404011713251 148.404185593659 148.404312736602 148.404359259811 148.40435609071 148.406613912107
8.38688442211055 149.552086713372 148.403928993244 148.403929098498 148.403929098499 148.403929098498 148.403928993244 148.404102873464 148.404230018897 148.404276543275 148.404273372924 148.406531213988
8.38691959798995 149.573393389717 148.40384627342 148.403846376749 148.403846376749 148.403846376749 148.40384627342 148.404020153453 148.404147301377 148.404193826922 148.40419065528 148.406448516054
8.38695477386935 149.595511734505 148.403763553782 148.403763655187 148.403763655187 148.403763655187 148.403763553782 148.403937433629 148.404064584043 148.404111110758 148.404107937777 148.406365818303
8.38698994974874 149.618488881228 148.403680834326 148.403680933806 148.403680933806 148.403680933806 148.403680834326 148.403854713986 148.403981866889 148.404028394773 148.404025220405 148.406283120738
8.38702512562814 149.64237566341 148.403598115056 148.403598212611 148.403598212612 148.403598212611 148.403598115056 148.403771994529 148.403899149923 148.403945678974 148.403942503168 148.406200423356
8.38706030150754 149.667226854883 148.403515395966 148.403515491598 148.403515491598 148.403515491597 148.403515395966 148.403689275253 148.403816433139 148.403862963356 148.403859786055 148.406117726158
8.38709547738694 149.693102069432 148.403432677066 148.403432770773 148.403432770773 148.403432770772 148.403432677066 148.403606556166 148.40373371654 148.403780247929 148.403777069069 148.406035029144
8.38713065326633 149.720065481729 148.403349958345 148.403350050127 148.403350050126 148.403350050126 148.403349958345 148.403523837256 148.403651000123 148.40369753268 148.403694352195 148.405952332315
8.38716582914573 149.748187084068 148.403267239811 148.403267329667 148.403267329667 148.403267329667 148.40326723981 148.403441118535 148.40356828389 148.403614817616 148.403611635434 148.40586963567
8.38720100502513 149.777542834713 148.403184521459 148.403184609391 148.403184609391 148.40318460939 148.403184521459 148.403358399996 148.403485567843 148.403532102737 148.403528918779 148.405786939209
8.38723618090452 149.808215608801 148.403101803292 148.4031018893 148.4031018893 148.4031018893 148.403101803292 148.403275681643 148.40340285198 148.403449388044 148.403446202223 148.405704242932
8.38727135678392 149.840295681985 148.403019085306 148.40301916939 148.403019169389 148.40301916939 148.403019085306 148.40319296347 148.403320136297 148.40336667353 148.403363485752 148.40562154684
8.38730653266332 149.873881951585 148.402936367508 148.402936449667 148.402936449667 148.402936449666 148.402936367508 148.403110245485 148.403237420801 148.403283959203 148.403280769364 148.405538850932
8.38734170854271 149.909082797918 148.40285364989 148.402853730123 148.402853730123 148.402853730123 148.40285364989 148.403027527679 148.403154705487 148.403201245058 148.403198053046 148.405456155208
8.38737688442211 149.946017014245 148.402770932459 148.402771010768 148.402771010768 148.402771010767 148.402770932459 148.402944810062 148.40307199036 148.403118531099 148.403115336789 148.405373459668
8.38741206030151 149.98481571887 148.402688215214 148.402688291598 148.402688291598 148.402688291598 148.402688215214 148.402862092628 148.402989275418 148.403035817327 148.403032620581 148.405290764312
8.3874472361809 150.025623153022 148.402605498146 148.402605572605 148.402605572606 148.402605572606 148.402605498146 148.402779375373 148.402906560655 148.402953103732 148.4029499044 148.40520806914
8.3874824120603 150.068599310539 148.402522781266 148.402522853801 148.402522853801 148.402522853801 148.402522781266 148.402696658306 148.402823846078 148.402870390325 148.402867188237 148.405125374153
8.3875175879397 150.11392113692 148.40244006457 148.40244013518 148.40244013518 148.40244013518 148.40244006457 148.402613941422 148.402741131685 148.402787677099 148.402784472072 148.40504267935
8.3875527638191 150.161785831472 148.402357348058 148.402357416743 148.402357416743 148.402357416743 148.402357348058 148.402531224724 148.402658417476 148.40270496406 148.402701755884 148.404959984731
8.38758793969849 150.212412969186 148.402274631727 148.402274698487 148.402274698488 148.402274698488 148.402274631727 148.402448508205 148.402575703447 148.402622251202 148.402619039645 148.404877290296
8.38762311557789 150.266048243943 148.402191915585 148.402191980421 148.40219198042 148.402191980421 148.402191915585 148.402365791876 148.402492989609 148.402539538532 148.402536323336 148.404794596046
8.38765829145729 150.322967553675 148.402109199625 148.402109262535 148.402109262536 148.402109262535 148.402109199624 148.402283075727 148.402410275952 148.402456826045 148.402453606917 148.404711901979
8.38769346733668 150.383481175707 148.40202648385 148.402026544836 148.402026544835 148.402026544836 148.40202648385 148.402200359765 148.402327562481 148.402374113741 148.402370890353 148.404629208097
8.38772864321608 150.447940324125 148.401943768255 148.401943827316 148.401943827317 148.401943827316 148.401943768255 148.402117643983 148.40224484919 148.40229140162 148.402288173598 148.404546514399
8.38776381909548 150.516742697316 148.401861052845 148.401861109982 148.401861109982 148.401861109982 148.401861052845 148.402034928385 148.402162136083 148.402208689682 148.402205456603 148.404463820885
8.38779899497487 150.590342094489 148.401778337623 148.401778392833 148.401778392833 148.401778392833 148.401778337623 148.401952212974 148.402079423163 148.402125977932 148.402122739311 148.404381127555
8.38783417085427 150.669257396489 148.40169562258 148.401695675866 148.401695675867 148.401695675866 148.40169562258 148.401869497745 148.401996710424 148.402043266362 148.402040021646 148.40429843441
8.38786934673367 150.754084988771 148.401612907724 148.401612959086 148.401612959087 148.401612959086 148.401612907724 148.401786782701 148.401913997872 148.401960554979 148.401957303527 148.404215741449
8.38790452261306 150.845513874922 148.401530193052 148.401530242488 148.401530242489 148.401530242488 148.401530193052 148.401704067841 148.401831285502 148.40187784378 148.401874584851 148.404133048672
8.38793969849246 150.944344797211 148.401447478564 148.401447526075 148.401447526075 148.401447526075 148.401447478564 148.401621353165 148.401748573318 148.401795132763 148.401791865496 148.404050356079
8.38795986622074 151.004702310778 148.401400055144 148.401400101552 148.401400101552 148.401400101552 148.401400055144 148.401573929638 148.401701151217 148.401747711335 148.40174443884 148.404002945215
8.38797487437186 151.051512545644 148.401364764257 148.401364809843 148.401364809844 148.401364809844 148.401364764257 148.40153863867 148.401665861314 148.40171242193 148.401709145311 148.40396766367
8.38801005025126 151.168117152138 148.401282050135 148.401282093797 148.401282093797 148.401282093797 148.401282050136 148.401455924361 148.401583149496 148.401629711281 148.401626424119 148.403884971446
8.38804522613065 151.295459920723 148.401199336199 148.401199377936 148.401199377936 148.401199377936 148.4011993362 148.401373210236 148.401500437863 148.401547000818 148.401439535652 148.403802279405
8.38808040201005 151.435092997094 148.401116622444 148.401116662257 148.401116662257 148.401116662257 148.401116622445 148.401290496294 148.401417726411 148.401464290536 148.401356823141 148.403719587549
8.38811557788945 151.588883389752 148.401033908873 148.40103394676 148.40103394676 148.40103394676 148.401033908873 148.401207782535 148.401335015143 148.401381580436 148.401274110813 148.403636895877
8.38815075376884 151.759094770832 148.40095119549 148.400951231452 148.400951231452 148.400951231452 148.40095119549 148.401125068963 148.401252304063 148.401298870526 148.401191398674 148.403554204389
8.38818592964824 151.948500117109 148.400868482287 148.400868516324 148.400868516324 148.400868516324 148.400868482287 148.401042355573 148.401169593164 148.401216160795 148.401108686715 148.403471513086
8.38822110552764 152.160533987962 148.400785769272 148.400785801384 148.400785801384 148.400785801384 148.400785769272 148.40095964237 148.401086882451 148.401133451254 148.401025974943 148.403388821966
8.38825628140704 152.399499158368 148.400703056435 148.400703086622 148.400703086622 148.400703086622 148.400703056435 148.400876929344 148.401004171919 148.401050741889 148.40094326335 148.403306131031
8.38829145728643 152.670863217389 148.400620343785 148.400620372047 148.400620372046 148.400620372047 148.400620343785 148.400794216507 148.40092146157 148.400968032711 148.400860551943 148.40322344028
8.38832663316583 152.981675788039 148.40053763132 148.400537657656 148.400537657656 148.400537657656 148.40053763132 148.400711503852 148.400838751409 148.40088532372 148.400777840722 148.403140749713
8.38836180904523 153.341187291938 148.400454919037 148.400454943448 148.400454943449 148.400454943448 148.400454919038 148.400628791382 148.400756041429 148.400802614911 148.400695129683 148.40305805933
8.38839698492462 153.76177678484 148.400372206938 148.400372229425 148.400372229425 148.400372229425 148.400372206938 148.400546079095 148.400673331634 148.400719906285 148.400612418828 148.402975369132
8.38843216080402 154.260388702421 148.400289495025 148.400289515586 148.400289515586 148.400289515586 148.400289495025 148.400463366994 148.400590622024 148.400637197844 148.400529708159 148.402892679118
8.38846733668342 154.860847469453 148.400206783293 148.400206801929 148.400206801929 148.400206801929 148.400206783293 148.400380655073 148.400507912595 148.400554489584 148.40044699767 148.402809989288
8.38850251256281 155.597714662634 148.400124071747 148.400124088458 148.400124088458 148.400124088458 148.400124071747 148.400297943338 148.400425203352 148.400471781511 148.400364287368 148.402727299642
8.38853768844221 156.523075111942 148.400041360387 148.400041375172 148.400041375172 148.400041375172 148.400041360387 148.400215231788 148.400342494295 148.400389073624 148.40028157725 148.40264461018
8.38857286432161 157.719104779981 148.399958649206 148.399958662066 148.399958662066 148.399958662066 148.399958649206 148.400132520421 148.400259785418 148.400306365916 148.400198867314 148.402561920902
8.38860804020101 159.323193036423 148.399875938215 148.399875949151 148.39987594915 148.399875949151 148.399875938215 148.400049809241 148.400177076729 148.400223658399 148.400116157566 148.402479231809
8.3886432160804 161.582607502423 148.399793227402 148.399793236412 148.399793236412 148.399793236412 148.399793227402 148.399967098239 148.400094368219 148.400140951058 148.400033447996 148.4023965429
8.3886783919598 164.987683948577 148.399710516774 148.399710523858 148.399710523858 148.399710523858 148.399710516774 148.399884387422 148.400011659895 148.400058243903 148.399950738612 148.402313854174
8.3887135678392 170.646240543469 148.399627806331 148.399627811491 148.39962781149 148.399627811491 148.399627806331 148.399801676791 148.399928951755 148.399975536934 148.399868029412 148.402231165634
8.38874874371859 181.525515973363 148.399545096073 148.399545099308 148.399545099308 148.399545099308 148.399545096073 148.399718966344 148.3998462438 148.39989283015 148.399785320398 148.402148477277
8.38878391959799 206.590986846472 148.399462385997 148.399462387306 148.399462387306 148.399462387306 148.399462385997 148.399636256081 148.399763536028 148.399810123546 148.399702611566 148.402065789104
8.38881909547739 254.677599165178 148.399379676105 148.399379675488 148.399379675489 148.399379675488 148.399379676105 148.399553545998 148.399680828437 148.399727417127 148.399619902916 148.401983101116
8.38885427135678 108.692979514609 148.3992969664 148.399296963859 148.399296963859 148.399296963859 148.3992969664 148.399470836106 148.399598121037 148.399644710895 148.399537194456 148.401900413312
8.38888944723618 123.109028556638 148.399214256875 148.399214252407 148.399214252406 148.399214252408 148.399214256875 148.39938812639 148.399515413814 148.399562004843 148.399454486173 148.401817725692
8.38892462311558 130.127023519915 148.399131547538 148.399131541146 148.399131541146 148.399131541146 148.399131547538 148.399305416866 148.399432706781 148.399479298979 148.39937177808 148.401735038256
8.38895979899498 134.160686053866 148.399048838382 148.399048830064 148.399048830064 148.399048830064 148.399048838382 148.399222707521 148.399349999928 148.399396593296 148.399289070168 148.401652351004
8.38899497487437 136.755799250691 148.398966129411 148.398966119168 148.398966119168 148.398966119168 148.39896612941 148.39913999836 148.399267293259 148.399313887798 148.399206362439 148.401569663937
8.38903015075377 138.558634807166 148.398883420622 148.398883408454 148.398883408454 148.398883408454 148.398883420622 148.399057289384 148.399184586774 148.399231182484 148.399123654895 148.401486977054
8.38906532663317 139.881550255397 148.398800712017 148.398800697923 148.398800697923 148.398800697923 148.398800712016 148.39897458059 148.399101880473 148.399148477351 148.399040947533 148.401404290354
8.38910050251256 140.892668871162 148.398718003597 148.398717987578 148.398717987579 148.398717987578 148.398718003597 148.39889187198 148.399019174356 148.399065772404 148.398958240356 148.40132160384
8.38913567839196 141.690138965673 148.398635295362 148.398635277418 148.398635277418 148.398635277418 148.398635295361 148.398809163556 148.398936468424 148.398983067644 148.398875533365 148.401238917509
8.38917085427136 142.334966704744 148.39855258731 148.39855256744 148.39855256744 148.39855256744 148.39855258731 148.398726455315 148.398853762674 148.398900363064 148.398792826556 148.401156231362
8.38920603015075 142.867019818383 148.398469879441 148.398469857646 148.398469857647 148.398469857646 148.398469879442 148.398643747257 148.398771057109 148.39881765867 148.398710119931 148.4010735454
8.38924120603015 143.313430614627 148.398387171757 148.398387148036 148.398387148036 148.398387148036 148.398387171756 148.398561039384 148.398688351728 148.398734954458 148.39862741349 148.400990859622
8.38927638190955 143.693290807882 148.398304464256 148.39830443861 148.39830443861 148.398304438609 148.398304464256 148.398478331694 148.39860564653 148.398652250431 148.398544707232 148.400908174027
8.38931155778895 144.020420159959 148.398221756939 148.398221729367 148.398221729368 148.398221729367 148.398221756939 148.398395624187 148.398522941516 148.398569546588 148.398462001158 148.400825488618
8.38934673366834 144.305065305001 148.398139049806 148.398139020309 148.398139020309 148.398139020309 148.398139049806 148.398312916865 148.398440236686 148.398486842928 148.398379295269 148.400742803392
8.38938190954774 144.554985922631 148.39805634286 148.398056311437 148.398056311438 148.398056311437 148.39805634286 148.398230209729 148.398357532044 148.398404139456 148.398296589566 148.40066011835
8.38941708542714 144.776160487766 148.397973636093 148.397973602746 148.397973602746 148.397973602746 148.397973636093 148.398147502774 148.39827482758 148.398321436163 148.398213884043 148.400577433493
8.38945226130653 144.973271147987 148.397890929512 148.397890894239 148.397890894239 148.397890894239 148.397890929512 148.398064796003 148.398192123301 148.398238733055 148.398131178704 148.40049474882
8.38948743718593 145.150037965132 148.397808223116 148.397808185917 148.397808185917 148.397808185916 148.397808223115 148.397982089418 148.398109419208 148.398156030131 148.398048473551 148.400412064331
8.38952261306533 145.309452199968 148.397725516905 148.39772547778 148.39772547778 148.39772547778 148.397725516905 148.397899383018 148.3980267153 148.398073327394 148.397965768583 148.400329380026
8.38955778894472 145.453945146008 148.397642810875 148.397642769825 148.397642769824 148.397642769824 148.397642810875 148.397816676798 148.397944011573 148.397990624838 148.397883063797 148.400246695905
8.38959296482412 145.58551623986 148.397560105029 148.397560062053 148.397560062053 148.397560062053 148.397560105029 148.397733970763 148.397861308031 148.397907922466 148.397696125438 148.400164011969
8.38962814070352 145.705822424023 148.397477399367 148.397477354465 148.397477354465 148.397477354466 148.397477399367 148.397651264911 148.397778604672 148.397825220278 148.397613409462 148.400081328216
8.38966331658292 145.816249242366 148.397394693891 148.397394647064 148.397394647064 148.397394647064 148.397394693891 148.397568559247 148.397695901499 148.397742518275 148.397530694942 148.399998644648
8.38969849246231 145.917963671022 148.397311988596 148.397311939843 148.397311939843 148.397311939843 148.397311988596 148.397485853761 148.397613198506 148.397659816453 148.397447981672 148.399915961264
8.38973366834171 146.01195715177 148.397229283489 148.39722923281 148.39722923281 148.39722923281 148.397229283489 148.397403148464 148.397530495703 148.397577114819 148.397365269506 148.399833278064
8.38976884422111 146.099074972903 148.397146578561 148.397146525957 148.397146525957 148.397146525957 148.397146578561 148.397320443347 148.397447793079 148.397494413367 148.397282558302 148.399750595049
8.3898040201005 146.180044199002 148.397063873816 148.397063819287 148.397063819287 148.397063819287 148.397063873817 148.397237738414 148.397365090635 148.397411712095 148.397199847954 148.399667912217
8.3898391959799 146.255492662944 148.396981169264 148.396981112809 148.396981112809 148.396981112809 148.396981169264 148.397155033671 148.397282388385 148.397329011017 148.397117138383 148.39958522957
8.3898743718593 146.325965783684 148.396898464889 148.396898406509 148.396898406509 148.396898406509 148.396898464889 148.397072329106 148.397199686315 148.397246310116 148.397034429497 148.399502547106
8.38990954773869 146.391938851621 148.396815760698 148.39681570039 148.39681570039 148.396815700389 148.396815760697 148.396989624723 148.397116984425 148.397163609397 148.396951721239 148.399419864828
8.38994472361809 146.453829483694 148.396733056694 148.396732994461 148.396732994461 148.396732994461 148.396733056694 148.396906920532 148.397034282725 148.397080908868 148.39686901356 148.399337182733
8.38997989949749 146.512003996543 148.396650352869 148.39665028871 148.396650288711 148.39665028871 148.396650352869 148.396824216516 148.396951581203 148.396998208517 148.396786306404 148.399254500822
8.39001507537689 146.566787515173 148.396567649232 148.396567583148 148.396567583149 148.396567583148 148.396567649232 148.396741512689 148.39686887987 148.396915508354 148.39670359974 148.399171819096
8.39005025125628 146.61846715051 148.396484945775 148.396484877766 148.396484877765 148.396484877766 148.396484945775 148.396658809043 148.396786178717 148.396832808371 148.396620893529 148.399089137553
8.39008542713568 146.667299191888 148.396402242507 148.396402172571 148.396402172571 148.396402172571 148.396402242506 148.396576105584 148.396703477748 148.396750108575 148.396538187745 148.399006456195
8.39012060301508 146.713512058678 148.396319539418 148.396319467558 148.396319467558 148.396319467558 148.396319539419 148.396493402308 148.396620776964 148.396667408962 148.39645548236 148.398923775021
8.39015577889447 146.757310787158 148.396236836518 148.396236762731 148.396236762731 148.396236762731 148.396236836518 148.396410699216 148.396538076366 148.396584709535 148.396372777354 148.398841094031
8.39019095477387 146.798879301589 148.3961541338 148.396154058088 148.396154058087 148.396154058088 148.3961541338 148.396327996308 148.396455375952 148.396502010292 148.396290072707 148.398758413225
8.39022613065327 146.838383245437 148.396071431263 148.396071353625 148.396071353625 148.396071353625 148.396071431264 148.396245293581 148.396372675718 148.396419311228 148.396207368397 148.398675732604
8.39026130653266 146.875972613799 148.395988728913 148.395988649349 148.395988649348 148.395988649349 148.395988728913 148.39616259104 148.396289975671 148.396336612353 148.396124664416 148.398593052167
8.39029648241206 146.911782805725 148.395906026745 148.395905945254 148.395905945254 148.395905945254 148.395906026744 148.396079888682 148.396207275805 148.396253913658 148.396041960746 148.398510371914
8.39033165829146 146.945937002148 148.395823324762 148.395823241347 148.395823241347 148.395823241347 148.395823324762 148.395997186509 148.396124576127 148.39617121515 148.39595925738 148.398427691844
8.39036683417085 146.978547112761 148.39574062296 148.395740537618 148.395740537618 148.395740537618 148.39574062296 148.395914484517 148.396041876626 148.396088516822 148.395876554299 148.398345011959
8.39040201005025 147.009715403521 148.395657921348 148.39565783408 148.395657834079 148.39565783408 148.395657921348 148.395831782714 148.395959177317 148.396005818684 148.395793851507 148.398262332259
8.39043718592965 147.039535079623 148.395575219918 148.395575130723 148.395575130723 148.395575130723 148.395575219917 148.395749081093 148.395876478188 148.395923120727 148.395711148985 148.398179652742
8.39047236180905 147.068091632082 148.395492518668 148.395492427549 148.395492427549 148.395492427548 148.395492518668 148.395666379655 148.395793779241 148.395840422953 148.395628446726 148.39809697341
8.39050753768844 147.095463409433 148.395409817604 148.395409724558 148.395409724558 148.395409724558 148.395409817604 148.395583678399 148.395711080483 148.395757725361 148.395545744728 148.398014294262
8.39054271356784 147.121722418267 148.395327116721 148.39532702175 148.39532702175 148.39532702175 148.395327116721 148.395500977327 148.395628381902 148.395675027954 148.39546304298 148.397931615298
8.39057788944724 147.14693505029 148.395244416027 148.39524431913 148.395244319129 148.39524431913 148.395244416028 148.395418276441 148.395545683511 148.395592330734 148.395380341483 148.397848936518
8.39061306532663 147.171162278356 148.395161715517 148.395161616693 148.395161616693 148.395161616693 148.395161715517 148.395335575741 148.395462985302 148.395509633698 148.395297640229 148.397766257922
8.39064824120603 147.194460598803 148.395079015186 148.395078914437 148.395078914437 148.395078914437 148.395079015187 148.39525287522 148.395380287276 148.395426936841 148.39521493921 148.39768357951
8.39068341708543 147.216882361906 148.394996315042 148.394996212366 148.394996212365 148.394996212366 148.394996315042 148.395170174884 148.395297589434 148.39534424017 148.395132238426 148.397600901283
8.39071859296482 147.238475881092 148.394913615082 148.394913510481 148.394913510481 148.394913510481 148.394913615083 148.395087474735 148.395214891778 148.395261543687 148.395049537875 148.39751822324
8.39075376884422 147.259286050528 148.394830915307 148.394830808779 148.394830808778 148.394830808779 148.394830915306 148.395004774768 148.395132194303 148.395178847384 148.394966837549 148.397435545381
8.39078894472362 147.279354581718 148.394748215714 148.39474810726 148.39474810726 148.39474810726 148.394748215714 148.394922074985 148.395049497015 148.395096151266 148.394884137448 148.397352867706
8.39082412060302 147.298720234929 148.394665516308 148.394665405928 148.394665405927 148.394665405928 148.394665516308 148.394839375388 148.394966799912 148.395013455334 148.39480143757 148.397270190215
8.39085929648241 147.317419172671 148.39458281708 148.394582704774 148.394582704774 148.394582704775 148.39458281708 148.394756675969 148.394884102986 148.394930759581 148.394718737905 148.397187512908
8.39089447236181 147.335485098446 148.394500118038 148.394500003807 148.394500003806 148.394500003807 148.394500118038 148.394673976738 148.394801406248 148.394848064014 148.39463603846 148.397104835786
8.39092964824121 147.352949487673 148.394417419183 148.394417303025 148.394417303024 148.394417303025 148.394417419183 148.394591277691 148.394718709694 148.394765368632 148.39455333923 148.397022158848
8.3909648241206 147.369841770701 148.39433472051 148.394334602426 148.394334602424 148.394334602425 148.39433472051 148.394508578826 148.394636013324 148.394682673434 148.39447064021 148.396939482093
8.391 147.386189447161 148.394252022018 148.394251902009 148.394251902009 148.394251902008 148.394252022018 148.394425880144 148.394553317137 148.394599978417 148.3943879414 148.396856805523
8.39130434782609 147.508304020517 148.393536507986 148.39353637131 148.393536371311 148.393536371311 148.393536507986 148.39371036446 148.393837823029 148.393884494447 148.393672425504 148.396141481151
8.39464882943144 148.007097782541 148.385674623179 148.385674303296 148.385674303296 148.385674303297 148.385674623178 148.385848461316 148.385976157142 148.386022940102 148.385810550568 148.38828168183
8.39799331103679 148.136954724333 148.377814400424 148.377813897214 148.377813897213 148.377813897214 148.377814400424 148.377988219909 148.378116153263 148.378163048001 148.377950346368 148.380423546959
8.39839679358717 148.146127144173 148.376866245407 148.376865720072 148.376865720072 148.376865720072 148.376866245407 148.37704006262 148.377168024649 148.377214932888 148.377002193667 148.379475643988
8.40133779264214 148.193295846813 148.369955839432 148.369955152771 148.369955152771 148.369955152771 148.369955839432 148.370129639945 148.370257811097 148.370304817853 148.370091804713 148.372567076243
8.40468227424749 148.22258728957 148.362098939897 148.362098069666 148.362098069666 148.362098069666 148.362098939897 148.362272721122 148.362401130343 148.362448249354 148.362234924614 148.364712269388
8.40802675585284 148.238951386164 148.354243701522 148.354242647599 148.354242647599 148.354242647599 148.354243701521 148.354417463141 148.354546110696 148.354593342205 148.354379705894 148.3568591261
8.41137123745819 148.24813734962 148.346390124004 148.346388886269 148.346388886269 148.346388886269 148.346390124004 148.346563865695 148.346692751855 148.3467400961 148.346526147807 148.349007646081
8.41471571906355 148.252925715395 148.338538207049 148.338536785382 148.338536785383 148.338536785382 148.338538207049 148.338711928493 148.338841053527 148.338888510749 148.33867425 148.341157829036
8.4180602006689 148.254825406777 148.330687950361 148.330686344642 148.330686344642 148.330686344642 148.330687950361 148.330861651236 148.330991015412 148.331038585851 148.330824012324 148.333309674667
8.41841683366734 148.25489811946 148.329850949796 148.329849324444 148.329849324445 148.329849324444 148.329850949796 148.33002464846 148.330154038151 148.330201620678 148.329987013779 148.33247289842
8.42140468227425 148.254726079365 148.322839353637 148.322837563747 148.322837563747 148.322837563747 148.322839353636 148.323013033623 148.323142637206 148.323190321105 148.322975434473 148.325463182679
8.4247491638796 148.253186244761 148.314992416567 148.314990442388 148.314990442387 148.314990442388 148.314992416567 148.315166075341 148.315295918601 148.3153437162 148.315128516133 148.317618352774
8.42809364548495 148.250574225915 148.307147138853 148.307144980267 148.307144980267 148.307144980267 148.307147138853 148.307320776093 148.307450859295 148.307498770838 148.307283257005 148.309775184654
8.4314381270903 148.247142761823 148.299303520197 148.299301177085 148.299301177086 148.299301177086 148.299303520197 148.299477135578 148.299607458991 148.299655484719 148.299439656788 148.301933678021
8.43478260869565 148.243071048499 148.291461560298 148.291459032545 148.291459032545 148.291459032545 148.291461560298 148.291635153496 148.291765717386 148.291813857543 148.29159771518 148.294093832574
8.438127090301 148.238489674172 148.283621258846 148.283618546333 148.283618546332 148.283618546333 148.283621258846 148.283794829536 148.283925634168 148.283973888998 148.283757431871 148.286255648015
8.4384368737475 148.238043182023 148.282895132872 148.282892403239 148.282892403239 148.282892403239 148.282895132872 148.283068701459 148.283199528405 148.283247793866 148.283031307569 148.285529718241
8.44147157190636 148.233496055038 148.275782615538 148.275779718149 148.27577971815 148.27577971815 148.275782615538 148.275956163393 148.276087209035 148.27613557878 148.275918806557 148.278419124043
8.44481605351171 148.228164338246 148.267945630077 148.267942547696 148.267942547696 148.267942547697 148.267945630077 148.268119154771 148.268250441685 148.268298926592 148.268081838941 148.270584260359
8.44816053511706 148.222551958561 148.260110302154 148.260107034667 148.260107034667 148.260107034667 148.260110302154 148.260283803361 148.260415331816 148.260463932124 148.260246528713 148.262751056661
8.45150501672241 148.216704095506 148.252276631461 148.252273178752 148.252273178751 148.252273178752 148.252276631461 148.252450108853 148.25258187911 148.25263059507 148.252412875564 148.254919512647
8.45484949832776 148.210656776729 148.244444617693 148.244440979646 148.244440979647 148.244440979646 148.244444617693 148.244618070941 148.244750083264 148.244798915119 148.244580879188 148.247089628017
8.45819397993311 148.204439083497 148.236614260552 148.236610437055 148.236610437054 148.236610437056 148.236614260552 148.236787689328 148.236919943981 148.236968891978 148.236750539289 148.239261402467
8.45845691382766 148.203943769994 148.23599872976 148.235994891679 148.235994891679 148.235994891679 148.23599872976 148.236172156598 148.236304430313 148.236353387452 148.236135009845 148.238646039358
8.46153846153846 148.198074747823 148.228785559725 148.228781550664 148.228781550664 148.228781550664 148.228785559725 148.228958963699 148.229091460946 148.229140525332 148.228921855551 148.231434835695
8.46488294314381 148.191583328404 148.2209585149 148.220954320161 148.220954320161 148.220954320161 148.2209585149 148.22113189374 148.221264633844 148.221313814865 148.221094827662 148.223609927397
8.46822742474916 148.184981089319 148.213133125778 148.213128745249 148.213128745249 148.21312874525 148.213133125778 148.213306479154 148.213439462378 148.213488760282 148.213269455323 148.215786677269
8.47157190635452 148.178281665691 148.205309392048 148.205304825617 148.205304825618 148.205304825617 148.205309392048 148.205482719628 148.205615946235 148.205665361269 148.205445738223 148.207965085007
8.47491638795987 148.171496574166 148.197487313403 148.197482560958 148.197482560958 148.197482560959 148.197487313403 148.197660614854 148.197794085104 148.197843617517 148.197623676053 148.200145150307
8.47826086956522 148.164635609065 148.189666889533 148.189661950964 148.189661950964 148.189661950964 148.189666889533 148.189840164523 148.189973878679 148.190023528717 148.189803268506 148.192326872864
8.47847695390782 148.164189923373 148.189161674962 148.189156724364 148.189156724363 148.189156724363 148.189161674962 148.189334948229 148.189468678155 148.189518335801 148.189298054983 148.191821797058
8.48160535117057 148.15770715264 148.181848120128 148.181842995322 148.181842995323 148.181842995322 148.181848120128 148.182021368322 148.182155326645 148.182205094558 148.181984515266 148.184510252372
8.48494983277592 148.150718420764 148.174031004891 148.174025693737 148.174025693737 148.174025693738 148.174031004891 148.174204225952 148.174338428703 148.174388314741 148.174167416038 148.176695288525
8.48829431438127 148.143675658907 148.16621554349 148.166210045882 148.166210045881 148.166210045882 148.16621554349 148.166388737087 148.166523184525 148.166573188938 148.166351970494 148.168881981017
8.49163879598662 148.136584300035 148.158401735631 148.158396051457 148.158396051457 148.158396051457 148.158401735631 148.158574901426 148.158709593812 148.15875971685 148.158538178332 148.16107032954
8.49498327759197 148.129449092538 148.150589580989 148.15058371014 148.15058371014 148.15058371014 148.150589580989 148.150762718644 148.150897656236 148.15094789815 148.150726039231 148.153260333787
8.49832775919733 148.122274204704 148.142779079254 148.142773021622 148.142773021622 148.142773021622 148.142779079254 148.142952188433 148.143087371492 148.143137732531 148.14291555288 148.145451993451
8.49849699398798 148.121910160701 148.142383902403 148.142377835316 148.142377835317 148.142377835317 148.142383902403 148.142557010133 148.142692205619 148.142742572692 148.142520376804 148.145056926037
8.50167224080268 148.115063310722 148.134970230123 148.134963985601 148.134963985602 148.134963985601 148.134970230123 148.135143310489 148.135278739271 148.13532921969 148.135106718977 148.137645308219
8.50501672240803 148.107819661802 148.127163033284 148.127156601764 148.127156601764 148.127156601764 148.127163033284 148.127336084497 148.127471759262 148.12752235931 148.127299537206 148.129840277789
8.50836120401338 148.100546145279 148.119357488421 148.119350869794 148.119350869795 148.119350869794 148.119357488421 148.119530510142 148.119666431146 148.119717151076 148.119494007252 148.122036901848
8.51170568561873 148.093245334185 148.111553595221 148.111546789384 148.111546789383 148.111546789383 148.111553595221 148.111726587109 148.111862754612 148.111913594678 148.111690128803 148.114235180088
8.51505016722408 148.085919528828 148.103751353367 148.103744360213 148.103744360213 148.103744360213 148.103751353368 148.103924315082 148.104060729339 148.104111689793 148.10388790154 148.106435112198
8.51839464882943 148.078570792 148.095950762552 148.095943581974 148.095943581974 148.095943581973 148.095950762552 148.096123693752 148.096260355018 148.096311436114 148.096087325155 148.098636697867
8.51851703406814 148.078301467861 148.095665345387 148.095658157949 148.095658157948 148.095658157949 148.095665345388 148.095838275466 148.095974945775 148.096026031291 148.095801908516 148.098351360396
8.52173913043478 148.071200978923 148.08815182245 148.088144454345 148.088144454345 148.088144454344 148.088151822451 148.088324722794 148.088461631326 148.088512833317 148.088288399324 148.090839936785
8.52508361204013 148.063811762632 148.08035453275 148.080346977012 148.080346977011 148.080346977012 148.08035453275 148.080527401894 148.080664557949 148.08071588109 148.080491123733 148.083044828641
8.52842809364548 148.056404655779 148.072558893142 148.072551149668 148.072551149667 148.072551149668 148.072558893142 148.072731730742 148.072869134572 148.072920579121 148.072695498073 148.075251373121
8.53177257525084 148.048981029526 148.064764903304 148.064756971991 148.064756971992 148.064756971991 148.064764903304 148.064937709017 148.06507536088 148.065126927088 148.064901522022 148.067459569913
8.53511705685619 148.041542129572 148.056972562922 148.056964443666 148.056964443666 148.056964443666 148.056972562922 148.057145336402 148.057283236549 148.057334924674 148.057109195264 148.059669418706
8.53846153846154 148.034089090252 148.049181871681 148.04917356438 148.04917356438 148.04917356438 148.049181871681 148.049354612585 148.049492761269 148.049544571567 148.049318517485 148.051880919186
8.5385370741483 148.03392060705 148.049005936632 148.048997625083 148.048997625083 148.048997625084 148.049005936632 148.049178676795 148.049316831096 148.049368644156 148.049142582737 148.051705033669
8.54180602006689 148.026622946685 148.041392829259 148.041384333811 148.041384333813 148.041384333812 148.041392829259 148.041565537237 148.041703934713 148.04175586744 148.04152948836 148.044094071041
8.54515050167224 148.019144645384 148.033605435343 148.033596751647 148.033596751647 148.033596751647 148.033605435342 148.03377811005 148.03391675657 148.033968811983 148.033742107578 148.036308873955
8.54849498327759 148.011655053561 148.025819689608 148.025810817564 148.025810817563 148.025810817564 148.025819689608 148.025992330697 148.026131226513 148.02618340487 148.025956374814 148.028525327614
8.55183946488294 148.004154967218 148.01803559174 148.018026531247 148.018026531247 148.018026531247 148.01803559174 148.018208198862 148.018347344226 148.018399645782 148.018172289752 148.020743431703
8.55518394648829 147.996645118353 148.010253141427 148.010243892385 148.010243892386 148.010243892385 148.010253141427 148.010425714233 148.010565109394 148.010617534412 148.010389852079 148.012963185908
8.55852842809365 147.989126181197 148.002472338342 148.002462900652 148.002462900652 148.002462900652 148.002472338342 148.002644876482 148.002784521692 148.002837070428 148.002609061469 148.005184589911
8.55855711422846 147.989061652638 148.002405608318 148.002396169009 148.002396169008 148.00239616901 148.002405608318 148.002578146158 148.002717793515 148.002770343314 148.002542331552 148.005117878828
8.561872909699 147.981598777867 147.99469318216 147.994683555724 147.994683555723 147.994683555723 147.994693182159 147.994865685285 147.995005580793 147.995058253507 147.994829917597 147.997407643398
8.56521739130435 147.97406348327 147.98691567256 147.986905857278 147.986905857279 147.986905857279 147.98691567256 147.987088140316 147.987228286375 147.987281083325 147.98705242014 147.989632346051
8.5685618729097 147.966520829521 147.979139809231 147.979129805007 147.979129805007 147.979129805007 147.979139809231 147.979312241269 147.979452638123 147.979505559572 147.979276568786 147.981858697555
8.57190635451505 147.958971309801 147.971365591848 147.971355398584 147.971355398583 147.971355398583 147.971365591848 147.971537987814 147.971678635715 147.971731681919 147.971502363211 147.974086697589
8.5752508361204 147.951415381909 147.963593020088 147.963582637688 147.963582637689 147.963582637688 147.963593020088 147.96376537963 147.963906278825 147.963959450049 147.963729803093 147.966316345839
8.57857715430862 147.943894554452 147.955864292015 147.955853721411 147.95585372141 147.955853721411 147.955864292015 147.956036614979 147.956177764349 147.95623106017 147.95600108643 147.958589828292
8.57859531772575 147.943853471326 147.955822093633 147.955811522 147.955811522 147.955811522 147.955822093633 147.955994416397 147.956135567133 147.956188863636 147.95595888811 147.958547641985
8.5819397993311 147.93628597407 147.948052812161 147.948042051201 147.948042051201 147.948042051201 147.948052812161 147.948225097792 147.948366500316 147.94841992236 147.948189617942 147.950780585709
8.58528428093645 147.928713259139 147.940285175345 147.940274224962 147.940274224961 147.940274224962 147.940285175345 147.940457423488 147.940599078047 147.940652625893 147.94042199226 147.943015176692
8.58862876254181 147.92113567082 147.93251918286 147.93250804296 147.93250804296 147.932508042959 147.93251918286 147.93269139316 147.932833299999 147.932886973909 147.93265601074 147.935251414613
8.59197324414716 147.913553530706 147.924754834383 147.924743504872 147.924743504871 147.924743504872 147.924754834384 147.924927006482 147.925069165847 147.925122966086 147.924891673057 147.927489299154
8.59531772575251 147.90596713954 147.916992129594 147.916980610378 147.916980610378 147.916980610378 147.916992129594 147.917164263133 147.917306675268 147.917360602101 147.91712897889 147.919728829994
8.59859719438878 147.8985243631 147.909381918826 147.909370213504 147.909370213504 147.909370213503 147.909381918826 147.909554014211 147.909696674438 147.909750725657 147.909518778374 147.912120813944
8.59866220735786 147.898376778864 147.909231068166 147.909219359153 147.909219359155 147.909219359154 147.909231068167 147.909403162791 147.909545827939 147.909599881629 147.909367927916 147.911970006814
8.60200668896321 147.890782712542 147.901471649767 147.901459750865 147.901459750865 147.901459750865 147.901471649767 147.901643705118 147.901786623523 147.901840804331 147.901608519798 147.904212829291
8.60535117056856 147.883185188109 147.893713874087 147.893701785203 147.893701785204 147.893701785204 147.893713874087 147.893885889805 147.894029061709 147.894083369902 147.893850754226 147.896457297104
8.60869565217391 147.87558443802 147.885957740792 147.885945461837 147.885945461837 147.885945461837 147.885957740792 147.886129716518 147.886273142165 147.886327578005 147.886094630868 147.888703409931
8.61204013377926 147.867980680774 147.87820324955 147.878190780433 147.878190780433 147.878190780433 147.87820324955 147.87837518492 147.878518864552 147.878573428309 147.878340149389 147.880951167451
8.61538461538462 147.860374121963 147.870450400042 147.870437740672 147.870437740671 147.870437740672 147.870450400043 147.870622294698 147.870766228557 147.870820920492 147.870587309472 147.87320056934
8.61861723446894 147.853019498389 147.862958419248 147.862945575904 147.862945575904 147.862945575904 147.862958419248 147.863130274207 147.863274454016 147.863329270098 147.863095337782 147.865710767146
8.61872909698997 147.852764955203 147.86269919194 147.862686342227 147.862686342228 147.862686342227 147.86269919194 147.862871045519 147.863015233841 147.863070054225 147.862836110785 147.865451615274
8.62207357859532 147.845153362969 147.854949624919 147.854936584777 147.854936584777 147.854936584777 147.854949624919 147.855121437059 147.855265880088 147.855320829184 147.855086553006 147.857704304931
8.62541806020067 147.837539517404 147.847201698645 147.847188467983 147.847188467983 147.847188467983 147.847201698645 147.84737346898 147.847518166955 147.847573245032 147.847338635798 147.849958637988
8.62876254180602 147.82992358105 147.839455412801 147.839441991532 147.839441991533 147.839441991532 147.8394554128 147.839627140968 147.839772094127 147.839827301454 147.839592358844 147.84221461412
8.63210702341137 147.822305707471 147.831710767046 147.831697155085 147.831697155085 147.831697155085 147.831710767046 147.831882452685 147.832027661264 147.832082998106 147.831847721806 147.834472233002
8.63545150501672 147.81468604189 147.823967761058 147.823953958316 147.823953958316 147.823953958316 147.823967761057 147.824139403798 147.824284868038 147.824340334664 147.824104724357 147.82673149431
8.6386372745491 147.80742642626 147.816593723306 147.816579738758 147.816579738758 147.816579738758 147.816593723305 147.816765324846 147.816911032832 147.816966623333 147.816730694575 147.81935961874
8.63879598662207 147.807064721747 147.816226394502 147.816212400895 147.816212400894 147.816212400895 147.816226394502 147.816397993979 147.816543714116 147.816599310795 147.816363366163 147.818992397718
8.64214046822742 147.799441877206 147.808486667052 147.808472482494 147.808472482494 147.808472482494 147.808486667052 147.8086582229 147.808804199169 147.80885992617 147.808623646899 147.8112549429
8.64548494983278 147.791817631607 147.800748578372 147.800734202777 147.800734202778 147.800734202777 147.800748578372 147.800920090222 147.801066322859 147.801122180453 147.800885566225 147.803519129531
8.64882943143813 147.784192101973 147.793012128139 147.792997561424 147.792997561425 147.792997561425 147.793012128139 147.793183595624 147.793330084865 147.793386073321 147.793149123822 147.795784957283
8.65217391304348 147.776565399335 147.785277316021 147.785262558104 147.785262558103 147.785262558103 147.785277316022 147.785448738773 147.78559548485 147.78565160444 147.785414319355 147.788052425828
8.65551839464883 147.768937629144 147.777544141689 147.777529192484 147.777529192484 147.777529192484 147.777544141689 147.777715519336 147.777862522486 147.777918773477 147.777681152493 147.780321534841
8.65865731462926 147.761777802236 147.770287760459 147.77027263165 147.77027263165 147.77027263165 147.770287760459 147.770459095438 147.770606340071 147.770662714635 147.770424778111 147.773067299066
8.65886287625418 147.761308891604 147.769812604806 147.769797464232 147.769797464232 147.769797464232 147.769812604806 147.76998393698 147.770131197433 147.770187580099 147.769949622901 147.772592283995
8.66220735785953 147.753679282006 147.762082705042 147.762067373017 147.762067373017 147.762067373017 147.762082705042 147.762253991372 147.762401509361 147.762458023972 147.762219730248 147.76486467296
8.66555183946488 147.746048891015 147.754354442076 147.754338918518 147.754338918519 147.754338918519 147.754354442075 147.754525682189 147.754673457946 147.754730104776 147.754491474211 147.757138701409
8.66889632107023 147.738417804949 147.746627815549 147.74661210038 147.74661210038 147.74661210038 147.746627815549 147.746799009076 147.746947042831 147.747003822151 147.746764854435 147.749414369012
8.67224080267559 147.730786106034 147.738902825148 147.738886918287 147.738886918288 147.738886918287 147.738902825148 147.739073971714 147.739222263699 147.739279175783 147.739039870602 147.741691675441
8.67558528428094 147.723153872654 147.731179470534 147.731163371902 147.731163371902 147.731163371902 147.731179470535 147.731350569768 147.73149912021 147.731556165331 147.731316522374 147.733970620366
8.67867735470942 147.716097240522 147.724040459747 147.724024183745 147.724024183745 147.724024183744 147.724040459747 147.724211514882 147.724360304484 147.724417472845 147.724177517326 147.726833737978
8.67892976588629 147.715521179563 147.723457751374 147.723441460892 147.723441460891 147.723441460892 147.723457751375 147.723628802899 147.72377761203 147.723834790462 147.723594809418 147.726251203457
8.68227424749164 147.707888098079 147.715737667335 147.715721184924 147.715721184924 147.715721184924 147.715737667335 147.715908670776 147.716057738824 147.716115050841 147.715874731398 147.718533424384
8.68561872909699 147.700254696297 147.708019218074 147.708002543656 147.708002543657 147.708002543656 147.708019218074 147.708190173055 147.708339500246 147.708396946122 147.708156287971 147.710817282818
8.68896321070234 147.692621039253 147.700302403262 147.700285536762 147.700285536762 147.700285536762 147.700302403262 147.70047330941 147.700622895972 147.700680475981 147.700439478814 147.703102778424
8.69230769230769 147.684987189126 147.692587222568 147.692570163909 147.692570163909 147.692570163909 147.692587222569 147.692758079504 147.692907925661 147.692965640082 147.692724303587 147.695389910872
8.69565217391304 147.677353205335 147.68487367565 147.684856424756 147.684856424757 147.684856424756 147.684873675651 147.685044482997 147.685194588976 147.685252438083 147.685010761951 147.687678679831
8.69869739478958 147.670402234238 147.677851749627 147.677834323634 147.677834323633 147.677834323633 147.677851749627 147.678022511494 147.678172854242 147.678230826221 147.677988840577 147.680658864841
8.69899665551839 147.669719144755 147.67716176218 147.677144318975 147.677144318975 147.677144318975 147.67716176218 147.677332519559 147.677482885584 147.677540869652 147.677298853577 147.67996908497
8.70234113712375 147.662085061796 147.669451481805 147.669433846216 147.669433846216 147.669433846217 147.669451481805 147.669622188838 147.669772815136 147.66983093444 147.669588578114 147.672261125957
8.7056856187291 147.654451008581 147.661742834206 147.66172500616 147.661725006161 147.66172500616 147.661742834205 147.661913490515 147.662064377303 147.662122632125 147.66187993524 147.664554802457
8.70903010033445 147.646817035012 147.654035819046 147.654017798469 147.654017798469 147.654017798469 147.654035819045 147.654206424249 147.654357571753 147.654415962368 147.654172924617 147.656850114138
8.7123745819398 147.639183188922 147.64633043597 147.646312222791 147.646312222791 147.64631222279 147.64633043597 147.646500989686 147.64665239813 147.646710924815 147.646467545892 147.649147060666
8.71571906354515 147.631549516182 147.638626684654 147.638608278799 147.638608278799 147.638608278799 147.638626684654 147.638797186502 147.638948856103 147.639007519137 147.638763798737 147.641445641708
8.71871743486974 147.62470601265 147.631721558167 147.631702979515 147.631702979516 147.631702979516 147.631721558168 147.631892013192 147.63204391711 147.63210270262 147.631858675822 147.634542608558
8.7190635451505 147.623916060786 147.630924564755 147.630905966154 147.630905966153 147.630905966153 147.630924564755 147.631095014354 147.631246945334 147.631305744995 147.631061682813 147.633745856929
8.72240802675585 147.616282864941 147.623224075936 147.623205284517 147.623205284516 147.623205284517 147.623224075936 147.623394472902 147.623546665479 147.623605602046 147.623361197778 147.626047705995
8.7257525083612 147.608649969181 147.615525217857 147.615506233551 147.615506233551 147.615506233552 147.615525217857 147.615695561806 147.6158480162 147.615907089954 147.615662343294 147.61835118857
8.72909698996656 147.601017412431 147.607827990176 147.607808812916 147.607808812916 147.607808812916 147.607827990176 147.607998280725 147.608150997153 147.608210208375 147.607965119019 147.61065630432
8.73244147157191 147.593385232071 147.600132392555 147.60011302227 147.600113022269 147.600113022269 147.600132392555 147.600302629318 147.600455607999 147.600514956964 147.600269524612 147.602963052908
8.73578595317726 147.585753464034 147.59243842465 147.592418861273 147.592418861272 147.592418861273 147.59243842465 147.592608607243 147.592761848391 147.592821335384 147.592575559732 147.595271433999
8.7387374749499 147.579018760624 147.585649812908 147.58563007907 147.585630079071 147.58563007907 147.585649812909 147.585819947375 147.585973420331 147.586033029367 147.585786950499 147.588484897564
8.73913043478261 147.578122142885 147.584746086136 147.584726329597 147.584726329597 147.584726329597 147.584746086136 147.58491621417 147.585069718001 147.585129343302 147.584883224048 147.587581447258
8.74247491638796 147.570491301842 147.577055376659 147.577035426895 147.577035426896 147.577035426895 147.577055376659 147.577225449751 147.57737921648 147.57743898037 147.577192517213 147.579893092346
8.74581939799331 147.562860972878 147.569366295875 147.56934615282 147.569346152821 147.56934615282 147.569366295876 147.569536313637 147.569690343478 147.56975024624 147.569503438877 147.572206368928
8.74916387959866 147.55523118676 147.561678843453 147.561658507039 147.561658507039 147.561658507039 147.561678843453 147.561848805493 147.562003098659 147.562063140574 147.561815988709 147.564521276666
8.75250836120401 147.547601973125 147.553993019044 147.553972489209 147.553972489209 147.553972489209 147.553993019044 147.554162924977 147.554317481681 147.554377663031 147.554130166362 147.556837815222
8.75585284280936 147.539973360501 147.546308822313 147.546288098991 147.546288098991 147.546288098991 147.546308822313 147.546478671748 147.546633492199 147.54669381327 147.546445971498 147.549155984258
8.75875751503006 147.533348442384 147.539636440968 147.539615549555 147.539615549553 147.539615549554 147.539636440968 147.539806241019 147.539961290706 147.540021733353 147.539773591618 147.542485659854
8.75919732441472 147.532345376385 147.538626252913 147.538605336042 147.538605336042 147.538605336042 147.538626252913 147.538796045461 147.53895112987 147.539011590943 147.538763403771 147.541475783437
8.76254180602007 147.524718047267 147.530945310495 147.530924200012 147.530924200012 147.530924200013 147.530945310494 147.531115045763 147.531270394344 147.531330995702 147.531082462831 147.533797212416
8.76588628762542 147.517091398682 147.523265994718 147.523244690561 147.523244690561 147.523244690561 147.523265994718 147.523435672316 147.523591285274 147.523652027205 147.523403148336 147.526120270861
8.76923076923077 147.509465455268 147.515588305239 147.515566807349 147.515566807348 147.515566807348 147.515588305239 147.515757924775 147.515913802318 147.515974685105 147.515725459944 147.518444958431
8.77257525083612 147.501840240787 147.507912241722 147.507890550037 147.507890550037 147.507890550037 147.507912241722 147.508081802806 147.508237945142 147.508298969068 147.508049397319 147.510771274786
8.77591973244147 147.494215778165 147.500237803826 147.500215918285 147.500215918284 147.500215918284 147.500237803826 147.50040730606 147.500563713396 147.500624878749 147.500374960115 147.503099219587
8.77877755511022 147.487701371311 147.493681368972 147.493659317738 147.493659317738 147.493659317737 147.493681368972 147.493850820609 147.494007454548 147.494068740973 147.493818525698 147.496544822974
8.77926421404682 147.486592089536 147.492564991193 147.492542911736 147.492542911736 147.492542911736 147.492564991193 147.492734434185 147.492891106724 147.492952413788 147.492702147977 147.495428792492
8.78260869565217 147.478969196263 147.484893803484 147.484871530056 147.484871530056 147.484871530057 147.484893803484 147.485063186839 147.485220124791 147.485281573852 147.485030960567 147.487759993162
8.78595317725753 147.47134711898 147.477224240359 147.4772017729 147.4772017729 147.477201772901 147.477224240359 147.477393563683 147.477550767247 147.477612358592 147.477361397541 147.480092821255
8.78929765886288 147.463725877619 147.46955630146 147.469533639914 147.469533639914 147.469533639913 147.46955630146 147.469725564355 147.469883033734 147.469944767653 147.469693458542 147.472427276431
8.79264214046823 147.456105491441 147.461889986448 147.461867130759 147.461867130759 147.461867130759 147.461889986449 147.462059188521 147.462216923917 147.462278800694 147.462027143233 147.464763358346
8.79598662207358 147.448485979063 147.454225294976 147.454202245088 147.454202245087 147.454202245087 147.454225294976 147.454394435826 147.454552437442 147.454614457366 147.454362451261 147.457101066661
8.79879759519038 147.442082613005 147.447784523187 147.447761310033 147.447761310033 147.447761310033 147.447784523187 147.447953612273 147.448111837794 147.448173978255 147.447921678896 147.450662314052
8.79933110367893 147.440867358482 147.446562226702 147.446538982558 147.446538982558 147.446538982559 147.446562226702 147.44673130593 147.446889573967 147.446951737326 147.446699382286 147.449440401031
8.80267558528428 147.433249647105 147.438900781274 147.438877342821 147.438877342822 147.438877342822 147.438900781274 147.439069798486 147.439228333138 147.439290640222 147.439037935958 147.441781361115
8.80602006688963 147.425632861768 147.431240958344 147.43121732553 147.43121732553 147.43121732553 147.431240958345 147.431409913138 147.431568714609 147.431631165704 147.431378111927 147.434123946569
8.80936454849498 147.418017018761 147.423582757567 147.423558930338 147.423558930338 147.423558930338 147.423582757567 147.423751649543 147.423910718028 147.423973313425 147.423719909845 147.42646815705
8.81270903010033 147.410402133854 147.415926178602 147.415902156906 147.415902156906 147.415902156907 147.415926178603 147.416095007362 147.416254343055 147.416317083044 147.416063329374 147.418813992215
8.81605351170569 147.402788222298 147.408271221094 147.40824700488 147.40824700488 147.408247004879 147.408271221095 147.408439986234 147.408599589335 147.408662474205 147.408408370156 147.411161451721
8.81881763527054 147.396496275547 147.401945829374 147.401921452356 147.401921452356 147.401921452357 147.401945829374 147.40211454163 147.402274365882 147.402337370712 147.402082976868 147.404838059786
8.81939799331104 147.395175298855 147.400617884681 147.400593473897 147.400593473898 147.400593473898 147.40061788468 147.4007865858 147.400946456501 147.401009486543 147.400755031829 147.403510535223
8.82274247491639 147.387563377847 147.392966169033 147.39294156363 147.39294156363 147.39294156363 147.392966169033 147.393134805727 147.393294944223 147.393358119729 147.393103314063 147.395861242377
8.82608695652174 147.379952473131 147.385316073799 147.385291273727 147.385291273728 147.385291273727 147.385316073799 147.385484645669 147.38564505215 147.385708373409 147.385453216507 147.388213572837
8.82943143812709 147.372342598134 147.377667598625 147.377642603836 147.377642603836 147.377642603837 147.377667598625 147.377836105263 147.377996779924 147.37806024723 147.377804738806 147.380567526259
8.83277591973244 147.364733765867 147.370020743163 147.369995553611 147.369995553612 147.369995553611 147.370020743163 147.370189184168 147.370350127197 147.370413740841 147.370157880612 147.372923102297
8.83612040133779 147.357125988939 147.362375507059 147.362350122695 147.362350122695 147.362350122695 147.36237550706 147.362543882024 147.362705093611 147.362768853886 147.362512641568 147.365280300606
8.8388376753507 147.350945722476 147.356165212912 147.356139670237 147.356139670236 147.356139670236 147.356165212912 147.356333533921 147.356494963843 147.356558843466 147.356302344879 147.359071986476
8.83946488294314 147.349519279584 147.35473188997 147.354706310748 147.354706310748 147.354706310749 147.35473188997 147.354900198488 147.355061678824 147.355125586022 147.354869021332 147.357639120839
8.8428093645485 147.341913649653 147.34708989154 147.347064117416 147.347064117416 147.347064117416 147.34708989154 147.347258133207 147.347419882478 147.347483936893 147.347227019549 147.349999562649
8.84615384615385 147.334309110646 147.339449511427 147.339423542355 147.339423542356 147.339423542356 147.339449511427 147.339617685838 147.33977970423 147.339843906155 147.339586635877 147.342361625691
8.8494983277592 147.32670567371 147.33181074927 147.331784585206 147.331784585206 147.331784585206 147.331810749269 147.331978856014 147.332141143714 147.332205493443 147.33194786995 147.334725309618
8.85284280936455 147.319103349665 147.324173604706 147.324147245608 147.324147245607 147.324147245608 147.324173604706 147.324341643375 147.324504200569 147.324568698396 147.324310721409 147.327090614083
8.8561872909699 147.311502149026 147.316538077402 147.316511523225 147.316511523225 147.316511523225 147.316538077402 147.316706047588 147.316868874458 147.316933520677 147.316675189917 147.319457538737
8.85885771543086 147.305433731258 147.310442598787 147.310415888819 147.310415888819 147.310415888819 147.310442598787 147.310610513999 147.310773556325 147.310838321242 147.310579707809 147.313364020009
8.85953177257525 147.303902081983 147.308904167004 147.308877417709 147.30887741771 147.30887741771 147.308904167005 147.3090720683 147.309235165029 147.309299959936 147.309041275125 147.311826083233
8.8628762541806 147.296303158427 147.30127187315 147.301244928695 147.301244928695 147.301244928695 147.30127187315 147.301439705143 147.301603071912 147.301668015803 147.301408976663 147.304196247224
8.86622073578595 147.288705387973 147.293641195499 147.293614055844 147.293614055844 147.293614055843 147.293641195499 147.293808957779 147.293972594771 147.294037687939 147.293778294195 147.296568030359
8.8695652173913 147.281108779948 147.286012133689 147.285984798795 147.285984798795 147.285984798795 147.286012133689 147.286179825845 147.286343733237 147.286408975982 147.286149227357 147.288941432292
8.87290969899666 147.273513343409 147.278384687375 147.278357157202 147.278357157203 147.278357157202 147.278384687376 147.278552308996 147.278716486967 147.278781879582 147.278521775802 147.281316452671
8.87625418060201 147.265919087169 147.270758856197 147.270731130707 147.270731130707 147.270731130707 147.270758856196 147.270926406869 147.271090855596 147.271156398381 147.270895939171 147.273693091148
8.87887775551102 147.259962612887 147.264777911542 147.264750032811 147.264750032811 147.264750032811 147.264777911542 147.264945406269 147.265110067515 147.265175728308 147.264914990089 147.267714085892
8.87959866220736 147.258326019775 147.2631346398 147.263106718958 147.263106718958 147.263106718958 147.263134639801 147.263302119112 147.263466838772 147.263532532023 147.26327171711 147.266071347375
8.88294314381271 147.250734149542 147.255512037829 147.255483921596 147.255483921596 147.255483921596 147.255512037829 147.255679445365 147.255844436132 147.255910280147 147.255649109258 147.258451221
8.88628762541806 147.243143484547 147.24789104993 147.247862738272 147.247862738273 147.247862738272 147.24789104993 147.248058385276 147.248223647327 147.248289642403 147.248028115266 147.250832711675
8.88963210702341 147.235554032661 147.240271675758 147.240243168641 147.240243168641 147.24024316864 147.240271675759 147.240438938499 147.240604472007 147.240670618442 147.240408734787 147.243215819048
8.89297658862876 147.227965801505 147.232653914955 147.232625212343 147.232625212343 147.232625212343 147.232653914955 147.232821104675 147.23298690981 147.233053207903 147.23279096746 147.235600542768
8.89632107023411 147.220378798499 147.225037767152 147.225008869012 147.225008869012 147.225008869011 147.225037767151 147.225204883433 147.225370960369 147.22543741042 147.225174812918 147.227986882485
8.89889779559118 147.214534303385 147.219171075389 147.219142026585 147.219142026585 147.219142026585 147.219171075389 147.219338134809 147.219504421265 147.219570988594 147.219308115818 147.222122109247
8.89966555183947 147.212793030874 147.217423232008 147.217394138309 147.21739413831 147.217394138309 147.217423232008 147.217590274438 147.217756623342 147.21782322565 147.217560270822 147.220374837846
8.90301003344482 147.205208505647 147.209810309154 147.209781019863 147.209781019864 147.209781019864 147.209810309154 147.209977277313 147.210143898354 147.210210653217 147.209947340798 147.2127644085
8.90635451505017 147.197625229657 147.202198998245 147.202169513332 147.202169513333 147.202169513332 147.202198998245 147.202365891714 147.202532785061 147.202599692781 147.2023360225 147.205155594096
8.90969899665552 147.190043209548 147.194589298913 147.194559618349 147.194559618349 147.194559618348 147.194589298913 147.194756117274 147.194923283091 147.194990343969 147.194726315563 147.197548394282
8.91304347826087 147.182462451789 147.186981210811 147.186951334565 147.186951334564 147.186951334565 147.186981210811 147.187147953645 147.1873153921 147.187382606434 147.187118219638 147.189942808704
8.91638795986622 147.174882962672 147.179374733571 147.179344661616 147.179344661616 147.179344661616 147.179374733572 147.179541400458 147.179709111714 147.179776479809 147.179511734356 147.182338837011
8.91891783567134 147.169150434523 147.1736220141 147.173591794086 147.173591794086 147.173591794085 147.1736220141 147.17378862326 147.173956540978 147.174024025582 147.173759008657 147.176588014819
8.91973244147157 147.16730474833 147.171769866849 147.171739599157 147.171739599157 147.171739599157 147.171769866849 147.17193645737 147.172104441589 147.172171963743 147.171906859374 147.174736478849
8.92307692307692 147.159727814733 147.164166610291 147.164136146834 147.164136146834 147.164136146834 147.164166610291 147.164333124022 147.164501381367 147.164569057885 147.164303594334 147.167135733865
8.92642140468228 147.152152167676 147.156564963522 147.156534304275 147.156534304275 147.156534304275 147.156564963522 147.156731400043 147.156899930674 147.156967761855 147.156701938864 147.159536601706
8.92976588628763 147.144577812816 147.148964926184 147.148934071123 147.148934071123 147.148934071122 147.148964926185 147.149131285073 147.149300089152 147.1493680753 147.149101892606 147.151939082015
8.93311036789298 147.137004755675 147.141366497938 147.141335447038 147.141335447037 147.141335447037 147.141366497939 147.141532778771 147.141701856454 147.141769997873 147.141503455216 147.144343174441
8.93645484949833 147.129433001599 147.133769678407 147.133738431643 147.133738431642 147.133738431642 147.133769678407 147.13393588076 147.134105232205 147.134173529198 147.13390662632 147.136748878629
8.9389378757515 147.123812389151 147.128130651133 147.12809925894 147.128099258941 147.12809925894 147.128130651132 147.128296794947 147.128466349739 147.12853476243 147.128267591949 147.131111726997
8.93979933110368 147.12186255582 147.12617446724 147.12614302459 147.126143024589 147.12614302459 147.12617446724 147.12634059069 147.126510216052 147.126578668922 147.126311405566 147.129156194225
8.94314381270903 147.114293423421 147.118580864069 147.118549225513 147.118549225513 147.118549225513 147.118580864069 147.11874690819 147.118916807626 147.118985416675 147.118717792585 147.121565120873
8.94648829431438 147.106725609365 147.110988868543 147.110957034057 147.110957034057 147.110957034057 147.110988868543 147.111154832912 147.111325006571 147.111393772106 147.111125787025 147.113975658218
8.94983277591973 147.09915911848 147.103398480302 147.103366449868 147.103366449867 147.103366449868 147.103398480302 147.103564364492 147.103734812529 147.103803734855 147.103535388527 147.106387805905
8.95317725752508 147.091593955473 147.095809698969 147.095777472568 147.095777472568 147.095777472567 147.095809698969 147.095975502553 147.09614622512 147.096215304539 147.095946596713 147.098801563578
8.95652173913044 147.084030124941 147.088222524212 147.088190101824 147.088190101824 147.088190101824 147.088222524212 147.088388246763 147.088559244009 147.088628480828 147.088359411249 147.091216930881
8.95895791583166 147.078521344811 147.082696909524 147.082664344365 147.082664344366 147.082664344366 147.082696909524 147.08286257278 147.083033770201 147.083103121866 147.082833788621 147.08569316981
8.95986622073579 147.076467631347 147.08063695565 147.080604337258 147.080604337258 147.080604337258 147.08063695565 147.080802596739 147.080973868814 147.081043263338 147.080773831754 147.083633907455
8.96321070234114 147.06890647905 147.073052992928 147.073020178514 147.073020178514 147.073020178514 147.073052992927 147.073218552127 147.073390099176 147.073459651712 147.073189857873 147.076052492948
8.96655518394649 147.061346672299 147.065470635678 147.065437625228 147.065437625228 147.065437625228 147.065470635677 147.065636112561 147.065807934731 147.065877645584 147.065607489239 147.068472687001
8.96989966555184 147.053788215243 147.057889883548 147.057856677046 147.057856677046 147.057856677046 147.057889883548 147.058055277684 147.05822737512 147.058297244598 147.058026725497 147.060894489257
8.97324414715719 147.046231111926 147.050310736177 147.05027733361 147.05027733361 147.050277333609 147.050310736177 147.050476047135 147.050648419981 147.050718448389 147.050447566286 147.053317899359
8.97658862876254 147.038675366284 147.042733193202 147.042699594556 147.042699594556 147.042699594556 147.042733193202 147.042898420554 147.04307106895 147.043141256597 147.042870011244 147.04574291695
8.97897795591183 147.033278308535 147.037320712004 147.03728697327 147.03728697327 147.037286973271 147.037320712003 147.037485879362 147.037658724702 147.037729026298 147.037457521285 147.040332266941
8.97993311036789 147.031120982151 147.035157254255 147.035123459516 147.035123459515 147.035123459516 147.035157254255 147.035322397567 147.035495321655 147.035565668849 147.03529406 147.03816954167
8.98327759197325 147.023567963279 147.027582918972 147.027548928131 147.027548928131 147.027548928131 147.027582918972 147.027747977814 147.027921177736 147.027991684783 147.027719712192 147.030597773164
8.98662207357859 147.016016313322 147.020010186992 147.019976000037 147.019976000037 147.019976000037 147.020010186992 147.020175160931 147.020348636824 147.020419304032 147.020146967456 147.023027611071
8.98996655518395 147.008466035848 147.012439057955 147.012404674875 147.012404674876 147.012404674875 147.012439057955 147.012603946558 147.012777698558 147.012848526236 147.012575825433 147.015459055033
8.9933110367893 147.000917134332 147.004869531496 147.004834952284 147.004834952284 147.004834952284 147.004869531496 147.005034334329 147.005208362573 147.005279351032 147.005006285757 147.007892104692
8.99665551839465 146.993369612163 146.997301607244 146.997266831891 146.99726683189 146.997266831891 146.997301607244 146.997466323875 146.997640628495 146.997711778041 146.997438348057 147.000326759688
8.99899799599199 146.988084144748 146.992001980933 146.991967068197 146.991967068197 146.991967068197 146.992001980932 146.992166636926 146.992341135201 146.99241239776 146.992138712187 146.995028941739
9 146.985823472665 146.98973528485 146.989700313349 146.989700313348 146.989700313349 146.98973528485 146.989899914842 146.990074495974 146.990145806919 146.989872011983 146.992763019662
9.01901803607215 146.942939597898 146.946740638343 146.946704551373 146.946704551374 146.946704551372 146.946740638343 146.946904767387 146.947080923332 146.947153157946 146.94687728325 146.949783117215
9.03903807615231 146.897845310833 146.901536605922 146.901499344673 146.901499344674 146.901499344673 146.901536605923 146.901700192311 146.901878010362 146.901951228193 146.901673156041 146.904594716066
9.05905811623247 146.852801840013 146.856389805063 146.856351369688 146.856351369688 146.856351369689 146.856389805063 146.856552832968 146.856732317262 146.856806529533 146.856526251838 146.859463660675
9.07907815631263 146.807809667897 146.811300156809 146.811260547664 146.811260547664 146.811260547664 146.811300156809 146.811462610291 146.811643764643 146.811718982639 146.811436491567 146.814389873112
9.09909819639279 146.762869213456 146.766267581959 146.766226799603 146.766226799603 146.766226799603 146.766267581959 146.766429444967 146.766612272868 146.766688507928 146.766403795913 146.769373275157
9.11911823647295 146.717980840706 146.721292000925 146.721250046125 146.721250046124 146.721250046125 146.721292000925 146.721453257292 146.721637761896 146.721715025414 146.721428085166 146.724413788296
9.13913827655311 146.673144866148 146.676373333915 146.676330207657 146.676330207656 146.676330207657 146.676373333915 146.676533967376 146.676720151485 146.676798454907 146.676509279423 146.679511333732
9.15915831663327 146.62836156479 146.631511500804 146.631467204286 146.631467204287 146.631467204286 146.631511500804 146.631671494985 146.63185936104 146.631938715861 146.631647298439 146.634665832393
9.17917835671343 146.58363117544 146.586706421187 146.586660955834 146.586660955835 146.586660955834 146.586706421187 146.586865759614 146.587055309683 146.587135727439 146.586842061687 146.589877204935
9.19919839679359 146.538953905157 146.541958014431 146.541911381894 146.541911381894 146.541911381894 146.541958014431 146.542116680536 146.542307916302 146.54238940857 146.542093488423 146.545145371757
9.21921843687375 146.494329933018 146.49726619962 146.497218401779 146.497218401781 146.497218401779 146.49726619962 146.49742417674 146.497617099487 146.497699677884 146.497401497608 146.500470253003
9.23923847695391 146.449759413384 146.452630895552 146.452581934524 146.452581934523 146.452581934524 146.452630895551 146.452788166931 146.452982777534 146.453066453704 146.452766007921 146.455851768567
9.25925851703407 146.405242478777 146.408052020835 146.408001898981 146.408001898981 146.408001898981 146.408052020835 146.408208569639 146.408404868547 146.408489654165 146.408186937857 146.411289838103
9.27927855711423 146.360779242239 146.363529493781 146.363478213703 146.363478213703 146.363478213704 146.363529493781 146.36368530309 146.363883290317 146.363969197078 146.363664205606 146.366784381031
9.29929859719439 146.316369799517 146.319063232504 146.319010797058 146.319010797058 146.319010797059 146.319063232504 146.319218285319 146.319417960429 146.319505000053 146.319197729164 146.322335316542
9.31931863727455 146.272014230865 146.274653154881 146.274599567174 146.274599567175 146.274599567174 146.274653154881 146.274807434134 146.275008796226 146.27509698044 146.27478742629 146.277942563608
9.33933867735471 146.22775694663 146.230299178558 146.23024444196 146.230244441961 146.23024444196 146.230299178558 146.230452667115 146.23065571481 146.23074505535 146.230433334793 146.233606040984
9.35935871743487 146.183464968883 146.186001220981 146.185945339123 146.185945339123 146.185945339124 146.186001220981 146.186153901637 146.18635863307 146.186449141676 146.186135011167 146.189325667214
9.37937875751503 146.139271372235 146.141759199387 146.141702176173 146.141702176172 146.141702176174 146.141759199387 146.141911054885 146.142117467683 146.142209156086 146.141892733364 146.145101360643
9.39939879759519 146.095131845314 146.097573030755 146.09751487036 146.09751487036 146.09751487036 146.097573030755 146.097724043781 146.097932135044 146.098025014975 146.097706297967 146.100933039418
9.41941883767535 146.051046411608 146.053442631942 146.053383338822 146.053383338822 146.053383338822 146.053442631941 146.05359278514 146.053802551439 146.053896634604 146.053575621721 146.056820621493
9.43943887775551 146.007015086316 146.009367919605 146.009307498498 146.009307498499 146.009307498498 146.009367919604 146.009517195572 146.00972863293 146.009823931012 146.009500621165 146.012764024638
9.45945891783567 145.963037877075 145.965348810164 145.965287266102 145.965287266102 145.965287266103 145.965348810165 145.965497191463 145.965710295336 145.965806819992 145.965481212607 145.968763166443
9.47947895791583 145.919114784725 145.92138521992 145.921322558225 145.921322558224 145.921322558225 145.92138521992 145.921532689082 145.921747454344 145.921845217191 145.921517312229 145.924817964324
9.49949899799599 145.875245803809 145.877477064933 145.877413291225 145.877413291225 145.877413291225 145.877477064933 145.877623604464 145.877840025396 145.877939038005 145.877608835978 145.880928335528
9.51951903807615 145.831430923231 145.833624261152 145.833559381359 145.83355938136 145.83355938136 145.833624261152 145.833769853544 145.833987923815 145.834088197702 145.833755699695 145.837094197141
9.53953907815631 145.787670126643 145.789826724329 145.789760744686 145.789760744686 145.789760744687 145.789826724329 145.789971352062 145.790191064708 145.790292611327 145.789957819017 145.793315466087
9.55955911823647 145.743963392971 145.746084370101 145.74601729716 145.74601729716 145.74601729716 145.746084370101 145.746228015646 145.746449363069 145.746552193803 145.74621510947 145.749592059141
9.57957915831663 145.700310696709 145.702397113904 145.702328954535 145.702328954536 145.702328954536 145.702397113904 145.702539759741 145.702762733677 145.702866859831 145.702527486383 145.705923892928
9.59959919839679 145.656712008372 145.658764871064 145.658695632462 145.658695632462 145.658695632462 145.658764871064 145.65890649968 145.65913109119 145.659236523972 145.658894864972 145.662310883932
9.61961923847695 145.613167294718 145.615187556725 145.615117246415 145.615117246414 145.615117246415 145.615187556725 145.615328150625 145.615554350078 145.6156611006 145.615317160275 145.618752948499
9.63963927855711 145.569676519127 145.57166508592 145.571593711762 145.571593711762 145.571593711763 145.57166508592 145.571804627633 145.572032424687 145.57214050395 145.571794287218 145.575250002841
9.65965931863727 145.526239641823 145.528197373558 145.528124943754 145.528124943755 145.528124943754 145.528197373558 145.528335845649 145.528565229235 145.528674648117 145.528326160608 145.531801963044
9.67967935871743 145.482856620143 145.484784334441 145.484710857537 145.484710857537 145.484710857537 145.484784334441 145.484921719515 145.485152677822 145.485263447066 145.484912695145 145.48840874507
9.6996993987976 145.439527408658 145.441425883179 145.441351368074 145.441351368074 145.441351368074 145.441425883179 145.441562163892 145.441794684346 145.441906814552 145.441553805338 145.445070264762
9.71971943887776 145.396251959501 145.398121934326 145.398046390272 145.398046390272 145.398046390272 145.398121934327 145.398257093392 145.398491162641 145.398604664249 145.398249405642 145.401786437849
9.73973947895792 145.353030222478 145.354872402313 145.354795838925 145.354795838924 145.354795838925 145.354872402313 145.355006422512 145.355242026411 145.35535690969 145.354999410392 145.358557179951
9.75975951903808 145.309862145225 145.311677201448 145.311599628705 145.311599628706 145.311599628706 145.311677201448 145.311810065638 145.312047189227 145.312163464265 145.311803733802 145.315382406583
9.77977955911824 145.266747673384 145.26853624593 145.268457674186 145.268457674186 145.268457674186 145.26853624593 145.268667937054 145.268906564541 145.269024241223 145.268662289977 145.272262033157
9.7997995991984 145.223686750765 145.225449449911 145.225369889895 145.225369889895 145.225369889895 145.225449449911 145.22557995101 145.225820065757 145.225939153758 145.225574992982 145.229195974991
9.81981963927856 145.180679319414 145.182416727399 145.182336190223 145.182336190223 145.182336190223 145.182416727399 145.182546021622 145.182787606122 145.182908114892 145.182541756738 145.186184147311
9.83983967935872 145.137725319761 145.139437992325 145.139356489482 145.139356489482 145.139356489482 145.139437992325 145.139566062928 145.139809098793 145.139931037531 145.139562495086 145.143226465252
9.85985971943888 145.094824690724 145.096513158526 145.096430701908 145.096430701908 145.096430701909 145.096513158527 145.096639988899 145.096884456839 145.097007834493 145.096637121789 145.100322843864
9.87987975951904 145.051977369854 145.053642139813 145.053558741704 145.053558741705 145.053558741705 145.053642139813 145.053767713481 145.054013593287 145.054138418523 145.053765550575 145.057473198122
9.8998997995992 145.00918329334 145.010824849862 145.01074052295 145.010740522949 145.01074052295 145.010824849861 145.010949150494 145.011196421021 145.011322702214 145.010947695043 145.014677442921
9.91991983967936 144.966442396151 144.968061202293 144.967975959671 144.967975959672 144.967975959671 144.968061202293 144.968184213722 144.96843285287 144.968560598078 144.968183468745 144.971935493083
9.93993987975952 144.923754612092 144.925351110666 144.925264965838 144.925264965838 144.925264965838 144.925351110666 144.925472816894 144.925722801588 144.925852018547 144.925472785168 144.929247263364
9.95995991983968 144.881119873906 144.882694488468 144.882607455354 144.882607455353 144.882607455354 144.882694488468 144.882814873675 144.883066179857 144.883196875944 144.882815557736 144.88661266845
9.97997995991984 144.83853811335 144.840091249182 144.840003342123 144.840003342123 144.840003342123 144.840091249182 144.840210297746 144.840462900347 144.840595082579 144.840211699869 144.844031622971
10 144.796009261165 144.797541306163 144.797452539922 144.797452539922 144.797452539922 144.797541306162 144.797659002666 144.797912875596 144.798046550591 144.797661124864 144.801504041496
