0.01 6.67833012557627E-10 6.68261382655403E-10 6.67841293673492E-10 6.67840537320503E-10 6.67833012591508E-10 6.68261382465667E-10 6.67260610660018E-10 6.68720898795006E-10 6.67688611481922E-10 6.67814019442983E-10
0.03002004008016 1.07955902535028E-08 1.07997532584046E-08 1.07955948271555E-08 1.07956002436669E-08 1.07955902568639E-08 1.07997532534172E-08 1.07954263305911E-08 1.07959049475744E-08 1.0795791221868E-08 1.07956575979618E-08
0.050040080160321 4.01151555237678E-08 4.01230286263283E-08 4.01151717672847E-08 4.01151614814587E-08 4.01151555070711E-08 4.01230286196062E-08 4.01150664415973E-08 4.01152487588662E-08 4.01152270566082E-08 4.01151704794694E-08
0.070060120240481 9.64357644924092E-08 9.64426396278528E-08 9.64357740971394E-08 9.64357838289381E-08 9.64357646329218E-08 9.64426396460674E-08 9.64358507289827E-08 9.64356645987916E-08 9.64356232477544E-08 9.64357399994148E-08
0.090080160320641 1.87474147952255E-07 1.87475768706133E-07 1.87474143708254E-07 1.87474142668287E-07 1.87474147815211E-07 1.87475768640213E-07 1.87474685277647E-07 1.87474224848209E-07 1.87474023229973E-07 1.87474185479528E-07
0.110100200400802 3.21302992307634E-07 3.21304998714828E-07 3.21302987289079E-07 3.21302995950554E-07 3.21302992149775E-07 3.21304998912586E-07 3.21303638027223E-07 3.21302800155784E-07 3.21302848587529E-07 3.21302972082493E-07
0.130120240480962 5.06593667577715E-07 5.06625082836998E-07 5.06593678169937E-07 5.06593675363154E-07 5.06593667650573E-07 5.0662508294802E-07 5.0659385781443E-07 5.06593680449363E-07 5.06593528796368E-07 5.06593680959372E-07
0.150140280561122 7.5280051742635E-07 7.52931412634217E-07 7.52800498181327E-07 7.52800529919828E-07 7.52800517405533E-07 7.52931412596053E-07 7.52800839613072E-07 7.52801386012802E-07 7.52800448824975E-07 7.52800632178308E-07
0.170160320641283 1.07033022477693E-06 1.07069391139247E-06 1.07033021648495E-06 1.07033021589514E-06 1.07033022717085E-06 1.07069391149656E-06 1.07033045923521E-06 1.07033062317352E-06 1.07033132545203E-06 1.07033055057187E-06
0.190180360721443 1.47071142868327E-06 1.4715316573391E-06 1.47071144955546E-06 1.47071144543376E-06 1.47071143460215E-06 1.47153165700603E-06 1.47071303265717E-06 1.47071399444337E-06 1.47071368557239E-06 1.47071288746081E-06
0.210200400801603 1.9667773498433E-06 1.96840118391745E-06 1.96677737124285E-06 1.9667773607443E-06 1.9667773726792E-06 1.96840118402847E-06 1.96678012288204E-06 1.9667837227455E-06 1.96678365334269E-06 1.96678082869939E-06
0.230220440881764 2.57286717239569E-06 2.57580430600146E-06 2.57286724150707E-06 2.57286724854311E-06 2.572867239925E-06 2.57580430544635E-06 2.57287503584169E-06 2.57287899706193E-06 2.57288155984525E-06 2.57287499494385E-06
0.250240480961924 3.30504656784192E-06 3.31001602847658E-06 3.30504672797771E-06 3.30504673644316E-06 3.30504673802523E-06 3.31001602975334E-06 3.30506138407349E-06 3.30507168343208E-06 3.30507549006764E-06 3.30506241079387E-06
0.270260521042084 4.18137628806214E-06 4.18936180619778E-06 4.18137667608509E-06 4.181376670645E-06 4.18137667777818E-06 4.18936180321405E-06 4.1814045964178E-06 4.18142435186508E-06 4.18143189372111E-06 4.18140670847833E-06
0.290280561122245 5.22219415055591E-06 5.23450943917814E-06 5.22219498400034E-06 5.2221949875253E-06 5.22219498674814E-06 5.23450943742954E-06 5.22224522872539E-06 5.22228149735238E-06 5.22229463986723E-06 5.22224918042546E-06
0.310300601202405 6.45045197636418E-06 6.4688176605876E-06 6.45045365343933E-06 6.45045364602859E-06 6.4504536622656E-06 6.46881765944962E-06 6.4505404357984E-06 6.45060462203806E-06 6.45062652354644E-06 6.45054771264419E-06
0.330320641282565 7.89212580382115E-06 7.9187601216002E-06 7.89212905780157E-06 7.8921290587175E-06 7.89212905455416E-06 7.91876012126713E-06 7.89227350175836E-06 7.89237927792397E-06 7.89241660612006E-06 7.89228533468189E-06
0.350340681362725 9.57665710898947E-06 9.61438266197656E-06 9.57666307793703E-06 9.57666308493144E-06 9.57666307710436E-06 9.61438265975612E-06 9.57689727038025E-06 9.57706551410475E-06 9.57712554802703E-06 9.57691486286327E-06
0.370360721442886 1.15374876780705E-05 1.15898571910744E-05 1.15374982727068E-05 1.15374982556093E-05 1.15374982694316E-05 1.15898571950157E-05 1.15378644752751E-05 1.15381273727011E-05 1.15382218947024E-05 1.15378920598763E-05
0.390380761523046 1.38126877197164E-05 1.3884132358144E-05 1.38127059152171E-05 1.38127059340909E-05 1.38127059143844E-05 1.38841323527594E-05 1.38132665631896E-05 1.38136645154163E-05 1.38138104059382E-05 1.3813306989241E-05
0.410400801603207 1.64456998652529E-05 1.654170451032E-05 1.64457302753163E-05 1.64457302778698E-05 1.6445730266712E-05 1.65417045064342E-05 1.64465678492709E-05 1.64471653675835E-05 1.64473784651231E-05 1.64466281603604E-05
0.430420841683367 1.94861875826846E-05 1.96134978462381E-05 1.94862371341031E-05 1.94862371477034E-05 1.9486237128552E-05 1.96134978410756E-05 1.94874678593471E-05 1.94883376770649E-05 1.94886508986802E-05 1.94875526784433E-05
0.450440881763527 2.29910799089406E-05 2.31579475561405E-05 2.29911588596754E-05 2.2991158852903E-05 2.29911588530141E-05 2.31579475437615E-05 2.29929323050659E-05 2.29941838256198E-05 2.29946331998243E-05 2.29930528378164E-05
0.470460921843687 2.70257782714056E-05 2.724225284223E-05 2.70259015611174E-05 2.70259015199281E-05 2.70259015586749E-05 2.72422528213578E-05 2.70284207719573E-05 2.70301917135729E-05 2.70308256190566E-05 2.70285872133735E-05
0.490480961923848 3.16656262847603E-05 3.19439017992806E-05 3.16658153773908E-05 3.1665815398596E-05 3.16658153920457E-05 3.194390181116E-05 3.16693438782156E-05 3.16718161228469E-05 3.16726988460747E-05 3.16695711954917E-05
0.510501002004008 3.69976447669451E-05 3.73524736686503E-05 3.69979300812728E-05 3.69979301052536E-05 3.69979300898215E-05 3.73524736565489E-05 3.70028126002175E-05 3.70062197786458E-05 3.7007433188796E-05 3.70031176150087E-05
0.530521042084168 4.31226318617917E-05 4.35718205276103E-05 4.31230560475893E-05 4.31230560806739E-05 4.31230560480334E-05 4.35718205417102E-05 4.31297363296945E-05 4.31343807540952E-05 4.31360305899187E-05 4.31301415788621E-05
0.550541082164329 5.0157693548325E-05 5.0722696844363E-05 5.01583157874741E-05 5.01583158201147E-05 5.01583158161179E-05 5.07226968426977E-05 5.01673649589973E-05 5.01736292224386E-05 5.01758515566442E-05 5.01678960664886E-05
0.570561122244489 5.82393157593231E-05 5.89459535385029E-05 5.82402174897911E-05 5.82402174289509E-05 5.82402174689189E-05 5.89459535464965E-05 5.82523652796763E-05 5.82607391694801E-05 5.82637020662968E-05 5.82530535178094E-05
0.590581162324649 6.75271132977162E-05 6.84064360649828E-05 6.75284054703074E-05 6.75284054261205E-05 6.75284054609815E-05 6.84064360545467E-05 6.75445783269168E-05 6.75556809179856E-05 6.75596004477974E-05 6.75454625083116E-05
0.61060120240481 7.82084043031705E-05 7.92977444421528E-05 7.82102376390981E-05 7.82102376510885E-05 7.82102376741811E-05 7.92977444770138E-05 7.82316120560011E-05 7.82462208213097E-05 7.82513669881357E-05 7.82327358033186E-05
0.63062124248497 9.05038722200935E-05 9.18481240643754E-05 9.0506449393013E-05 9.0506449477612E-05 9.05064494292063E-05 9.18481240290703E-05 9.05345107926614E-05 9.05536062367762E-05 9.05603140484157E-05 9.05359263385641E-05
0.65064128256513 0.000104674527165 0.00010632771469 0.000104678120153 0.000104678120125 0.000104678120184 0.000106327714675 0.000104714739928 0.000104739548378 0.000104748241452 0.000104716508255
0.670661322645291 0.000121030419252 0.000123057622543 0.000121035390831 0.000121035390847 0.000121035390858 0.000123057622546 0.000121082928383 0.000121114980593 0.000121126185679 0.000121085116426
0.690681362725451 0.000139941537144 0.000142421275638 0.000139948369894 0.000139948369817 0.000139948369814 0.000142421275608 0.000140009784863 0.000140051003745 0.000140065374359 0.000140012473898
0.710701402805611 0.000161851510649 0.00016487870204 0.000161860844279 0.000161860844385 0.000161860844199 0.000164878702004 0.000161939862662 0.000161992637857 0.000162010992614 0.000161943137758
0.730721442885772 0.00018729513096 0.000190984793116 0.000187307812027 0.000187307812014 0.000187307811993 0.000190984793178 0.000187409110573 0.00018747643931 0.000187499792194 0.000187413070498
0.750741482965932 0.000216920510597 0.000221412413152 0.00021693765744 0.000216937657473 0.000216937657453 0.000221412413152 0.00021706711706 0.000217152740431 0.000217182361562 0.000217071868663
0.770761523046092 0.000251517907982 0.000256982465697 0.000251540997221 0.000251540997232 0.000251540997235 0.000256982465748 0.000251706023027 0.000251814631897 0.000251852101171 0.000251711681451
0.790781563126253 0.000292056996553 0.000298702782744 0.000292087977829 0.000292087977884 0.000292087978035 0.000298702782723 0.000292297915881 0.000292435383425 0.000292482682775 0.000292304595484
0.810801603206413 0.000339735740907 0.000347819140815 0.000339777190066 0.000339777189909 0.000339777190007 0.000347819140877 0.000340043856133 0.000340217580416 0.000340277193896 0.000340051674968
0.830821643286573 0.000396045082081 0.000405882801117 0.000396100406564 0.000396100406478 0.000396100406487 0.000405882801375 0.000396438797981 0.000396658111514 0.000396733163813 0.000396447861628
0.850841683366734 0.000462855250252 0.000474840663055 0.000462928969244 0.000462928968857 0.000462928969144 0.000474840663073 0.00046335818756 0.000463634919253 0.000463729362601 0.000463368582718
0.870861723446894 0.000542532359919 0.000557157080868 0.000542630483604 0.00054263048388 0.00054263048369 0.00055715708073 0.000543174973837 0.000543524191013 0.000543643043805 0.000543186750957
0.890881763527054 0.000638097547694 0.000655980192217 0.000638228102225 0.000638228102794 0.000638228102405 0.000655980192373 0.000638919328034 0.00063936032113 0.000639509989905 0.000638932466994
0.910901803607215 0.000753446402975 0.000775371344814 0.000753620158736 0.000753620158393 0.000753620159282 0.00077537134417 0.000754498870993 0.000755056494168 0.000755245223774 0.00075451324178
0.930921843687375 0.000893656782423 0.000920627014318 0.00089388827474 0.000893888274166 0.000893888274774 0.000920627014296 0.000895007630496 0.000895714162826 0.000895952638168 0.000895022939605
0.950941883767535 0.001065423831816 0.001098733977122 0.001065732817024 0.001065732817319 0.001065732816525 0.001098733977203 0.001067162745909 0.001068060463975 0.001068362621026 0.001067178435188
0.970961923847695 0.001277686300107 0.001319024817224 0.001278099845409 0.00127809984634 0.001278099846015 0.001319024817123 0.001279933197546 0.001281077983759 0.001281462223686 0.001279948313103
0.990981963927856 0.001542538634846 0.001594132971737 0.001543094176341 0.001543094176904 0.001543094175997 0.001594132971569 0.001545455560267 0.00154692206468 0.001547412925003 0.00154546852368
1.01100200400802 0.001876580520591 0.001941406365791 0.001877330386034 0.001877330385435 0.001877330386062 0.001941406364462 0.001880388998243 0.001882278173284 0.001882908747557 0.001880397289613
1.03102204408818 0.002302940089288 0.002385027735683 0.002303958309904 0.002303958307829 0.002303958308742 0.002385027735684 0.002307946907438 0.002310397061589 0.002311212610143 0.002307946545583
1.05104208416834 0.00285434451151 0.002959234302754 0.002855737247655 0.002855737249655 0.002855737248851 0.002959234302754 0.002860980659412 0.002864184014587 0.002865247319884 0.002860965368658
1.0710621242485 0.003577817564564 0.003713246442157 0.003579739291176 0.003579739288599 0.003579739290512 0.003713246442045 0.003586697808396 0.003590925690769 0.00359232518824 0.003586657702161
1.09108216432866 0.004541860872486 0.004718808129304 0.004544539853558 0.004544539857896 0.004544539853427 0.004718808131091 0.004553876165048 0.004559517644175 0.004561379914101 0.004553795562796
1.11110220440882 0.005847219590578 0.006081503375903 0.005850998298982 0.00585099830165 0.005850998297557 0.006081503378681 0.005863681081824 0.005871302604891 0.005873811579878 0.005863534918568
1.13112224448898 0.007642021814025 0.007956698293082 0.007647420587901 0.007647420591468 0.007647420588619 0.007956698294954 0.007664883047507 0.007675319220571 0.007678745359726 0.007664630935928
1.15114228456914 0.01013924319885 0.010568008144741 0.01014705693667 0.010147056934418 0.010147056935761 0.01056800814364 0.010171427718415 0.010185912533917 0.010190654860089 0.010171004342677
1.1711623246493 0.013622801774609 0.014214018809973 0.013634230482872 0.013634230486012 0.01363423048344 0.014214018809973 0.013668622496802 0.013688951258857 0.013695588818337 0.013667923383068
1.19118236472946 0.01839212999554 0.019210791411247 0.018408894454218 0.018408894449095 0.018408894455689 0.019210791417628 0.018457595439372 0.018486224227573 0.018495546567074 0.018456460481517
1.21120240480962 0.024515523911241 0.02563405779275 0.024539757192343 0.02453975718165 0.024539757194376 0.025634057797134 0.024607752363281 0.024647504233442 0.024660413796504 0.024605963901351
1.23122244488978 0.031234533551093 0.032694502939997 0.031267956726801 0.031267956750959 0.03126795673051 0.032694502940629 0.031358582117839 0.031411274569173 0.031428340954122 0.031355924843155
1.25124248496994 0.036402587776408 0.038144885790771 0.036444684522124 0.036444684492381 0.036444684505412 0.038144885792292 0.036555040803904 0.03661885529462 0.036639469077173 0.036551469510371
1.2712625250501 0.03753510002926 0.039373700135656 0.037581931157192 0.037581931155074 0.037581931141446 0.039373700158322 0.037700680373945 0.03776897439441 0.037790976977746 0.037696473992426
1.29128256513026 0.034396553015256 0.03611995355385 0.034442777670833 0.034442777643875 0.034442777662534 0.036119953557545 0.034556202585705 0.034621080312363 0.03464192754997 0.034551835142892
1.31130260521042 0.029106437122636 0.030597300820432 0.029148500228558 0.029148500220714 0.029148500235607 0.030597300829669 0.029248421229596 0.029305265561845 0.029323483922937 0.029244263591238
1.33132264529058 0.023735420280964 0.024977615154675 0.023772248557719 0.023772248550102 0.02377224855519 0.024977615162953 0.023856977359976 0.023904918930569 0.023920244326909 0.02385318692788
1.35134268537074 0.019203886353878 0.020230266203363 0.019235830667832 0.019235830670894 0.019235830669572 0.020230266193558 0.019307034748167 0.019347107104991 0.019359884133166 0.019303625083786
1.3713627254509 0.015651099158667 0.016504958821102 0.015678969653514 0.01567896965814 0.015678969655717 0.016504958825315 0.015739180953261 0.015772885325511 0.015783604624446 0.015736106655261
1.39138276553106 0.012930713887116 0.013650485137781 0.012955329910227 0.012955329913439 0.012955329909367 0.013650485141028 0.013006891564402 0.013035600220128 0.013044707671789 0.013004094089887
1.41140280561122 0.010849627955345 0.011465561420209 0.010871678888272 0.010871678889806 0.010871678890943 0.011465561420465 0.010916476948232 0.010941287334184 0.010949138430149 0.010913902163487
1.43142284569138 0.009243022606555 0.009777961403742 0.009263052735264 0.009263052739023 0.009263052742106 0.009777961403216 0.009302533048789 0.009324282807768 0.009331148331604 0.009300135796707
1.45144288577154 0.0079863105539 0.008457329430701 0.00800474089122 0.008004740894535 0.00800474089316 0.008457329431121 0.008039996627843 0.008059316957606 0.008065400642998 0.008037740599477
1.4714629258517 0.006989125362747 0.00740903328936 0.007006280879789 0.007006280881949 0.007006280878191 0.007409033292852 0.007038139709366 0.007055507226898 0.007060962689216 0.007035996044493
1.49148296593186 0.006186607296602 0.006565107163237 0.006202740496018 0.006202740495453 0.006202740495333 0.006565107160206 0.006231834283284 0.006247611990315 0.006252556127983 0.006229780004826
1.51150300601202 0.005532059448207 0.005876592015852 0.005547368588616 0.005547368588324 0.0055473685896 0.005876592014051 0.005574185152835 0.005588652720768 0.005593175489182 0.005572201834937
1.53152304609218 0.004991548240234 0.005307894328674 0.005006190868734 0.005006190868031 0.005006190869786 0.005307894326425 0.005031111436082 0.00504448701151 0.005048658532417 0.005029184160261
1.55154308617234 0.004540116436676 0.004832825676186 0.004554219359282 0.004554219358464 0.004554219359566 0.00483282567561 0.004577545521151 0.004590001392309 0.004593876991787 0.004575662079439
1.57156312625251 0.00415916808015 0.004431865736262 0.004172834637014 0.004172834637011 0.004172834636069 0.004431865735089 0.004194807810652 0.004206481661132 0.004210105532461 0.004192958094102
1.59158316633267 0.003834664648494 0.004090273349252 0.003847980099746 0.003847980101227 0.00384798009933 0.004090273348631 0.003868795694903 0.003879798811425 0.003883206640204 0.003866971242378
1.61160320641283 0.003555872075697 0.003796773796598 0.003568907608447 0.003568907608699 0.003568907607921 0.00379677379728 0.003588725439599 0.003599148696321 0.003602369622978 0.003586919084746
1.63162324649299 0.003314482993208 0.003542638790982 0.003327298716073 0.003327298717704 0.003327298714208 0.003542638790535 0.003346250748521 0.003356169092566 0.003359227121649 0.00334445636059
1.65164328657315 0.00310399367795 0.003321033268385 0.003116640891932 0.003116640890966 0.003116640890859 0.003321033268382 0.003134837057658 0.003144312842252 0.003147227946791 0.003133049339514
1.67166332665331 0.00291925799128 0.00312654754115 0.002931780947073 0.002931780946316 0.002931780947218 0.003126547541143 0.002949313584029 0.002958399114171 0.002961188037428 0.002947527906294
1.69168336673347 0.002756162801614 0.002954856788836 0.002768600041044 0.002768600040103 0.002768600041843 0.002954856788492 0.002785547272111 0.002794286766814 0.002796963654379 0.002783759562174
1.71170340681363 0.002611389645761 0.002802470943951 0.002623775057966 0.002623775057881 0.002623775057344 0.002802470943898 0.002640203447154 0.002648634531486 0.002651211425373 0.002638410079008
1.73172344689379 0.002482237825646 0.002666549035073 0.002494601479935 0.00249460148153 0.002494601479089 0.00266654903443 0.002510568094152 0.002518723009494 0.002521210216614 0.002508765822263
1.75174348697395 0.002366491501586 0.002544759636383 0.002378860315162 0.00237886031481 0.002378860316107 0.002544759636244 0.002394414366833 0.002402320887064 0.002404727292049 0.002392600255178
1.77176352705411 0.002262318734999 0.002435174844663 0.00227471698468 0.002274716984939 0.00227471698534 0.002435174845552 0.002289901131302 0.002297583319081 0.002299916617844 0.002288072508698
1.79178356713427 0.002168194167378 0.002336189099626 0.002180643945767 0.002180643946197 0.002180643945767 0.002336189098909 0.002195495345166 0.002202974156855 0.00220524104645 0.002193649762621
1.81180360721443 0.002082839373259 0.002246456483505 0.002095360914844 0.002095360915821 0.002095360914964 0.002246456483171 0.002109912082773 0.002117205837031 0.002119412176924 0.002108047274245
1.83182364729459 0.002005176107776 0.002164841633331 0.002017788093234 0.002017788092633 0.002017788092768 0.002164841633324 0.002032067588189 0.002039192379485 0.002041343319469 0.002030181450962
1.85184368737475 0.001934289681881 0.002090381236094 0.001947009471138 0.001947009469372 0.00194700947069 0.002090381236282 0.001961042466434 0.001968012492995 0.001970112570984 0.001959133039037
1.87186372745491 0.001869399929383 0.002022253505665 0.001882243749623 0.001882243749694 0.001882243749542 0.002022253505658 0.001896052519999 0.001902880338577 0.001904933575407 0.001894117954517
1.89188376753507 0.001809837926569 0.001959753721625 0.001822821048556 0.001822821048503 0.001822821048759 0.00195975372143 0.001836425345324 0.001843122102535 0.001845132071566 0.001834463898344
1.91190380761523 0.001755027384689 0.001902274669135 0.001768164256418 0.001768164255537 0.001768164256838 0.001902274669163 0.001781581656918 0.001788157281407 0.001790127161112 0.0017795916708
1.93192384769539 0.001704469545942 0.001849290733166 0.001717773910585 0.001717773911324 0.00171777391073 0.001849290732391 0.001731020078338 0.001737483435015 0.001739416068975 0.001728999975636
1.95194388777555 0.001657730864157 0.001800344959602 0.001671215859162 0.00167121585995 0.001671215860224 0.001800344959779 0.001684304792512 0.001690663809153 0.00169256174517 0.00168225305779
1.97196392785571 0.001614432963457 0.001755038493247 0.001628111207665 0.001628111206365 0.001628111207499 0.001755038493204 0.001641055428472 0.001647317224315 0.001649182747553 0.00163897060915
1.99198396793587 0.001574244323706 0.001713021822486 0.001588127987983 0.001588127986572 0.001588127987308 0.001713021822553 0.001600938718234 0.001607109687562 0.001608944858376 0.001598819411594
2.01200400801603 0.001536873392066 0.00167398752653 0.001550974261875 0.001550974261828 0.001550974261974 0.001673987526733 0.001563661573037 0.001569747472566 0.00157155414357 0.00156150641828
2.03202404809619 0.001502062926207 0.001637664341196 0.00151639245999 0.001516392460015 0.001516392460122 0.001637664341018 0.001528965390897 0.001534971411221 0.001536751261032 0.001526773068797
2.05204408817635 0.001469585146264 0.001603812037935 0.001484154519819 0.001484154521215 0.001484154520313 0.001603812038859 0.001496621191013 0.00150255201503 0.001504306561849 0.001494390414333
2.07206412825651 0.001439237751892 0.001572217236422 0.001454057898265 0.001454057899217 0.001454057898552 0.001572217237062 0.001466425601635 0.001472285470712 0.001474016086913 0.001464155118658
2.09208416833667 0.001410840527804 0.001542689838136 0.001425922178278 0.001425922178996 0.001425922178267 0.001542689837994 0.00143819746819 0.001443990209587 0.001445698144469 0.001435886047346
2.11210420841683 0.001384232482977 0.001515060005893 0.001399586194573 0.001399586194715 0.001399586194321 0.001515060006394 0.001411774951773 0.001417504034876 0.001419190419416 0.001409421388416
2.13212424849699 0.001359269405405 0.001489175586759 0.001374905587817 0.00137490558896 0.001374905588442 0.001489175586887 0.001387013085797 0.00139268165249 0.001394347515181 0.001384616196098
2.15214428857715 0.001335821760279 0.001464899909315 0.001351750707205 0.001351750707766 0.001351750707617 0.001464899909742 0.001363781670086 0.001369392560445 0.00137103883662 0.001361340284006
2.17216432865731 0.001313772912336 0.001442109902005 0.001330004818609 0.001330004817891 0.001330004818403 0.001442109902236 0.001341963460654 0.001347519254015 0.001349146795377 0.001339476429724
2.19218436873747 0.00129301759824 0.001420694486789 0.001309562579067 0.001309562578456 0.001309562579365 0.001420694486715 0.001321452663611 0.00132695568702 0.001328565267897 0.001318918847176
2.21220440881764 0.001273460619288 0.001400553201613 0.001290328729223 0.001290328729141 0.00129032872978 0.001400553201506 0.001302153593592 0.001307605957852 0.001309198282083 0.001299571866703
2.2322244488978 0.001255015652845 0.001381594946587 0.001272216904532 0.00127221690456 0.001272216904542 0.001381594946217 0.001283979498925 0.001289383107089 0.001290958816924 0.001281348744914
2.25224448897796 0.00123760426667 0.00136373695171 0.001255148639174 0.001255148638478 0.001255148638915 0.001363736951934 0.001266851559389 0.001272208132431 0.001273767809035 0.001264170671508
2.27226452905812 0.001221155074127 0.001346903877181 0.001239052529737 0.001239052529762 0.001239052529773 0.001346903876676 0.001250698041208 0.001256009129047 0.001257553300064 0.001247965920371
2.29228456913828 0.00120560295699 0.001331027000983 0.001223863452886 0.001223863452932 0.0012238634528 0.001331027000777 0.00123545351871 0.001240720508235 0.001242249657547 0.00123266906904
2.31230460921844 0.001190888408932 0.001316043522454 0.001209521905921 0.001209521906379 0.001209521905889 0.001316043522415 0.001221058204308 0.001226282344202 0.001227796906448 0.001218220338519
2.3323246492986 0.001176956970909 0.001301895972809 0.00119597344478 0.001195973444112 0.001195973444428 0.001301895972507 0.001207457392763 0.001212639797597 0.001214140164283 0.001204565026086
2.35234468937876 0.001163758693625 0.001288531641251 0.001183168142703 0.001183168142944 0.001183168143264 0.001288531641244 0.001194600913522 0.001199742570769 0.001201229099845 0.001191652964195
2.37236472945892 0.001151247703092 0.001275902117509 0.001171060156654 0.001171060155883 0.001171060156562 0.001275902117158 0.001182442694454 0.001187544475776 0.001189017488343 0.001179438081515
2.39238476953908 0.001139381776358 0.001263962858459 0.001159607303176 0.001159607303038 0.001159607303013 0.001263962858399 0.001170940336557 0.001176003014695 0.001177462795283 0.00116787798455
2.41240480961924 0.001128122029094 0.001252672832603 0.001148770741953 0.001148770742024 0.001148770741786 0.001252672832525 0.001160054800614 0.001165079044537 0.001166525849492 0.001156933632416
2.4324248496994 0.001117432554288 0.001241994165394 0.001138514619221 0.001138514618841 0.001138514619015 0.001241994165387 0.001149750043652 0.001154736428752 0.001156170486556 0.001146568982271
2.45244488977956 0.001107280180779 0.00123189186591 0.001128805818688 0.001128805819089 0.001128805818929 0.001231891865903 0.001139992773471 0.001144941789903 0.001146363303192 0.001136750741949
2.47246492985972 0.001097634211011 0.00122233356403 0.001119613711033 0.00111961371076 0.001119613711108 0.001222333564382 0.001130752190729 0.001135664249603 0.001137073393114 0.001127448111053
2.49248496993988 0.001088466191209 0.001213289252117 0.001110909905925 0.001110909905339 0.001110909905549 0.001213289252291 0.001121999749071 0.001126875184234 0.00112827211316 0.001118632542262
2.51250501002004 0.001079749722408 0.001204731103201 0.001102668081018 0.001102668080812 0.001102668080623 0.001204731103009 0.001113708976369 0.001118548049682 0.001119932893722 0.001110277559629
2.5325250501002 0.001071460267454 0.001196633251009 0.001094863773659 0.001094863773272 0.001094863773567 0.001196633251229 0.001105855266037 0.001110658175019 0.001112031047768 0.001102358557233
2.55254509018036 0.001063575015337 0.001188971663549 0.001087474258451 0.001087474258842 0.001087474258252 0.001188971663073 0.001098415762527 0.001103182638463 0.001104543630635 0.001094852672303
2.57256513026052 0.00105607270406 0.001181723937471 0.001080478357668 0.001080478358283 0.001080478358194 0.001181723937577 0.001091369154942 0.001096100070498 0.001097449256619 0.001087738593078
2.59258517034068 0.00104893351336 0.001174869201218 0.001073856341542 0.001073856341552 0.001073856341606 0.001174869201186 0.001084695589082 0.001089390565998 0.001090728003064 0.001080996464911
2.61260521042084 0.001042138947685 0.001168387980652 0.001067589806492 0.001067589806482 0.001067589806663 0.001168387980083 0.001078376551753 0.001083035549581 0.001084361278597 0.001074607763965
2.632625250501 0.001035671694513 0.001162262057605 0.001061661539005 0.001061661538394 0.001061661539147 0.001162262057811 0.001072394714264 0.001077017647226 0.001078331693549 0.001068555160735
2.65264529058116 0.001029515615336 0.001156474452827 0.001056055500591 0.001056055500648 0.001056055500801 0.001156474453158 0.001066733932113 0.001071320666536 0.001072623039217 0.001062822505435
2.67266533066132 0.001023655546692 0.001151009221871 0.001050756631759 0.001050756632097 0.001050756631955 0.001151009221722 0.001061379039434 0.001065929395384 0.001067220093784 0.001057394628333
2.69268537074148 0.001018077283071 0.001145851434142 0.001045750833764 0.001045750833637 0.001045750834045 0.001145851434025 0.001056315845961 0.001060829597179 0.001062108604835 0.001052257330439
2.71270541082164 0.001012767489758 0.001140987080177 0.001041024881737 0.001041024882053 0.001041024881495 0.001140987080095 0.001051531026942 0.001056007909519 0.001057275198928 0.001047397284786
2.7327254509018 0.001007713655266 0.001136403024443 0.001036566377127 0.001036566377191 0.001036566377664 0.001136403024429 0.001047012096084 0.001051451804681 0.001052707333326 0.00104280199654
2.75274549098196 0.001002904009969 0.001132086916236 0.001032363665697 0.001032363665768 0.001032363665239 0.001132086916048 0.001042747309967 0.001047149501623 0.001048393217481 0.001038459717197
2.77276553106212 0.00099832747847 0.001128027139554 0.001028405790365 0.00102840579012 0.001028405790326 0.001128027139529 0.001038725627485 0.001043089920458 0.001044321763338 0.001034359398719
2.79278557114228 0.000993973633094 0.0011242127696 0.001024682445067 0.001024682444978 0.001024682444964 0.001124212770019 0.001034936660965 0.001039262640514 0.001040482536059 0.001030490646404
2.81280561122244 0.000989832642787 0.001120633510215 0.001021183922955 0.001021183922216 0.001021183922916 0.00112063351035 0.001031370624585 0.001035657840955 0.00103686570694 0.001026843667372
2.83282565130261 0.000985895229938 0.001117279653567 0.001017901072249 0.001017901072064 0.001017901072274 0.001117279653357 0.0010280182901 0.001032266262371 0.00103346200472 0.001023409226217
2.85284569138277 0.000982152636141 0.001114142044617 0.001014825263503 0.001014825263503 0.00101482526377 0.00111414204444 0.001024870953778 0.001029079169783 0.001030262686335 0.001020178612105
2.87286573146293 0.00097859658133 0.001111212034132 0.001011948349046 0.001011948349365 0.001011948349113 0.001111212034477 0.00102192039763 0.001026088313544 0.001027259493171 0.001017143598158
2.89288577154309 0.000975219243809 0.00110848146182 0.001009262641862 0.001009262641961 0.001009262641819 0.001108481462154 0.001019158864111 0.001023285905895 0.001024444627873 0.001014296417985
2.91290581162325 0.000972013212301 0.001105942599725 0.001006760864875 0.001006760864712 0.001006760864801 0.001105942599967 0.001016579007665 0.001020664574103 0.001021810710096 0.001011629719319
2.93292585170341 0.000968971469618 0.001103588143994 0.001004436142267 0.001004436142036 0.001004436142168 0.001103588143934 0.001014173887686 0.001018217350047 0.001019350764036 0.001009136552558
2.95294589178357 0.000966087361768 0.001101411171767 0.0010022819596 0.001002281959508 0.001002281959508 0.001101411171845 0.001011936926087 0.001015937628381 0.001017058175695 0.001006810330797
2.97296593186373 0.000963354574726 0.001099405128809 0.001000292149179 0.001000292149079 0.001000292148923 0.001099405128681 0.00100986189112 0.001013819152028 0.001014926678511 0.001004644812923
2.99298597194389 0.00096076712391 0.001097563802716 0.000998460870395 0.000998460870459 0.000998460870349 0.001097563802631 0.001007942883227 0.001011855993873 0.00101295034187 0.00100263409055
3.01300601202405 0.000958319313657 0.001095881298678 0.000996782578451 0.000996782578419 0.000996782578685 0.001095881298664 0.001006174297572 0.001010042525234 0.001011123527341 0.001000772548917
3.03302605210421 0.000956005740427 0.001094352025962 0.000995252020399 0.00099525202079 0.000995252020694 0.001094352025763 0.001004550822714 0.001008373411743 0.001009440891895 0.000999054867449
3.05304609218437 0.000953821253773 0.00109297066723 0.000993864200165 0.000993864200233 0.000993864199931 0.001092970667216 0.0010030674046 0.001006843574896 0.001007897352984 0.000997475982775
3.07306613226453 0.000951760958959 0.001091732176622 0.000992614378674 0.000992614378283 0.00099261437855 0.0010917321767 0.001001719252919 0.001005448200978 0.001006488085999 0.000996031092882
3.09308617234469 0.000949820185244 0.001090631747847 0.000991498042907 0.000991498042872 0.000991498043064 0.001090631748092 0.001000501798973 0.001004182695922 0.001005208496032 0.000994715619175
3.11310621242485 0.000947994485131 0.001089664817293 0.000990510909006 0.000990510908903 0.000990510908931 0.00108966481703 0.000999410704509 0.001003042701392 0.001004054214956 0.000993525213378
3.13312625250501 0.000946279620738 0.001088827037844 0.00098964890087 0.000989648901243 0.000989648900909 0.001088827037862 0.000998441842775 0.001002024069336 0.001003021085854 0.000992455737837
3.15314629258517 0.000944671543181 0.001088114270225 0.00098890813636 0.000988908136208 0.000988908136204 0.001088114270377 0.000997591279898 0.001001122843192 0.001002105148846 0.000991503248066
3.17316633266533 0.000943166384957 0.001087522570526 0.000988284917952 0.000988284917973 0.000988284917891 0.001087522570661 0.000996855269399 0.001000335254457 0.001001302628268 0.000990663985558
3.19318637274549 0.000941760440774 0.00108704816601 0.00098777571008 0.000987775710147 0.000987775710477 0.001087048165928 0.00099623022707 0.000999657698447 0.001000609913859 0.000989934355399
3.21320641282565 0.000940450207384 0.001086687501331 0.000987377184497 0.000987377184998 0.000987377184835 0.001086687501218 0.000995712776227 0.000999086777547 0.001000023601041 0.000989310968968
3.23322645290581 0.000939232299732 0.001086437148903 0.00098708613249 0.000987086132685 0.000987086132657 0.001086437149013 0.000995299660673 0.000998619214833 0.000999540407168 0.000988790558573
3.25324649298597 0.000938103475359 0.001086293833637 0.000986899489966 0.000986899489824 0.000986899490304 0.00108629383368 0.000994987770394 0.00099825188256 0.000999157196478 0.000988370003025
3.27326653306613 0.000937060635778 0.001086254440192 0.000986814341825 0.000986814342259 0.000986814342163 0.001086254439805 0.000994774146285 0.000997981796534 0.000998870981306 0.000988046328516
3.29328657314629 0.000936100809071 0.001086315984068 0.000986827900224 0.000986827900153 0.0009868279001 0.001086315983891 0.0009946559545 0.000997806105886 0.000998678904597 0.000987816690664
3.31330661322645 0.000935221150041 0.001086475623136 0.000986937508355 0.000986937508589 0.000986937508465 0.001086475623474 0.0009946304931 0.000997722090567 0.000998578239127 0.000987678375694
3.33332665330661 0.000934418929976 0.001086730634981 0.000987140624986 0.000987140624964 0.000987140625472 0.001086730635084 0.000994695180101 0.00099772714448 0.000998566375142 0.000987628786739
3.35334669338677 0.000933691524224 0.001087078416184 0.000987434820189 0.000987434820271 0.000987434820221 0.001087078416084 0.000994847541957 0.000997818778103 0.000998640814469 0.00098766543821
3.37336673346693 0.000933036410419 0.001087516472875 0.000987817769605 0.000987817769683 0.000987817769548 0.001087516472953 0.000995085212445 0.000997994604429 0.000998799165156 0.000987785950159
3.39338677354709 0.000932451169263 0.001088042422932 0.000988287250149 0.000988287249811 0.000988287250024 0.001088042422836 0.000995405927242 0.000998252339475 0.000999039139018 0.000987988045285
3.41340681362725 0.000931933472849 0.001088653983857 0.000988841136802 0.000988841136945 0.000988841137332 0.001088653983903 0.000995807521974 0.000998589799682 0.00099935854659 0.000988269545058
3.43342685370741 0.000931481067443 0.001089348966833 0.000989477393194 0.000989477393123 0.000989477393404 0.001089348966627 0.000996287917957 0.000999004889227 0.000999755283566 0.000988628357028
3.45344689378757 0.000931091827031 0.001090125271009 0.000990194062869 0.000990194062631 0.000990194062908 0.001090125270824 0.000996845119346 0.000999495591202 0.001000227330916 0.000989062473391
3.47346693386774 0.000930763635878 0.001090980890321 0.000990989280872 0.00099098928079 0.000990989281281 0.001090980890353 0.000997477226033 0.001000059985607 0.001000772759099 0.000989569975346
3.4934869739479 0.000930494510243 0.001091913900503 0.00099186126144 0.000991861261337 0.000991861261422 0.001091913900567 0.000998182410022 0.001000696227909 0.001001389720262 0.000990149023721
3.51350701402806 0.000930282506907 0.001092922449129 0.000992808282433 0.000992808282554 0.000992808282788 0.001092922449416 0.000998958913399 0.001001402539689 0.001002076429568 0.000990797844533
3.53352705410822 0.000930125761563 0.001094004763956 0.000993828700192 0.000993828700231 0.000993828700146 0.001094004763619 0.000999805053489 0.001002177218755 0.001002831179481 0.000991514740093
3.55354709418838 0.000930022478343 0.001095159145763 0.00099492094062 0.000994920940713 0.000994920940645 0.001095159145986 0.001000719221082 0.001003018637189 0.001003652337079 0.00099229808632
3.57356713426854 0.000929970908828 0.00109638395713 0.000996083486374 0.000996083486154 0.00099608348637 0.001096383957382 0.001001699862098 0.001003925223031 0.00100453832254 0.000993146313579
3.5935871743487 0.000929969377893 0.001097677635144 0.000997314889865 0.000997314890562 0.000997314890075 0.001097677635311 0.00100274549251 0.001004895472843 0.001005487627815 0.000994057922632
3.61360721442886 0.000930016249391 0.001099038664055 0.000998613751502 0.000998613751307 0.000998613751499 0.001099038664101 0.00100385467848 0.001005927931857 0.001006498791426 0.000995031462086
3.63362725450902 0.000930109955927 0.001100465605809 0.000999978741117 0.00099997874106 0.000999978741213 0.001100465605671 0.001005026053537 0.001007021216509 0.001007570425649 0.000996065551398
3.65364729458918 0.000930248965172 0.001101957062296 0.00100140856884 0.001001408568502 0.00100140856884 0.001101957062417 0.001006258293973 0.001008173983674 0.001008701179934 0.000997158849614
3.67366733466934 0.000930431811099 0.001103511710912 0.001002902015781 0.001002902015859 0.001002902015543 0.001103511710824 0.00100755014671 0.001009384961115 0.001009889776132 0.000998310087226
3.6936873747495 0.000930657057182 0.001105128259766 0.001004457891764 0.001004457891685 0.001004457891831 0.001105128259876 0.001008900387344 0.001010652903787 0.001011134965296 0.000999518022965
3.71370741482966 0.000930923311238 0.001106805475839 0.001006075060523 0.001006075060506 0.001006075060818 0.001106805475935 0.001010307848837 0.001011976624646 0.001012435552614 0.001000781471376
3.73372745490982 0.000931229221045 0.001108542165749 0.001007752426514 0.001007752426659 0.001007752426251 0.001108542165849 0.001011771399433 0.001013354976848 0.00101379038362 0.001002099285884
3.75374749498998 0.000931573479885 0.001110337191797 0.001009488944067 0.001009488944575 0.001009488944252 0.001110337191683 0.001013289962959 0.001014786860789 0.001015198355795 0.001003470371494
3.77376753507014 0.00093195481395 0.001112189454926 0.001011283605088 0.001011283605212 0.001011283605362 0.001112189454926 0.00101486249816 0.001016271216891 0.001016658402534 0.001004893669421
3.7937875751503 0.000932371984455 0.001114097897119 0.001013135441248 0.001013135441365 0.001013135441163 0.001114097896888 0.001016488005899 0.001017807026201 0.001018169496994 0.001006368162038
3.81380761523046 0.000932823785174 0.001116061500685 0.001015043519953 0.001015043520013 0.001015043520248 0.001116061500781 0.00101816552143 0.001019393304052 0.0010197306507 0.001007892867118
3.83382765531062 0.000933309042932 0.001118079286609 0.001017006947531 0.001017006947844 0.001017006947308 0.00111807928683 0.001019894120411 0.001021029106077 0.001021340911912 0.001009466841207
3.85384769539078 0.000933826611519 0.001120150307486 0.001019024859019 0.00101902485839 0.001019024858692 0.001120150307614 0.001021672907317 0.001022713516878 0.001022999358376 0.001011089170202
3.87386773547094 0.000934375376872 0.001122273659309 0.001021096428786 0.001021096428619 0.001021096429024 0.001122273659185 0.001023501026772 0.001024445660999 0.001024705109618 0.001012758979922
3.8938877755511 0.000934954251544 0.001124448466943 0.001023220863093 0.001023220862631 0.001023220863029 0.001124448467245 0.00102537765358 0.001026224693263 0.001026457312257 0.001014475425784
3.91390781563126 0.000935562173321 0.001126673889516 0.001025397394407 0.001025397394372 0.001025397394528 0.001126673889598 0.001027301991762 0.001028049796492 0.001028255145069 0.001016237692799
3.93392785571142 0.000936198105585 0.001128949115859 0.001027625289794 0.001027625289876 0.001027625289755 0.001128949115849 0.001029273279215 0.00102992018892 0.001030097817655 0.001018044998467
3.95394789579158 0.000936861029686 0.001131273364113 0.001029903838244 0.001029903838258 0.001029903838706 0.001131273364404 0.001031290775796 0.001031835109178 0.0010319845615 0.001019896582406
3.97396793587174 0.000937549961865 0.001133645887887 0.001032232366857 0.001032232366789 0.001032232367123 0.001133645887894 0.001033353778727 0.001033793834708 0.001033914649604 0.001021791723144
3.9939879759519 0.000938263921537 0.001136065955301 0.001034610213129 0.001034610213196 0.001034610213551 0.001136065955169 0.00103546159858 0.001035795652616 0.001035887362015 0.00102372970883
4.01400801603206 0.00093900196369 0.001138532875803 0.001037036755001 0.001037036755122 0.001037036754983 0.001138532875999 0.001037613585549 0.001037839894021 0.001037902022045 0.001025709869747
4.03402805611222 0.000939763152502 0.001141045972805 0.001039511384096 0.001039511384114 0.00103951138389 0.00114104597267 0.001039809102476 0.001039925900461 0.001039957964 0.001027731547843
4.05404809619238 0.000940546574775 0.001143604602262 0.001042033521848 0.001042033521898 0.001042033521866 0.001143604602397 0.001042047543606 0.001042053044262 0.001042054554834 0.001029794116238
4.07406813627255 0.000941351333346 0.001146208140309 0.001044602609667 0.001044602609838 0.001044602609984 0.001146208140295 0.001044328324507 0.0010442207195 0.001044191180341 0.001031896968481
4.09408817635271 0.000942176547234 0.001148855989332 0.001047218111879 0.001047218112152 0.001047218112202 0.001148855989086 0.001046650881566 0.00104642834058 0.00104636724722 0.001034039519052
4.11410821643287 0.000943021343581 0.001151547566536 0.001049879508834 0.001049879508916 0.001049879509353 0.00115154756643 0.001049014669761 0.001048675340662 0.001048582183198 0.00103622120082
4.13412825651303 0.00094388486778 0.001154282309233 0.001052586301554 0.001052586300798 0.001052586301377 0.001154282309383 0.001051419161875 0.001050961169863 0.001050835430561 0.001038441464509
4.15414829659319 0.000944766287351 0.001157059694599 0.001055338021779 0.0010553380218 0.001055338021811 0.00115705969468 0.001053863866652 0.001053285314583 0.001053126468644 0.001040699795478
4.17416833667335 0.000945664770377 0.001159879196798 0.001058134207245 0.001058134207163 0.001058134207153 0.001159879197029 0.001056348293766 0.001055647263605 0.001055454777148 0.001042995681626
4.19418837675351 0.000946579496535 0.001162740318058 0.001060974415935 0.001060974415797 0.001060974416131 0.001162740317874 0.001058871978177 0.001058046527184 0.001057819860392 0.001045328633385
4.21420841683367 0.000947509663721 0.001165642579476 0.001063858226434 0.001063858226232 0.001063858226541 0.001165642579569 0.001061434472025 0.001060482635765 0.001060221240927 0.001047698180496
4.23422845691383 0.000948454476429 0.001168585521196 0.001066785235228 0.001066785235057 0.001066785234944 0.001168585521498 0.00106403534792 0.001062955136881 0.001062658458878 0.001050103870075
4.25424849699399 0.000949413146849 0.001171568699029 0.001069755051045 0.001069755050853 0.001069755051024 0.001171568699434 0.001066674189037 0.001065463594248 0.001065131069794 0.001052545264141
4.27426853707415 0.000950384901106 0.00117459168726 0.001072767304972 0.001072767304684 0.00107276730488 0.00117459168726 0.0010693506043 0.001068007589922 0.001067638646887 0.001055021944165
4.29428857715431 0.000951368963754 0.001177654069767 0.001075821632053 0.001075821631954 0.001075821631925 0.001177654069842 0.001072064203061 0.001070586711592 0.001070180772466 0.00105753349758
4.31430861723447 0.000952364577241 0.001180755456332 0.001078917695878 0.001078917695896 0.001078917695757 0.001180755456478 0.00107481462722 0.001073200575654 0.001072757048128 0.001060079537243
4.33432865731463 0.000953370982838 0.001183895463573 0.00108205516344 0.001082055163405 0.001082055162961 0.001183895463324 0.001077601521001 0.001075848800795 0.001075367100665 0.001062659686887
4.35434869739479 0.00095438743395 0.001187073726726 0.001085233722097 0.001085233722357 0.001085233722431 0.001187073726417 0.00108042454676 0.00107853102886 0.001078010544621 0.001065273580181
4.37436873747495 0.000955413183117 0.001190289893124 0.001088453068501 0.001088453068927 0.001088453068462 0.001190289893017 0.001083283380087 0.001081246908555 0.001080687029447 0.00106792086773
4.39438877755511 0.000956447493518 0.001193543627643 0.001091712917187 0.00109171291701 0.001091712917141 0.001193543627746 0.001086177712235 0.001083996106903 0.001083396212529 0.001070601214554
4.41440881763527 0.000957489623694 0.001196834600012 0.001095012986276 0.001095012986024 0.001095012986369 0.001196834599838 0.001089107240741 0.001086778294514 0.00108613775803 0.001073314291084
4.43442885771543 0.00095853884325 0.001200162500098 0.001098353013511 0.001098353012953 0.001098353013436 0.001200162500115 0.0010920716804 0.001089593166377 0.001088911345512 0.001076059786961
4.45444889779559 0.00095959442578 0.001203527030267 0.001101732749209 0.001101732749081 0.001101732749202 0.001203527030469 0.001095070761391 0.001092440419303 0.001091716671663 0.001078837402687
4.47446893787575 0.000960655642896 0.001206927903766 0.00110515195265 0.001105151952778 0.00110515195254 0.001206927904015 0.001098104220752 0.001095319769487 0.001094553439057 0.001081646849514
4.49448897795591 0.000961721766814 0.001210364842869 0.001108610392379 0.001108610392151 0.001108610392059 0.001210364842809 0.001101171807065 0.001098230939633 0.001097421361422 0.00108448784832
4.51450901803607 0.000962792073135 0.001213837580842 0.001112107847661 0.001112107847909 0.001112107847614 0.001213837580927 0.00110427327887 0.001101173661567 0.001100320161637 0.001087360129315
4.53452905811623 0.00096386584287 0.001217345870899 0.001115644115455 0.001115644115451 0.001115644115089 0.001217345870856 0.001107408413525 0.001104147680898 0.001103249579888 0.001090263439167
4.55454909819639 0.000964942350272 0.001220889466943 0.001119218995502 0.001119218995189 0.001119218995552 0.001220889467081 0.001110576989497 0.001107152759527 0.001106209361627 0.001093197532047
4.57456913827655 0.000966020866816 0.001224468134506 0.001122832295675 0.001122832295142 0.001122832295756 0.001224468134268 0.001113778796679 0.001110188652213 0.001109199258778 0.001096162165346
4.59458917835671 0.000967100674774 0.001228081656755 0.001126483844001 0.001126483843276 0.001126483843805 0.001228081656876 0.001117013643281 0.001113255143053 0.00111221904076 0.001099157118407
4.61460921843687 0.000968181046268 0.001231729820596 0.00113017346963 0.001130173469598 0.00113017346991 0.001231729820805 0.001120281339368 0.001116352013359 0.001115268483264 0.001102182172009
4.63462925851703 0.000969261249452 0.001235412422044 0.001133901010384 0.001133901010569 0.001133901010299 0.001235412422076 0.001123581704558 0.001119479056239 0.001118347366837 0.001105237115354
4.65464929859719 0.000970340555885 0.001239129268438 0.001137666316417 0.001137666316748 0.001137666316556 0.001239129268722 0.001126914570907 0.001122636074921 0.001121455485688 0.00110832175006
4.67466933867736 0.000971418233288 0.00124288017955 0.001141469247962 0.00114146924772 0.001141469248079 0.001242880179237 0.001130279779943 0.001125822881846 0.001124592642853 0.001111435886557
4.69468937875752 0.000972493537262 0.001246664973717 0.001145309664643 0.001145309664945 0.001145309664651 0.001246664973873 0.001133677173694 0.001129039292685 0.001127758642522 0.001114579336583
4.71470941883768 0.000973565737471 0.001250483494818 0.001149187451883 0.001149187451546 0.001149187451741 0.001250483494889 0.00113710662076 0.00113228514568 0.001130953313233 0.001117751936459
4.73472945891784 0.000974634076407 0.001254335576121 0.001153102481631 0.001153102481592 0.001153102482022 0.001254335575926 0.001140567976599 0.001135560266142 0.001134176470032 0.001120953509286
4.754749498998 0.000975697806719 0.001258221071993 0.001157054649291 0.001157054649262 0.001157054649283 0.00125822107233 0.001144061118946 0.001138864505439 0.001137427952109 0.001124183901762
4.77476953907816 0.000976756173433 0.001262139844329 0.00116104385485 0.001161043854918 0.001161043854935 0.001262139844535 0.00114758593131 0.001142197715037 0.00114070760144 0.001127442963988
4.79478957915832 0.000977808407004 0.001266091753646 0.001165069998581 0.001165069998407 0.001165069998596 0.001266091753809 0.001151142299936 0.001145559750437 0.001144015263613 0.00113073054861
4.81480961923848 0.000978853740293 0.001270076677066 0.001169132996221 0.00116913299625 0.001169132996271 0.00127007667691 0.001154730122117 0.001148950481397 0.001147350795446 0.001134046521372
4.83482965931864 0.000979891393538 0.001274094495159 0.001173232766572 0.001173232766739 0.001173232766448 0.001274094495521 0.001158349303807 0.001152369780549 0.001150714059275 0.001137390752344
4.8548496993988 0.000980920578876 0.00127814509867 0.001177369237034 0.001177369236888 0.001177369236988 0.001278145098937 0.001161999756345 0.001155817530687 0.001154104925494 0.001140763120159
4.87486973947896 0.000981940505781 0.001282228383069 0.001181542342181 0.001181542342724 0.001181542342245 0.001282228382848 0.001165681399268 0.001159293618482 0.001157523272415 0.001144163509839
4.89488977955912 0.000982950362314 0.001286344248292 0.001185752018987 0.001185752019026 0.001185752019047 0.001286344248143 0.001169394155887 0.00116279793761 0.001160968977214 0.001147591809335
4.91490981963928 0.000983949340451 0.001290492607264 0.001189998217189 0.001189998216908 0.001189998216887 0.001290492607126 0.001173137961047 0.001166330391502 0.001164441933643 0.001151047919258
4.93492985971944 0.000984936613971 0.001294673376179 0.001194280888967 0.001194280888775 0.001194280888832 0.001294673376027 0.001176912754975 0.001169890884292 0.001167942037608 0.001154531742454
4.9549498997996 0.000985911344593 0.00129888647561 0.001198599991813 0.001198599992062 0.001198599991874 0.001298886475357 0.001180718482519 0.001173479332024 0.001171469186644 0.001158043188099
4.97496993987976 0.000986872688312 0.001303131838128 0.001202955493905 0.001202955493845 0.00120295549371 0.001303131837716 0.001184555096263 0.001177095654075 0.00117502329163 0.001161582173427
4.99498997995992 0.000987819781678 0.001307409394677 0.001207347362254 0.001207347361746 0.001207347362215 0.001307409394769 0.001188422553305 0.001180739774501 0.001178604264155 0.00116514861816
5.01501002004008 0.000988751755859 0.00131171909387 0.001211775580188 0.00121177558044 0.001211775580135 0.001311719093589 0.001192320824131 0.00118441162925 0.001182212026603 0.001168742454791
5.03503006012024 0.000989667724582 0.001316060878668 0.001216240127018 0.001216240127373 0.001216240127171 0.001316060878526 0.001196249876312 0.001188111155262 0.001185846501759 0.001172363614543
5.0550501002004 0.000990566787447 0.001320434706425 0.001220740994192 0.001220740994228 0.001220740994398 0.0013204347064 0.001200209690126 0.001191838296936 0.001189507622559 0.001176012038805
5.07507014028056 0.000991448024994 0.001324840532227 0.001225278171312 0.001225278171663 0.001225278171393 0.00132484053238 0.001204200243844 0.001195592997146 0.001193195321274 0.001179687667424
5.09509018036072 0.000992310512657 0.001329278328704 0.00122985166611 0.001229851666015 0.001229851665936 0.001329278329131 0.00120822153507 0.001199375220839 0.00119690954531 0.001183390458973
5.11511022044088 0.000993153297692 0.001333748059537 0.001234461474542 0.001234461475114 0.001234461474812 0.001333748059615 0.001212273550948 0.001203184920598 0.001200650235074 0.001187120361973
5.13513026052104 0.000993975414467 0.001338249701835 0.001239107609798 0.001239107609923 0.001239107609599 0.001338249701821 0.001216356292733 0.001207022063149 0.001204417342223 0.00119087733766
5.1551503006012 0.000994775885253 0.001342783242393 0.001243790090914 0.001243790090648 0.001243790090729 0.001342783242247 0.00122046977182 0.001210886619141 0.001208210829642 0.001194661355949
5.17517034068136 0.000995553704175 0.001347348663227 0.00124850893403 0.001248508933848 0.001248508933877 0.001347348662929 0.001224613994466 0.001214778567178 0.001212030653519 0.001198472385333
5.19519038076152 0.000996307848258 0.001351945956259 0.00125326416315 0.001253264163037 0.001253264163271 0.001351945956081 0.001228788977901 0.001218697879857 0.001215876779622 0.001202310398533
5.21521042084168 0.000997037277539 0.001356575117573 0.001258055809057 0.001258055809014 0.001258055809135 0.001356575117626 0.001232994743191 0.001222644548434 0.001219749179867 0.001206175378076
5.23523046092184 0.00099774092946 0.00136123615286 0.00126288390917 0.001262883909281 0.001262883908979 0.001361236152707 0.001237231321401 0.001226618566129 0.001223647832219 0.00121006731213
5.255250501002 0.00099841771862 0.001365929068978 0.00126774850138 0.001267748501824 0.001267748501672 0.001365929068857 0.001241498743308 0.001230619924982 0.001227572715738 0.001213986188837
5.27527054108217 0.000999066533282 0.00137065387327 0.001272649627985 0.001272649627801 0.001272649628074 0.001370653873497 0.001245797043445 0.001234648621185 0.001231523814322 0.001217932000063
5.29529058116233 0.000999686243972 0.001375410588192 0.001277587341303 0.001277587341203 0.00127758734136 0.00137541058778 0.001250126268296 0.00123870466496 0.001235501119787 0.001221904749109
5.31531062124249 0.00100027569496 0.001380199234216 0.00128256169554 0.001282561695547 0.001282561695696 0.001380199234294 0.001254486468934 0.001242788068023 0.001239504628906 0.001225904442745
5.33533066132265 0.001000833694878 0.001385019833076 0.001287572742413 0.001287572742356 0.001287572742608 0.001385019833243 0.001258877687551 0.001246898836676 0.001243534332676 0.001229931080871
5.35535070140281 0.001001359039556 0.001389872420479 0.001292620550192 0.001292620550238 0.001292620550434 0.001389872420575 0.001263299991923 0.001251036995683 0.001247590240066 0.001233984683683
5.37537074148297 0.001001850479739 0.001394757023675 0.001297705176107 0.001297705176025 0.001297705176331 0.001394757023665 0.001267753430913 0.001255202559786 0.001251672348594 0.001238065258157
5.39539078156313 0.00100230675238 0.001399673686361 0.001302826696037 0.001302826695955 0.0013028266963 0.001399673686485 0.001272238080439 0.001259395561224 0.001255780675155 0.001242172832018
5.41541082164329 0.001002726562078 0.001404622458246 0.001307985190333 0.001307985190746 0.001307985190351 0.001404622458242 0.001276754015112 0.001263616036454 0.001259915239423 0.001246307435103
5.43543086172345 0.00100310856471 0.001409603375336 0.001313180724832 0.001313180724647 0.001313180724875 0.001409603375048 0.001281301299233 0.001267864009378 0.00126407605023 0.001250469085431
5.45545090180361 0.001003451410625 0.001414616502974 0.001318413396742 0.001318413397318 0.001318413396845 0.001414616502942 0.001285880027481 0.001272139534894 0.001268263140084 0.001254657829676
5.47547094188377 0.00100375369799 0.001419661898055 0.001323683291655 0.001323683291869 0.001323683291673 0.001419661898002 0.001290490283409 0.001276442653733 0.001272476543303 0.001258873705794
5.49549098196393 0.00100401398289 0.001424739611767 0.001328990491675 0.00132899049121 0.001328990491636 0.001424739611721 0.001295132147813 0.001280773407533 0.001276716273583 0.001263116744944
5.51551102204409 0.001004230805375 0.001429849720594 0.001334335103156 0.001334335103468 0.001334335103138 0.001429849720303 0.001299805725662 0.001285131859582 0.001280982380138 0.001267387004972
5.53553106212425 0.001004402656417 0.001434992295305 0.001339717226532 0.001339717226571 0.001339717226454 0.001434992295284 0.001304511119741 0.001289518067981 0.001285274904127 0.001271684537969
5.55555110220441 0.001004527977379 0.001440167401686 0.001345136957106 0.001345136957198 0.001345136957241 0.001440167401576 0.001309248423784 0.001293932088387 0.001289593880415 0.001276009390185
5.57557114228457 0.001004605181052 0.001445375124639 0.001350594408443 0.001350594408418 0.001350594408162 0.001445375124668 0.001314017754002 0.001298373989435 0.001293939362451 0.001280361625511
5.59559118236473 0.001004632631712 0.001450615542286 0.001356089689494 0.001356089689615 0.001356089689509 0.001450615542367 0.001318819217872 0.00130284384111 0.00129831140028 0.0012847413049
5.61561122244489 0.001004608649172 0.001455888744619 0.001361622917088 0.001361622917237 0.001361622917013 0.001455888744424 0.001323652938222 0.001307341717194 0.001302710048975 0.001289148495903
5.63563126252505 0.001004531506023 0.0014611948206 0.001367194209621 0.001367194209799 0.001367194209895 0.001461194820468 0.001328519035045 0.001311867696352 0.00130713536705 0.001293583268936
5.65565130260521 0.00100439942095 0.001466533858252 0.001372803684287 0.001372803684852 0.001372803684237 0.001466533857748 0.001333417625119 0.001316421854842 0.001311587412843 0.001298045691435
5.67567134268537 0.001004210575523 0.001471905964387 0.001378451476789 0.001378451477155 0.001378451476484 0.001471905964578 0.001338348854105 0.001321004286567 0.001316066260138 0.001302535851362
5.69569138276553 0.001003963084045 0.001477311235277 0.001384137710222 0.001384137710055 0.001384137710186 0.001477311235401 0.001343312844405 0.001325615077167 0.001320571975221 0.001307053824419
5.71571142284569 0.001003655010308 0.001482749776599 0.00138986251789 0.001389862517829 0.001389862518085 0.001482749776258 0.00134830973948 0.00133025431786 0.00132510462031 0.001311599692542
5.73573146292585 0.001003284365268 0.001488221698363 0.001395626039155 0.001395626038917 0.001395626038878 0.001488221698338 0.001353339679369 0.001334922108228 0.001329664290594 0.001316173550173
5.75575150300601 0.001002849096654 0.001493727113218 0.001401428414123 0.001401428414859 0.001401428414049 0.001493727113164 0.001358402816688 0.001339618550652 0.001334251058079 0.001320775489415
5.77577154308617 0.001002347090992 0.001499266138939 0.001407269786728 0.00140726978665 0.001407269787041 0.001499266139131 0.001363499294079 0.001344343747274 0.001338865005042 0.001325405603051
5.79579158316633 0.001001776174707 0.001504838898814 0.001413150308856 0.001413150308675 0.001413150308839 0.001504838898597 0.001368629280108 0.001349097813538 0.001343506225645 0.001330063998452
5.81581162324649 0.001001134092341 0.001510445507527 0.001419070121372 0.001419070122147 0.001419070121504 0.001510445507726 0.001373792918084 0.00135388085063 0.001348174800221 0.001334750767018
5.83583166332665 0.001000418538947 0.001516086103091 0.001425029390365 0.001425029390397 0.001425029390205 0.001516086103297 0.001378990385351 0.001358692986429 0.001352870834431 0.001339466027819
5.85585170340681 0.000999627118055 0.001521760817035 0.001431028271604 0.001431028271796 0.001431028271487 0.001521760816864 0.0013842218472 0.001363534339696 0.001357594425077 0.00134420988962
5.87587174348697 0.000998757391233 0.001527469779329 0.001437066924673 0.001437066924598 0.001437066924655 0.001527469779443 0.001389487476771 0.001368405032334 0.001362345669861 0.001348982465235
5.89589178356713 0.000997806790338 0.001533213132387 0.001443145515395 0.001443145515324 0.001443145515321 0.001533213132578 0.001394787445758 0.001373305193628 0.001367124676406 0.001353783872741
5.9159118236473 0.000996772698908 0.00153899101965 0.001449264215498 0.001449264215523 0.001449264215687 0.001538991019874 0.001400121941739 0.001378234956004 0.00137193155598 0.001358614236775
5.93593186372746 0.000995652409443 0.001544803587258 0.001455423195459 0.001455423194741 0.001455423195321 0.001544803587354 0.001405491146759 0.001383194456054 0.001376766418815 0.001363473681646
5.95595190380762 0.00099444312087 0.001550650984772 0.001461622631261 0.001461622631318 0.001461622631187 0.001550650984857 0.001410895249819 0.001388183833431 0.001381629381985 0.001368362337164
5.97597194388778 0.000993141947603 0.00155653337125 0.001467862707774 0.001467862708221 0.001467862707891 0.001556533371197 0.001416334449544 0.001393203236969 0.001386520569998 0.001373280341216
5.99599198396794 0.000991745889298 0.001562450895126 0.001474143597378 0.001474143597637 0.001474143597378 0.001562450895165 0.001421808936932 0.001398252803654 0.001391440096722 0.001378227821274
6.0160120240481 0.000990251865453 0.001568403727909 0.001480465497671 0.001480465497334 0.001480465497643 0.001568403728246 0.001427318920943 0.00140333269626 0.001396388098936 0.00138320492783
6.03603206412826 0.00098865667303 0.001574392026672 0.001486828590224 0.001486828590021 0.00148682858984 0.001574392026502 0.001432864601838 0.001408443063138 0.001401364701003 0.001388211798208
6.05605210420842 0.000986957004212 0.001580415960721 0.001493233069532 0.001493233069333 0.001493233069407 0.001580415960454 0.00143844619171 0.001413584065944 0.001406370035948 0.001393248581429
6.07607214428858 0.00098514944202 0.001586475710106 0.001499679138139 0.001499679138718 0.001499679138202 0.001586475709924 0.001444063911851 0.001418755871967 0.001411404250273 0.001398315435097
6.09609218436874 0.000983230433128 0.001592571436856 0.001506166985518 0.001506166984694 0.001506166984903 0.00159257143698 0.001449717967354 0.001423958637414 0.001416467470886 0.001403412502057
6.1161122244489 0.000981196317767 0.001598703333514 0.001512696824797 0.001512696825124 0.001512696825014 0.001598703333428 0.001455408596009 0.00142919254445 0.001421559854826 0.001408539953314
6.13613226452906 0.000979043293121 0.001604871580113 0.001519268861298 0.001519268862019 0.001519268861301 0.001604871580366 0.001461136020669 0.001434457767079 0.00142668154831 0.001413697949168
6.15615230460922 0.000976767409625 0.001611076356099 0.001525883296992 0.001525883296701 0.001525883297084 0.001611076356259 0.001466900465783 0.001439754474468 0.001431832694522 0.001418886647468
6.17617234468938 0.00097436459253 0.001617317856493 0.001532540351459 0.001532540351374 0.00153254035131 0.001617317856276 0.001472702175072 0.001445082856957 0.001437013455391 0.001424106224643
6.19619238476954 0.000971830604318 0.001623596275561 0.001539240239968 0.001539240239985 0.001539240240042 0.001623596274975 0.001478541385552 0.00145044310165 0.001442223987844 0.001429356853652
6.2162124248497 0.000969161055128 0.001629911811257 0.001545983186244 0.001545983186805 0.001545983186332 0.001629911811545 0.001484418345594 0.001455835397699 0.001447464457865 0.001434638713114
6.23623246492986 0.000966351375673 0.00163626465638 0.001552769402654 0.001552769402736 0.00155276940276 0.001636264656351 0.001490333291883 0.001461259932558 0.001452735021132 0.001439951974536
6.25625250501002 0.000963396844032 0.001642655024643 0.001559599125951 0.001559599125585 0.001559599125844 0.00164265502498 0.00149628648888 0.001466716913914 0.001458035855695 0.001445296831889
6.27627254509018 0.000960292544757 0.001649083122054 0.001566472584454 0.001566472584479 0.001566472584521 0.00164908312227 0.001502278192696 0.001472206540384 0.001463367135152 0.001450673471755
6.29629258517034 0.000957033368895 0.001655549158269 0.001573390008581 0.001573390008748 0.001573390008534 0.00165554915818 0.001508308659631 0.00147772901801 0.00146872903127 0.001456082083315
6.3163126252505 0.000953614024425 0.001662053356757 0.001580351645547 0.001580351644641 0.001580351645483 0.001662053357091 0.001514378166959 0.00148328456466 0.001474121734486 0.001461522871626
6.33633266533066 0.000950028971193 0.001668595916417 0.001587357710864 0.001587357710722 0.001587357710957 0.00166859591646 0.001520486961812 0.001488873375944 0.00147954540595 0.001466996014369
6.35635270541082 0.00094627250138 0.00167517708184 0.001594408473029 0.001594408473196 0.001594408473114 0.001675177081584 0.001526635341666 0.001494495691464 0.001485000257613 0.001472501738213
6.37637274549098 0.000942338641121 0.001681797072859 0.001601504172925 0.001601504173141 0.001601504173042 0.001681797073033 0.00153282358157 0.001500151727779 0.001490486474346 0.001478040244063
6.39639278557114 0.000938221176234 0.001688456116035 0.001608645055512 0.001608645055565 0.00160864505574 0.001688456115986 0.001539051958435 0.001505841708052 0.00149600424734 0.001483611738426
6.4164128256513 0.000933913645664 0.001695154446498 0.001615831377435 0.00161583137702 0.001615831377531 0.00169515444664 0.001545320762673 0.001511565865282 0.001501553776944 0.001489216438735
6.43643286573146 0.000929409318246 0.001701892307473 0.001623063398803 0.001623063398647 0.001623063398934 0.001701892307082 0.001551630291054 0.001517324438158 0.001507135269534 0.001494854566978
6.45645290581162 0.000924701172934 0.00170866993129 0.001630341374455 0.001630341374341 0.001630341374064 0.00170866993161 0.001557980834534 0.001523117661801 0.001512748926135 0.001500526340891
6.47647294589178 0.000919781897018 0.001715487568216 0.001637665571561 0.001637665571582 0.001637665571383 0.001715487568276 0.001564372698176 0.001528945781384 0.001518394959501 0.001506231989609
6.49649298597194 0.000914643857211 0.001722345461641 0.001645036251929 0.001645036252075 0.00164503625172 0.001722345461491 0.001570806181252 0.001534809041285 0.001524073580072 0.001511971739312
6.5165130260521 0.000909279096035 0.001729243864432 0.001652453687328 0.001652453687143 0.001652453687335 0.001729243864528 0.0015772815958 0.001540707694431 0.001529785005214 0.001517745825122
6.53653306613226 0.000903679316941 0.001736183042667 0.001659918161746 0.001659918162037 0.001659918161888 0.001736183042265 0.001583799267163 0.001546642008318 0.001535529467656 0.001523554496227
6.55655310621243 0.000897835833932 0.001743163246733 0.001667429944099 0.001667429943904 0.001667429943758 0.001743163246633 0.001590359506537 0.001552612233471 0.0015413071851 0.00152939798587
6.57657314629259 0.000891739579096 0.001750184737801 0.001674989310406 0.001674989310548 0.001674989310338 0.001750184737912 0.001596962632323 0.001558618632053 0.001547118379513 0.001535276535986
6.59659318637275 0.000885381088256 0.001757247790191 0.001682596552666 0.001682596552936 0.001682596552971 0.001757247790287 0.001603608982581 0.001564661481332 0.001552963296842 0.001541190406279
6.61661322645291 0.000878750458522 0.001764352681658 0.001690251966163 0.001690251966487 0.001690251966085 0.001764352681761 0.00161029889636 0.001570741063983 0.001558842178287 0.001547139857557
6.63663326653307 0.000871837311553 0.001771499673684 0.001697955827709 0.001697955827414 0.001697955827581 0.001771499673765 0.001617032699517 0.001576857643752 0.001564755253447 0.001553125135842
6.65665330661323 0.000864630801715 0.00177868905293 0.001705708437893 0.001705708438848 0.001705708438038 0.00177868905309 0.001623810740579 0.001583011509691 0.0015707027726 0.001559146509432
6.67667334669339 0.000857119572121 0.001785921106407 0.001713510101606 0.001713510101929 0.001713510101649 0.001785921106535 0.001630633372521 0.001589202957256 0.001576684993335 0.001565204252564
6.69669338677355 0.000849291694117 0.001793196104845 0.001721361103485 0.001721361103431 0.001721361103204 0.001793196104895 0.001637500929814 0.001595432261652 0.001582702151573 0.001571298619368
6.71671342685371 0.000841134714136 0.001800514364746 0.001729261773441 0.001729261773196 0.001729261773448 0.001800514364948 0.001644413798978 0.001601699746033 0.001588754531582 0.001577429912388
6.73673346693387 0.000832635510633 0.001807876161159 0.001737212400723 0.00173721240018 0.001737212400567 0.001807876161195 0.001651372318552 0.001608005691978 0.001594842375845 0.001583598390905
6.75675350701403 0.000823780347581 0.001815281802362 0.001745213307675 0.001745213307952 0.001745213307487 0.001815281802326 0.00165837686853 0.001614350416077 0.001600965960748 0.001589804350047
6.77677354709419 0.000814554788832 0.001822731588238 0.001753264807263 0.001753264807192 0.00175326480694 0.00182273158843 0.001665427816118 0.001620734230148 0.001607125554386 0.001596048076845
6.79679358717435 0.000804943658441 0.001830225825159 0.00176136721727 0.001761367216524 0.001761367216822 0.001830225825159 0.001672525536801 0.001627157445832 0.001613321430522 0.001602329861836
6.81681362725451 0.000794931019051 0.001837764831912 0.001769520868958 0.001769520868457 0.001769520869061 0.001837764831585 0.001679670421044 0.001633620395619 0.001619553878871 0.001608650013303
6.83683366733467 0.000784500069681 0.001845348906517 0.001777726073513 0.001777726073168 0.001777726073126 0.001845348906212 0.001686862840966 0.001640123387304 0.00162582316554 0.001615008816071
6.85685370741483 0.000773633170095 0.0018529783902 0.001785983181797 0.001785983181499 0.001785983181648 0.001852978390371 0.001694103210298 0.001646666776878 0.00163212960166 0.001621406600371
6.87687374749499 0.000762311689552 0.001860653592711 0.001794292513491 0.001794292513321 0.001794292513573 0.001860653592811 0.001701391909286 0.001653250885006 0.001638473466816 0.001627843662689
6.89689378757515 0.000750516012761 0.001868374842822 0.001802654408404 0.001802654408671 0.001802654408657 0.001868374842363 0.001708729343981 0.001659876055996 0.001644855058796 0.001634320321568
6.91691382765531 0.000738225457553 0.001876142479443 0.001811069215098 0.001811069215144 0.001811069215044 0.001876142479198 0.001716115929703 0.001666542643502 0.001651274689323 0.00164083690612
6.93693386773547 0.000725418166311 0.001883956831982 0.001819537271135 0.001819537271142 0.001819537271246 0.001883956832152 0.00172355207037 0.001673250993033 0.001657732656266 0.001647393733922
6.95695390781563 0.000712071068634 0.001891818244751 0.001828058929792 0.00182805892981 0.001828058929334 0.001891818244683 0.001731038190933 0.00168000146704 0.001664229279033 0.001653991142167
6.97697394789579 0.000698159765182 0.00189972705806 0.001836634538623 0.001836634538655 0.001836634538584 0.001899727057985 0.001738574707826 0.00168679442395 0.001670764867747 0.001660629461121
6.99699398797595 0.000683658445954 0.00190768362236 0.001845264456623 0.001845264456293 0.001845264456531 0.001907683622349 0.001746162051933 0.001693630233664 0.001677339746081 0.001667309033056
7.01701402805611 0.000668539787846 0.001915688291223 0.001853949042008 0.001853949041099 0.001853949041578 0.001915688290964 0.001753800658399 0.001700509268648 0.001683954238501 0.001674030202715
7.03703406813627 0.000652774827866 0.001923741421596 0.0018626886582 0.001862688658125 0.001862688658012 0.001923741421667 0.001761490963812 0.001707431907899 0.001690608677478 0.001680793320265
7.05705410821643 0.00063633287126 0.001931843380728 0.001871483679544 0.001871483680041 0.001871483679651 0.001931843380454 0.00176923342023 0.001714398547243 0.001697303407941 0.001687598750635
7.07707414829659 0.000619181312313 0.001939994532538 0.001880334473405 0.00188033447354 0.001880334473409 0.001939994532997 0.001777028476244 0.001721409567903 0.001704038763819 0.001694446847278
7.09709418837675 0.000601285520098 0.001948195241248 0.001889241407554 0.001889241407859 0.001889241408051 0.001948195241166 0.001784876577538 0.001728465360433 0.001710815085897 0.001701337969994
7.11711422845691 0.000582608680649 0.001956445891022 0.001898204871615 0.001898204871726 0.001898204871402 0.001956445891192 0.001792778196169 0.001735566337871 0.001717632735971 0.00170827250016
7.13713426853708 0.000563111592015 0.001964746853506 0.001907225236419 0.001907225236817 0.001907225236515 0.001964746853535 0.001800733790233 0.001742712895471 0.00172449205801 0.001715250802409
7.15715430861724 0.000542752518577 0.001973098522107 0.001916302900906 0.001916302900643 0.001916302900952 0.001973098522154 0.00180874384187 0.001749905460933 0.001731393427018 0.001722273270744
7.1771743486974 0.000521486922636 0.001981501277058 0.001925438244754 0.001925438244175 0.001925438244811 0.001981501277029 0.00181680881839 0.001757144441001 0.001738337201722 0.00172934028166
7.19719438877756 0.000499267282819 0.001989955519694 0.001934631669943 0.001934631670249 0.00193463166973 0.001989955519299 0.001824929212237 0.001764430271969 0.001745323759188 0.001736452235541
7.21721442885772 0.000476042805534 0.001998461650921 0.001943883577994 0.001943883577301 0.001943883577567 0.001998461650828 0.001833105516802 0.001771763385047 0.001752353482434 0.001743609532387
7.23723446893788 0.000451759146095 0.002007020069296 0.001953194365711 0.001953194365694 0.001953194365711 0.002007020069232 0.001841338220586 0.00177914421548 0.001759426749882 0.001750812570965
7.25725450901804 0.000426358098601 0.002015631180331 0.001962564437893 0.001962564437918 0.001962564437999 0.002015631180004 0.001849627824068 0.001786573204765 0.001766543948875 0.001758061758139
7.2772745490982 0.000399777249942 0.002024295399611 0.001971994205832 0.001971994205817 0.001971994206034 0.002024295399686 0.001857974834181 0.001794050804879 0.001773705474136 0.001765357510269
7.29729458917836 0.000371949603071 0.002033013150612 0.001981484091704 0.00198148409164 0.001981484091431 0.002033013150477 0.001866379773876 0.001801577480634 0.001780911735739 0.001772700255934
7.31731462925852 0.000342803104481 0.002041784842856 0.001991034499927 0.001991034499685 0.001991034499717 0.002041784842845 0.001874843146936 0.001809153681059 0.001788163125571 0.00178009040669
7.33733466933868 0.000312260235127 0.002050610912789 0.002000645861266 0.002000645860686 0.002000645861564 0.002050610912779 0.001883365485156 0.00181677988466 0.001795460066248 0.001787528404083
7.35735470941884 0.000280237414039 0.002059491794459 0.002010318605414 0.002010318605905 0.002010318605468 0.002059491794704 0.00189194732641 0.0018244565712 0.001802802976925 0.001795014688973
7.377374749499 0.000246644425761 0.002068427921319 0.002020053155697 0.002020053155888 0.002020053155512 0.002068427921426 0.001900589199909 0.001832184216479 0.001810192276114 0.001802549698972
7.39739478957916 0.000211383749903 0.002077419735723 0.00202984995143 0.002029849951469 0.002029849951334 0.002077419735823 0.001909291650815 0.001839963315089 0.001817628396651 0.001810133887123
7.41741482965932 0.000174349815655 0.00208646768716 0.002039709429692 0.00203970942966 0.002039709430001 0.002086467687096 0.00191805522941 0.001847794364199 0.001825111778128 0.001817767711522
7.43743486973948 0.000135428121222 0.002095572223634 0.002049632031351 0.002049632031131 0.002049632031181 0.002095572223563 0.001926880485701 0.001855677861645 0.001832642855792 0.001825451628108
7.45745490981964 9.44943313960778E-05 0.002104733808775 0.002059618208559 0.002059618208229 0.002059618208335 0.002104733808896 0.001935767992098 0.001863614325778 0.001840222086255 0.001833186114069
7.4774749498998 5.14131274300667E-05 0.002113952903212 0.002069668407795 0.00206966840706 0.002069668407554 0.002113952902778 0.001944718307406 0.001871604270029 0.001847849921308 0.001840971639066
7.49749498997996 6.03704197033039E-06 0.002123229974025 0.002079783088362 0.002079783088458 0.002079783088504 0.002123229974099 0.001953732014208 0.001879648222793 0.001855526826816 0.001848808689804
7.51751503006012 4.17950041047277E-05 0.002132565495842 0.002089962706844 0.002089962706449 0.002089962706929 0.002132565495621 0.001962809685011 0.001887746712512 0.001863253265991 0.001856697748558
7.53753507014028 9.22592411605194E-05 0.002141959948009 0.002100207730777 0.002100207730827 0.00210020773099 0.002141959947902 0.001971951914211 0.001895900283394 0.001871029718544 0.001864639315553
7.55755511022044 0.000145548921356 0.002151413808669 0.002110518621063 0.002110518620345 0.002110518620754 0.002151413808406 0.001981159286593 0.001904109474154 0.001878856660323 0.001872633883977
7.5775751503006 0.000201876373833 0.002160927584271 0.002120895868376 0.00212089586881 0.002120895868046 0.002160927584335 0.001990432422701 0.001912374858144 0.001886734597388 0.001880681980722
7.59759519038076 0.000261475500253 0.002170501746171 0.002131339924784 0.002131339925331 0.002131339924674 0.002170501746242 0.001999771901204 0.001920696973585 0.001894664000236 0.001888784095375
7.61761523046092 0.000324604452448 0.002180136813422 0.002141851291952 0.002141851292006 0.002141851291967 0.002180136813571 0.002009178358495 0.001929076409755 0.001902645393336 0.001896940770948
7.63763527054108 0.000391548987377 0.002189833286792 0.002152430447929 0.002152430448316 0.00215243044785 0.002189833287257 0.002018652406782 0.001937513738394 0.001910679277788 0.001905152528543
7.65765531062124 0.000462626164612 0.002199591679666 0.002163077884649 0.002163077884571 0.002163077884681 0.002199591679286 0.00202819467421 0.001946009545172 0.001918766173791 0.001913419905836
7.6776753507014 0.000538188798231 0.002209412500871 0.002173794090709 0.002173794090837 0.00217379409051 0.002209412500655 0.002037805788294 0.001954564421645 0.001926906600822 0.001921743441393
7.69769539078156 0.000618630605366 0.002219296278707 0.002184579568858 0.002184579568915 0.002184579568596 0.002219296278497 0.00204748639371 0.001963178970001 0.001935101092521 0.001930123687838
7.71771543086172 0.000704392321335 0.00222924354938 0.002195434828618 0.002195434828941 0.002195434829172 0.002229243549355 0.002057237144712 0.001971853810197 0.001943350196065 0.001938561211301
7.73773547094188 0.000795968928905 0.002239254842724 0.002206360375798 0.002206360376359 0.002206360375418 0.002239254842383 0.002067058690514 0.001980589556418 0.001951654455777 0.001947056573037
7.75775551102204 0.000893918298839 0.00224933068295 0.002217356704602 0.00221735670457 0.002217356704506 0.002249330682147 0.002076951676738 0.001989386818192 0.001960014407597 0.001955610328782
7.77777555110221 0.000998871395971 0.002259471634879 0.00222842435122 0.00222842435155 0.002228424352023 0.00225947163479 0.002086916789953 0.00199824625043 0.001968430636506 0.001964223078634
7.79779559118237 0.001111544754966 0.002269678248105 0.002239563835182 0.002239563835463 0.002239563834998 0.002269678247984 0.002096954701518 0.002007168497304 0.001976903709227 0.001972895409267
7.81781563126253 0.001232755462961 0.002279951075248 0.002250775676103 0.002250775675449 0.002250775675588 0.002279951074943 0.002107066088669 0.0020161542019 0.001985434197479 0.001981627908538
7.83783567134269 0.001363439390261 0.002290290677603 0.002262060401428 0.002262060401062 0.002262060401417 0.002290290677585 0.002117251636985 0.002025204028147 0.00199402268737 0.001990421180512
7.85785571142285 0.001504673620744 0.002300697630407 0.00227341855242 0.002273418551408 0.00227341855188 0.002300697630137 0.002127512047256 0.002034318647592 0.002002669777216 0.001999275839676
7.87787575150301 0.001657704091965 0.002311172506026 0.00228485066431 0.002284850663521 0.002284850664232 0.002311172506236 0.00213784802121 0.00204349873918 0.00201137606712 0.002008192504118
7.89789579158317 0.001823980058383 0.002321715890737 0.002296357283726 0.002296357284056 0.002296357283655 0.002321715890393 0.002148260267713 0.002052744994259 0.002020142173762 0.002017171804475
7.91791583166333 0.002005197277807 0.002332328370613 0.002307938959923 0.002307938959909 0.002307938959827 0.002332328370446 0.002158749507743 0.002062058110244 0.002028968715059 0.00202621437667
7.93793587174349 0.002203352803374 0.002343010532027 0.002319596236628 0.002319596236578 0.002319596236681 0.002343010532286 0.002169316453994 0.002071438785272 0.002037856311524 0.002035320855626
7.95795591182365 0.002420814853327 0.00235376299063 0.002331329686527 0.00233132968669 0.00233132968647 0.002353762990332 0.002179961855099 0.002080887750964 0.002046805615134 0.002044491910048
7.97797595190381 0.002660413425687 0.002364586338363 0.002343139856801 0.002343139856524 0.002343139856752 0.002364586338157 0.002190686431256 0.002090405719674 0.002055817257986 0.002053728185679
7.99799599198397 0.00292555840144 0.002375481202265 0.002355027328441 0.002355027327742 0.002355027327983 0.002375481201966 0.002201490946039 0.002099993440396 0.002064891910859 0.002063030367996
8 0.002953658432382 0.002376575742574 0.002356221545313 0.002356221544645 0.002356221545103 0.002376575742986 0.002202576911941 0.002100957043432 0.002065803780642 0.002063965174084
8.00334448160535 0.003001227994552 0.002378404024277 0.002358216303957 0.002358216303797 0.002358216304103 0.002378404023727 0.002204391072816 0.002102566766816 0.002067327015617 0.002065526751295
8.0066889632107 0.003049659057094 0.002380234319499 0.002360213238632 0.002360213237978 0.002360213238301 0.002380234319332 0.002206207488346 0.002104178460648 0.002068852029723 0.002067090188842
8.01003344481605 0.003098974481368 0.002382066633778 0.002362212349563 0.002362212349844 0.002362212349738 0.002382066633611 0.002208026162617 0.002105792129221 0.002070378825316 0.002068655490447
8.01337792642141 0.003149197922045 0.002383900981293 0.002364213654204 0.002364213653578 0.002364213654324 0.002383900981318 0.002209847110812 0.002107407786241 0.002071907419719 0.002070222671453
8.01672240802676 0.003200353926133 0.002385737351986 0.002366217140036 0.002366217140882 0.002366217140438 0.002385737351794 0.002211670324694 0.002109025424094 0.002073437801869 0.002071791722205
8.01801603206413 0.003220396242472 0.002386448192578 0.002366992662044 0.002366992661877 0.002366992662388 0.002386448192539 0.002212376140076 0.002109651649644 0.002074030225266 0.002072399124202
8.02006688963211 0.00325246790235 0.002387575746862 0.002368222810155 0.002368222809906 0.002368222810066 0.002387575746599 0.002213495804618 0.002110645044468 0.002074969974746 0.002073362644538
8.02341137123746 0.003305566193124 0.002389416179007 0.002370230675155 0.002370230674817 0.002370230675524 0.002389416178797 0.00221532356516 0.002112266659687 0.00207650394912 0.002074935450278
8.02675585284281 0.003359676121409 0.002391258647148 0.002372240734164 0.002372240733749 0.002372240733713 0.002391258646856 0.002217153603336 0.002113890269559 0.002078039724033 0.002076510138785
8.03010033444816 0.00341482601209 0.002393103153072 0.002374252990638 0.002374252990599 0.002374252990467 0.002393103152773 0.00221898592612 0.002115515878419 0.002079577303789 0.002078086714292
8.03344481605351 0.003471045296561 0.002394949700101 0.002376267444276 0.002376267443339 0.002376267444319 0.002394949699813 0.002220820532081 0.00211714348621 0.002081116689421 0.002079665176673
8.03678929765886 0.003528364479227 0.002396798289254 0.002378284099102 0.002378284099162 0.002378284099333 0.002396798289368 0.002222657427591 0.002118773099241 0.002082657886007 0.00208124553189
8.03803607214429 0.003550020064203 0.002397487940318 0.002379036441166 0.002379036442044 0.002379036441191 0.002397487940019 0.002223342780788 0.002119381107729 0.002083232884019 0.00208183514869
8.04013377926422 0.003586815270705 0.002398648925368 0.002380302956745 0.002380302956613 0.002380302956905 0.002398648925119 0.002224496615142 0.002120404718138 0.002084200893194 0.002082827779951
8.04347826086956 0.003646430575156 0.002400501608609 0.00238232402101 0.002382324020811 0.002382324021077 0.002400501608406 0.002226338097678 0.002122038347355 0.002085745716226 0.002084411925775
8.04682274247492 0.003707244602534 0.002402356347361 0.002384347295571 0.002384347295646 0.002384347295855 0.002402356346828 0.00222818188136 0.002123673995634 0.002087292360592 0.002085997975534
8.05016722408027 0.003769292924197 0.002404213139041 0.002386372780414 0.002386372781139 0.002386372780883 0.002404213139457 0.00223002796762 0.002125311659118 0.002088840826264 0.002087585927939
8.05351170568562 0.003832612520263 0.002406071989565 0.002388400479859 0.002388400480172 0.002388400479635 0.002406071989718 0.002231876358746 0.002126951343843 0.002090391116049 0.002089175787219
8.05685618729097 0.003897241845806 0.002407932908742 0.002390430405569 0.002390430405786 0.002390430405473 0.002407932908636 0.002233727070283 0.002128593064722 0.00209194324465 0.002090767567513
8.05805611222445 0.003920756272688 0.002408601066886 0.002391159236904 0.002391159237451 0.002391159237082 0.002408601067 0.002234391626754 0.00212918257051 0.002092500557733 0.002091339127659
8.06020066889632 0.00396322094721 0.002409795890706 0.002392462548961 0.002392462548784 0.00239246254846 0.00240979589055 0.002235580093334 0.002130236812359 0.002093497202104 0.002092361259514
8.06354515050167 0.004030591506893 0.002411660939995 0.002394496914395 0.002394496914693 0.002394496914924 0.002411660939764 0.002237435434111 0.002131882592771 0.002095052996026 0.002093956869828
8.06688963210702 0.004099396935597 0.002413528063656 0.002396533511188 0.002396533510684 0.002396533510908 0.002413528063695 0.002239293100555 0.002133530414607 0.00209661063176 0.002095554405351
8.07023411371237 0.00416968248749 0.002415397255582 0.002398572330019 0.002398572329586 0.002398572330005 0.002415397255817 0.002241153086445 0.002135180270582 0.002098170106237 0.002097153860284
8.07357859531773 0.004241495305372 0.002417268527974 0.002400613385667 0.002400613385255 0.002400613385827 0.002417268528017 0.002243015406684 0.002136832176863 0.002099731429919 0.002098755248401
8.07692307692308 0.00431488459801 0.002419141874384 0.002402656669474 0.002402656668586 0.002402656668934 0.002419141874224 0.002244880051425 0.002138486124881 0.002101294595548 0.002100358561055
8.07807615230461 0.004340561668339 0.00241978823124 0.002403361651375 0.002403361650948 0.00240336165086 0.002419788231681 0.002245523468897 0.002139056832331 0.002101833959777 0.002100911784975
8.08026755852843 0.004389901652758 0.002421017305746 0.002404702191885 0.002404702192113 0.002404702191878 0.002421017305632 0.002246747036597 0.002140142126962 0.002102859616908 0.002101963811747
8.08361204013378 0.004466600028856 0.002422894824178 0.002406749955387 0.002406749955522 0.002406749955441 0.002422894823987 0.00224861636379 0.002141800184784 0.002104426495599 0.002103571001847
8.08695652173913 0.004545035676738 0.002424774431663 0.002408799962751 0.002408799962154 0.002408799962829 0.002424774431553 0.002250488033724 0.002143460304634 0.002105995233176 0.002105180134947
8.09030100334448 0.004625267044442 0.002426656133906 0.002410852217604 0.002410852217984 0.00241085221796 0.00242665613429 0.002252362054637 0.002145122487715 0.002107565835278 0.002106791214633
8.09364548494983 0.004707355222603 0.002428539932911 0.00241290672307 0.002412906723038 0.002412906722618 0.002428539932929 0.002254238428403 0.002146786741527 0.002109138305212 0.002108404245643
8.09698996655518 0.00479136410425 0.002430425825214 0.002414963475548 0.002414963476127 0.002414963475324 0.002430425825615 0.002256117153209 0.002148453059636 0.002110712640569 0.002110019223888
8.09809619238477 0.004819585067374 0.00243105006949 0.002415644265259 0.002415644265085 0.002415644265454 0.002431050069386 0.002256739082391 0.002149004670173 0.002111233780703 0.002110553826487
8.10033444816053 0.004877360542547 0.002432313822137 0.002417022483122 0.002417022483186 0.002417022482984 0.002432313821849 0.002257998238015 0.002150121455017 0.002112288849947 0.002111636159867
8.10367892976589 0.004965414546888 0.002434203920355 0.002419083746126 0.002419083745853 0.002419083745657 0.002434203920028 0.002259881683599 0.002151791927062 0.002113866932138 0.002113255052475
8.10702341137124 0.005055599410937 0.002436096126075 0.002421147268763 0.002421147268148 0.002421147268212 0.002436096126516 0.002261767497224 0.002153464481395 0.002115446894894 0.002114875908514
8.11036789297659 0.005147991989137 0.002437990445262 0.002423213056435 0.002423213056844 0.002423213056023 0.00243799044507 0.00226365568092 0.002155139123992 0.002117028743257 0.0021164987327
8.11371237458194 0.005242672872871 0.002439886876658 0.002425281106586 0.00242528110633 0.002425281106561 0.002439886876218 0.002265546237435 0.002156815853624 0.002118612474209 0.002118123523683
8.11705685618729 0.005339726585508 0.002441785423642 0.002427351425471 0.002427351425325 0.002427351425148 0.002441785423326 0.002267439169923 0.002158494675367 0.002120198094548 0.002119750286408
8.11811623246493 0.005370977694074 0.0024423872376 0.002428007680724 0.002428007681193 0.002428007680901 0.002442387238148 0.002268039262393 0.002159026887075 0.00212070074258 0.002120265983642
8.12040133779264 0.005439241891551 0.002443686093208 0.002429424017567 0.002429424017446 0.0024294240174 0.002443686093102 0.002269334486929 0.002160175598966 0.002121785612179 0.002121379029926
8.12374581939799 0.005541312049377 0.002445588878516 0.002431498877002 0.002431498876437 0.002431498876803 0.002445588878611 0.002271232182515 0.002161858614446 0.002123375017707 0.002123009744537
8.12709030100334 0.005646035040009 0.002447493792051 0.002433576014461 0.002433576014404 0.002433576014187 0.00244749379215 0.002273132269366 0.002163543738313 0.002124966324836 0.002124642444937
8.1304347826087 0.005753513934042 0.002449400836486 0.002435655433807 0.002435655433928 0.002435655433644 0.002449400837147 0.002275034750824 0.002165230972992 0.002126559538411 0.00212627713492
8.13377926421405 0.005863857234807 0.002451310012489 0.002437737133391 0.002437737133818 0.00243773713381 0.002451310012688 0.002276939626764 0.002166920318071 0.002128154656287 0.002127913812799
8.1371237458194 0.005977179199327 0.002453221323087 0.002439821117868 0.002439821117875 0.00243982111818 0.002453221323176 0.002278846900932 0.002168611777485 0.002129751683029 0.002129552482643
8.13813627254509 0.006012092355803 0.002453800384078 0.002440452484649 0.002440452485388 0.002440452485171 0.002453800384078 0.002279424792686 0.002169124276563 0.002130235551785 0.002130048975403
8.14046822742475 0.006093600222755 0.002455134774827 0.002441907393539 0.002441907393337 0.002441907393418 0.002455134774923 0.002280756582426 0.002170305360512 0.002131350625881 0.002131193152916
8.1438127090301 0.006213247263158 0.002457050370158 0.002443995960103 0.002443995959698 0.002443995959887 0.002457050369792 0.002282668673654 0.002172001069386 0.002132951487564 0.002132835825694
8.14715719063545 0.006336254379804 0.002458968103905 0.00244608681578 0.002446086815656 0.002446086815375 0.002458968104392 0.002284583168994 0.002173698901377 0.002134554264075 0.002134480497016
8.1505016722408 0.006462763100302 0.00246088798556 0.002448179966574 0.002448179966848 0.002448179966652 0.002460887985333 0.00228650008167 0.002175398862285 0.002136158964088 0.002136127175142
8.15384615384615 0.006592922999431 0.002462810018535 0.002450275418614 0.00245027541818 0.002450275417939 0.002462810019104 0.002288419412256 0.002177100961195 0.002137765591517 0.002137775865162
8.15719063545151 0.006726892321268 0.002464734204469 0.002452373169604 0.002452373169955 0.002452373170094 0.002464734204125 0.002290341165349 0.002178805198344 0.002139374148289 0.002139426568707
8.15815631262525 0.006766306572167 0.002465290191978 0.002452979299367 0.002452979299747 0.002452979299729 0.002465290192074 0.002290896499197 0.002179297674829 0.002139838960268 0.002139903565087
8.16053511705686 0.006864838559618 0.002466660552155 0.002454473230667 0.002454473230554 0.002454473230802 0.002466660552443 0.002292265347148 0.002180511582004 0.002140984644498 0.002141079294272
8.16387959866221 0.007006939205695 0.002468589057074 0.002456575596373 0.002456575596533 0.002456575597023 0.002468589057195 0.00229419195815 0.002182220110836 0.002142597073156 0.00214273403849
8.16722408026756 0.007153382449374 0.002470519720077 0.002458680266983 0.002458680267427 0.002458680267111 0.002470519719648 0.002296120995851 0.002183930781897 0.002144211439425 0.002144390801373
8.17056856187291 0.007304367980769 0.002472452554294 0.002460787255433 0.002460787255451 0.002460787255291 0.002472452554489 0.002298052477368 0.002185643614979 0.00214582775294 0.00214604959811
8.17391304347826 0.007460107971969 0.002474387563741 0.002462896565639 0.002462896565639 0.002462896565913 0.002474387564078 0.002299986404989 0.002187358611778 0.002147446020235 0.00214771043224
8.17725752508361 0.007620828003077 0.002476324742517 0.002465008192146 0.002465008193163 0.002465008192392 0.002476324742904 0.002301922775693 0.00218907576819 0.002149066237919 0.002149373299694
8.17817635270541 0.007665886039895 0.002476857324893 0.002465588726377 0.002465588727084 0.002465588726352 0.00247685732532 0.002302455184694 0.002189547901288 0.002149511702729 0.002149830496595
8.18060200668896 0.007786768115551 0.002478264099548 0.002467122141898 0.002467122141844 0.002467122142029 0.002478264099739 0.002303861596626 0.002190795092162 0.002150688411199 0.002151038207433
8.18394648829431 0.007958184088302 0.002480205630921 0.002469238411653 0.00246923841129 0.002469238411493 0.002480205631407 0.002305802867468 0.002192516580834 0.002152312536584 0.002152705152316
8.18729096989967 0.008135348608111 0.00248214934723 0.002471357011149 0.002471357010577 0.002471357011071 0.002482149347308 0.002307746596333 0.002194240248578 0.00215393862797 0.00215437414748
8.19063545150502 0.008318552819684 0.002484095249191 0.002473477940843 0.002473477940072 0.002473477940633 0.002484095248818 0.002309692785573 0.00219596609244 0.002155566684539 0.002156045191537
8.19397993311037 0.008508107841784 0.002486043335189 0.002475601202171 0.00247560120172 0.00247560120177 0.002486043335487 0.002311641437238 0.002197694116823 0.002157196707199 0.002157718286604
8.19732441471572 0.008704346525359 0.00248799361696 0.002477726800375 0.002477726800521 0.002477726800624 0.002487993616917 0.002313592557922 0.002199424330058 0.002158828704797 0.002159393441204
8.19819639278557 0.008756652197583 0.002488502457428 0.002478281372813 0.0024782813726 0.0024782813726 0.002488502457656 0.002314101662442 0.002199875790609 0.002159254525605 0.002159830526537
8.20066889632107 0.008907625397082 0.002489946095583 0.002479854739885 0.002479854739963 0.002479854739669 0.002489946095906 0.002315546153437 0.002201156734294 0.002160462680944 0.00216107065792
8.20401337792642 0.009118326800522 0.002491900771041 0.002481985020427 0.002481985020378 0.002481985020438 0.002491900771197 0.00231750222407 0.002202891330679 0.002162098635051 0.002162749937252
8.20735785953177 0.009336861273979 0.002493857643213 0.002484117640154 0.002484117640734 0.002484117640314 0.002493857642904 0.002319460769147 0.002204628120296 0.002163736567645 0.002164431279667
8.21070234113712 0.009563670166678 0.002495816722931 0.002486252610773 0.002486252610233 0.002486252610129 0.002495816722753 0.002321421801852 0.002206367115157 0.002165376489419 0.002166114696401
8.21404682274248 0.009799228602844 0.002497778014291 0.002488389936115 0.002488389936726 0.002488389936591 0.002497778013876 0.002323385326623 0.002208108320929 0.002167018407079 0.002167800193316
8.21739130434783 0.010044048835255 0.002499741518495 0.002490529615958 0.002490529616587 0.002490529616193 0.002499741518864 0.002325351342364 0.002209851737348 0.002168662318578 0.002169487769073
8.21821643286573 0.010105936401793 0.002500226280461 0.002491057864304 0.002491057864216 0.002491057864408 0.002500226280205 0.002325836766477 0.00221028220038 0.002169068198441 0.002169904434719
8.22073578595318 0.010298683867113 0.002501707233133 0.00249267164887 0.002492671647769 0.002492671648753 0.00250170723351 0.002327319852419 0.002211597364301 0.002170308224645 0.002171177424113
8.22408026755853 0.010563731566677 0.002503675176317 0.002494816051239 0.002494816051353 0.00249481605114 0.002503675176762 0.002329290870719 0.002213345219865 0.002171956143243 0.002172869175968
8.22742474916388 0.010839839450711 0.002505645335535 0.002496962810888 0.002496962811502 0.002496962811282 0.002505645335557 0.00233126438668 0.002215095294307 0.002173606061785 0.002174563013465
8.23076923076923 0.011127709828386 0.002507617713839 0.002499111931456 0.002499111931225 0.002499111931378 0.002507617714127 0.002333240406639 0.002216847586674 0.002175257984089 0.002176258937986
8.23411371237458 0.011428105689078 0.002509592321058 0.0025012634215 0.002501263421241 0.002501263421298 0.002509592321058 0.002335218939795 0.002218602113846 0.002176911920703 0.002177956962623
8.23745819397993 0.011741857477372 0.002511569158084 0.002503417280966 0.002503417281165 0.002503417281247 0.002511569158166 0.002337199986922 0.002220358873938 0.002178567871631 0.002179657087147
8.23823647294589 0.011816879867816 0.002512029498639 0.002503918836268 0.002503918835448 0.002503918836169 0.002512029498941 0.00233766134744 0.002220768000925 0.002178953510054 0.002180053016179
8.24080267558528 0.012069870756491 0.002513548232223 0.002505573517421 0.002505573517386 0.002505573517372 0.002513548231828 0.002339183555069 0.002222117874549 0.002180225845532 0.002181359318683
8.24414715719064 0.012413134791391 0.002515529541284 0.002507732129327 0.002507732128596 0.002507732128915 0.002515529541494 0.002341169643625 0.002223879116148 0.002181885840823 0.002183063656169
8.24749163879599 0.012772732467656 0.002517513092453 0.0025098931226 0.002509893122369 0.002509893122134 0.002517513092364 0.002343158262196 0.002225642606415 0.002183547864945 0.002184770108318
8.25083612040134 0.013149851734621 0.002519498889225 0.002512056499281 0.00251205649996 0.002512056499643 0.002519498889402 0.002345149411006 0.002227408348759 0.002185211920601 0.00218647867694
8.25418060200669 0.013545798543092 0.002521486925826 0.002514222255787 0.002514222255705 0.002514222255499 0.002521486925737 0.002347143089484 0.002229176339302 0.002186878005038 0.002188189359007
8.25752508361204 0.013962011947896 0.00252347721883 0.002516390406313 0.002516390406413 0.002516390406669 0.002523477218787 0.002349139312074 0.002230946594178 0.002188546132313 0.002189902169626
8.25825651302605 0.014055891042734 0.002523912790799 0.002516864894563 0.002516864893749 0.002516864894123 0.00252391279081 0.002349576220627 0.002231334046343 0.002188911221161 0.002190277041016
8.26086956521739 0.014400081432189 0.002525469772905 0.00251856095564 0.002518560955792 0.002518560955583 0.002525469772984 0.002351138084684 0.002232719119494 0.002190216308982 0.002191617114374
8.26421404682274 0.014861767232976 0.002527464580925 0.002520733896947 0.002520733897228 0.002520733896986 0.002527464581178 0.002353139402807 0.002234493910681 0.002191888530479 0.002193334188828
8.26755852842809 0.015349023738406 0.002529461645882 0.002522909232454 0.002522909233363 0.002522909232709 0.002529461645871 0.00235514326776 0.002236270969522 0.00219356279641 0.002195053393532
8.27090301003345 0.015864027118536 0.002531460974289 0.002525086968639 0.002525086968607 0.00252508696849 0.00253146097441 0.002357149686329 0.002238050303855 0.002195239115792 0.002196774736568
8.2742474916388 0.016409207599551 0.00253346257152 0.002527267109119 0.00252726710989 0.002527267109457 0.002533462571563 0.002359158666337 0.002239831918196 0.002196917492689 0.002198498222629
8.27759197324415 0.01698728784789 0.00253546643658 0.002529449655047 0.002529449653938 0.002529449654638 0.002535466436228 0.002361170204455 0.002241615814889 0.002198597928622 0.002200223852384
8.27827655310621 0.01710994167026 0.002535876892065 0.002529896699553 0.002529896699215 0.002529896699659 0.002535876892033 0.002361582266161 0.0022419812457 0.002198942154589 0.002200577339831
8.2809364548495 0.0176013280803 0.002537472582024 0.002531634615405 0.0025316346149 0.002531634615188 0.002537472582265 0.002363184317328 0.002243402007114 0.002200280434511 0.002201951638952
8.28428093645485 0.018254780278134 0.002539480998294 0.002533821982446 0.002533821981856 0.002533821982848 0.002539480998134 0.002365200994923 0.002245190485638 0.002201965003408 0.002203681573114
8.2876254180602 0.018951552685785 0.002541491698274 0.002536011768857 0.002536011768228 0.002536011768711 0.002541491698207 0.002367220250878 0.002246981263582 0.002203651649445 0.002205413668545
8.29096989966555 0.019696088119538 0.002543504679771 0.002538203970946 0.002538203970623 0.002538203971252 0.002543504679945 0.002369242084139 0.002248774341719 0.00220534036686 0.002207147922871
8.2943143812709 0.020493458250627 0.002545519951155 0.002540398598324 0.002540398598441 0.002540398598121 0.002545519950839 0.002371266503076 0.002250569726414 0.002207031168339 0.002208884345574
8.29765886287625 0.021349479241337 0.002547537512005 0.002542595647782 0.002542595647284 0.00254259564775 0.002547537512037 0.002373293506395 0.002252367418834 0.002208724051023 0.002210622934882
8.29829659318637 0.021519903479604 0.002547922486482 0.002543014862741 0.002543014862098 0.00254301486266 0.002547922486698 0.002373680314882 0.002252710469548 0.002209047092322 0.0022109547008
8.30100334448161 0.022270853196769 0.002549557370852 0.002544795129594 0.002544795129808 0.002544795129232 0.002549557371005 0.002375323105166 0.002254167430035 0.002210419026323 0.002212363702363
8.30434782608696 0.023265344063784 0.002551579526195 0.002546997040291 0.002546997039751 0.002546997040298 0.002551579525957 0.002377355298698 0.002255969758192 0.002212116091567 0.002214106645702
8.30769230769231 0.024341996106625 0.002553603980786 0.002549201384358 0.002549201384863 0.002549201384682 0.002553603981198 0.002379390090557 0.002257774407312 0.002213815251121 0.002215851768799
8.31103678929766 0.025511409312397 0.002555630740158 0.00255140816509 0.002551408164525 0.00255140816483 0.002555630740389 0.002381427487013 0.002259581382823 0.002215516509427 0.002217599076541
8.31438127090301 0.026786089062096 0.002557659808531 0.002553617386894 0.002553617387424 0.002553617387111 0.002557659808289 0.002383467490695 0.002261390691928 0.00221721987327 0.002219348575238
8.31772575250836 0.028180894337115 0.002559691183937 0.00255582904683 0.002555829047722 0.00255582904682 0.002559691183979 0.002385510102719 0.002263202331569 0.00221892533968 0.002221100262084
8.31831663326653 0.02844109505013 0.002560050313775 0.002556220042692 0.002556220042941 0.002556220042532 0.002560050314017 0.002385871248755 0.002263522642515 0.002219226868405 0.002221409966072
8.32107023411371 0.029713618588978 0.00256172487374 0.002558043154114 0.002558043153822 0.002558043153901 0.002561724874109 0.002387555329125 0.002265016310862 0.002220632916455 0.002222854145359
8.32441471571906 0.031405752012677 0.002563760878253 0.002560259705824 0.002560259706165 0.002560259706101 0.002563760878093 0.002389603173423 0.002266832631001 0.002222342605567 0.002224610226484
8.32775919732442 0.03328349391813 0.0025657992127 0.002562478718474 0.002562478718041 0.002562478718339 0.002565799212881 0.002391653649891 0.002268651308025 0.002224054421728 0.0022263685212
8.33110367892977 0.03537911786184 0.00256783986941 0.002564700184426 0.00256470018298 0.002564700184191 0.002567839869737 0.002393706752439 0.002270472336271 0.002225768357658 0.002228129022075
8.33444816053512 0.037732839638849 0.00256988285679 0.002566924108756 0.002566924108329 0.002566924108876 0.002569882856154 0.002395762489058 0.002272295721326 0.002227484421766 0.002229891736629
8.33779264214047 0.040395421103973 0.002571928173271 0.002569150492636 0.002569150492594 0.002569150492739 0.002571928173257 0.002397820858732 0.002274121466748 0.002229202616238 0.002231656666961
8.33833667334669 0.040861922927611 0.002572261098596 0.002569512884538 0.002569512884385 0.002569512884026 0.002572261098642 0.002398155937936 0.002274418679697 0.002229482310987 0.002231943973086
8.34113712374582 0.043431869570991 0.002573975822632 0.002571379338303 0.002571379338281 0.002571379339031 0.002573975822468 0.002399881867927 0.002275949575321 0.002230922941838 0.002233423815557
8.34448160535117 0.046926811791142 0.002576025804302 0.002573610646426 0.002573610646046 0.00257361064628 0.002576025804498 0.002401945515082 0.002277780049639 0.002232645400323 0.002235193184326
8.34782608695652 0.050992499978939 0.002578078144101 0.00257584443894 0.002575844438589 0.002575844438642 0.002578078143763 0.0024040118264 0.002279612912261 0.002234370015621 0.002236964796701
8.35117056856187 0.055781085132424 0.002580132824015 0.002578080700395 0.002578080700726 0.002578080700491 0.002580132824288 0.002406080784382 0.002281448149166 0.002236096773267 0.002238738638603
8.35451505016722 0.061504074124894 0.002582189850109 0.002580319434504 0.0025803194345 0.002580319434657 0.002582189849853 0.002408152398026 0.002283285764971 0.002237825677032 0.002240514715471
8.35785953177258 0.068464400904226 0.00258424922788 0.002582560647973 0.002582560648797 0.002582560648417 0.00258424922821 0.002410226671252 0.002285125770438 0.002239556736498 0.002242293037192
8.35835671342685 0.069629676247626 0.002584555570802 0.002582894033356 0.002582894033441 0.002582894033349 0.002584555570987 0.00241053525453 0.002285399505503 0.002239814253606 0.002242557589479
8.36120401337793 0.077111812491673 0.002586310961512 0.002584804344462 0.002584804344252 0.002584804344227 0.002586310960908 0.002412303609688 0.002286968166406 0.002241289952373 0.002244073607635
8.36454849498328 0.088144071503738 0.002588375051879 0.002587050523704 0.002587050522763 0.002587050523143 0.002588375051776 0.002414383213651 0.002288812956273 0.002243025327878 0.002245856432058
8.36789297658863 0.102705252165919 0.002590441509884 0.002589299196408 0.002589299197101 0.0025892991967 0.002590441510147 0.00241646549992 0.002290660153992 0.00224476287687 0.00224764137624
8.37123745819398 0.122810511603873 0.002592510335056 0.002591550361053 0.002591550361334 0.002591550361053 0.002592510335163 0.002418550461016 0.002292509754767 0.002246502595295 0.002249428757974
8.37458193979933 0.152370030830685 0.002594581533131 0.002593804023132 0.002593804022915 0.002593804023149 0.002594581533266 0.002420638107356 0.002294361770939 0.002248244491913 0.002251218191461
8.37792642140468 0.200101210753608 0.002596655101854 0.00259606018232 0.002596060182032 0.002596060181972 0.002596655102174 0.002422728439566 0.0022962161975 0.002249988564479 0.002253010295057
8.37837675350701 0.208866369397235 0.002596934488583 0.002596364163516 0.002596364163292 0.002596364163541 0.00259693448842 0.002423010105915 0.002296466080679 0.002250223569614 0.002253251795725
8.38127090301003 0.290194284923398 0.002598731047154 0.002598318840409 0.002598318840519 0.002598318840803 0.002598731047353 0.002424821460401 0.002298073042905 0.00225173481822 0.002254805103924
8.38461538461539 0.524024072473413 0.002600809370506 0.002600580002035 0.002600580002319 0.002600580002248 0.002600809370858 0.00242691717369 0.002299932309754 0.002253483258283 0.00225660451515
8.38795986622074 2.60069936556261 0.002602890071127 0.002602843662814 0.00260284366324 0.002602843662782 0.002602890071209 0.002429015576819 0.002301793998033 0.002255233880117 0.002258506375174
8.39130434782609 0.887837460634387 0.002604973164651 0.00260510984063 0.002605109839834 0.002605109839752 0.002604973164885 0.002431116691188 0.002303658121818 0.002256986703724 0.002469055647186
8.39464882943144 0.381183899288985 0.002607058651083 0.002607378533579 0.002607378534233 0.002607378533444 0.002607058651694 0.00243322051443 0.002305524688126 0.002258741728234 0.002471131261586
8.39799331103679 0.243468822625623 0.002609146534933 0.002609649744965 0.002609649745381 0.00260964974505 0.002609146534997 0.002435327049685 0.002307393695286 0.002260498957412 0.002473200590845
8.39839679358717 0.233348499815829 0.002609398581143 0.002609923916314 0.002609923916548 0.002609923916829 0.0026093985811 0.002435581368658 0.002307619338925 0.002260711100362 0.002473450321208
8.40133779264214 0.179271229429556 0.002611236811131 0.002611923472386 0.002611923471857 0.00261192347233 0.002611236811216 0.002437436298326 0.002309265146021 0.002262258390132 0.002475271529569
8.40468227424749 0.142124979818181 0.00261332949113 0.002614199722554 0.002614199722707 0.002614199722231 0.002613329491066 0.002439548266224 0.002311139045691 0.002264020033984 0.002477344774487
8.40802675585284 0.11790773993566 0.002615424577883 0.002616478500745 0.002616478500705 0.002616478500848 0.002615424578117 0.002441662958336 0.002313015403487 0.002265783894671 0.002479420205642
8.41137123745819 0.10087029646099 0.002617522077102 0.002618759811774 0.002618759811341 0.002618759812137 0.002617522077159 0.002443780385384 0.002314894225883 0.002267549980765 0.002481498273344
8.41471571906355 0.088232113640864 0.002619621986884 0.00262104365364 0.002621043653082 0.00262104365375 0.00261962198709 0.002445900542384 0.002316775508454 0.002269318286618 0.002483579035292
8.4180602006689 0.078484267890541 0.00262172430649 0.00262333002501 0.002623330024775 0.00262333002539 0.002621724306636 0.002448023431185 0.002318659254922 0.002271088816649 0.002485662342874
8.41841683366734 0.077574778959971 0.002621948623236 0.002623573975921 0.002623573975093 0.002623573975324 0.002621948623936 0.002448249959336 0.002318860268986 0.002271277742036 0.002485884640443
8.42140468227425 0.070737103313814 0.002623829042612 0.002625618932289 0.00262561893237 0.002625618932505 0.002623829042953 0.002450149056237 0.002320545473143 0.002272861573882 0.002487748206477
8.4247491638796 0.064432108013765 0.002625936207071 0.002627910386686 0.002627910387158 0.002627910386757 0.002625936207501 0.00245227743364 0.002322434173355 0.002274636574086 0.002489836641438
8.42809364548495 0.059200958739126 0.002628045801373 0.00263020438738 0.002630204387355 0.00263020438738 0.002628045801099 0.002454408561157 0.002324325358966 0.002276413816404 0.002491927649544
8.4314381270903 0.054790916197661 0.00263015782318 0.002632500935093 0.0026325009344 0.002632500934812 0.00263015782317 0.00245654244257 0.002326219029197 0.002278193301311 0.002494021232902
8.43478260869565 0.051022784074395 0.002632272275211 0.002634800029039 0.002634800028279 0.00263480002862 0.002632272275211 0.002458679077982 0.002328115187964 0.002279975030611 0.002496117393747
8.438127090301 0.047765973842331 0.002634389168303 0.002637101681508 0.002637101682222 0.002637101681724 0.002634389168744 0.002460818478745 0.002330013846592 0.002281759016874 0.002498216143486
8.4384368737475 0.047486536217519 0.002634585368757 0.002637315001667 0.002637315001397 0.002637315002104 0.002634585368959 0.002461016782011 0.002330189836165 0.00228192437427 0.002498410671933
8.44147157190636 0.044923069004835 0.002636508505137 0.002639405893714 0.002639405893351 0.00263940589365 0.002636508504718 0.002462960649826 0.002331915008362 0.002283545263392 0.002500317485843
8.44481605351171 0.042419922113005 0.002638630281602 0.002641712662491 0.002641712662864 0.002641712662186 0.002638630282288 0.002465105587465 0.002333818673662 0.002285333767304 0.002502421418299
8.44816053511706 0.040199098099269 0.002640754506594 0.002644021994154 0.002644021993873 0.00264402199392 0.002640754506949 0.002467253299578 0.002335724844738 0.002287124536419 0.002504527947622
8.45150501672241 0.038215417141348 0.002642881186301 0.0026463338959 0.002646333896376 0.002646333895964 0.002642881186347 0.00246940379439 0.002337633537774 0.002288917577857 0.002506637083489
8.45484949832776 0.03643285128835 0.002645010324311 0.00264864837089 0.002648648370322 0.002648648371224 0.002645010324382 0.002471557076355 0.002339544753212 0.002290712897878 0.002508748829491
8.45819397993311 0.034822318970502 0.002647141915677 0.002650965412236 0.002650965413299 0.002650965411675 0.002647141915475 0.002473713139462 0.002341458486345 0.00229251048933 0.002510863178802
8.45845691382766 0.034702269364129 0.002647309598412 0.002651147678996 0.002651147679462 0.002651147679202 0.002647309598387 0.00247388276005 0.002341609044848 0.002292651906451 0.002511029512856
8.46153846153846 0.033360087872708 0.002649275969823 0.002653285031222 0.002653285031013 0.002653285031055 0.00264927596988 0.002475871996502 0.002343374749582 0.002294310363308 0.00251298014431
8.46488294314381 0.03202659899242 0.002651412497173 0.002655607235663 0.002655607235472 0.002655607235511 0.00265141249691 0.002478033656637 0.002345293552466 0.002296112531443 0.002515099735131
8.46822742474916 0.030805587950496 0.002653551491306 0.002657932020284 0.002657932020721 0.002657932019666 0.002653551491434 0.002480198115688 0.002347214891405 0.002297916987335 0.002517221946146
8.47157190635452 0.029683419315752 0.002655692958893 0.002660259389351 0.00266025938846 0.002660259389433 0.002655692959028 0.002482365378558 0.002349138771532 0.002299723738041 0.002519346783387
8.47491638795987 0.028648576141006 0.002657836904216 0.002662589348454 0.002662589348887 0.002662589348155 0.002657836904167 0.002484535453128 0.002351065202422 0.002301532790302 0.002521474253609
8.47826086956522 0.027691263799635 0.002659983331256 0.002664921900706 0.002664921900514 0.002664921900514 0.002659983330911 0.002486708341525 0.002352994184875 0.002303344146902 0.002523604358736
8.47847695390782 0.027631873685174 0.002660122095982 0.002665072694438 0.002665072694821 0.002665072694551 0.002660122096149 0.00248684882877 0.002353118903336 0.00230346125694 0.002523742075031
8.48160535117057 0.02680309973184 0.002662132244286 0.002667257049776 0.002667257049627 0.00266725704989 0.002662132244222 0.002488884049953 0.002354925727367 0.002305157814579 0.002525737105746
8.48494983277592 0.025976867761806 0.002664283634601 0.002669594788038 0.002669594788536 0.00266959478774 0.002664283634463 0.002491062573409 0.002356859822715 0.00230697378414 0.002527872487367
8.48829431438127 0.025206322110321 0.002666437526816 0.002671935134703 0.002671935135449 0.002671935134767 0.002666437526624 0.002493243930196 0.002358796491553 0.002308792078438 0.002530010523071
8.49163879598662 0.024486029505365 0.002668593908865 0.002674278083258 0.002674278083052 0.002674278083276 0.002668593909 0.002495428114365 0.002360735728079 0.002310612690167 0.002532151207678
8.49498327759197 0.02381124124916 0.002670752797922 0.002676623647368 0.00267662364697 0.002676623647439 0.002670752797847 0.002497615143085 0.002362677550785 0.00231243563686 0.002534294556444
8.49832775919733 0.023177788746818 0.002672914196552 0.002678971828697 0.002678971829017 0.002678971828654 0.002672914196921 0.002499805017674 0.002364621958357 0.00231426091911 0.002536440570303
8.49849699398798 0.023146765336353 0.002673023634642 0.00267909072095 0.002679090720491 0.002679090720797 0.002673023634376 0.002499915904391 0.002364720418697 0.002314353344993 0.002536549233312
8.50167224080268 0.022581997497163 0.00267507809631 0.002681322618734 0.002681322617647 0.002681322618493 0.002675078096672 0.002501997730135 0.002366568948663 0.002316088529749 0.002538589242825
8.50501672240803 0.022020615986413 0.002677244504195 0.002683676024944 0.002683676024759 0.002683676025018 0.00267724450427 0.002504193291681 0.002368518526396 0.002317918478692 0.002540740582933
8.50836120401338 0.021490756569126 0.002679413427259 0.002686032053706 0.002686032053031 0.002686032053603 0.002679413426787 0.002506391705822 0.002370470702033 0.002319750771736 0.002542894595919
8.51170568561873 0.020989845902904 0.00268158486665 0.002688390704133 0.002688390704424 0.002688390704389 0.002681584866309 0.002508592978334 0.002372425476047 0.002321585409867 0.002545051284784
8.51505016722408 0.020515583369729 0.002683758830422 0.002690751984758 0.00269075198435 0.002690751984662 0.002683758829825 0.002510797115335 0.002374382858974 0.002323422404967 0.002547210657735
8.51839464882943 0.020065905866815 0.002685935315281 0.002693115893763 0.002693115893369 0.002693115893891 0.002685935315498 0.002513004115009 0.002376342849203 0.002325261753416 0.00254937271243
8.51851703406814 0.020049892534974 0.002686015008635 0.002693202446419 0.002693202447247 0.00269320244681 0.002686015008177 0.002513084930058 0.002376414620898 0.002325329104735 0.002549451879396
8.52173913043478 0.019638957862657 0.0026881143352 0.002695482440814 0.002695482440441 0.002695482441631 0.002688114334813 0.002515213991252 0.002378305459377 0.002327103468197 0.002551537461645
8.52508361204013 0.019233066008322 0.002690295890826 0.002697851628856 0.00269785162951 0.002697851628721 0.00269029589094 0.002517426747001 0.002380270692196 0.002328947550311 0.002553704907232
8.52842809364548 0.018846717342083 0.002692479979519 0.002700223453381 0.002700223454198 0.002700223453566 0.002692479979277 0.002519642378797 0.002382238548989 0.002330794000347 0.002555875047833
8.53177257525084 0.018478540386905 0.002694666608623 0.002702597921921 0.002702597920905 0.002702597921679 0.002694666608374 0.002521860895524 0.002384209032851 0.002332642825081 0.002558047890489
8.53511705685619 0.018127289134412 0.002696855783913 0.002704975039695 0.00270497503967 0.002704975039624 0.002696855783913 0.002524082303548 0.002386182157146 0.002334494031619 0.002560223442128
8.53846153846154 0.017791828934048 0.002699047505423 0.002707354806191 0.002707354806152 0.002707354805985 0.002699047505462 0.002526306601521 0.002388157917537 0.002336347619746 0.002562401701649
8.5385370741483 0.01778442661919 0.002699097036636 0.002707408585479 0.002707408586229 0.002707408585021 0.002699097036949 0.002526356873606 0.002388202573254 0.002336389512369 0.0025624509313
8.54180602006689 0.017471124355748 0.002701241781814 0.002709737229235 0.002709737228127 0.002709737228827 0.002701241781892 0.00252853380367 0.002390136327595 0.002338203600271 0.002564582680712
8.54515050167224 0.017164228570614 0.002703438612098 0.002712122307969 0.002712122307738 0.002712122307802 0.002703438612347 0.002530763904616 0.002392117385075 0.002340061971768 0.002566766376603
8.54849498327759 0.016870274052547 0.002705638005583 0.002714510049938 0.00271451005035 0.002714510049799 0.002705638005711 0.002532996916838 0.002394101101025 0.002341922744069 0.002568952799614
8.55183946488294 0.016588464485309 0.002707839963179 0.002716900456175 0.002716900456722 0.002716900456537 0.002707839962927 0.002535232841741 0.00239608747766 0.002343785920935 0.002571141951503
8.55518394648829 0.016318067554938 0.002710044480899 0.002719293522329 0.002719293522077 0.002719293522503 0.002710044480722 0.002537471674625 0.002398076514002 0.002345651495393 0.002573333828259
8.55852842809365 0.016058408713857 0.002712251569349 0.002721689258898 0.002721689259282 0.002721689259172 0.002712251569751 0.002539713429663 0.002400068218801 0.002347519482893 0.002575528441838
8.55855711422846 0.016056226190397 0.002712270510003 0.002721709818946 0.00272170981977 0.002721709818626 0.00271227051017 0.002539732669767 0.002400085313074 0.002347535514112 0.002575547276521
8.561872909699 0.015808865530936 0.002714461238284 0.002724087674217 0.002724087674636 0.00272408767492 0.002714461238682 0.002541958113142 0.002402062604702 0.002349389891229 0.002577725800926
8.56521739130435 0.015568862780967 0.002716673490895 0.002726488773 0.002726488772801 0.002726488772709 0.002716673491129 0.002544205734871 0.002404059676621 0.002351262725938 0.002579925911725
8.5685618729097 0.015337868033768 0.002718888323685 0.002728892547843 0.002728892547964 0.002728892548014 0.002718888323741 0.00254645628619 0.002406059431323 0.002353137983 0.002582128768857
8.57190635451505 0.015115387787418 0.002721105740982 0.00273129900507 0.002731299005767 0.002731299005802 0.002721105741223 0.002548709774665 0.002408061874149 0.002355015669558 0.002584334377488
8.5752508361204 0.014900963930039 0.002723325750196 0.002733708150174 0.002733708149719 0.002733708150494 0.002723325750168 0.002550966208609 0.002410067013471 0.002356895789681 0.002586542746052
8.57857715430862 0.014695273840069 0.002725536276579 0.002736106881066 0.002736106881294 0.002736106880867 0.002725536276166 0.002553213312119 0.002412063942252 0.002358768121447 0.002588741861409
8.57859531772575 0.014694170659539 0.002725548351798 0.002736119984839 0.002736119985038 0.002736119984668 0.002725548352224 0.00255322558823 0.002412074851755 0.002358778349389 0.002588753874967
8.5819397993311 0.014494611638916 0.002727773548706 0.002738534508495 0.002738534508026 0.002738534508651 0.002727773548358 0.002555487917142 0.002414085393156 0.00236066334972 0.002590967767858
8.58528428093645 0.014301917553148 0.00273000134726 0.002740951730623 0.002740951731361 0.002740951730445 0.002730001347089 0.00255775320462 0.00241609864576 0.002362550799916 0.002593184432975
8.58862876254181 0.014115743792921 0.002732231753157 0.002743371653601 0.002743371653786 0.002743371654077 0.002732231752972 0.002560021453775 0.002418114614279 0.002364440704184 0.002595403873755
8.59197324414716 0.013935768447489 0.002734464770491 0.002745794282177 0.002745794282902 0.002745794281672 0.0027344647701 0.00256229267216 0.002420133306934 0.002366333067975 0.002597626096801
8.59531772575251 0.013761690454729 0.002736700400881 0.002748219616556 0.002748219616784 0.002748219616564 0.002736700400462 0.002564566861274 0.002422154726247 0.00236822789379 0.002599851104371
8.59859719438878 0.013596450843842 0.002738895118185 0.002750600440372 0.002750600439946 0.002750600440756 0.002738895118036 0.00256679973338 0.002424139505827 0.002370088286881 0.002602035570497
8.59866220735786 0.013593227949556 0.002738938647781 0.002750647660292 0.00275064765917 0.0027506476601 0.002738938647063 0.002566844022283 0.00242417887452 0.002370125185088 0.002602078897766
8.60200668896321 0.013430116748864 0.002741179524016 0.00275307842557 0.002753078425563 0.002753078425663 0.002741179523426 0.002569124173149 0.002426205767442 0.002372024960067 0.002604309493179
8.60535117056856 0.013272108994542 0.002743423017201 0.002755511900361 0.002755511899743 0.002755511900141 0.002743423016945 0.002571407299293 0.002428235394547 0.002373927202079 0.002606542877984
8.60869565217391 0.013118971911077 0.002745669139159 0.00275794809388 0.002757948093887 0.002757948093979 0.002745669139244 0.002573693413581 0.002430267766357 0.002375831925796 0.002608779062818
8.61204013377926 0.012970486676764 0.002747917900699 0.002760387018363 0.002760387018121 0.002760387018334 0.002747917901075 0.002575982530871 0.002432302898697 0.002377739141615 0.002611018061991
8.61538461538462 0.012826447376554 0.002750169297734 0.00276282866762 0.002762828668537 0.00276282866767 0.002750169297329 0.002578274641564 0.002434340783438 0.002379648848041 0.002613259868262
8.61861723446894 0.012691268757465 0.002752347897861 0.002765191241835 0.002765191242247 0.002765191242155 0.002752347897712 0.002580492939018 0.002436313130417 0.002381497048368 0.002615429364596
8.61872909698997 0.012686660071054 0.002752423333966 0.002765273046464 0.00276527304559 0.002765273046826 0.002752423334037 0.002580569754826 0.002436381432531 0.002381561049098 0.002615504489064
8.62207357859532 0.012550941961855 0.002754680012217 0.002767720153841 0.002767720153955 0.002767720154232 0.002754680011364 0.002582867872221 0.002438424842921 0.002383475746413 0.002617751924838
8.62541806020067 0.012419120583452 0.002756939342703 0.002770170004972 0.002770170005256 0.002770170004602 0.002756939342788 0.002585169007482 0.002440471032813 0.002385392955702 0.002620002190241
8.62876254180602 0.012291033069253 0.002759201319058 0.002772622587443 0.002772622587024 0.002772622587486 0.002759201319428 0.002587473151522 0.002442519992634 0.002387312665761 0.002622255275462
8.63210702341137 0.012166525530745 0.002761465955977 0.002775077917448 0.002775077917256 0.002775077917001 0.002761465956347 0.002589780317514 0.002444571738373 0.002389234896327 0.002624511195663
8.63545150501672 0.012045452420033 0.002763733252472 0.002777535993843 0.002777535994149 0.002777535994184 0.002763733252706 0.002592090512493 0.002446626272082 0.002391159646358 0.002626769953579
8.6386372745491 0.011933192479852 0.002765895434138 0.00277987998156 0.002779879982128 0.002779879981333 0.002765895434656 0.002594293894134 0.00244858590797 0.002392995407114 0.002628924164767
8.63879598662207 0.011927675971563 0.002766003216117 0.002779996823186 0.002779996823648 0.002779996823158 0.002766003215974 0.002594403738726 0.00244868360231 0.002393086923227 0.002629031554633
8.64214046822742 0.011813065694618 0.002768275848133 0.002782460406095 0.00278246040579 0.002782460406252 0.00276827584802 0.002596720000284 0.002450743731558 0.002395016730127 0.002631296001617
8.64548494983278 0.01170149792388 0.002770551159202 0.00278492675362 0.002784926752632 0.002784926753343 0.002770551159017 0.002599039308791 0.002452806671734 0.002396949078026 0.002633563305416
8.64882943143813 0.01159285531012 0.002772829143851 0.002787395858284 0.002787395857979 0.002787395857787 0.002772829143922 0.00260136165879 0.002454872417744 0.002398883961675 0.002635833460687
8.65217391304348 0.011487026493093 0.002775109806713 0.002789867724346 0.002789867725092 0.002789867724864 0.002775109806322 0.002603687054666 0.002456940977943 0.00240082138815 0.00263810647337
8.65551839464883 0.011383905697258 0.002777393152542 0.002792342357047 0.002792342356855 0.002792342357083 0.002777393152719 0.002606015505016 0.002459012355516 0.002402761364635 0.002640382348737
8.65865731462926 0.011289496829974 0.002779538607498 0.002794667416687 0.002794667416396 0.002794667416474 0.002779538607328 0.002608203628171 0.002460958995812 0.002404584431545 0.002642520955142
8.65886287625418 0.011283392390382 0.002779679188237 0.002794819762308 0.002794819762592 0.00279481976267 0.002779679188507 0.002608347014188 0.002461086561638 0.002404703895799 0.002642661093446
8.66220735785953 0.011185390953592 0.002781967917812 0.002797299942863 0.002797299942763 0.00279729994292 0.002781967917869 0.002610681588493 0.002463163599515 0.002406648987751 0.002644942712124
8.66555183946488 0.011089810393443 0.002784259333062 0.00279978289057 0.002799782889731 0.002799782890143 0.002784259333637 0.002613019220021 0.002465243462375 0.002408596632783 0.002647227197386
8.66889632107023 0.010996564063262 0.002786553463558 0.0028022686326 0.002802268632372 0.002802268632706 0.002786553463814 0.002615359936776 0.002467326181282 0.002410546860958 0.002649514577627
8.67224080267559 0.01090556940764 0.00278885029369 0.002804757154195 0.002804757153605 0.002804757154351 0.002788850293541 0.002617703727431 0.002469411742212 0.002412499658575 0.002651804839743
8.67558528428094 0.010816747712468 0.002791149832092 0.002807248464237 0.002807248464855 0.002807248464549 0.002791149831886 0.002620050598708 0.00247150015624 0.002414455035314 0.002654097992078
8.67867735470942 0.010736497456342 0.002793278231103 0.002809554233323 0.002809554233409 0.002809554233657 0.002793278231337 0.002622223095692 0.002473433494224 0.002416265133391 0.002656220651808
8.67892976588629 0.010730023894603 0.002793452082912 0.002809742565489 0.002809742566072 0.002809742565432 0.00279345208267 0.002622400558423 0.002473591427055 0.002416412994997 0.002656394039747
8.68227424749164 0.01064532630528 0.002795757049185 0.002812239460205 0.002812239460411 0.002812239460496 0.002795757048773 0.002624753608096 0.002475685560292 0.002418373543726 0.002658692986486
8.68561872909699 0.010562586520479 0.002798064743658 0.002814739161693 0.002814739160925 0.002814739161714 0.002798064743651 0.00262710976201 0.002477782571958 0.002420336695224 0.00266099484616
8.68896321070234 0.010481739170579 0.00280037516152 0.002817241661845 0.002817241661603 0.00281724166171 0.002800375161343 0.002629469013115 0.002479882451809 0.002422302442618 0.002663299610042
8.69230769230769 0.010402721746175 0.002802688303596 0.002819746962942 0.002819746962658 0.002819746963176 0.002802688302985 0.002631831367395 0.00248198521102 0.002424270789767 0.00266560728523
8.69565217391304 0.010325474496142 0.002805004180857 0.002822255075237 0.002822255074804 0.002822255074904 0.002805004180793 0.00263419683391 0.00248409085556 0.002426241748175 0.002667917880018
8.69869739478958 0.010256630602918 0.002807115213962 0.002824541207808 0.00282454120844 0.002824541208021 0.002807115214225 0.002636353347597 0.002486010599917 0.002428038620074 0.002670024264162
8.69899665551839 0.010249940215509 0.002807322790815 0.00282476599542 0.002824765995456 0.002824765995648 0.002807322790851 0.002636565411535 0.002486199386226 0.002428215317991 0.002670231393417
8.70234113712375 0.010176064160667 0.002809644151967 0.002827279740259 0.002827279740181 0.002827279740039 0.002809644151832 0.00263893711827 0.002488310820993 0.002430191516339 0.002672547842423
8.7056856187291 0.010103793875764 0.002811968250739 0.002829796296616 0.002829796296169 0.002829796296503 0.002811968251379 0.002641311941737 0.002490425153731 0.002432170331289 0.002674867216463
8.70903010033445 0.010033079125975 0.002814295092044 0.002832315668861 0.002832315669018 0.002832315669053 0.002814295092435 0.002643689889076 0.002492542384957 0.002434151770231 0.002677189520895
8.7123745819398 0.009963871743885 0.002816624695924 0.002834837874936 0.002834837875106 0.002834837875874 0.002816624695619 0.002646070979637 0.002494662536471 0.002436135851326 0.002679514774094
8.71571906354515 0.009896125525664 0.002818957053357 0.002837362909133 0.002837362908878 0.002837362909034 0.002818957053499 0.002648455206064 0.002496785604315 0.002438122570432 0.002681842970411
8.71871743486974 0.009836595907665 0.002821050390736 0.00283962904264 0.002839629041588 0.002839629042171 0.002821050390381 0.00265059536607 0.002498691447535 0.002439905938267 0.002683932735671
8.7190635451505 0.009829796143151 0.00282129217392 0.002839890775356 0.002839890775554 0.002839890775434 0.002821292173721 0.002650842574781 0.002498911594635 0.002440111933865 0.002684174115601
8.72240802675585 0.009764841053972 0.002823630058785 0.002842421477311 0.00284242147869 0.002842421477858 0.002823630058593 0.002653233093142 0.002501040515405 0.00244210394834 0.002686508216712
8.7257525083612 0.009701219388631 0.002825970712969 0.002844955018645 0.002844955018986 0.002844955018375 0.002825970712919 0.002655626764231 0.002503172369586 0.002444098616074 0.002688845276296
8.72909698996656 0.009638891889416 0.002828314143862 0.002847491404722 0.002847491403891 0.002847491404509 0.002828314144374 0.002658023594762 0.002505307167091 0.00244609594548 0.002691185301046
8.73244147157191 0.009577820837279 0.002830660353141 0.002850030638534 0.002850030638918 0.002850030638676 0.002830660353006 0.002660423589624 0.002507444909313 0.00244809594394 0.002693528295993
8.73578595317726 0.009517969965465 0.002833009348585 0.002852572726063 0.002852572726901 0.002852572726141 0.002833009348691 0.00266282675566 0.002509585607868 0.002450098615327 0.002695874267467
8.7387374749499 0.009466136939324 0.002835084655317 0.00285481849366 0.00285481849307 0.002854818493638 0.002835084654919 0.002664950189036 0.002511477232488 0.002451868196999 0.002697947064362
8.73913043478261 0.009459304372633 0.002835361121925 0.002855117660211 0.002855117660332 0.002855117660211 0.002835361121996 0.002665233087853 0.002511729256241 0.002452103955953 0.002698223209713
8.74247491638796 0.009401790503972 0.00283771568678 0.002857665451295 0.0028576654502 0.002857665451231 0.002837715687548 0.002667642595121 0.002513875866107 0.002454111976391 0.002700575133403
8.74581939799331 0.009345396050399 0.002840073052802 0.00286021610782 0.002860216107365 0.002860216107713 0.002840073052347 0.002670055291361 0.002516025450063 0.0024561226884 0.00270293005066
8.74916387959866 0.009290089905342 0.002842433212862 0.002862769626361 0.002862769626837 0.002862769626788 0.002842433212699 0.002672471173177 0.002518178006483 0.00245813609142 0.002705287957255
8.75250836120401 0.009235842097361 0.00284479617784 0.002865326012952 0.002865326012547 0.00286532601293 0.002844796178231 0.002674890244734 0.002520333541391 0.002460152190658 0.002707648859584
8.75585284280936 0.009182623757432 0.002847161945553 0.002867885266916 0.002867885267563 0.002867885266966 0.002847161945482 0.002677312509924 0.002522492059299 0.002462170988274 0.002710012760396
8.75875751503006 0.009137217469942 0.002849218886531 0.002870110299583 0.002870110300897 0.002870110300307 0.002849218886325 0.002679418835008 0.0025243691478 0.00246392650098 0.002712068236441
8.75919732441472 0.009130407051117 0.002849530523818 0.002870447394777 0.002870447394919 0.002870447394685 0.002849530523974 0.002679737976024 0.002524653566077 0.002464192493207 0.002712379665539
8.76254180602007 0.009079165148826 0.002851901921304 0.002873012403597 0.002873012404031 0.002873012403462 0.002851901921531 0.002682166653322 0.00252681807163 0.002466216714076 0.002714749585117
8.76588628762542 0.009028872178867 0.002854276143253 0.002875580299417 0.002875580299445 0.002875580299396 0.002854276143331 0.002684598544377 0.002528985586657 0.002468243656111 0.002717122524402
8.76923076923077 0.008979503162962 0.002856653191721 0.002878151082186 0.00287815108306 0.00287815108242 0.002856653191643 0.002687033655349 0.002531156112354 0.00247027332626 0.002719498486748
8.77257525083612 0.008931033999481 0.002859033063913 0.002880724748934 0.002880724748728 0.002880724748856 0.002859033063693 0.002689471979821 0.002533329644237 0.002472305718008 0.002721877466747
8.77591973244147 0.008883441421546 0.002861415760876 0.002883301302006 0.002883301302624 0.002883301302454 0.00286141576089 0.002691913526725 0.002535506190711 0.002474340837637 0.002724259471798
8.77877755511022 0.008843451662734 0.002863454002316 0.002885505236435 0.002885505236435 0.002885505236691 0.002863454002117 0.00269400236477 0.002537368426395 0.002476082000918 0.002726297276361
8.77926421404682 0.008836702956209 0.002863801299142 0.002885880755883 0.002885880755933 0.002885880755969 0.002863801299171 0.002694358307302 0.002537685768196 0.002476378704714 0.002726644515477
8.78260869565217 0.008790796899532 0.002866189678265 0.002888463106025 0.002888463105819 0.002888463105634 0.002866189678436 0.002696806322788 0.00253986837086 0.002478419310592 0.002729032594992
8.78595317725753 0.008745702275206 0.002868580896241 0.002891048355004 0.002891048355217 0.002891048354762 0.002868580896802 0.00269925757209 0.002542054008664 0.00248046266325 0.002731423713897
8.78929765886288 0.008701398811603 0.00287097497047 0.00289363651666 0.002893636516845 0.002893636517335 0.002870974970712 0.002701712075435 0.002544242696331 0.002482508777618 0.002733817888299
8.79264214046823 0.00865786690516 0.002873371898176 0.002896227587719 0.002896227587733 0.002896227587847 0.002873371897863 0.002704169825542 0.002546434429654 0.002484557652004 0.002736215113814
8.79598662207358 0.008615087597754 0.002875771684401 0.002898821573069 0.002898821573481 0.002898821573368 0.00287577168428 0.002706630834425 0.002548629218431 0.002486609294301 0.002738615399146
8.79879759519038 0.008579701047388 0.002877790865341 0.002901004018568 0.002901004019165 0.002901004018923 0.002877790865362 0.002708701779291 0.002550476257561 0.002488335797374 0.002740635155646
8.79933110367893 0.008573042548313 0.002878174328679 0.00290141847222 0.002901418472426 0.002901418471495 0.002878174328686 0.002709095100506 0.002550827063615 0.002488663704114 0.002741018744302
8.80267558528428 0.008531714009614 0.002880579840742 0.002904018293513 0.002904018293208 0.002904018293208 0.002880579840806 0.002711562628782 0.002553027976298 0.002490720892219 0.00274342515624
8.80602006688963 0.008491084801207 0.002882988224549 0.002906621038662 0.002906621039138 0.002906621039045 0.002882988224506 0.002714033430685 0.00255523196055 0.002492780864813 0.002745834642283
8.80936454849498 0.008451138289054 0.002885399482714 0.002909226712362 0.0029092267118 0.002909226712269 0.002885399483013 0.002716507506975 0.002557439022056 0.002494843625151 0.002748247205133
8.81270903010033 0.008411858361455 0.002887813613405 0.002911835309696 0.002911835309156 0.002911835308936 0.002887813612695 0.002718984853225 0.00255964916046 0.002496909171249 0.002750662841493
8.81605351170569 0.008373229423185 0.002890230627131 0.002914446841764 0.002914446841892 0.002914446842446 0.002890230626761 0.002721465487404 0.002561862386059 0.002498977516225 0.002753081565395
8.81881763527054 0.008341784239157 0.002892230412293 0.002916607430016 0.002916607430016 0.002916607429846 0.00289223041198 0.002723518155982 0.002563693904101 0.002500689074033 0.002755082918014
8.81939799331104 0.008335236368723 0.002892650542307 0.002917061326038 0.00291706132581 0.002917061325675 0.002892650542996 0.00272394942354 0.002564078722074 0.002501048680408 0.002755503393971
8.82274247491639 0.0082978645301 0.0028950733439 0.002919678746963 0.002919678746579 0.002919678746636 0.002895073344007 0.002726436649724 0.002566298153852 0.002503122648228 0.002757928313891
8.82608695652174 0.008261099706139 0.002897499038426 0.002922299109812 0.002922299109727 0.002922299110068 0.002897499037985 0.002728927168732 0.002568520687383 0.002505199427908 0.002760356329915
8.82943143812709 0.008224928125316 0.002899927633983 0.002924922422558 0.002924922422835 0.002924922422046 0.002899927634154 0.002731420996007 0.002570746334769 0.002507279029366 0.002762787453349
8.83277591973244 0.008189336430135 0.002902359134275 0.002927548685925 0.002927548685626 0.002927548685939 0.002902359134573 0.002733918129536 0.002572975100279 0.0025093614558 0.002765221685635
8.83612040133779 0.008154311666793 0.002904793546882 0.00293017791067 0.002930177910677 0.002930177910805 0.002904793546435 0.002736418582089 0.002575206994919 0.002511446720206 0.002767659038462
8.8388376753507 0.008126263999664 0.002906773564241 0.002932316239338 0.002932316239807 0.002932316239949 0.002906773564305 0.002738452555214 0.002577022632423 0.002513143009452 0.002769641596565
8.83946488294314 0.00811984125513 0.002907230868992 0.002932810090847 0.002932810090911 0.002932810090584 0.002907230869269 0.00273892235078 0.002577442014868 0.00251353481741 0.002770099507323
8.8428093645485 0.008085912995575 0.002909671108675 0.002935445233355 0.00293544523273 0.002935445233184 0.002909671108647 0.002741429442175 0.002579680171088 0.002515625756054 0.002772543099589
8.84615384615385 0.008052515045229 0.002912114264362 0.002938083335849 0.002938083335494 0.002938083335437 0.002912114264191 0.002743939853509 0.002581921461193 0.002517719536563 0.002774989813823
8.8494983277592 0.008019635908582 0.002914560348827 0.002940724412127 0.00294072441244 0.002940724412298 0.002914560349026 0.002746453604829 0.00258416590394 0.002519816175685 0.002777439668186
8.85284280936455 0.007987264417302 0.002917009376745 0.00294336847498 0.002943368475322 0.002943368475229 0.002917009376596 0.002748970707671 0.002586413513619 0.002521915686515 0.002779892673836
8.8561872909699 0.007955389710517 0.002919461335097 0.002946015511846 0.002946015512016 0.002946015511796 0.002919461334976 0.002751491148913 0.002588664279237 0.002524018060008 0.002782348819487
8.85885771543086 0.007930288750501 0.002921421222119 0.00294813118964 0.002948131189854 0.002948131189513 0.002921421222219 0.002753506009782 0.002590463683667 0.002525698767023 0.002784312199708
8.85953177257525 0.007924001250693 0.002921916228892 0.002948665523924 0.002948665523412 0.00294866552359 0.002921916228352 0.002754014933693 0.002590918204412 0.002526123297052 0.002784808108302
8.8628762541806 0.007893088796152 0.002924374073793 0.002951318528687 0.002951318528261 0.002951318528112 0.002924374073679 0.00275654208076 0.002593175311311 0.002528231420207 0.002787270560006
8.86622073578595 0.00786264238657 0.002926834860205 0.002953974515471 0.0029539745154 0.002953974515805 0.002926834860617 0.002759072579906 0.002595435588482 0.002530342419831 0.00278973616394
8.8695652173913 0.007832652343957 0.002929298603242 0.002956633497163 0.002956633497035 0.002956633496844 0.002929298602815 0.002761606446377 0.002597699055293 0.002532456310085 0.002792204935218
8.87290969899666 0.007803109261488 0.0029317652955 0.002959295468699 0.002959295467839 0.002959295468607 0.002931765294925 0.002764143674938 0.002599965703794 0.002534573088674 0.002794676868724
8.87625418060201 0.007774003979641 0.002934234951496 0.002961960441155 0.002961960441446 0.002961960440942 0.00293423495166 0.002766684279493 0.002602235551699 0.002536692766775 0.002797151977525
8.87887775551102 0.007751473004483 0.002936174349578 0.002964053080426 0.002964053081257 0.002964053080596 0.002936174349642 0.002768679622349 0.002604018376822 0.002538357583802 0.002799095802651
8.87959866220736 0.007745327599466 0.00293670757442 0.002964628416883 0.002964628416969 0.002964628416485 0.002936707574015 0.002769228262707 0.002604508602602 0.002538815351699 0.002799630264796
8.88294314381271 0.007717071458828 0.002939183171229 0.002967299404673 0.002967299404588 0.002967299404524 0.002939183171215 0.002771775635665 0.002606784868391 0.002540940853677 0.00280211174266
8.88628762541806 0.007689227127777 0.002941661745012 0.00296997340277 0.002969973402244 0.0029699734026 0.002941661744664 0.002774326399425 0.002609064348 0.002543069271709 0.002804596408893
8.88963210702341 0.007661786386812 0.002944143289284 0.002972650406598 0.002972650406413 0.002972650407308 0.002944143288858 0.002776880548474 0.002611347040897 0.002545200605397 0.00280708426088
8.89297658862876 0.00763474126277 0.002946627813387 0.002975330425308 0.002975330425414 0.002975330425663 0.00294662781311 0.002779438093228 0.002613632958251 0.002547334865262 0.002809575307786
8.89632107023411 0.007608083986213 0.002949115333294 0.002978013473225 0.002978013473104 0.002978013473445 0.002949115333429 0.002781999051969 0.002615922115965 0.002549472065297 0.00281206956663
8.89889779559118 0.007587805862578 0.002951033858757 0.002980082662312 0.0029800826619 0.002980082662646 0.002951033858785 0.00278397443828 0.002617687982514 0.002551120653749 0.002813993429271
8.89966555183947 0.007581806971757 0.002951605837836 0.002980699537083 0.002980699536273 0.002980699537027 0.0029516058379 0.002784563407673 0.00261821450426 0.002551612196378 0.002814567023961
8.90301003344482 0.007555902852253 0.002954099345317 0.002983388636373 0.002983388636153 0.002983388635975 0.002954099345459 0.002787131186672 0.002620510145569 0.00255375528311 0.002817067702168
8.90635451505017 0.007530364438502 0.002956595850982 0.002986080764103 0.002986080763222 0.002986080764245 0.002956595851373 0.002789702381442 0.002622809035358 0.002555901315084 0.00281957159546
8.90969899665552 0.00750518473388 0.002959095368183 0.002988775933019 0.002988775932828 0.002988775933325 0.002959095368112 0.002792277007451 0.002625111190241 0.002558050312899 0.0028220787188
8.91304347826087 0.00748035691489 0.002961597893353 0.002991474139129 0.002991474139812 0.002991474138788 0.002961597893716 0.002794855059406 0.002627416603794 0.002560202270551 0.002824589066243
8.91638795986622 0.007455874339428 0.002964103439908 0.00299417539474 0.002994175395351 0.002994175394676 0.002964103439567 0.002797436552925 0.002629725297162 0.002562357202279 0.002827102654905
8.91891783567134 0.00743758029666 0.002966000719042 0.002996220733323 0.002996220733444 0.002996220734325 0.002966000718907 0.002799391558845 0.002631473840779 0.002563989237089 0.00282900616228
8.91973244147157 0.007431730519777 0.002966612000186 0.002996879692247 0.002996879692112 0.002996879692169 0.002966612000321 0.002800021479828 0.002632037260184 0.002564515106165 0.002829619475605
8.92307692307692 0.007407919131929 0.002969123574005 0.002999587031454 0.002999587031312 0.002999587030835 0.002969123574275 0.002802609842938 0.002634352498383 0.002566675980141 0.002832139531094
8.92642140468228 0.007384434029632 0.00297163818346 0.003002297430804 0.003002297430498 0.00300229743074 0.002971638183986 0.002805201662923 0.002636671031716 0.002568839850568 0.002834662841657
8.92976588628763 0.007361269199286 0.002974155830557 0.003005010892238 0.003005010892359 0.003005010892586 0.00297415583001 0.002807796941788 0.00263899286341 0.002571006714838 0.002837189408893
8.93311036789298 0.007338418765798 0.002976676502577 0.003007727402874 0.003007727403798 0.003007727403684 0.002976676502236 0.00281039567033 0.002641317986736 0.002573176568163 0.002839719224717
8.93645484949833 0.007315877030479 0.002979200221851 0.003010446986181 0.003010446987076 0.00301044698702 0.002979200221908 0.002812997869462 0.00264364642468 0.002575349431815 0.002842252309456
8.9389378757515 0.007299337845453 0.002981075864007 0.003012468056099 0.003012468055815 0.00301246805617 0.002981075864163 0.002814932049574 0.002645377257451 0.002576964566408 0.002844135047205
8.93979933110368 0.007293638405521 0.002981726985503 0.003013169635381 0.003013169636048 0.003013169635103 0.002981726985631 0.002815603534863 0.002645978173277 0.002577525302783 0.002844788659026
8.94314381270903 0.007271697451749 0.002984256804218 0.00301589536047 0.003015895360342 0.003015895360655 0.002984256804062 0.002818212682833 0.002648313247043 0.002579704197863 0.002847328287842
8.94648829431438 0.00725004885301 0.002986789675468 0.003018624161264 0.003018624161086 0.003018624161406 0.00298678967502 0.002820825306635 0.002650651646981 0.002581886112367 0.002849871193142
8.94983277591973 0.00722868742546 0.002989325602918 0.003021356036982 0.003021356037991 0.003021356037749 0.002989325603231 0.002823441413554 0.00265299337601 0.002584071050627 0.002852417378065
8.95317725752508 0.007207608105176 0.002991864609008 0.003024091010523 0.003024091010595 0.003024091011028 0.002991864609093 0.002826061024898 0.002655338458197 0.002586259039603 0.002854966865065
8.95652173913044 0.007186805939277 0.002994406668563 0.003026829056665 0.003026829056488 0.003026829056402 0.00299440666862 0.002828684117837 0.002657686871977 0.00258845005208 0.002857519631327
8.95895791583166 0.007171824999084 0.0029962602854 0.003028825444396 0.003028825444325 0.003028825444325 0.00299626028562 0.002830597029593 0.002659399609271 0.002590047943855 0.002859381189189
8.95986622073579 0.007166276108592 0.002996951805287 0.003029570197221 0.003029570197199 0.003029570197334 0.002996951805414 0.002831310716246 0.002660038641821 0.002590644117213 0.0028600757013
8.96321070234114 0.007146013898144 0.002999500020216 0.00303231443386 0.00303231443403 0.00303231443408 0.002999500020628 0.002833940820658 0.002662393771821 0.002592841235426 0.002862635075225
8.96655518394649 0.007126014701385 0.003002051322952 0.003035061772351 0.0030350617727 0.003035061772657 0.003002051323307 0.002836574440089 0.00266475226983 0.002595041416555 0.002865197761842
8.96989966555184 0.007106274013559 0.003004605708981 0.003037812210756 0.00303781221065 0.003037812210607 0.003004605709123 0.002839211572756 0.002667114137275 0.002597244659334 0.002867763760136
8.97324414715719 0.007086787433629 0.003007163181891 0.003040565749515 0.003040565749288 0.003040565749785 0.003007163182339 0.002841852223654 0.002669479377865 0.00259945096991 0.002870333072842
8.97658862876254 0.007067550665781 0.00300972374778 0.003043322393751 0.003043322393282 0.003043322393822 0.003009723747603 0.002844496395774 0.002671847999743 0.00260166035212 0.002872905705694
8.97897795591183 0.007053958406097 0.00301155493748 0.003045293671292 0.003045293670745 0.003045293670532 0.003011554937842 0.002846387578984 0.002673542239343 0.002603240643062 0.002874745656044
8.97993311036789 0.00704855951895 0.00301228741548 0.003046082154214 0.003046082154903 0.003046082154071 0.003012287415487 0.002847144103278 0.002674220015429 0.002603872821261 0.002875481670898
8.98327759197325 0.007029809884912 0.003014854191896 0.003048845032431 0.003048845032211 0.003048845032588 0.003014854191186 0.002849795349242 0.002676595427694 0.002606088380873 0.002878060971391
8.98662207357859 0.007011297749052 0.003017424078671 0.003051611033811 0.003051611033861 0.003051611034401 0.00301742407882 0.002852450139493 0.002678974247381 0.00260830703872 0.002880643614795
8.98996655518395 0.006993019185082 0.003019997077679 0.003054380157408 0.003054380157032 0.003054380157479 0.003019997078042 0.002855108474684 0.002681356474589 0.002610528797 0.002883229599959
8.9933110367893 0.00697497035987 0.0030225731957 0.003057152407742 0.003057152407649 0.003057152407969 0.003022573196091 0.002857770363171 0.002683742119238 0.00261275366023 0.002885818935219
8.99665551839465 0.006957147525121 0.003025152444742 0.003059927797693 0.003059927798361 0.003059927797487 0.003025152444621 0.002860435813197 0.002686131193812 0.00261498164727 0.00288841163129
8.99899799599199 0.006944796990609 0.003026960806025 0.003061873541654 0.003061873541071 0.003061873541533 0.003026960806601 0.002862304812957 0.002687806537331 0.002616543978405 0.002890229551817
9 0.006939546997558 0.003027734812378 0.00306270631301 0.003062706313955 0.003062706313301 0.0030277348122 0.002863104820335 0.002688523688036 0.002617212742777 0.002891007679565
9.01901803607215 0.006843519316668 0.003042478871443 0.003078565841953 0.00307856584044 0.003078565842195 0.003042478871414 0.002878349827675 0.002702193882349 0.002629959268695 0.002905833964853
9.03903807615231 0.006749405232895 0.003058110143691 0.003095371392398 0.00309537139222 0.003095371392718 0.003058110143201 0.002894523754641 0.002716705703847 0.002643487872916 0.002921560024632
9.05905811623247 0.006661820661279 0.003073855611675 0.003112290986259 0.003112290986721 0.003112290986124 0.003073855611596 0.002910827707041 0.002731343412428 0.002657131141461 0.002937408837148
9.07907815631263 0.00658020521449 0.00308971630237 0.003129325447752 0.003129325447446 0.003129325447496 0.003089716302775 0.002927262820847 0.002746108468706 0.002670890472231 0.002953381544771
9.09909819639279 0.006504061701563 0.003105693198414 0.003146475554459 0.003146475554622 0.003146475554061 0.003105693198734 0.002943830190091 0.002761002289176 0.002684767228985 0.002969479243916
9.11911823647295 0.006432947589836 0.003121787371541 0.003163742171267 0.003163742171935 0.003163742171004 0.003121787371434 0.002960531004469 0.002776026400007 0.002698762882368 0.002985703130037
9.13913827655311 0.006366467584073 0.003137999817092 0.00318112607502 0.003181126075461 0.003181126074807 0.003137999817042 0.002977366356099 0.002791182246426 0.002712878824866 0.003002054308283
9.15915831663327 0.006304267602737 0.003154331588981 0.003198628106453 0.003198628105679 0.00319862810651 0.003154331588867 0.002994337407685 0.002806471352237 0.002727116531531 0.003018533954034
9.17917835671343 0.006246029494584 0.003170783747315 0.003216249100674 0.0032162490999 0.00321624910061 0.003170783747549 0.003011445321022 0.002821895251557 0.002741477495476 0.003035143247466
9.19919839679359 0.006191466600519 0.003187357325857 0.003233989863638 0.003233989863595 0.003233989863624 0.00318735732607 0.003028691221061 0.002837455454795 0.002755963187106 0.003051883334358
9.21921843687375 0.006140319984652 0.003204053382831 0.003251851223659 0.003251851221918 0.003251851223425 0.003204053382589 0.003046076262521 0.002853153515922 0.002770575119101 0.003068755394715
9.23923847695391 0.006092355183171 0.003220873015408 0.003269834043046 0.003269834043593 0.003269834043031 0.003220873016019 0.003063601636043 0.002868991033019 0.002785314863495 0.003085760646314
9.25925851703407 0.006047359325891 0.003237817268264 0.003287939122878 0.003287939122586 0.003287939122295 0.003237817268655 0.003081268464761 0.002884969556582 0.002800183938682 0.003102900246617
9.27927855711423 0.006005138791892 0.00325488725003 0.003306167327892 0.003306167327885 0.003306167327253 0.003254887250222 0.003099077941314 0.002901090714367 0.002815183952798 0.003120175425288
9.29929859719439 0.005965517025288 0.003272084038514 0.003324519484408 0.003324519483868 0.003324519483684 0.003272084037924 0.003117031223333 0.002917356112995 0.002830316489039 0.003137587378589
9.31931863727455 0.005928332742315 0.003289408726708 0.003342996433418 0.003342996432444 0.003342996433602 0.003289408726765 0.003135129473698 0.002933767381833 0.002845583167705 0.003155137317513
9.33933867735471 0.005849094354119 0.003306862425646 0.003361599023393 0.003361599023116 0.003361599023222 0.003306862425838 0.003153373868912 0.002950326173355 0.002860985633433 0.003172706191172
9.35935871743487 0.005860698331325 0.003324446233314 0.00338032809114 0.003380328091687 0.003380328090842 0.003324446233584 0.003171765577143 0.002967034144348 0.002876525538632 0.003190656047416
9.37937875751503 0.00582998840801 0.003342161256029 0.003399184470638 0.003399184471341 0.003399184469728 0.003342161256136 0.003190305758451 0.002983892960728 0.002892204557334 0.003208627279086
9.39939879759519 0.005801194103498 0.003360008663385 0.003418169058264 0.003418169057845 0.003418169058385 0.003360008663336 0.003208995636605 0.003000904373963 0.002908024442569 0.003226741451236
9.41941883767535 0.005774209885388 0.003377989550977 0.003437282670845 0.00343728267066 0.003437282670561 0.003377989551971 0.003227836352892 0.003018070053514 0.00292398688935 0.003244999771468
9.43943887775551 0.005748938322192 0.003396105033382 0.003456526139615 0.003456526138947 0.003456526139821 0.003396105033659 0.003246829066505 0.003035391708309 0.002940093625924 0.003263403473191
9.45945891783567 0.005725289368016 0.003414356278611 0.003475900340781 0.003475900340554 0.003475900340113 0.003414356278419 0.00326597498001 0.003052871107059 0.002956346451057 0.003281953836101
9.47947895791583 0.005703179598896 0.003432744403796 0.003495406098729 0.003495406099582 0.003495406098587 0.003432744403788 0.003285275241453 0.003070509979416 0.002972747132439 0.003300652094914
9.49949899799599 0.005682531718904 0.003451270595448 0.003515044303221 0.003515044303235 0.003515044303676 0.003451270595541 0.003304731064141 0.003088310131972 0.002989297522923 0.003319499549946
9.51951903807615 0.005663273909967 0.003469935988917 0.003534815781109 0.003534815780384 0.003534815780604 0.003469935988704 0.003324343596525 0.003106273325642 0.003005999438273 0.003338497445363
9.53953907815631 0.005645339443603 0.003488741757977 0.00355472140042 0.003554721400803 0.003554721399411 0.003488741757614 0.003344114024841 0.003124401378749 0.003022854759365 0.003357647069578
9.55955911823647 0.00562866616982 0.003507689040049 0.003574761981028 0.003574761981064 0.003574761980992 0.003507689040113 0.003364043494585 0.003142696071762 0.003039865337215 0.003376949671072
9.57957915831663 0.005613196218583 0.003526779023389 0.003594938392418 0.00359493839202 0.003594938392219 0.003526779023815 0.003384133186728 0.003161159250332 0.00305703309693 0.00339640654439
9.59959919839679 0.005598875560395 0.003546012867801 0.00361525147013 0.003615251470471 0.003615251470158 0.003546012867801 0.003404384252057 0.003179792741648 0.003074359959612 0.003416018960067
9.61961923847695 0.005585653780763 0.003565391773996 0.003635702083677 0.003635702084345 0.003635702083479 0.003565391773698 0.003424797874075 0.003198598420518 0.00309184789856 0.003435788224152
9.63963927855711 0.005573483714258 0.003584916920857 0.00365629107884 0.003656291079224 0.003656291078492 0.003584916920744 0.003445375208081 0.003217578154427 0.003109498890886 0.003455715623147
9.65965931863727 0.0055623212209 0.003604589486173 0.003677019290812 0.003677019288936 0.00367701928996 0.003604589486528 0.003466117395249 0.003236733809366 0.003127314927433 0.003475802435965
9.67967935871743 0.005552124927171 0.003624410629619 0.003697887533214 0.003697887532979 0.003697887532859 0.003624410629136 0.003487025554961 0.003256067248429 0.003145298004128 0.003496049925069
9.6996993987976 0.005542856103965 0.003644381583158 0.003718896688305 0.003718896688433 0.00371889668827 0.003644381583243 0.003508100870206 0.003275580416627 0.003163450210465 0.00351645942397
9.71971943887776 0.005534478348757 0.003664503522813 0.003740047577544 0.003740047577743 0.003740047577772 0.003664503522366 0.003529344457412 0.003295275208387 0.00318177360046 0.003537032207014
9.73973947895792 0.005526957473528 0.003684777637837 0.003761341026085 0.003761341026838 0.003761341026362 0.003684777637943 0.003550757439207 0.003315153539738 0.003200270261075 0.003557769558626
9.75975951903808 0.005520261357766 0.003705205134331 0.003782777877056 0.003782777876864 0.003782777876616 0.0037052051347 0.00357234094421 0.003335217355271 0.003218942317702 0.003578672780506
9.77977955911824 0.005514359773677 0.003725787227708 0.003804358971649 0.00380435897123 0.003804358971699 0.003725787227687 0.003594096103257 0.003355468616469 0.003237791934048 0.003599743180722
9.7997995991984 0.00550922422606 0.003746525080622 0.003826085096783 0.003826085096101 0.003826085096541 0.003746525080743 0.00361602398096 0.003375909234208 0.003256821232974 0.003620982009814
9.81981963927856 0.005504827896523 0.003767419911739 0.003847957087928 0.003847957088048 0.003847957088148 0.003767419911625 0.003638125688298 0.003396541188764 0.003276032419031 0.003642390572423
9.83983967935872 0.005501145490463 0.003788472926317 0.003869975769142 0.003869975769554 0.003869975769568 0.003788472926388 0.003660402323192 0.003417366458109 0.003295427720118 0.003663970165206
9.85985971943888 0.005498153140117 0.003809685337885 0.003892141956364 0.003892141956044 0.003892141955724 0.003809685337593 0.00368285496544 0.003438387025859 0.003315009371114 0.003685722075609
9.87987975951904 0.005495828268614 0.003831058309423 0.003914456418059 0.003914456417718 0.003914456417782 0.003831058308876 0.003705484641259 0.003459604835655 0.003334779599449 0.003707647547628
9.8998997995992 0.005494149580457 0.003852593059335 0.003936919970947 0.003936919971508 0.003936919970819 0.003852593059413 0.003728292427127 0.003481021900029 0.003354740706712 0.003729747877664
9.91991983967936 0.005493096931971 0.003874290789462 0.003959533412157 0.003959533410701 0.003959533411866 0.003874290790009 0.003751279360444 0.003502640213249 0.003374895005173 0.003752024338191
9.93993987975952 0.005492651272043 0.003896152698047 0.003982297525717 0.003982297525326 0.003982297526022 0.00389615269777 0.003774446470004 0.003524461775996 0.003395244816296 0.003774478195297
9.95995991983968 0.005492794543187 0.003918179981916 0.004005213095709 0.004005213096427 0.004005213095667 0.003918179981596 0.00379779477457 0.003546488592434 0.003415792505315 0.003797110713869
9.97997995991984 0.005493509620813 0.003940373788765 0.004028280847457 0.004028280847578 0.004028280847422 0.003940373788538 0.00382132522509 0.003568722623257 0.003436540391405 0.003819923101936
10 0.005494780330352 0.003962735332983 0.004051501573606 0.00405150157372 0.004051501573841 0.00396273533331 0.003845038829823 0.003591165899856 0.003457490904417 0.003842916631804
