0.01 13.9363831552162 13.8468645062963 13.9362355061035 13.9362355061035 13.9362355061035 13.846864506296 13.9344958079001 13.9333058932078 13.9328867012012 13.9344038039535 14.631591637092
0.310581162324649 49.8190517952109 49.6541116151933 49.810761368516 49.8107613685159 49.8107613685158 49.6541116151934 49.7974601510186 49.7903962062081 49.7882037532316 49.7985855975334 51.0418773977323
0.611162324649299 55.4274010242616 55.2884491665876 55.4138335705186 55.4138335705179 55.4138335705186 55.2884491665879 55.4010367490604 55.3948497228713 55.3930069125597 55.4031076662133 56.4377520982232
0.911743486973948 57.5411800632116 57.4196652394888 57.5236959849203 57.52369598492 57.5236959849198 57.4196652394886 57.5124538864973 57.5073355501122 57.5058484474244 57.5151239177819 58.4106685895037
1.2123246492986 58.4364909313569 58.327175903707 58.4158322595489 58.4158322595494 58.4158322595489 58.327175903707 58.4062667261614 58.4020938534688 58.4009018459283 58.4093518047016 59.2068553652761
1.51290581162325 58.7647293866102 58.6644640516451 58.7413756554743 58.7413756554738 58.7413756554744 58.6644640516451 58.7334194438055 58.7300568943574 58.7291080301181 58.7368091078397 59.4607064498918
1.8134869739479 58.7871534664476 58.6939017600309 58.7614463406411 58.7614463406416 58.7614463406412 58.6939017600309 58.754985689803 58.7523196277054 58.7515740495607 58.7586076461131 59.4246016640597
2.11406813627254 58.6294003904465 58.5417615031432 58.6015986635014 58.6015986635017 58.6015986635014 58.5417615031431 58.5965115683986 58.5944496533365 58.5938768558228 58.6003155543514 59.2191582036647
2.41464929859719 58.3592819336339 58.2762429479588 58.3295896960344 58.329589696034 58.3295896960342 58.2762429479591 58.3257576920074 58.324224906258 58.3238011604284 58.3297071855771 58.9091312593374
2.71523046092184 58.016454489248 57.9372530213112 57.9850370914162 57.9850370914154 57.9850370914161 57.9372530213112 57.982348846815 57.9812835646478 57.9809900609475 57.9864164043183 58.5322015408611
3.01581162324649 57.6255137990723 57.5495566870068 57.5925075687414 57.5925075687412 57.5925075687414 57.5495566870072 57.5908596643853 57.5902105908415 57.5900321510837 57.5950241112868 58.1116250953404
3.31639278557114 57.2024124197788 57.1292249324866 57.1679308869286 57.1679308869281 57.1679308869283 57.1292249324866 57.1672275992773 57.1669514825787 57.1668756622153 57.171472243719 57.6624099446378
3.61697394789579 56.7578641067988 56.6870567458216 56.7220021324603 56.7220021324604 56.7220021324605 56.6870567458217 56.7221548886209 56.7222148179126 56.7222312698724 56.7264663350881 57.1945820697493
3.91755511022044 56.2992656758513 56.23051161224 56.2621022449999 56.2621022449996 56.262102245 56.2305116122397 56.2630290055392 56.2633931341026 56.263493149227 56.2673963385347 56.7150236523493
4.21813627254509 55.8318377732742 55.764856970789 55.7934378882833 55.7934378882834 55.7934378882834 55.7648569707892 55.7950625547316 55.7957031307685 55.7958792994208 55.7994767601332 56.228561141847
4.51871743486974 55.3593306061922 55.2938782843501 55.3197465408722 55.319746540872 55.3197465408723 55.2938782843501 55.3219984208299 55.3228910419473 55.3231370003793 55.3264519652151 55.7386365463157
4.81929859719439 54.8844759493497 54.8203339334922 54.8437480212398 54.8437480212398 54.8437480212396 54.8203339334922 54.8465613578479 54.8476843901145 54.8479946272173 54.8510478759525 55.247736217384
5.11987975951904 54.4092853184815 54.3462553421071 54.3674422736923 54.3674422736926 54.3674422736921 54.346255342107 54.3707558360116 54.3720899555674 54.3724596634193 54.3752698940752 54.7576729244187
5.42046092184369 53.9352517312777 53.8731500661683 53.8923107943829 53.8923107943832 53.8923107943826 53.8731500661683 53.8960675216291 53.8975953487435 53.8980203054626 53.9006044351727 54.2697761682345
5.72104208416834 53.4634892898648 53.4021422682365 53.4194559002252 53.4194559002252 53.419455900225 53.4021422682367 53.4236025921835 53.4253083959445 53.4257848727147 53.428158283636 53.7850234289123
6.02162324649299 52.9948316571004 52.9340717671968 52.9496988885176 52.9496988885176 52.9496988885175 52.9340717671967 52.954185934874 52.9560553924286 52.9565800788866 52.9587568208112 53.3041324272231
6.32220440881764 52.5299027621405  52.4836503986351 52.4836503986352 52.4836503986346 52.4695650675474 52.4884315408754 52.4904515393191 52.491021483056 52.4930144416684 52.8276270791136
6.62278557114229 52.0691683924655 52.009087063532 52.0217616080773 52.0217616080766 52.0217616080769 52.0090870635321 52.0267937285135 52.0289522004457 52.0295647574764 52.0313857951317 52.355885348771
6.92336673346693 51.6129744203531 51.5529791782798 51.5643619800145 51.5643619800143 51.5643619800142 51.5529791782798 51.5696049134377 51.571890699344 51.5725434932209 51.5742035675795 51.8891744276486
7.22394789579158 51.1615755680723 51.1014878335212 51.1116874274903 51.1116874274902 51.1116874274899 51.1014878335213 51.1171037916634 51.1195065238984 51.1201974116574 51.1217066763442 51.4276769000236
7.52452905811623 50.7151574223287 50.6547859268253 50.6639015498158 50.6639015498161 50.6639015498152 50.6547859268253 50.6694565917387 50.6719665960072 50.6726936396196 50.674061530184 50.9715104079165
7.82511022044088 50.2738536328104 50.2129891888448 50.2211117980056 50.2211117980061 50.2211117980049 50.2129891888446 50.2267732534007 50.2293814645701 50.2301429068073 50.2313782145961 50.5207425678372
8.12569138276553 49.8377597260924 49.7761687471073 49.7833818844589 49.7833818844592 49.7833818844583 49.7761687471073 49.7891198484116 49.7918177381206 49.7926119820355 49.7937229180491 50.0754023793786
8.42627254509018 49.4069446563821 49.3443608501042 49.3507413821032 49.3507413821037 49.3507413821027 49.3443608501041 49.3565281891464 49.3593077032149 49.3601332945737 49.3611275449795 49.6354890146809
8.72685370741483 48.9814610561014 48.9175744447283 48.9231931997763 48.9231931997764 48.9231931997756 48.9175744447283 48.9290033120315 48.9318568160519 48.9327124281974 48.9335972028571 49.2009786338159
9.02743486973948 48.5613551361364 48.4957971165756 48.5007194385025 48.5007194385023 48.5007194385016 48.4957971165756 48.5065293407502 48.5094495725867 48.5103339933146 48.5111160684276 48.7718296994209
9.32801603206413 48.1466773515023 48.0789997722388 48.083286004113 48.0832860041129 48.083286004112 48.0789997722386 48.0890741048481 48.0920541329714 48.0929662530924 48.0936520088516 48.347987141245
9.62859719438878 47.7374953907351 47.6671403470785 47.6708462568408 47.6708462568405 47.6708462568398 47.6671403470786 47.6765927945567 47.6796259813655 47.6805647846622 47.681160238673 47.9293856331664
9.92917835671343 47.3339119981248 47.2601667529696 47.2633439101878 47.2633439101873 47.2633439101866 47.2601667529697 47.2690308642853 47.2721108337237 47.2730753880901 47.2735862251647 47.5159521805078
10.2297595190381 46.9360921232875 46.8580192303641 46.860715341625 46.8607153416251 46.8607153416236 46.858019230364 46.866326347421 46.8694469563035 46.8704364058708 46.8708680047084 47.1076081684521
10.5303406813627 46.5443081736098 46.4606322300777 46.4628914391714 46.4628914391712 46.4628914391701 46.4606322300777 46.4684117065891 46.4715670191693 46.472580577259 46.4729380344407 46.7042709868199
10.8309218436874 46.1590219699689 46.0679359219686 46.0697990799264 46.0697990799268 46.0697990799265 46.0679359219685 46.0752153155443 46.0783995809359 46.0794365237169 46.0797246753651 46.3058553203729
11.131503006012 45.781046558156 45.6798574065996 45.6813623157494 45.6813623157493 45.6813623157495 45.6798574065994 45.6866626479012 45.6898702800254 45.6909299407544 45.6911533821507 45.9122741737133
11.4320841683367 45.4118996048522 45.2963216889517 45.2975033244494 45.2975033244488 45.2975033244497 45.2963216889515 45.3026772311691 45.3059027909718 45.3069845547232 45.3071476581054 45.5234396848609
11.7326653306613 45.0546820953581 44.9172524611089 44.9181431728395 44.9181431728395 44.9181431728394 44.9172524611089 44.9231814124335 44.9264195921525 44.9275228909502 44.9276298215938 45.1392637698386
12 44.7526990344483 44.5838015582162 44.5844587262042 44.5844587262039 44.5844587262042 44.583801558216 44.5893695228354 44.5926145623103 44.5937365714239 44.5937968858078 44.8014236439084
12.0066889632107 44.7454215599088 44.575502360422 44.5761539741899 44.5761539741902 44.5761539741902 44.575502360422 44.5810615077534 44.5843066668791 44.5854291390511 44.5854883262233 44.7930164004789
12.0133779264214 44.7381611211026 44.5672053015239 44.567851374848 44.5678513748481 44.5678513748479 44.5672053015238 44.5727556418907 44.5760009181449 44.5771238531321 44.5771819149774 44.7846113811835
12.0200668896321 44.7309180411259 44.5589103806709 44.5595509273034 44.5595509273031 44.5595509273035 44.558910380671 44.5644519243841 44.5676973152458 44.5688207128062 44.5688776512068 44.7762085850661
12.0267558528428 44.7236926525363 44.5506175970134 44.5512526306824 44.5512526306817 44.5512526306822 44.5506175970133 44.5561503543723 44.5593958573212 44.5605197172133 44.5605755340496 44.7678080111707
12.033246492986 44.7166987280183 44.5425727308555 44.5432024281173 44.5432024281174 44.5432024281172 44.5425727308555 44.5480969722054 44.5513425815098 44.552466889794 44.552521620116 44.7596586318626
12.0334448160535 44.7164852977244 44.5423269497007 44.5429564841103 44.5429564841104 44.5429564841106 44.5423269497006 44.5478509309945 44.5510965435111 44.5522208654931 44.5522755626439 44.7594096585418
12.0401337792642 44.7092963292563 44.5340384378838 44.5346624867132 44.534662486713 44.5346624867131 44.5340384378838 44.5395536533859 44.5427993729542 44.543924156784 44.5439777361261 44.7510135262222
12.0468227424749 44.7021261102496 44.5257520607113 44.5263706376164 44.5263706376167 44.5263706376165 44.5257520607113 44.5312585206871 44.534504344789 44.5356295902266 44.5356820536345 44.7426196132589
12.0535117056856 44.6949750147851 44.5174678173333 44.5180809359461 44.518080935946 44.5180809359463 44.5174678173333 44.5229655320345 44.5262114581562 44.5273371649606 44.5273885143068 44.7342279186977
12.0602006688963 44.6878434283272 44.5091857068992 44.5097933808263 44.5097933808264 44.5097933808264 44.5091857068992 44.5146746865661 44.5179207121915 44.5190468801232 44.5190971172785 44.7258384415833
12.066889632107 44.6807317481272 44.5009057285621 44.5015079713878 44.5015079713877 44.5015079713877 44.500905728562 44.5063859834232 44.5096321060396 44.5107587348588 44.5108078616917 44.7174511809613
12.0735785953177 44.6736403837259 44.4926278814636 44.4932247067472 44.4932247067473 44.4932247067473 44.4926278814635 44.4980994217359 44.501345638831 44.502472728299 44.5025207466762 44.7090661358776
12.0802675585284 44.6665697573778 44.4843521647625 44.4849435860398 44.4849435860399 44.4849435860399 44.4843521647627 44.4898150006515 44.4930613097146 44.4941888595913 44.4942357713782 44.7006833053785
12.0869565217391 44.6595203045994 44.4760785776064 44.4766646083881 44.4766646083879 44.4766646083881 44.4760785776065 44.4815327193048 44.484779117825 44.4859071278734 44.4859529349319 44.6923026885105
12.0936454849498 44.6524924746321 44.4678071191449 44.4683877729201 44.4683877729198 44.4683877729201 44.467807119145 44.4732525768358 44.4764990623045 44.4776275322855 44.4776722364769 44.6839242843182
12.1003344481605 44.6454867310525 44.4595377885283 44.4601130787611 44.4601130787612 44.4601130787611 44.4595377885284 44.464974572381 44.4682211422908 44.4693500719672 44.46939367515 44.6755480918502
12.1070234113712 44.6385035522979 44.4512705849091 44.4518405250388 44.4518405250387 44.4518405250389 44.451270584909 44.4566987050826 44.4599453569259 44.46107474606 44.4611172500913 44.6671741101551
12.1137123745819 44.6315434322886 44.4430055074383 44.4435701108822 44.4435701108823 44.4435701108823 44.4430055074383 44.4484249740791 44.4516717053501 44.4528015537056 44.4528429604398 44.6588023382794
12.1204013377926 44.6246068810616 44.4347425552591 44.4353018354101 44.4353018354099 44.4353018354102 44.4347425552593 44.4401533785041 44.4434001866974 44.4445304940379 44.4445708053279 44.6504327752708
12.1270903010033 44.6176944254086 44.4264817275277 44.4270356977547 44.4270356977548 44.4270356977547 44.4264817275278 44.4318839174992 44.4351308001129 44.4362615662021 44.4363007838986 44.6420654201772
12.133779264214 44.6108066095963 44.4182230233957 44.4187716970443 44.4187716970438 44.4187716970443 44.4182230233958 44.4236165902069 44.4268635447373 44.4279947693391 44.4280328952914 44.6337002720471
12.1404682274248 44.6039439960681 44.4099664420132 44.4105098324054 44.4105098324052 44.4105098324055 44.4099664420131 44.415351395765 44.4185984197109 44.4197301025902 44.4197671386447 44.625337329929
12.1471571906355 44.5971071662374 44.4017119825322 44.4022501029663 44.4022501029661 44.4022501029665 44.401711982532 44.4070883333139 44.4103354241743 44.4114675650962 44.4115035130979 44.61697659287
12.1538461538462 44.5902967212754 44.3934596440997 44.3939925078511 44.3939925078513 44.3939925078512 44.3934596440996 44.3988274019898 44.4020745572656 44.4032071559952 44.403242017787 44.6086180599199
12.1605351170569 44.5835132829455 44.3852094258739 44.3857370461938 44.385737046194 44.3857370461941 44.3852094258739 44.3905686009378 44.3938158181309 44.3949488744342 44.3949826518567 44.6002617301305
12.1672240802676 44.5767574945324 44.3769613269973 44.3774837171141 44.3774837171145 44.3774837171141 44.3769613269974 44.3823119292916 44.3855592059043 44.3866927195474 44.3867254144395 44.5919076025496
12.1739130434783 44.5700300217299 44.3687153466225 44.3692325197408 44.3692325197408 44.3692325197408 44.3687153466226 44.3740573861905 44.3773047197267 44.3784386904775 44.3784703046751 44.5835556762277
12.180602006689 44.5633315536522 44.3604714839057 44.3609834532061 44.360983453206 44.3609834532061 44.3604714839057 44.3658049707793 44.3690523587431 44.3701867863673 44.370217321706 44.5752059502147
12.1872909698997 44.5566628038664 44.3522297379976 44.3527365166386 44.3527365166387 44.3527365166387 44.3522297379976 44.3575546821982 44.3608021220967 44.3619370063611 44.3619664646736 44.5668584235609
12.1939799331104 44.5500245114955 44.3439901080475 44.3444917091636 44.3444917091637 44.3444917091635 44.3439901080473 44.3493065195847 44.3525540089244 44.3536893495969 44.3537177327139 44.5585130953175
12.2006688963211 44.5434174423474 44.3357525932091 44.3362490299118 44.3362490299113 44.3362490299117 44.3357525932093 44.3410604820805 44.3443080183697 44.3454438152192 44.3454711249686 44.5501699645338
12.2073578595318 44.5368423901468 44.3275171926346 44.3280084780118 44.3280084780122 44.3280084780121 44.3275171926348 44.3328165688289 44.3360641495753 44.3372004023693 44.3372266405784 44.5418290302611
12.2140468227425 44.5303001778199 44.3192839054744 44.3197700525912 44.3197700525915 44.3197700525913 44.3192839054743 44.3245747789666 44.3278224016808 44.3289591101881 44.3289842786814 44.5334902915541
12.2207357859532 44.5237916588465 44.3110527308732 44.3115337527719 44.3115337527718 44.3115337527718 44.3110527308731 44.3163351116279 44.3195827738216 44.3207199378124 44.3207440384116 44.525153747463
12.2274247491639 44.5173177186566 44.3028236679935 44.3032995776923 44.3032995776925 44.3032995776925 44.3028236679933 44.3080975659646 44.3113452651493 44.3124828843926 44.3125059189183 44.5168193970398
12.2341137123746 44.5108792761825 44.2945967159847 44.29506752648 44.29506752648 44.2950675264801 44.2945967159846 44.2998621411151 44.303109874804 44.3042479490688 44.3042699193397 44.5084872393372
12.2408026755853 44.5044772854591 44.2863718739997 44.2868375982636 44.2868375982637 44.2868375982636 44.2863718739997 44.2916288362197 44.2948766019261 44.2960151309841 44.2960360388157 44.5001572734079
12.247491638796 44.4981127372694 44.2781491411892 44.2786097921711 44.2786097921711 44.2786097921714 44.2781491411891 44.2833976504183 44.2866454456582 44.2877844292794 44.287804276486 44.4918294983048
12.2541806020067 44.4917866609694 44.2699285167097 44.2703841073368 44.2703841073366 44.2703841073367 44.2699285167095 44.275168582857 44.278416405146 44.2795558431015 44.2795746314947 44.4835039130803
12.2608695652174 44.4855001263793 44.261709999708 44.262160542884 44.2621605428836 44.2621605428841 44.2617099997081 44.2669416326714 44.2701894795268 44.2713293715878 44.2713471029777 44.475180516787
12.2675585284281 44.4792542457486 44.2534935893377 44.2539390979432 44.2539390979432 44.2539390979434 44.2534935893377 44.2587167990039 44.2619646679442 44.2631050138823 44.2631216900765 44.4668593084823
12.2742474916388 44.4730501759485 44.2452792847507 44.2457197716441 44.2457197716443 44.2457197716439 44.2452792847505 44.2504940809958 44.2537419695398 44.2548827691281 44.2548983919314 44.4585402872192
12.2809364548495 44.4668891206516 44.237067085106 44.2375025631222 44.2375025631219 44.2375025631223 44.2370670851061 44.2422734777932 44.2455213834617 44.2466626364718 44.2466772076879 44.4502234520516
12.2876254180602 44.4607723327848 44.2288569895533 44.2292874715051 44.2292874715049 44.2292874715051 44.2288569895531 44.2340549885362 44.237302908851 44.2384446150554 44.2384581364855 44.4419088020345
12.2943143812709 44.4547011170522 44.2206489972476 44.2210744959244 44.2210744959243 44.2210744959244 44.2206489972475 44.2258386123696 44.2290865448515 44.2302287040241 44.2302411774665 44.4335963362228
12.3010033444816 44.4486768326209 44.2124431073404 44.212863635509 44.2128636355088 44.2128636355091 44.2124431073402 44.217624348432 44.2208722906042 44.2220149025185 44.2220263297699 44.4252860536722
12.3076923076923 44.4427008960124 44.2042393189839 44.2046548893893 44.204654889389 44.2046548893894 44.2042393189839 44.2094121958666 44.2126601452545 44.2138032096843 44.2138135925388 44.4169779534377
12.314381270903 44.4367747841394 44.1960376313335 44.1964482566966 44.1964482566968 44.1964482566968 44.1960376313337 44.2012021538159 44.2044501079436 44.2055936246637 44.205602964913 44.4086720345731
12.3210702341137 44.4309000375776 44.1878380435374 44.1882437365579 44.1882437365579 44.1882437365579 44.1878380435374 44.1929942214194 44.1962421778136 44.1973861465976 44.1973944460322 44.4003682961394
12.3277591973244 44.4250782640054 44.1796405547593 44.1800413281128 44.1800413281132 44.1800413281129 44.1796405547593 44.1847883978276 44.1880363540157 44.1891807746387 44.1891880350457 44.3920667371912
12.3338276553106 44.4198437859835 44.1722053256415 44.1726016466521 44.1726016466525 44.1726016466521 44.1722053256417 44.1773456155386 44.1805935694011 44.1817383997547 44.1817447190635 44.3845371615683
12.3344481605351 44.4193111419138 44.1714451641478 44.171841030489 44.1718410304893 44.171841030489 44.1714451641479 44.17658468218 44.1798326356898 44.180977507928 44.1809837310917 44.3837673567852
12.3411371237458 44.4136004245493 44.1632518708612 44.1636428428213 44.1636428428213 44.1636428428212 44.163251870861 44.1683830736219 44.1716310219838 44.1727763456121 44.1727815333153 44.3754701539789
12.3478260869565 44.4079479441011 44.1550606740482 44.1554467642359 44.1554467642355 44.155446764236 44.1550606740483 44.1601835712937 44.1634315120368 44.1645772868314 44.1645814408544 44.3671751278295
12.3545150501672 44.4023556162254 44.1468715728659 44.147252793868 44.1472527938679 44.1472527938681 44.1468715728658 44.1519861743403 44.155234104996 44.1563803307338 44.1563834528537 44.358882277395
12.3612040133779 44.3968254447958 44.1386845664687 44.1390609308491 44.1390609308492 44.1390609308492 44.1386845664687 44.1437908819055 44.1470388000063 44.1481854764628 44.1481875684554 44.3505916017327
12.3678929765886 44.3913595271135 44.1304996540088 44.1308711743101 44.1308711743101 44.1308711743101 44.1304996540088 44.1355976931312 44.1388455962101 44.1399927231634 44.1399937868006 44.3423030998994
12.3745819397993 44.3859600593693 44.1223168346393 44.1226835233808 44.1226835233806 44.1226835233806 44.1223168346392 44.1274066071601 44.1306544927504 44.1318020699781 44.13180210703 44.334016770958
12.38127090301 44.3806293424788 44.114136107524 44.1144979772019 44.1144979772019 44.1144979772019 44.114136107524 44.1192176231426 44.1224654887805 44.1236135160603 44.1236125282939 44.325732613966
12.3879598662207 44.3753697885552 44.105957471815 44.106314534905 44.106314534905 44.1063145349052 44.1059574718148 44.1110307402226 44.1142785834444 44.1154270605536 44.1154250497339 44.3174506279824
12.3946488294314 44.3701839275497 44.097780926664 44.0981331956192 44.0981331956193 44.0981331956193 44.0977809266638 44.1028459575414 44.106093775883 44.1072427026014 44.1072396704895 44.3091708120669
12.4013377926421 44.3650744146017 44.0896064712291 44.0899539584795 44.0899539584792 44.0899539584797 44.0896064712289 44.0946632742447 44.0979110652452 44.0990604413499 44.0990563897058 44.3008931652796
12.4080267558528 44.360044037905 44.0814341046639 44.081776822618 44.0817768226182 44.0817768226182 44.081434104664 44.086482689476 44.0897304506742 44.0908802759462 44.0908752065247 44.292617686681
12.4147157190635 44.3550957270628 44.0732638261256 44.0736017871702 44.0736017871701 44.0736017871702 44.0732638261256 44.0783042023827 44.0815519313185 44.082702205537 44.0826961200914 44.2843443753308
12.4214046822742 44.3502325622729 44.0650956347671 44.0654288512657 44.0654288512658 44.0654288512657 44.0650956347672 44.0701278121059 44.0733755063202 44.0745262292647 44.0745191295455 44.2760732302881
12.428093645485 44.3454577840153 44.0569295297481 44.0572580140435 44.0572580140432 44.0572580140437 44.0569295297484 44.0619535177969 44.0652011748315 44.0663523462812 44.0663442340357 44.2678042506188
12.4347826086957 44.3407748036771 44.0487655102256 44.0490892746369 44.0490892746377 44.0490892746372 44.0487655102256 44.0537813185988 44.0570289359961 44.0581805557333 44.0581714327043 44.2595374353825
12.4414715719064 44.3361872149718 44.0406035753533 44.0409226321796 44.0409226321798 44.0409226321797 44.0406035753533 44.0456112136565 44.0488587889614 44.0500108567658 44.0500007246942 44.2512727836409
12.4481605351171 44.3316988062482 44.0324437242878 44.032758085805 44.032758085805 44.0327580858049 44.0324437242878 44.0374432021169 44.0406907328738 44.0418432485269 44.0418321091496 44.2430102944563
12.4548494983278 44.3273135738977 44.0242859561867 44.0245956346495 44.0245956346497 44.0245956346495 44.0242859561867 44.029277283126 44.0325247668803 44.0336777301635 44.0336655852142 44.2347499668914
12.4615384615385 44.3230357367212 44.0161302702064 44.016435277847 44.0164352778468 44.0164352778471 44.0161302702066 44.0211134558301 44.0243608901287 44.0255143008242 44.0255011520324 44.2264918000092
12.4682274247492 44.3188697517184 44.0079766655066 44.0082770145356 44.0082770145356 44.0082770145357 44.0079766655065 44.0129517193776 44.0161991017679 44.0173529596581 44.0173388087497 44.2182357928721
12.4749163879599 44.3148203311842 43.9998251412362 44.0001208438427 44.0001208438429 44.0001208438427 43.999825141236 44.0047920729086 44.0080394009391 44.0091937058067 44.0091785545038 44.2099819445416
12.4816053511706 44.310892461043 43.9916756965623 43.9919667649131 43.9919667649133 43.9919667649131 43.9916756965623 43.9966345155775 43.999881786799 44.0010365384257 44.0010203884468 44.2017302540863
12.4882943143813 44.3070914212306 43.9835283306359 43.9838147768766 43.9838147768764 43.9838147768768 43.9835283306359 43.9884790465268 43.9917262584886 43.9928814566598 43.9928643097173 44.1934807205683
12.494983277592 44.3034228075278 43.9753830426188 43.9756648788722 43.9756648788721 43.9756648788721 43.9753830426185 43.9803256649064 43.9835728151606 43.9847284596577 43.9847103174622 44.1852333430522
12.5016722408027 44.2998925556183 43.9672398316664 43.9675170700355 43.9675170700354 43.9675170700354 43.9672398316664 43.9721743698634 43.9754214559617 43.9765775465699 43.9765584108253 44.1769881206027
12.5083612040134 44.2965069672159 43.9590986969385 43.959371349503 43.9593713495028 43.959371349503 43.9590986969384 43.9640251605447 43.9672721800412 43.9684287165446 43.9684085889503 44.1687450522852
12.5150501672241 44.2932727388162 43.9509596375937 43.9512277164121 43.951227716412 43.9512277164121 43.9509596375936 43.9558780361002 43.9591249865486 43.9602819687306 43.9602608509821 44.1605041371651
12.5217391304348 44.2901969929924 43.9428226527876 43.9430861698977 43.9430861698979 43.9430861698978 43.9428226527873 43.9477329956753 43.950979874631 43.9521373022776 43.9521151960632 44.1522653743077
12.5284280936455 44.2872873129479 43.9346877416736 43.9349467090914 43.9349467090909 43.9349467090913 43.9346877416736 43.9395900384132 43.9428368434328 43.9439947163288 43.9439716233321 44.1440287627773
12.5351170568562 44.284551780172 43.9265549034216 43.9268093331398 43.92680933314 43.9268093331401 43.9265549034217 43.9314491634716 43.9346958921115 43.9358542100429 43.935830131941 44.1357943016449
12.5418060200669 44.2819990162262 43.9184241371847 43.9186740411774 43.9186740411771 43.9186740411774 43.9184241371847 43.9233103699964 43.9265570198139 43.9277157825664 43.9276907210303 44.1275619899753
12.5484949832776 44.279638228608 43.910295442123 43.9105408323406 43.9105408323403 43.9105408323404 43.9102954421231 43.9151736571341 43.9184202256897 43.9195794330494 43.919553389743 44.1193318268359
12.5551839464883 44.2774792612426 43.9021688173981 43.9024097057703 43.9024097057704 43.9024097057702 43.9021688173981 43.9070390240377 43.9102855088898 43.9114451606433 43.9114181372236 44.1111038112939
12.561872909699 44.2755326505729 43.8940442621666 43.8942806606022 43.8942806606023 43.8942806606023 43.8940442621665 43.8989064698538 43.9021528685642 43.9033129644983 43.9032849626141 44.1028779424176
12.5685618729097 44.2738096874346 43.8859217755874 43.8861536959735 43.8861536959734 43.8861536959737 43.8859217755874 43.8907759937306 43.8940223038608 43.8951828437623 43.8951538650548 44.0946542192751
12.5752508361204 44.2723224859649 43.8778013568211 43.8780288110233 43.8780288110233 43.8780288110233 43.8778013568213 43.8826475948194 43.8858938139313 43.8870547975882 43.8870248436888 44.0864326409339
12.5819397993311 44.2710840597738 43.8696830050238 43.8699060048868 43.869906004887 43.8699060048869 43.869683005024 43.8745212722657 43.8777673979235 43.8789288251236 43.8788978976545 44.0782132064618
12.5886287625418 44.2701084071811 43.8615667193609 43.8617852767081 43.8617852767081 43.8617852767083 43.861566719361 43.8663970252243 43.8696430549926 43.8708049255237 43.8707730260971 44.0699959149321
12.5953177257525 44.2694106061832 43.8534524989928 43.8536666256266 43.8536666256264 43.8536666256268 43.8534524989928 43.8582748528465 43.8615207842901 43.8626830979408 43.8626502281572 44.0617807654124
12.6020066889632 44.2690069203773 43.8453403430807 43.8455500507814 43.8455500507815 43.8455500507816 43.8453403430809 43.8501547542815 43.8534005849673 43.854563341526 43.8545295029742 44.0535677569727
12.6086956521739 44.2689149178648 43.8372302507966 43.8374355513244 43.8374355513245 43.8374355513246 43.8372302507964 43.8420367286919 43.8452824561857 43.8464456554421 43.8464108496972 44.0453568886832
12.6153846153846 44.2691536052764 43.8291222212745 43.8293231263683 43.8293231263682 43.8293231263684 43.8291222212744 43.8339207752035 43.8371663970747 43.8383300388168 43.8382942674407 44.0371481596147
12.6220735785953 44.2697435770436 43.8210162536883 43.8212127750657 43.8212127750653 43.8212127750657 43.8210162536883 43.8258068929787 43.8290524067958 43.8302164908145 43.830179755352 44.0289415688382
12.628762541806 44.2707071855632 43.8129123471995 43.8131044965568 43.8131044965568 43.8131044965567 43.8129123471996 43.8176950811691 43.8209404845018 43.8221050105866 43.8220673125663 44.0207371154237
12.6344088176353 44.2718292676861 43.8060732955333 43.8062617634767 43.8062617634768 43.8062617634769 43.8060732955335 43.8108493637215 43.8140946719022 43.8152595709806 43.8152210616228 44.0138132495571
12.6354515050167 44.2720687324516 43.8048105009684 43.804998289981 43.8049982899812 43.8049982899809 43.8048105009683 43.8095853389247 43.8128306293439 43.8139955972863 43.8139569382168 44.0125347984426
12.6421404682274 44.2738546858499 43.7967107141608 43.7968941544841 43.7968941544846 43.7968941544842 43.7967107141607 43.801477665402 43.80472284048 43.8058882500689 43.8058486314398 44.0043346169701
12.6488294314381 44.2760939274544 43.788612985937 43.7887920892042 43.7887920892039 43.7887920892041 43.7886129859369 43.7933720597506 43.796617117059 43.797782968087 43.7977423913628 43.996136570077
12.6555183946488 44.2788180338506 43.7805173154568 43.780692093281 43.7806920932811 43.7806920932811 43.7805173154568 43.7852685211209 43.7885134582343 43.7896797504921 43.7896382171131 43.9879406568357
12.6622073578595 44.2820615984427 43.7724237018834 43.7725941658561 43.7725941658563 43.7725941658562 43.7724237018836 43.7771670486658 43.7804118631588 43.7815785964371 43.7815361078153 43.9797468763199
12.6688963210702 44.2858626005046 43.764332144381 43.7644983060736 43.7644983060735 43.7644983060738 43.764332144381 43.7690676415401 43.7723123309866 43.7734795050783 43.7734361683924 43.9715552276027
12.6755852842809 44.2902628296898 43.7562426421132 43.7564045130765 43.7564045130766 43.7564045130767 43.7562426421133 43.7609702988969 43.7642148608738 43.7653824755706 43.7653381862821 43.9633657097579
12.6822742474916 44.2953083763906 43.7481551942413 43.7483127860039 43.748312786004 43.7483127860041 43.7481551942413 43.7528750198876 43.7561194519718 43.7572875070662 43.7572422664796 43.9551783218584
12.6889632107023 44.3010501992995 43.7400697999205 43.7402231239923 43.7402231239926 43.7402231239924 43.7400697999206 43.7447818036591 43.7480261034292 43.7491945987139 43.7491484080889 43.9469930629789
12.695652173913 44.3075447856955 43.731986458327 43.7321355261941 43.7321355261941 43.7321355261944 43.7319864583269 43.7366906493745 43.7399348144082 43.7411037496772 43.7410566102217 43.9388099321965
12.7023411371237 44.3148549223624 43.7239051686177 43.7240499917492 43.7240499917491 43.7240499917493 43.7239051686176 43.7286015561841 43.7318455840628 43.7330149591083 43.7329668719734 43.9306289285856
12.7090301003344 44.3230505982027 43.7158259299581 43.7159665198004 43.7159665198005 43.7159665198005 43.7158259299579 43.7205145232427 43.7237584115452 43.7249282261618 43.7248791924318 43.9224500512214
12.7157190635452 44.3322100680232 43.7077487415113 43.7078851094905 43.7078851094908 43.7078851094905 43.7077487415115 43.7124295497032 43.7156732960115 43.716843549993 43.7167935706768 43.9142732991799
12.7224080267559 44.342421109384 43.6996736024449 43.6998057599667 43.6998057599667 43.6998057599667 43.6996736024448 43.7043466347226 43.70759023662 43.7087609297603 43.7087100057797 43.9060986715376
12.7290969899666 44.3537825170818 43.6916005119202 43.6917284703691 43.6917284703693 43.691728470369 43.6916005119203 43.6962657774535 43.6995092325221 43.7006803646158 43.7006284967923 43.8979261673711
12.7357859531773 44.3664058868047 43.6835294690981 43.6836532398391 43.6836532398393 43.6836532398393 43.6835294690981 43.6881869770475 43.691430282872 43.6926018537143 43.6925492245566 43.8897557857556
12.742474916388 44.3804177582083 43.6754604731423 43.6755800675191 43.6755800675193 43.6755800675191 43.6754604731423 43.680110232658 43.6833533868238 43.6845253962095 43.6844718243365 43.8815875257697
12.7491638795987 44.3959622028437 43.6673935232264 43.6675089525627 43.667508952563 43.6675089525627 43.6673935232264 43.6720355434497 43.6752785435414 43.6764509912661 43.6763964770855 43.8734213864931
12.7558528428094 44.4132039688883 43.659328618511 43.6594398941102 43.6594398941102 43.6594398941102 43.659328618511 43.6639629085724 43.6672057521776 43.6683786380372 43.6683231817674 43.8652573670022
12.7625418060201 44.4323323285053 43.6512657581655 43.6513728913099 43.6513728913096 43.6513728913102 43.6512657581654 43.6558923271849 43.6591350118911 43.6603083356822 43.6602519373172 43.8570954663762
12.7692307692308 44.4535658171325 43.6432049413522 43.6433079433041 43.643307943304 43.6433079433042 43.6432049413521 43.6478237984415 43.6510663218371 43.6522400833555 43.6521827426216 43.8489356836935
12.7759197324415 44.4771581156482 43.6351461672355 43.6352450492374 43.6352450492377 43.6352450492377 43.6351461672354 43.6397573214973 43.6429996811721 43.6441738802144 43.644115596515 43.8407780180335
12.7826086956522 44.5034054110133 43.627089434984 43.6271842082569 43.6271842082568 43.6271842082569 43.6270894349841 43.6316928955102 43.6349350890533 43.6361097254168 43.6360504977639 43.8326224684757
12.7892976588629 44.532655688507 43.619034743762 43.6191254195081 43.6191254195083 43.6191254195082 43.619034743762 43.6236305196355 43.6268725446388 43.6280476181202 43.6279874450484 43.8244690340982
12.7959866220736 44.5653205693877 43.6109820927325 43.6110686821322 43.6110686821319 43.6110686821323 43.6109820927325 43.615570193026 43.6188120470813 43.6199875574793 43.6199264369329 43.8163177139832
12.8026755852843 44.6018905548879 43.6029314810691 43.6030139952849 43.6030139952845 43.6030139952849 43.6029314810692 43.6075119148473 43.6107535955473 43.6119295426587 43.6118674718507 43.8081685072123
12.809364548495 44.6429548694356 43.594882907938 43.5949613581103 43.5949613581103 43.5949613581104 43.5948829079382 43.599455684254 43.6026971891929 43.6038735728158 43.6038105480375 43.8000214128659
12.8160535117057 44.6892276101484 43.5868363725054 43.5869107697542 43.5869107697546 43.5869107697542 43.5868363725055 43.5914015004038 43.5946428271752 43.5958196471085 43.595755663481 43.7918764300252
12.8227424749164 44.7415826718216 43.5787918739383 43.5788622293649 43.578862229365 43.5788622293648 43.5787918739383 43.5833493624544 43.5865905086538 43.5877677646961 43.5877028158356 43.783733557772
12.8294314381271 44.8011010907076 43.5707494114038 43.5708157360877 43.5708157360877 43.5708157360878 43.5707494114039 43.5752992695623 43.5785402327854 43.5797179247358 43.5796520022952 43.7755927951888
12.8361204013378 44.8691362705864 43.5627089840706 43.5627712890736 43.5627712890736 43.5627712890736 43.5627089840708 43.5672512208877 43.5704919987336 43.5716701263911 43.5716032194247 43.7674541413578
12.8428093645485 44.9474055098324 43.5546705911071 43.5547288874689 43.5547288874685 43.5547288874688 43.5546705911071 43.55920521559 43.5624458056543 43.5636243688184 43.5635564628829 43.7593175953597
12.8494983277592 45.0381210920689 43.5466342316776 43.5466885304192 43.5466885304191 43.5466885304194 43.5466342316774 43.5511612528233 43.5544016527064 43.5555806511765 43.555511727028 43.7511831562808
12.8561872909699 45.1441824210977 43.5385999049554 43.5386502170767 43.5386502170768 43.5386502170769 43.5385999049553 43.5431193317514 43.5463595390523 43.547538972629 43.547469004293 43.7430508232051
12.8628762541806 45.2694651629043 43.53056761011 43.5306139465923 43.5306139465921 43.5306139465923 43.5305676101098 43.5350794515349 43.5383194638535 43.5394993323378 43.5394282841659 43.7349205952156
12.8695652173913 45.4192697524595 43.522537346305 43.5225797181096 43.5225797181096 43.5225797181094 43.522537346305 43.5270416113288 43.5302814262663 43.5314617294584 43.5313895514935 43.7267924713969
12.876254180602 45.6010420545171 43.5145091127171 43.5145475307835 43.5145475307837 43.5145475307835 43.5145091127169 43.5190058102967 43.5222454254567 43.5234261631568 43.5233527835506 43.7186664508337
12.8829431438127 45.8255804240677 43.5064829085097 43.5065173837599 43.5065173837599 43.5065173837601 43.5064829085096 43.5109720475975 43.5142114605817 43.5153926325918 43.5153179446338 43.7105425326115
12.8896321070234 46.109160381613 43.4984587328554 43.4984892761903 43.4984892761902 43.4984892761903 43.4984587328553 43.5029403223913 43.5061795308036 43.5073611369248 43.5072849756275 43.7024207158158
12.8963210702341 46.4775080495926 43.4904365849267 43.4904632072279 43.4904632072281 43.4904632072281 43.4904365849266 43.4949106338427 43.4981496352881 43.4993316753221 43.4965973065844 43.6943009995297
12.9030100334448 46.9738146890851 43.4824164638858 43.4824391760154 43.4824391760157 43.4824391760155 43.4824164638858 43.4868829811042 43.4901217731876 43.4913042469371 43.4885698104023 43.6861833828434
12.9096989966555 47.676555608242 43.4743983689069 43.4744171817069 43.4744171817069 43.4744171817069 43.4743983689069 43.4788573633409 43.4820959436691 43.4832788509368 43.4805443479606 43.6780678648432
12.9163879598662 48.7446400196436 43.4663822991653 43.4663972234577 43.4663972234576 43.4663972234576 43.4663822991655 43.4708337797181 43.4740721458982 43.4752554864855 43.4725209184238 43.6699544446154
12.9230769230769 50.5552561667691 43.4583682538272 43.4583793004153 43.4583793004155 43.4583793004153 43.4583682538271 43.4628122293937 43.4660503790335 43.467234152744 43.4644995209499 43.6618431212475
12.9297658862876 54.2678536606669 43.4503562320656 43.4503634117325 43.4503634117328 43.4503634117327 43.4503562320658 43.4547927115313 43.45803064224 43.4592148488764 43.4564801547025 43.6537338938277
12.9349899799599 61.6330939301453 43.4441002338432 43.4441044009227 43.4441044009228 43.4441044009227 43.4441002338433 43.4485308650116 43.4517686230715 43.4529531676873 43.4502184257346 43.6474020280702
12.9364548494983 65.8213443146258 43.4423462330535 43.4423495565617 43.4423495565614 43.4423495565619 43.4423462330536 43.4467752252934 43.4500129346798 43.4511975740451 43.4484628188432 43.6456267614441
12.943143812709 -25.6412972857516 43.4343382559613 43.4343377340558 43.4343377340557 43.4343377340559 43.4343382559612 43.438759769842 43.4419972555174 43.4431823274162 43.4404475125351 43.6375217231852
12.9498327759197 26.0707156953678 43.4263322999599 43.4263279433643 43.4263279433648 43.4263279433646 43.4263322999596 43.4307463443398 43.4339836039145 43.4351691081506 43.4324342349393 43.629418778137
12.9565217391304 33.9919763508584 43.4183283642215 43.4183201836419 43.4183201836421 43.4183201836419 43.4183283642216 43.4227349479486 43.4259719790363 43.427157915413 43.424422985219 43.6213179253938
12.9632107023411 36.9659164660763 43.4103264479171 43.4103144540384 43.4103144540386 43.4103144540386 43.410326447917 43.4147255798316 43.4179623800432 43.4191487483665 43.4164137625353 43.6132191640439
12.9698996655518 38.5127552719889 43.4023265502205 43.4023107537093 43.4023107537093 43.4023107537093 43.4023265502206 43.4067182391519 43.4099548061021 43.4111416061763 43.4084065660528 43.6051224931774
12.9765886287625 39.4578215190518 43.3943286703076 43.39430908181 43.3943090818098 43.3943090818102 43.3943286703076 43.3987129250772 43.401949256381 43.4031364880102 43.4004013949384 43.5970279118845
12.9832775919732 40.0934995358271 43.386332807348 43.3863094374913 43.3863094374919 43.3863094374915 43.3863328073481 43.3907096367681 43.3939457300394 43.3951333930302 43.3923982483519 43.5889354192564
12.9899665551839 40.549296727604 43.3783389605193 43.3783118199115 43.3783118199115 43.378311819912 43.3783389605191 43.3827083733916 43.3859442262482 43.3871323204047 43.3817616208258 43.5808450143844
12.9966555183946 40.8913310121717 43.3703471289917 43.3703162282218 43.3703162282217 43.3703162282219 43.3703471289916 43.3747091341105 43.3779447441683 43.3791332692973 43.3737639657982 43.5727566963598
13.0033444816054 41.1568685102092 43.3623573119395 43.362322661577 43.3623226615769 43.362322661577 43.3623573119396 43.3667119180894 43.3699472829667 43.3711362388746 43.3657685641226 43.5646704642728
13.0100334448161 41.3685072412447 43.3543695085393 43.3543311191337 43.3543311191339 43.3543311191339 43.3543695085394 43.3587167244963 43.3619518418122 43.3631412283034 43.3577753278865 43.5565863172199
13.0167224080268 41.5407451402536 43.3463837179581 43.3463416000403 43.3463416000402 43.3463416000403 43.3463837179581 43.3507235524883 43.353958419861 43.3551482367446 43.3497842063765 43.5485042542926
13.0234113712375 41.6833098893218 43.3383999393747 43.3383541034569 43.3383541034569 43.3383541034571 43.3383999393747 43.3427324012362 43.3459670162872 43.3471572633688 43.3417951685427 43.5404242745839
13.0301003344482 41.8029713032025 43.3304181719686 43.3303686285427 43.3303686285429 43.3303686285426 43.3304181719683 43.3347432699099 43.3379776302604 43.3391683073467 43.3338081943779 43.5323463771876
13.0367892976589 41.9045859187967 43.3224384149134 43.3223851744533 43.3223851744535 43.3223851744535 43.3224384149133 43.3267561576749 43.3299902609448 43.3311813678441 43.3258232704057 43.5242705611979
13.0434782608696 41.9917281858729 43.3144606673835 43.3144037403437 43.3144037403437 43.3144037403438 43.3144606673834 43.3187710636946 43.3220049075087 43.3231964440277 43.317840387185 43.5161968257091
13.0501672240803 42.0670872867997 43.3064849285546 43.3064243253692 43.3064243253693 43.3064243253695 43.3064849285545 43.3107879871375 43.3140215691181 43.3152135350648 43.3098595378601 43.508125169815
13.056856187291 42.1327251795416 43.2985111976023 43.2984469286884 43.2984469286887 43.2984469286884 43.2985111976024 43.3028069271695 43.3060402449415 43.3072326401251 43.3018807172823 43.5000555926108
13.0635451505017 42.1902493693389 43.2905394737012 43.290471549456 43.2904715494558 43.2904715494562 43.2905394737011 43.2948278829581 43.2980609341448 43.299253758373 43.293903921459 43.4919880931947
13.0702341137124 42.2409315571994 43.2825697560311 43.2824981868329 43.2824981868327 43.2824981868331 43.2825697560311 43.2868508536718 43.2900836359007 43.2912768889818 43.2859291472069 43.4839226706616
13.0769230769231 42.285790963743 43.2746020437594 43.2745268399672 43.2745268399674 43.2745268399674 43.2746020437596 43.2788758384703 43.2821083493687 43.2833020311118 43.2779563919022 43.4758593241078
13.0836120401338 42.3256540218734 43.2666363360788 43.2665575080325 43.2665575080327 43.2665575080325 43.2666363360787 43.2709028365368 43.2741350737303 43.2753291839451 43.2699856533568 43.46779805263
13.0903010033445 42.361197894564 43.258672632159 43.2585901901799 43.2585901901804 43.2585901901801 43.258672632159 43.2629318470328 43.2661638081501 43.2673583466454 43.2620169296658 43.4597388553257
13.0969899665552 42.392982719188 43.2507109311761 43.2506248855678 43.2506248855674 43.2506248855679 43.250710931176 43.2549628691247 43.2581945517962 43.2593895183817 43.2540502191556 43.4516817312926
13.1036789297659 42.4214758387787 43.2427512323102 43.2426615933555 43.2426615933556 43.2426615933557 43.2427512323102 43.2469959019853 43.2502273038393 43.2514226983248 43.2460855203272 43.4436266796267
13.1103678929766 42.447070252229 43.2347935347388 43.2347003127023 43.2347003127027 43.2347003127025 43.2347935347387 43.2390309447813 43.2422620634494 43.2434578856446 43.2381228318102 43.4355736994283
13.1170568561873 42.4700988306583 43.2268378376388 43.2267410427676 43.2267410427675 43.2267410427678 43.2268378376388 43.2310679966834 43.2342988297962 43.2354950795121 43.230162152337 43.4275227897972
13.123745819398 42.4908453930242 43.2188841401915 43.2187837827119 43.2187837827118 43.2187837827119 43.2188841401915 43.2231070568606 43.2263376020512 43.2275342790983 43.22220348072 43.4194739498318
13.1304347826087 42.5095534199455 43.2109324415709 43.2108285316927 43.2108285316926 43.2108285316927 43.2109324415712 43.2151481244823 43.2183783793826 43.2195754835719 43.2142468158324 43.4114271786318
13.1371237458194 42.5264329735103 43.2029827409625 43.2028752888747 43.2028752888746 43.2028752888749 43.2029827409626 43.2071911987216 43.210421160966 43.2116186921089 43.2062921566033 43.4033824752973
13.1438127090301 42.5416662406977 43.1950350375428 43.1949240534161 43.194924053416 43.1949240534163 43.1950350375429 43.199236278748 43.2024659459709 43.2036639038782 43.1983395019971 43.3953398389284
13.1505016722408 42.5554120081773 43.1870893304918 43.1869748244801 43.1869748244801 43.1869748244801 43.1870893304919 43.1912833637333 43.1945127335698 43.1957111180536 43.1903890185623 43.3872992686266
13.1571906354515 42.5678093025301 43.1791456189901 43.1790276012268 43.179027601227 43.1790276012268 43.1791456189901 43.1833324528479 43.1865615229349 43.1877603338061 43.1824403699185 43.3792607634898
13.1638795986622 42.578980370675 43.1712039022177 43.1710823828174 43.1710823828172 43.1710823828176 43.1712039022176 43.1753835452638 43.1786123132371 43.1798115503087 43.1744937229708 43.371224322624
13.1705685618729 42.5890331377121 43.1632641793532 43.1631391684142 43.1631391684143 43.1631391684142 43.1632641793533 43.1674366401522 43.1706651036497 43.1718647667339 43.1665490767855 43.3631899451302
13.1772575250836 42.5980632441297 43.1553264495816 43.1551979571818 43.1551979571819 43.1551979571817 43.1553264495817 43.159491736687 43.1627198933484 43.1639199822566 43.1586064304462 43.3551576301107
13.1839464882943 42.6061557452921 43.1473907120847 43.1472587482832 43.1472587482829 43.1472587482835 43.1473907120847 43.1515488340423 43.1547766815063 43.1559771960516 43.1506657830485 43.3471273766683
13.190635451505 42.6133865362312 43.139456966032 43.1393215408712 43.1393215408709 43.1393215408713 43.1394569660318 43.1436079313812 43.1468354672872 43.1480364072836 43.1427271336876 43.3390991839061
13.1973244147157 42.6198235529852 43.1315252106169 43.1313863341195 43.1313863341196 43.1313863341196 43.1315252106169 43.1356690278863 43.1388962498747 43.1400976151351 43.1347904814878 43.331073050928
13.2040133779264 42.6255277885569 43.1235954450204 43.1234531271903 43.1234531271903 43.1234531271905 43.1235954450203 43.1277321227288 43.1309590284421 43.1321608187793 43.1268558255699 43.3230489768379
13.2107023411371 42.6305541582154 43.1156676684227 43.1155219192465 43.1155219192466 43.1155219192465 43.1156676684227 43.1197972150826 43.1230238021624 43.1242260173915 43.1189232601898 43.3150269607374
13.2173913043478 42.6349522378579 43.107741880006 43.1075927094515 43.1075927094517 43.1075927094517 43.1077418800057 43.1118643041211 43.1150905702107 43.1162932101446 43.1109925940509 43.3070070017366
13.2240802675585 42.6387668975908 43.0998180789545 43.0996654969712 43.0996654969709 43.0996654969712 43.0998180789543 43.1039333890191 43.1071593317628 43.1083623962152 43.1030639215978 43.2989890989386
13.2307692307692 42.6420388471256 43.091896264453 43.0917402809717 43.091740280972 43.0917402809718 43.091896264453 43.0960044689526 43.0992300859939 43.1004335747806 43.095137241976 43.2909732514491
13.2355711422846 42.6440738996775 43.0862105310305 43.0860521117764 43.0860521117762 43.0860521117766 43.0862105310304 43.0903136397748 43.0935390215475 43.0947428148433 43.0894480198074 43.2852200554406
13.2374581939799 42.644805107031 43.0839764356799 43.0838170606144 43.0838170606147 43.0838170606145 43.0839764356798 43.0880775430937 43.0913028320786 43.0925067450129 43.0872125543306 43.2829594583744
13.2441471571906 42.6470994172524 43.076058591821 43.0758958350651 43.0758958350646 43.0758958350652 43.0760585918211 43.0801526106161 43.0833775691915 43.0845819060889 43.0792898578125 43.2749477188212
13.2508361204013 42.6489525927271 43.0681427320554 43.067976603486 43.0679766034855 43.0679766034859 43.0681427320552 43.0722296706941 43.0754542965059 43.0766590571818 43.0713691515733 43.266938031896
13.257525083612 42.6503928337812 43.0602288555756 43.0600593650507 43.0600593650503 43.0600593650508 43.0602288555756 43.0643087225094 43.0675330132058 43.0687381974749 43.0634504347772 43.2589303967053
13.2642140468227 42.6514459971971 43.0523169615633 43.0521441189232 43.0521441189229 43.0521441189235 43.0523169615633 43.0563897652348 43.0596137184656 43.0608193261432 43.0555337065809 43.2509248123566
13.2709030100334 42.6521358352062 43.0444070492034 43.0442308642699 43.0442308642699 43.0442308642701 43.0444070492034 43.0484727980494 43.051696411461 43.0529024423641 43.0476189661461 43.2429212779609
13.2775919732442 42.6524842048701 43.0364991176813 43.0363196002592 43.0363196002588 43.0363196002593 43.0364991176814 43.0405578201287 43.0437810913721 43.0449875453155 43.0397062126368 43.2349197926255
13.2842809364548 42.652511253821 43.0285931661824 43.0284103260564 43.028410326057 43.0284103260566 43.0285931661822 43.0326448306486 43.0358677573751 43.0370746341752 43.031795445217 43.226920355459
13.2909698996656 42.6522355838155 43.0206891938916 43.0205030408301 43.0205030408296 43.0205030408301 43.0206891938916 43.0247338287865 43.0279564086474 43.0291637081209 43.0238866630529 43.2189229655712
13.2976588628763 42.6516743964006 43.012787199995 43.0125977437475 43.0125977437474 43.0125977437477 43.012787199995 43.0168248137208 43.0200470443678 43.0212547663315 43.0159798653129 43.2109276220718
13.304347826087 42.6508436221001 43.0048871836749 43.0046944339728 43.004694433973 43.0046944339728 43.0048871836749 43.0089177846245 43.0121396637112 43.0133478079814 43.0080750511619 43.2029343240711
13.3110367892977 42.6497580358261 42.9969891441174 42.9967931106756 42.9967931106755 42.9967931106757 42.9969891441176 43.001012740677 43.0042342658571 43.0054428322518 43.0001722197714 43.1949430706775
13.3177257525084 42.6484313597449 42.989093080518 42.9888937730319 42.9888937730318 42.988893773032 42.9890930805179 42.9931096810633 42.996330849991 42.997539838327 42.9922713703191 43.1869538610047
13.3244147157191 42.6468763551854 42.9811989920588 42.980996420206 42.9809964202056 42.980996420206 42.9811989920589 42.9852086049578 42.9884294152881 42.9896388253832 42.9843725019732 43.1789666941646
13.3311036789298 42.6451049056067 42.9733068779319 42.9731010513721 42.9731010513719 42.9731010513723 42.9733068779318 42.9773095115439 42.9805299609328 42.9817397926044 42.9764756139118 43.1709815692682
13.3377926421405 42.6431280905288 42.9654167373186 42.9652076656951 42.9652076656951 42.9652076656951 42.9654167373187 42.9694123999954 42.9726324861011 42.9738427391668 42.9685807053037 43.1629984854278
13.3444816053512 42.6409562525917 42.9575285694073 42.9573162623442 42.9573162623441 42.9573162623445 42.9575285694073 42.9615172694927 42.9647369899715 42.96594766425 42.9606877753236 43.1550174417563
13.3511705685619 42.6385990576196 42.9496423733914 42.9494268404947 42.949426840495 42.9494268404949 42.9496423733912 42.95362411922 42.95684347173 42.9580545670397 42.952796823152 43.1470384373668
13.3578595317726 42.6360655492607 42.9417581484526 42.9415393993119 42.9415393993121 42.9415393993122 42.9417581484527 42.9457329483521 42.948951930552 42.950163446711 42.9449078479598 43.139061471373
13.3645484949833 42.6333641981509 42.9338758937811 42.9336539379672 42.9336539379672 42.9336539379674 42.933875893781 42.9378437560697 42.9410623656207 42.9422743024476 42.937020848925 43.1310865428858
13.371237458194 42.6305029466297 42.9259956085667 42.9257704556335 42.9257704556339 42.9257704556338 42.9259956085669 42.9299565415552 42.9331747761163 42.9343871334318 42.929135825226 43.1231136510241
13.3779264214047 42.6274892493124 42.9181172920057 42.9178889514887 42.9178889514885 42.9178889514887 42.9181172920056 42.9220713039951 42.9252891612286 42.9265019388503 42.9212527760474 43.1151427949015
13.3846153846154 42.6243301097686 42.9102409432811 42.9100094246987 42.9100094246984 42.9100094246987 42.9102409432811 42.9141880425658 42.9174055201334 42.9186187178812 42.9133717005626 43.1071739736328
13.3913043478261 42.621032114333 42.9023665615842 42.902131874436 42.9021318744359 42.9021318744361 42.9023665615845 42.90630675645 42.9095238520143 42.9107374697079 42.905492597952 43.0992071863338
13.3979933110368 42.617601462819 42.8944941461069 42.8942562998762 42.8942562998765 42.8942562998763 42.8944941461068 42.8984274448315 42.9016441560554 42.9028581935149 42.8976154673975 43.0912424321205
13.4046822742475 42.6140439960439 42.8866236960369 42.886382700189 42.8863827001892 42.886382700189 42.8866236960371 42.8905501068896 42.8937664314381 42.8949808884824 42.8897403080767 43.0832797101095
13.4113712374582 42.6103652218375 42.8787552105681 42.8785110745502 42.8785110745504 42.8785110745503 42.8787552105681 42.8826747418095 42.885890677347 42.8871055537977 42.8818671191731 43.0753190194166
13.4180602006689 42.6065703381949 42.8708886888885 42.8706414221317 42.8706414221319 42.8706414221319 42.8708886888884 42.8748013487729 42.878016892965 42.8792321886427 42.873995899867 43.0673603591588
13.4247491638796 42.6026642549427 42.8630241301879 42.8627737421043 42.8627737421046 42.8627737421044 42.8630241301877 42.8669299269603 42.8701450774735 42.8713607921977 42.8661266493372 43.0594037284565
13.4314381270903 42.5986516132801 42.8551615336659 42.8549080336505 42.8549080336506 42.8549080336506 42.8551615336659 42.859060475562 42.8622752300644 42.8634913636563 42.858259366774 43.0514491264266
13.438127090301 42.5945368039491 42.8473008985105 42.8470442959418 42.8470442959421 42.8470442959419 42.8473008985105 42.8511929937595 42.8544073499184 42.8556239021995 42.8503940513572 43.0434965521878
13.4448160535117 42.5903239839737 42.8394422239139 42.8391825281523 42.8391825281522 42.8391825281522 42.8394422239138 42.8433274807381 42.8465414362216 42.8477584070126 42.8425307022707 43.0355460048589
13.4515050167224 42.5860170918994 42.8315855090698 42.8313227294577 42.8313227294578 42.8313227294578 42.8315855090697 42.8354639356805 42.8386774881576 42.8398948772809 42.8346693186972 43.0275974835596
13.4581939799331 42.5816198620377 42.8237307531689 42.8234648990321 42.8234648990321 42.8234648990322 42.8237307531689 42.8276023577709 42.8308155049127 42.8320333121894 42.8268098998203 43.0196509874095
13.4648829431438 42.5771358372848 42.8158779554086 42.8156090360553 42.8156090360552 42.8156090360552 42.8158779554087 42.8197427461982 42.8229554856754 42.8241737109275 42.8189524448281 43.0117065155271
13.4715719063545 42.5725683816934 42.8080271149793 42.8077551397007 42.8077551397008 42.807755139701 42.8080271149793 42.811885100146 42.8150974296295 42.8163160726788 42.8110969529036 43.0037640670352
13.4782608695652 42.5679206912435 42.8001782310764 42.7999032091461 42.7999032091461 42.7999032091462 42.8001782310763 42.8040294187996 42.8072413359618 42.808460396631 42.8032434232321 42.9958236410554
13.4849498327759 42.5631958044511 42.7923313028928 42.7920532435673 42.7920532435674 42.7920532435675 42.7923313028929 42.7961757013465 42.7993872038602 42.800606681971 42.795391855 42.9878852367087
13.4916387959866 42.5583966115601 42.7844863296223 42.7842052421407 42.7842052421406 42.7842052421407 42.7844863296222 42.7883239469705 42.7915350325099 42.7927549278857 42.7875422473921 42.9799488531169
13.4983277591973 42.5535258638831 42.7766433104637 42.776359204048 42.7763592040483 42.7763592040481 42.7766433104636 42.7804741548628 42.7836848211026 42.7849051335659 42.7796945995989 42.9720144894025
13.505016722408 42.5485861819895 42.7688022446101 42.7685151284655 42.768515128466 42.7685151284657 42.7688022446102 42.7726263242091 42.7758365688244 42.7770572981982 42.7718489108059 42.9640821446883
13.5117056856187 42.5435800632292 42.760963131257 42.7606730145711 42.7606730145707 42.7606730145712 42.760963131257 42.7647804541975 42.7679902748632 42.7692114209704 42.7640051802005 42.9561518180974
13.5183946488294 42.538509888326 42.7531259696008 42.7528328615433 42.7528328615437 42.7528328615435 42.7531259696005 42.7569365440136 42.7601459384074 42.7613675010721 42.7561634069697 42.9482235087508
13.5250836120401 42.5333779303189 42.7452907588363 42.744994668562 42.7449946685624 42.7449946685622 42.7452907588362 42.7490945928479 42.7523035586472 42.7535255376925 42.7483235903036 42.9402972157771
13.5317725752508 42.528186356885 42.737457498162 42.7371584348066 42.7371584348067 42.7371584348068 42.7374574981621 42.7412545998891 42.7444631347711 42.7456855300212 42.7404857293901 42.9323729382993
13.5361523046092 42.524755773514 42.7323295737527 42.7320285686554 42.7320285686552 42.7320285686555 42.7323295737528 42.7361222717778 42.7393305232509 42.7405531909234 42.7353547959482 42.9271854542556
13.5384615384615 42.5229372446576 42.7296261867764 42.7293241594598 42.7293241594596 42.7293241594599 42.7296261867763 42.7334165643278 42.7366246659725 42.7378474772504 42.7326498234222 42.9244506754423
13.5451505016722 42.5176325596485 42.7217968238661 42.7214918416904 42.7214918416903 42.7214918416905 42.721796823866 42.7255804853439 42.7287881514292 42.7300113785605 42.7248158715762 42.9165304263312
13.5518394648829 42.5122742071129 42.7139694086395 42.7136614806891 42.7136614806889 42.7136614806893 42.7139694086394 42.7177463621362 42.7209535903432 42.7221772331513 42.7169838730542 42.9086121900922
13.5585284280936 42.5068639939715 42.7061439402902 42.705833075635 42.705833075635 42.7058330756351 42.7061439402901 42.709914193892 42.713120981902 42.714345040212 42.7091538270433 42.9006959658511
13.5652173913044 42.5014036519795 42.6983204180175 42.6980066257078 42.6980066257077 42.6980066257078 42.6983204180175 42.7020839798019 42.7052903252962 42.7065147989323 42.7013257327335 42.8927817527333
13.5719063545151 42.4958948407305 42.69049884102 42.690182130091 42.6901821300906 42.690182130091 42.69049884102 42.6942557190569 42.6974616197179 42.6986865085051 42.6934995893171 42.8848695498668
13.5785953177258 42.4903391492469 42.6826792084954 42.6823595879637 42.682359587964 42.6823595879641 42.6826792084955 42.6864294108465 42.6896348643575 42.6908601681204 42.6856753959831 42.8769593563808
13.5852842809365 42.4847381001946 42.6748615196451 42.6745389985126 42.6745389985123 42.6745389985126 42.674861519645 42.6786050543649 42.6818100584088 42.6830357769744 42.6778531519266 42.869051171402
13.5919732441472 42.4790931540436 42.6670457736671 42.6667203609171 42.6667203609171 42.6667203609173 42.667045773667 42.6707826488021 42.6739872010637 42.6752133342562 42.670032856338 42.8611449940588
13.5986622073579 42.4734057114983 42.6592319697577 42.6589036743581 42.6589036743581 42.6589036743581 42.6592319697576 42.6629621933465 42.6661662915126 42.6673928391571 42.6622145084062 42.8532408234801
13.6053511705686 42.4676771168238 42.6514201071139 42.6510889380147 42.6510889380148 42.6510889380149 42.6514201071141 42.6551436871894 42.6583473289442 42.6595742908671 42.6543981073219 42.8453386587952
13.6120401337793 42.4619086602224 42.643610184942 42.6432761510769 42.6432761510773 42.643276151077 42.643610184942 42.6473271295256 42.6505303125563 42.6517576885846 42.6465836522819 42.8374384991338
13.61872909699 42.4561015811301 42.635802202445 42.6354653127307 42.6354653127305 42.6354653127309 42.6358022024451 42.6395125195528 42.6427152415477 42.6439430315053 42.6387711424836 42.829540343623
13.6254180602007 42.4502570704002 42.6279961588196 42.6276564221568 42.6276564221567 42.6276564221567 42.6279961588197 42.6316998564597 42.6349021151059 42.6361303188206 42.630960577116 42.8216441913974
13.6321070234114 42.4443762725857 42.6201920532692 42.6198494785402 42.6198494785406 42.6198494785405 42.6201920532694 42.6238891394411 42.6270909324273 42.6283195497255 42.6231519553747 42.8137500415872
13.6387959866221 42.4384602882548 42.6123898849942 42.6120444810665 42.6120444810665 42.6120444810667 42.612389884994 42.6160803676901 42.6192816927062 42.6205107234139 42.6153452764535 42.8058578933233
13.6454849498328 42.432510176164 42.6045896531986 42.6042414289225 42.6042414289226 42.6042414289227 42.6045896531987 42.6082735404039 42.6114743951394 42.6127038390842 42.6075405395498 42.7979677457374
13.6521739130435 42.4265269550185 42.5967913570808 42.59644032129 42.5964403212902 42.5964403212902 42.596791357081 42.600468656772 42.6036690389189 42.6048988959277 42.5997377438542 42.7900795979618
13.6588628762542 42.420511605471 42.5889949958447 42.5886411573562 42.5886411573564 42.5886411573563 42.5889949958446 42.5926657159922 42.5958656232415 42.5970958931408 42.5919368885643 42.7821934491293
13.6655518394649 42.4144650719689 42.5812005686883 42.5808439363022 42.5808439363026 42.5808439363025 42.5812005686882 42.5848647172528 42.5880641472971 42.5892948299158 42.5841379728696 42.7743092983719
13.6722408026756 42.4083882641638 42.5734080748172 42.5730486573182 42.573048657318 42.5730486573182 42.5734080748172 42.5770656597546 42.580264610287 42.5814957054512 42.576340995971 42.7664271448229
13.6789297658863 42.4022820588686 42.5656175134413 42.5652553195959 42.5652553195961 42.565255319596 42.5656175134413 42.5692685426963 42.5724670114104 42.5736985189488 42.5685459570684 42.7585469876187
13.685618729097 42.396147301056 42.5578288837612 42.5574639223207 42.5574639223205 42.5574639223207 42.5578288837611 42.5614733652739 42.5646713498642 42.5659032696035 42.5607528553578 42.7506688258926
13.6923076923077 42.3899848057049 42.550042184981 42.5496744646797 42.5496744646799 42.5496744646798 42.550042184981 42.5536801266814 42.5568776248438 42.5581099566121 42.5529616900347 42.7427926587793
13.6989966555184 42.3837953589464 42.5422574163055 42.5418869458622 42.5418869458624 42.5418869458623 42.5422574163053 42.545888826119 42.5490858355474 42.5503185791743 42.5451724602986 42.7349184854142
13.7056856187291 42.3775797191651 42.534474576937 42.5341013650529 42.5341013650531 42.5341013650531 42.5344745769369 42.538099462779 42.5412959811713 42.542529136484 42.5373851653435 42.7270463049329
13.7123745819398 42.371338618579 42.526693666081 42.5263177214417 42.5263177214413 42.5263177214418 42.5266936660809 42.5303120358603 42.5335080609138 42.5347416277405 42.5295998043688 42.7191761164715
13.7190635451505 42.3650727640048 42.5189146829435 42.5185360142182 42.5185360142181 42.5185360142183 42.5189146829435 42.5225265445622 42.525722073974 42.5269560521441 42.5218163765739 42.7113079191643
13.7257525083612 42.3587828381986 42.5111376267276 42.5107562425685 42.5107562425688 42.5107562425687 42.5111376267275 42.5147429880782 42.5179380195485 42.5191724088906 42.514034881154 42.7034417121513
13.7324414715719 42.3524695007228 42.5033624966379 42.5029784056819 42.5029784056817 42.502978405682 42.5033624966379 42.5069613656075 42.5101558968352 42.5113906971784 42.5062553173079 42.6955774945698
13.7391304347826 42.346133389001 42.4955892918897 42.4952025027557 42.4952025027558 42.4952025027558 42.49558929189 42.4991816763552 42.5023757050406 42.5036109162142 42.4984776842424 42.6877152655572
13.7458193979933 42.339775119132 42.4878180116849 42.4874285329774 42.4874285329775 42.4874285329778 42.4878180116848 42.4914039195188 42.4945974433615 42.4958330651947 42.4907019811541 42.6798550242516
13.752508361204 42.3333952869859 42.4800486552327 42.4796564955394 42.4796564955395 42.4796564955393 42.4800486552327 42.483628094298 42.4868211110006 42.4880571433223 42.4829282072451 42.6719967697919
13.7591973244147 42.3269944687371 42.4722812217361 42.4718863896289 42.471886389629 42.4718863896292 42.4722812217361 42.4758541998901 42.4790467071532 42.480283149794 42.4751563617121 42.664140501317
13.7658862876254 42.3205732219056 42.4645157104066 42.4641182144397 42.4641182144396 42.46411821444 42.4645157104069 42.4680822354966 42.4712742310243 42.4725110838133 42.4673864437584 42.6562862179659
13.7725752508361 42.3141320859973 42.4567521204487 42.456351969162 42.4563519691621 42.4563519691619 42.4567521204486 42.4603122003171 42.4635036818125 42.4647409445796 42.4596184525834 42.648433918878
13.7792642140468 42.3076715832327 42.4489904510735 42.4485876529899 42.44858765299 42.4485876529899 42.4489904510735 42.4525440935536 42.4557350587214 42.4569727312972 42.4518523873905 42.6405836031965
13.7859531772575 42.3011922193258 42.4412307014875 42.4408252651133 42.4408252651131 42.4408252651134 42.4412307014876 42.4447779144055 42.4479683609503 42.4492064431648 42.4440882473794 42.632735270061
13.7926421404682 42.2946944839249 42.4334728708938 42.4330648047201 42.4330648047202 42.4330648047202 42.4334728708938 42.4370136620697 42.4402035876977 42.4414420793811 42.4363260317476 42.624888918613
13.7993311036789 42.2881788514783 42.4257169585143 42.4253062710155 42.4253062710155 42.4253062710157 42.4257169585143 42.4292513357589 42.4324407381767 42.4336796391593 42.4285657397089 42.6170445479941
13.8060200668896 42.2816457816863 42.4179629635552 42.4175496631906 42.4175496631906 42.4175496631907 42.417962963555 42.421490934673 42.4246798115869 42.4259191217 42.4208073704638 42.6092021573467
13.8127090301003 42.2750957200741 42.4102108852238 42.4097949804354 42.4097949804353 42.4097949804356 42.4102108852237 42.4137324580111 42.4169208071287 42.4181605262033 42.4130509232118 42.6013617458132
13.819397993311 42.26852909853 42.40246072273 42.4020422219454 42.402042221945 42.4020422219456 42.4024607227301 42.4059759049776 42.4091637240078 42.4104038518738 42.4052963971585 42.5935233125344
13.8260869565217 42.2619463359406 42.3947124752866 42.394291386916 42.394291386916 42.394291386916 42.3947124752866 42.3982212747757 42.4014085614271 42.4026490979164 42.3975437915075 42.5856868566572
13.8327759197324 42.2553478384597 42.3869661421025 42.3865424745405 42.3865424745403 42.3865424745406 42.3869661421024 42.3904685666081 42.3936553185911 42.3948962635346 42.3897931054624 42.5778523773252
13.8367334669339 42.2514365675775 42.3823838994754 42.3819587098729 42.3819587098733 42.3819587098731 42.3823838994756 42.3858825558591 42.3890689904254 42.3903101769533 42.3852082899657 42.5732180120375
13.8394648829431 42.248734000196 42.3792217223904 42.3787954840167 42.3787954840166 42.3787954840166 42.3792217223904 42.3827177796807 42.3859039947049 42.3871453479347 42.3820443382296 42.5700198736821
13.8461538461538 42.242105203551 42.3714792153617 42.3710504145382 42.371050414538 42.3710504145384 42.3714792153615 42.3749689131955 42.378154588973 42.3793963503204 42.3742974890122 42.5621893448727
13.8528428093646 42.2354618196254 42.363738620221 42.363307265296 42.3633072652961 42.3633072652962 42.3637386202207 42.367221966353 42.3704071005957 42.3716492698925 42.3665525570112 42.5543607900426
13.8595317725753 42.2288042087227 42.3559999361943 42.3555660354989 42.3555660354986 42.3555660354988 42.3559999361941 42.3594769383697 42.3626615287898 42.3639041058672 42.3588095414437 42.5465342083374
13.866220735786 42.2221327206944 42.3482631624874 42.3478267243372 42.347826724337 42.3478267243373 42.3482631624872 42.3517338284447 42.354917872755 42.3561608574453 42.3510684415095 42.5387095989022
13.8729096989967 42.2154476952617 42.340528298313 42.3400893310075 42.3400893310076 42.3400893310077 42.3405282983129 42.3439926357826 42.3471761316977 42.3484195238333 42.3433292564145 42.5308869608833
13.8795986622074 42.2087494624564 42.332795342886 42.3323538547093 42.3323538547095 42.3323538547094 42.3327953428859 42.3362533595916 42.3394363048264 42.3406801042391 42.3355919853676 42.5230662934304
13.8862876254181 42.2020383429483 42.3250642954171 42.3246202946379 42.3246202946381 42.3246202946381 42.3250642954171 42.3285159990756 42.3316983913457 42.332942597868 42.3278566275731 42.5152475956895
13.8929765886288 42.1953146483507 42.3173351551232 42.3168886499942 42.3168886499947 42.3168886499943 42.3173351551233 42.3207805534451 42.3239623904648 42.3252070039303 42.3201231822417 42.5074308668084
13.8996655518395 42.1885786815073 42.3096079212179 42.3091589199751 42.3091589199754 42.3091589199753 42.3096079212178 42.3130470219037 42.3162283013915 42.3174733216313 42.3123916485789 42.499616105936
13.9063545150502 42.1818307368921 42.301882592915 42.3014311037806 42.3014311037808 42.3014311037808 42.3018825929149 42.3053154036616 42.3084961233337 42.3097415501815 42.3046620257946 42.4918033122207
13.9130434782609 42.1750711008421 42.2941591694308 42.2937052006097 42.2937052006098 42.2937052006098 42.2941591694307 42.2975856979244 42.3007658554987 42.3020116887882 42.2969343130958 42.4839924848117
13.9197324414716 42.1683000517785 42.2864376499773 42.2859812096602 42.2859812096598 42.2859812096605 42.2864376499773 42.2898579038998 42.2930374970959 42.2942837366589 42.2892085096908 42.4761836228562
13.9264214046823 42.1615178605819 42.2787180337742 42.2782591301353 42.2782591301353 42.2782591301352 42.2787180337742 42.2821320207989 42.2853110473357 42.2865576930059 42.2814846147913 42.4683767255081
13.933110367893 42.154724790793 42.2710003200372 42.2705389612348 42.270538961235 42.2705389612351 42.2710003200371 42.2744080478288 42.2775865054279 42.2788335570383 42.273762627606 42.460571791917
13.9397993311037 42.1479210988547 42.2632845079822 42.2628207021603 42.2628207021604 42.2628207021603 42.2632845079823 42.2666859842014 42.2698638705819 42.2711113279661 42.266042547346 42.4527688212336
13.9464882943144 42.1411070343266 42.2555705968245 42.2551043521105 42.2551043521104 42.2551043521107 42.2555705968244 42.2589658291234 42.2621431420069 42.2633910049986 42.2583243732196 42.4449678126091
13.9531772575251 42.1342828402056 42.247858585783 42.2473899102891 42.2473899102892 42.2473899102891 42.2478585857828 42.2512475818053 42.2544243189149 42.2556725873477 42.2506081044387 42.4371687651958
13.9598662207358 42.1274487530306 42.2401484740725 42.2396773758958 42.2396773758959 42.2396773758958 42.2401484740726 42.2435312414573 42.2467074005143 42.2479560742227 42.2428937402126 42.4293716781457
13.9665551839465 42.1206050031533 42.2324402609119 42.2319667481339 42.2319667481342 42.231966748134 42.2324402609121 42.2358168072896 42.2389923860186 42.2402414648361 42.2351812797539 42.4215765506101
13.9732441471572 42.1137518149499 42.2247339455259 42.2242580262124 42.2242580262128 42.2242580262126 42.2247339455259 42.2281042785194 42.2312792746444 42.2325287584053 42.2274707222801 42.4137833817434
13.9799331103679 42.106889406943 42.2170295271152 42.2165512093167 42.2165512093173 42.2165512093169 42.2170295271153 42.2203936543422 42.2235680655885 42.2248179541267 42.2197620669868 42.4059921707003
13.9866220735786 42.1000179920854 42.2093270049153 42.2088462966673 42.2088462966672 42.2088462966675 42.2093270049155 42.2126849339842 42.2158587580777 42.2171090512278 42.2120553131019 42.3982029166342
13.9933110367893 42.0931377778706 42.2016263781402 42.2011432874621 42.2011432874617 42.201143287462 42.2016263781401 42.2049781166538 42.20815135132 42.2094020489161 42.2043504598335 42.3904156186995
14 42.0862489665289 42.1939276460099 42.1934421809061 42.1934421809059 42.1934421809064 42.19392764601 42.1972732015634 42.2004458445293 42.2016969464067 42.1966475063957 42.3826302760511
14.1373146292585 41.9432232134969 42.0363013144361 42.0357688494449 42.0357688494449 42.0357688494452 42.0363013144362 42.0395216096786 42.0426816047474 42.0439409695633 42.0389356531221 42.2232392516402
14.4378957915832 41.6234192290462 41.6940109819382 41.6933867581401 41.6933867581403 41.6933867581402 41.6940109819382 41.6969679564179 41.7000969513631 41.7013741649376 41.6964654758244 41.8771724771632
14.7384769539078 41.2996834845608 41.3554434860193 41.354741720498 41.3547417204981 41.3547417204982 41.3554434860192 41.3581515833891 41.3612450788549 41.3625398186332 41.3577278127303 41.534942800126
15.0390581162325 40.9752446018495 41.0205308753957 41.019764572673 41.0197645726727 41.0197645726731 41.0205308753957 41.0230039813785 41.026057539935 41.0273694860836 41.022654220172 41.196477149756
15.3396392785571 40.6516791856868 40.689206691022 40.6883877243594 40.6883877243593 40.6883877243596 40.689206691022 40.6914581680088 40.6944674161873 40.6957962470957 40.6911777800419 40.8617042705702
15.6402204408818 40.329832935764 40.361405980376 40.3605451678667 40.3605451678663 40.3605451678669 40.3614059803761 40.3634486981825 40.366409329913 40.3677547173955 40.3632331111334 40.5305547098068
15.9408016032064 40.0101877537878 40.0370653010651 40.0361724768945 40.0361724768944 40.0361724768946 40.0370653010653 40.038911664159 40.0418194456356 40.0431810497797 40.0387563701892 40.202960796836
16.2413827655311 39.6930281628523 39.7161227156384 39.7152067968467 39.7152067968465 39.7152067968471 39.7161227156383 39.7177846871016 39.7206354631154 39.7220129267171 39.7176852444191 39.8788566162795
16.5419639278557 39.3785243392915 39.3985177794564 39.3975868285167 39.3975868285169 39.3975868285169 39.3985177794565 39.4000069019441 39.4027966037158 39.4041895462323 39.399958937321 39.5581779762703
16.8425450901804 39.066776738975 39.0841915229707 39.083252806452 39.0832528064521 39.0832528064523 39.0841915229705 39.0855189368798 39.0882435914317 39.0896516023902 39.0855181490992 39.2408623730095
17.143126252505 38.757841552369 38.7730864295355 38.7721464731075 38.7721464731077 38.7721464731078 38.7730864295355 38.7742628885901 38.7769186296966 38.7783412614907 38.7743050527933 38.9268489525381
17.4437074148297 38.45174594836 38.4651464097962 38.4642110498057 38.4642110498047 38.464211049806 38.4651464097963 38.4661822942399 38.4687653749886 38.4702021349805 38.4662632671378 38.6160784706132
17.7442885771543 38.1484975803454 38.1603167734753 38.1593912053072 38.1593912053072 38.1593912053073 38.1603167734753 38.161222101049 38.1637289080435 38.1651792499022 38.1613378269574 38.3084932511578
18.044869739479 37.8480907199017 37.8585441989827 37.8576330224029 37.8576330224031 37.857633022403 37.8585441989827 37.8593286338573 37.8617557030958 37.8632190173019 37.8594751515101 38.0040371439986
18.3454509018036 37.5505103315057 37.5597767017799 37.5588839634354 37.5588839634355 37.5588839634357 37.5597767017799 37.5604495616094 37.5627935960497 37.5642691994803 37.5606230116924 37.7026554821236
18.6460320641283 37.2557348474359 37.2639636016316 37.2630928348869 37.2630928348868 37.2630928348874 37.2639636016316 37.2645338628923 37.2667917517094 37.2682788762384 37.2647304962328 37.4042950389663
18.9466132264529 36.9637380986038 36.9710554892976 36.9702097515558 36.9702097515558 36.9702097515562 36.9710554892977 36.9715317910652 36.9737006305908 36.9751984106392 36.9717479774064 37.1089039858702
19.2471943887776 36.6744906829078 36.6810041928196 36.6801861004773 36.680186100477 36.6801861004778 36.6810041928196 36.6813948391567 36.6834719554713 36.6849794144609 36.6816270764264 36.8164318500164
19.5477755511022 36.3879609506817 36.393762743837 36.3929745050111 36.3929745050108 36.3929745050116 36.3937627438371 36.3940757049405 36.3960586780593 36.397574713728 36.3943206289232 36.5268294729911
19.8483567134269 36.1041157238693 36.1092853439493 36.1085287891062 36.1085287891063 36.1085287891067 36.1092853439494 36.1095282562364 36.1114149457878 36.1129383143705 36.1097826505318 36.2400489700777
20.1489378757515 35.8229208269981 35.8275273313952 35.8268039419958 35.8268039419956 35.8268039419963 35.8275273313952 35.8277074966784 35.8294960689476 35.8310253682482 35.8279683028305 35.9560436904303
20.4495190380762 35.5443414830852 35.5484451483082 35.5477560835967 35.5477560835968 35.5477560835972 35.5484451483083 35.5485695322409 35.5502584883635 35.5517921397907 35.5488338596577 35.6747681782039
20.7501002004008 35.2683426106343 35.2719963082375 35.2713424302645 35.2713424302645 35.2713424302653 35.2719963082375 35.2720715381924 35.2736597432561 35.2751959729852 35.2723366746713 35.3961781346426
21.0506813627255 34.9948890481558 34.998139364509 34.9975212615023 34.9975212615025 34.9975212615029 34.998139364509 34.9981717270639 34.9996584397499 35.0011952592143 34.9984351483597 35.1202303812626
21.3512625250501 34.7239457242216 34.7268338791681 34.7262518873413 34.7262518873412 34.7262518873422 34.7268338791681 34.726829317367 34.7282142196791 34.7297494057307 34.7270886964082 34.8468828240508
21.6518436873748 34.4554777867121 34.4580403928011 34.4574946166954 34.4574946166956 34.4574946166963 34.4580403928012 34.4580045033638 34.4592877298574 34.4608188050306 34.4582577188863 34.5760944187724
21.9524248496994 34.1894507004438 34.191720394764 34.1912107261932 34.1912107261933 34.1912107261932 34.1917203947638 34.1916584253986 34.1928405912106 34.1943648047125 34.1919035697242 34.3078251373539
22.253006012024 33.9258303213853 33.9278362946618 33.9273624303682 33.9273624303678 33.9273624303681 33.9278362946619 33.9277531416648 33.9288353684115 33.9303496785661 33.9279885273972 34.0420359353481
22.5535871743487 33.6645829519642 33.6663513943069 33.665912852372 33.665912852372 33.665912852372 33.6663513943068 33.6662516005693 33.6672355390762 33.6687365982014 33.6664757659914 33.7786887204678
22.8541683366733 33.4056753822177 33.4072298606886 33.4068259957984 33.4068259957986 33.4068259957986 33.4072298606885 33.407117614283 33.4080054628551 33.4094896057127 33.4073293272205 33.5177463221763
23.154749498998 33.1490749193965 33.1504366995142 33.1500667171282 33.1500667171283 33.1500667171283 33.1504366995141 33.1503158329778 33.1511103497622 33.152573586959 33.1505140928987 33.2591724623134
23.4553306613226 32.8947494090233 32.8959377298272 32.8956006993243 32.8956006993243 32.8956006993243 32.8959377298273 32.8958117202636 32.8965162280568 32.8979542459351 32.8959957583884 33.0029317267375
23.7559118236473 32.6426672487616 32.6436995592381 32.6433944260957 32.6433944260955 32.6433944260955 32.6436995592382 32.6435715293425 32.6441899110631 32.6455980798123 32.6437408065504 32.7489895379567
24.0564929859719 32.3927973969563 32.393689560106 32.3934151571752 32.393415157175 32.3934151571753 32.3936895601059 32.3935622802012 32.3940989631709 32.3954723549575 32.3937164825474 32.4973121287258
24.3570741482966 32.1451093766064 32.1458758463161 32.1456309042397 32.1456309042394 32.1456309042396 32.1458758463161 32.1457517374609 32.1462116646769 32.147545083622 32.1458907691548 32.2478665165799
24.6576553106212 31.8995732760712 31.9002272509835 31.9000104078125 31.9000104078127 31.9000104078125 31.9002272509834 31.9001083892116 31.9004969759413 31.9017850016259 31.9002323629576 32.0006204792766
24.9582364729459 31.656159746926 31.6567133047961 31.6565231148517 31.6565231148515 31.6565231148518 31.656713304796 31.6566014265051 31.6569245009152 31.6581615467887 31.6567106511829 31.755542531119
25.2588176352705 31.4148399997283 31.4153042151368 31.4151391571627 31.415139157163 31.4151391571628 31.4153042151368 31.4152007236398 31.4154644507013 31.4166448383013 31.4152956893823 31.5126019001312
25.5593987975952 31.175585798079 31.1759708459102 31.1758293305579 31.175829330558 31.1758293305579 31.1759708459101 31.1758768191365 31.1760876078619 31.1772056570568 31.1759581799724 31.2717685060541
25.8599799599198 30.9383694513439 30.9386846980295 30.9385650747165 30.9385650747166 30.9385650747165 30.9386846980295 30.9386008973428 30.9387652924037 30.9398154270516 30.9386694516838 31.033012939139
26.1605611222445 30.7031638063385 30.7034178905595 30.7033184537379 30.703318453738 30.703318453738 30.7034178905596 30.70334477064 30.7034693306165 30.7044461981665 30.7034014400226 30.7963064397033
26.4611422845691 30.4699422383121 30.470143142575 30.470062137447 30.4700621374472 30.470062137447 30.4701431425751 30.4700808622995 30.4701720280831 30.4710706309503 30.470126668905 30.5616208784284
26.7617234468938 30.2386786412801 30.2388337555813 30.2387693832941 30.2387693832941 30.2387693832941 30.2388337555813 30.2387821898199 30.2388461479542 30.2396619845011 30.238818233409 30.3289287373655
27.0623046092184 30.0093474179438 30.0094635965477 30.0094140188966 30.0094140188966 30.0094140188966 30.0094635965478 30.0094223487712 30.0094648955963 30.0101941102476 30.0094497837526 30.098203091622
27.3628857715431 29.7819234693947 29.7820070815948 29.7819704252681 29.7819704252679 29.7819704252679 29.7820070815948 29.7819754971932 29.7820019103815 29.7826414585 29.7819955105817 29.8694175917266
27.6634669338677 29.5563821844868 29.5564391601097 29.5564135204991 29.5564135204991 29.5564135204991 29.5564391601097 29.5564163403002 29.5564312646054 29.5569791169214 29.556430131317 29.6425464466027
27.9640480961924 29.332699429248 29.3327352995395 29.3327187441427 29.3327187441427 29.3327187441426 29.3327352995395 29.3327201157376 29.332727469404 29.3331829459862 29.33272887774 29.417564407163
28.264629258517 29.1108515362887 29.1108714707421 29.1108620421794 29.1108620421796 29.1108620421795 29.110871470742 29.1108625792714 29.1108654865322 29.1112300932071 29.1108674845789 29.1944467504883
28.5652104208417 28.8908152939721 28.8908241335781 28.8908198522493 28.8908198522493 28.8908198522492 28.8908241335781 28.8908199905873 28.8908207440897 28.8911017864682 28.8908221786075 28.9731692645692
28.8657915831663 28.6725679359775 28.6725702233155 28.6725690897104 28.6725690897105 28.6725690897103 28.6725702233155 28.672569099773 28.6725691547453 28.672829011464 28.6725696686263 28.7537082336063
29.166372745491 28.4560871308701 28.4560871374017 28.4560871340917 28.4560871340916 28.4560871340917 28.4560871374017 28.4560871340476 28.456087133806 28.456086651757 28.456087130565 28.5360404238001
29.4669539078156 28.2413509716414 28.2413527225298 28.2413518158493 28.2413518158492 28.2413518158493 28.2413527225297 28.2413517846529 28.2413516148905 28.2413027914355 28.2413508634123 28.320143069637
29.7675350701403 28.028337965702 28.0283452624269 28.0283414038674 28.0283414038674 28.0283414038673 28.0283452624269 28.0283411943676 28.0283400617992 28.0282150709728 28.0283374085959 28.1059938607281
30.0681162324649 27.8170270247576 27.8170434657782 27.8170345931048 27.8170345931049 27.8170345931048 27.8170434657782 27.8170339450394 27.8170304746525 27.8168283329712 27.8170255410625 27.8935709289831
30.3686973947896 27.6073974551291 27.6074264548049 27.6074104929109 27.6074104929109 27.6074104929109 27.6074264548049 27.6074090456821 27.6074013900902 27.6071250856287 27.6073944555536 27.6828528363716
30.6692785571142 27.3994289481201 27.3994737540818 27.399448615593 27.3994486155932 27.3994486155931 27.3994737540817 27.3994459207194 27.3994318750375 27.3990857767311 27.3994237560802 27.4738185629844
30.9698597194389 27.1931015706473 27.1931652797832 27.1931288654235 27.1931288654233 27.1931288654234 27.1931652797833 27.1931243985889 27.1931015146911 27.1926906468188 27.1930934450918 27.2664474955596
31.2704408817635 26.9883957560779 26.9884813292899 26.9884315280136 26.9884315280136 26.9884315280134 26.9884813292899 26.9884247006344 26.9883903955702 26.9879201124872 26.9883839124105 27.0607194164577
31.5710220440882 26.7852922953006 26.7854025711585 26.785337260064 26.785337260064 26.785337260064 26.7854025711585 26.7853274303129 26.7852790848026 26.7847548755152 26.7852759240913 26.8566144928831
31.8716032064128 26.5837723279966 26.5839100354102 26.583827079438 26.583827079438 26.5838270794381 26.5839100354101 26.583813562676 26.5837486068856 26.5831759578211 26.5837506113097 26.6541132665644
32.1721843687375 26.3838173341037 26.3839851041218 26.3838823555438 26.3838823555438 26.3838823555439 26.3839851041219 26.3838644341188 26.3837804191307 26.3831647113783 26.3837894593907 26.4531966438017
32.4727655310621 26.1854091256283 26.1856095024588 26.1854848001633 26.1854848001634 26.1854848001633 26.1856095024587 26.1854617325491 26.1853563870421 26.1847028185061 26.1853742972358 26.2538458857528
32.7733466933868 25.9885298385035 25.988765289839 25.9886164584179 25.9886164584179 25.9886164584179 25.988765289839 25.9885874876754 25.9884587602041 25.9877722878347 25.9884872869257 26.0560425991086
33.0739278557114 25.7931619247515 25.7934348514843 25.7932597001216 25.7932597001215 25.7932597001215 25.7934348514843 25.7932240616744 25.7930701495989 25.7923554484683 25.7931109138155 25.8597687271069
33.3745090180361 25.5992881448668 25.5996008902568 25.5993972114234 25.5993972114232 25.5993972114234 25.5996008902568 25.5993541401457 25.5991735066873 25.598434943299 25.5992279770656 25.6650065407555
33.6750901803607 25.4068915604106 25.407246418782 25.4070119867337 25.4070119867336 25.4070119867337 25.4072464187819 25.4069607233591 25.4067521045011 25.405993721978 25.4068215806264 25.4717386303931
33.9756713426854 25.2159555267484 25.2163547517644 25.2160873208465 25.2160873208464 25.2160873208465 25.2163547517645 25.2160271177119 25.2157895207311 25.2150150337209 25.2158751245998 25.2799478975799
34.27625250501 25.0264636860298 25.026909498607 25.0266068013604 25.0266068013603 25.0266068013604 25.026909498607 25.0265369275049 25.0262696228767 25.0254824201834 25.0263722970731 25.0896175471046
34.5768336673347 24.8383999603846 24.8388945562983 24.8385543013646 24.8385543013647 24.8385543013646 24.8388945562984 24.8384740470059 24.8381765552925 24.8373797084619 24.8382970663798 24.900731079434
34.8774148296593 24.651748545285 24.6522941025113 24.6519139723355 24.6519139723354 24.6519139723354 24.6522941025113 24.6518226527525 24.6514947279073 24.6506910042158 24.6516336737177 24.7132722832153
35.177995991984 24.4664939030608 24.4670925889029 24.4666702372232 24.4666702372233 24.4666702372233 24.467092588903 24.4665671960761 24.466208806392 24.4654006849216 24.4663666260854 24.527225228206
35.4785771543086 24.2826207566676 24.2832747347094 24.282807783831 24.2828077838311 24.282807783831 24.2832747347093 24.2826923959528 24.2823037036707 24.2814933933692 24.282480689617 24.3425742582479
35.7791583166333 24.1001140836059 24.1008255205345 24.1003115583765 24.1003115583764 24.1003115583765 24.1008255205345 24.1001832320667 24.0997645724712 24.0989540313111 24.099960883185 24.1593039846231
36.0797394789579 23.918959109962 23.9197301822974 23.9191667592035 23.9191667592035 23.9191667592035 23.9197301822974 23.9190249380657 23.9185767987032 23.9177677532503 23.9187924722281 23.9773992794743
36.3803206412826 23.7391413046745 23.7399742054469 23.7393588307497 23.7393588307498 23.7393588307497 23.7399742054469 23.7392029951019 23.7387259956114 23.7379199604561 23.7389609628837 23.7968452695631
36.6809018036072 23.5606463739424 23.5615433193564 23.5608734576781 23.5608734576781 23.5608734576781 23.5615433193564 23.5607031255776 23.560197998472 23.559396295136 23.5604520963266 23.6176273301163
36.9814829659319 23.3834602557991 23.384423491922 23.3836965591993 23.3836965591993 23.3836965591993 23.384423491922 23.383511287112 23.3829788597564 23.3821826347902 23.3832518433253 23.439731078915
37.2820641282565 23.2075691148271 23.2086009243411 23.2078142835531 23.207814283553 23.2078142835531 23.2086009243411 23.2076136667058 23.2070548446302 23.2062650867131 23.2073463989768 23.263142370553
37.5826452905812 23.0329593370384 23.0340620460931 23.0332130026752 23.0332130026752 23.0332130026752 23.0340620460931 23.0329966751195 23.0324124267462 23.0316299826782 23.0327221776353 23.0878472908708
37.8832264529058 22.8596175248567 22.8607935100643 22.8598793069849 22.859879306985 22.859879306985 22.8607935100644 22.8596469414085 22.8590382842145 22.8582638737405 22.8593658079677 22.9138321515537
38.1838076152305 22.6875304923011 22.6887821879158 22.6878000003876 22.6878000003876 22.6878000003876 22.6887821879158 22.6875513077002 22.6869192957904 22.6861535252424 22.6872641282212 22.7410834849039
38.4843887775551 22.5166852602813 22.5180151656064 22.5169620954054 22.5169620954053 22.5169620954053 22.5180151656063 22.5166968241278 22.5160425371729 22.5152859119507 22.5164041816135 22.5695880387495
38.7849699398798 22.347069051979 22.3484797390423 22.3473528084042 22.3473528084042 22.3473528084042 22.3484797390423 22.347070743888 22.3463952773595 22.3456482132878 22.3467732118158 22.3993327715158
39.0855511022044 22.1786692884177 22.180163409973 22.1789595550269 22.1789595550268 22.1789595550269 22.1801634099729 22.1786605185288 22.1779649751418 22.1772278087615 22.1783586586264 22.2303048474516
39.3861322645291 22.011473584146 22.0130538820447 22.0117699457457 22.0117699457457 22.0117699457457 22.0130538820447 22.0114537933795 22.0107392756588 22.0100122735145 22.0111481537573 22.0624916319776
39.6867134268537 21.8454697430095 21.8471390569996 21.8457717815146 21.8457717815146 21.8457717815145 21.8471390569996 21.8454384031007 21.8447060069768 21.8439893739738 21.845129516707 21.8958806871813
39.9872945891784 21.6806457540368 21.682407031051 21.6809530495488 21.6809530495488 21.6809530495488 21.682407031051 21.680602367384 21.6798531767257 21.6791470636265 21.6802907507496 21.730459767439
40.287875751503 21.5169897874956 21.5188460914941 21.5173019192785 21.5173019192786 21.5173019192785 21.5188460914941 21.5169338868379 21.5161689688284 21.5154734789631 21.5166200390833 21.5662168151654
40.5884569138277 21.3544901910078 21.3564447134495 21.3548067383731 21.3548067383733 21.3548067383732 21.3564447134495 21.3544213389648 21.353641740239 21.3529569354939 21.3541057410393 21.4031399566851
40.8890380761523 21.1931354857891 21.1951915568087 21.193456028895 21.1934560288951 21.193456028895 21.1951915568087 21.193053274279 21.1922600177367 21.1915859238934 21.1927363884116 21.2412174982206
41.189619238477 21.032914362955 21.0350754633318 21.033238483528 21.0332384835279 21.033238483528 21.0350754633318 21.0328184125146 21.0320124947369 21.0313491062213 21.0325006818385 21.0804379219951
41.4902004008016 20.8738156799751 20.8760854539951 20.8741429619594 20.8741429619592 20.8741429619593 20.876085453995 20.8737056389938 20.8728880281907 20.8722353122933 20.873387487334 20.9207898824448
41.7907815631263 20.7158284571846 20.7182107265008 20.7161584873241 20.7161584873241 20.7161584873241 20.7182107265008 20.7157040010734 20.7148756354978 20.7142335361146 20.7153858328797 20.7622622025364
42.0913627254509 20.5589418744227 20.5614406530416 20.5592742427849 20.5592742427848 20.5592742427848 20.5614406530416 20.5588027047303 20.5579644914992 20.5573329324464 20.5584849051279 20.6048438701886
42.3919438877756 20.4031452677499 20.4057647782773 20.4034795681915 20.4034795681915 20.4034795681915 20.4057647782773 20.402991111236 20.40214392551 20.401522813454 20.4026740461824 20.4485240347909
42.6925250501002 20.2484281262497 20.2511728175492 20.2487639568319 20.2487639568319 20.2487639568319 20.2511728175492 20.2482587339305 20.2474034183958 20.2467926454445 20.2479427504593 20.2932920038196
42.9931062124249 20.0947800888764 20.0976546553147 20.0951170522324 20.0951170522324 20.0951170522324 20.0976546553147 20.0945952350487 20.0937325996687 20.0931320456582 20.0942806615909 20.1391372395451
43.2936873747495 19.9421909414275 19.9452003439072 19.9425286450864 19.9425286450864 19.9425286450863 19.9452003439072 19.9419904226816 19.9411212446764 19.9405307791821 19.94167756945 19.9860493558301
43.5942685370742 19.7906506136165 19.7938001026198 19.7909886702877 19.7909886702877 19.7909886702877 19.7938001026198 19.7904342478457 19.7895592718578 19.7889787559708 19.7901234072694 19.8340181150127
43.8948496993988 19.6401491762066 19.6434443171122 19.6404872040275 19.6404872040275 19.6404872040275 19.6434443171121 19.639916801616 19.6390367400436 19.6384660279289 19.6396082488194 19.6830334248743
44.1954308617235 19.4906768381706 19.4941235391332 19.4910144609213 19.4910144609213 19.4910144609213 19.4941235391331 19.4904283122974 19.4895438457601 19.488982786022 19.4901223056101 19.5330853356811
44.4960120240481 19.3422239439025 19.3458284866194 19.3425607911873 19.3425607911873 19.3425607911873 19.3458284866194 19.341959142646 19.3410709205689 19.3405193574554 19.3416559241421 19.3841640373339
44.7965931863727 19.1947809707063 19.198550044497 19.1951166781096 19.1951166781096 19.1951166781096 19.198550044497 19.1944997873743 19.1936084286587 19.1930662031077 19.1941995834281 19.2362598565476
45.0971743486974 19.0483385260718 19.05227926569 19.0486727352875 19.0486727352875 19.0486727352875 19.0522792656901 19.0480408704472 19.0471469642155 19.0466139147721 19.0477438923024 19.0893632541327
45.397755511022 18.9028873452379 18.9070073729471 18.903219704174 18.903219704174 18.903219704174 18.9070073729472 18.9025731426665 18.9016772490687 18.9011532126858 18.9022795870147 18.9434648223437
45.6983366733467 18.7584182885858 18.7627257610983 18.7587484514483 18.7587484514484 18.7587484514483 18.7627257610983 18.7580874790921 18.757190130157 18.7566749428915 18.7577975286544 18.798555282307
45.9989178356713 18.6149223394334 18.6194260004565 18.61524996679 18.6152499667901 18.61524996679 18.6194260004566 18.614574876857 18.6136765773712 18.6131700749861 18.6142887009641 18.6546254814903
46.299498997996 18.4723906015647 18.4770998407443 18.4727153603913 18.4727153603913 18.4727153603912 18.4770998407443 18.4720264527283 18.4711276811442 18.4706296996315 18.471744207899 18.5116663912567
46.6000801603206 18.3308142969377 18.3357392162025 18.3311358606471 18.331135860647 18.331135860647 18.3357392162025 18.3304334408436 18.3295346501971 18.3290450262284 18.3301552713552 18.3696691044665
46.9006613226453 18.1901847635149 18.1953362519708 18.1905028119709 18.190502811971 18.1905028119708 18.1953362519707 18.1897871905685 18.1888888094082 18.1884073807235 18.1895132290212 18.228624833141
47.2012424849699 18.0504934530692 18.0558832718375 18.0508076725878 18.0508076725878 18.0508076725877 18.0558832718376 18.0500791643346 18.0491815976446 18.0487082033797 18.0498095322011 18.0885249062396
47.5018236472946 17.9117319290635 17.9173728076764 17.9120420124017 17.9120420124017 17.9120420124015 17.9173728076764 17.9113009355472 17.9104045656695 17.9099390466404 17.9110357437137 17.9493607673876
47.8024048096192 17.7738918645793 17.7797976108978 17.7741975109114 17.7741975109114 17.7741975109112 17.7797976108978 17.7734441865453 17.7725493740917 17.7720915730322 17.7731835358373 17.8111239727298
48.1029859719439 17.6369650403099 17.6431506663425 17.6372659551953 17.6372659551953 17.6372659551953 17.6431506663426 17.6365007066226 17.6356077913722 17.635157553133 17.6362446883165 17.6738061888857
48.4035671342685 17.5009433425768 17.5074252090191 17.5012392379177 17.5012392379177 17.5012392379176 17.5074252090191 17.5004623900754 17.499571691856 17.4991288635728 17.5002110863944 17.5373991907698
48.7041482965932 17.3658187614187 17.3726147444067 17.3661093554098 17.3661093554097 17.3661093554096 17.3726147444066 17.365321234319 17.36443305387 17.3639974850962 17.3650747189127 17.4018948597551
49.0047294589178 17.2315833887149 17.2387130730114 17.2318684057858 17.2318684057858 17.2318684057856 17.2387130730113 17.2310693380402 17.2301839578539 17.229755500675 17.2308276764488 17.2672851815722
49.3053106212425 17.0982294163433 17.105714320176 17.0985085870943 17.0985085870942 17.0985085870941 17.1057143201759 17.0976988993818 17.0968165845228 17.0963950936415 17.0974621494828 17.1335622444831
49.6058917835671 16.9657491344119 16.9736129723969 16.9660221955439 16.9660221955439 16.9660221955437 16.9736129723969 16.9652022142029 16.9643232131021 16.963908545905 16.9649704266405 17.0007182374122
49.9064729458918 16.8341349295213 16.8424039217222 16.8344016237604 16.8344016237604 16.8344016237603 16.8424039217222 16.8335716743655 16.8326962195914 16.8322882362027 16.8333448929648 16.8687454480819
50.2070541082164 16.7033792829893 16.7120825201485 16.7036393590068 16.7036393590068 16.7036393590067 16.7120825201485 16.7027997659871 16.7019280749914 16.7015266383028 16.7025780281496 16.7376362613359
50.5076352705411 16.5734747692956 16.5826446470326 16.5737279816246 16.5737279816245 16.5737279816243 16.5826446470327 16.5728790679071 16.572011343743 16.5716163194403 16.5726624049911 16.6073831572715
50.8082164328657 16.4444140543748 16.4540867925362 16.4446601633218 16.4446601633219 16.4446601633216 16.4540867925362 16.4438022500052 16.4429386820213 16.4425499385894 16.4435906876885 16.4779787097087
51.1087975951904 16.3161898940148 16.3264061620741 16.3164286655697 16.3164286655697 16.3164286655694 16.3264061620741 16.3155620716222 16.3147028361333 16.3143202448584 16.3153556302508 16.3494155844197
51.409378757515 16.1887951324062 16.199600808058 16.1890263381491 16.189026338149 16.1890263381488 16.1996008080581 16.1881513801321 16.1872966410571 16.1869200760199 16.1879500750508 16.2216865375449
51.7099599198397 16.0622227004814 16.073669796908 16.0624461174866 16.0624461174866 16.0624461174863 16.073669796908 16.0615631093012 16.0607130187852 16.0603423568405 16.0613669511704 16.094784414072
52.0105410821643 15.9364656145944 15.9486134236537 15.9366810253342 15.9366810253342 15.9366810253339 15.9486134236537 15.9357902779869 15.9349449769893 15.9345800977458 15.935599273084 15.9687021462322
52.311122244489 15.8115169749183 15.8244334893595 15.811724167163 15.811724167163 15.8117241671627 15.8244334893595 15.8108259885577 15.8099856074229 15.8096263932118 15.8106401390637 15.8434327520133
52.6117034068136 15.6873699641517 15.7011336650072 15.6875687308708 15.6875687308709 15.6875687308705 15.7011336650072 15.6866634256154 15.6858280846138 15.685474420459 15.6864827298877 15.7189693337353
52.9122845691383 15.5640178460227 15.578719973597 15.5642079852832 15.5642079852832 15.5642079852829 15.578719973597 15.5632958545183 15.5624656643709 15.5621174379628 15.5631203073538 15.5953050765654
53.2128657314629 15.4414539640011 15.457201438626 15.4416352788656 15.4416352788656 15.4416352788656 15.457201438626 15.4407166201094 15.4398916824833 15.439548784096 15.4405462129804 15.4724332471327
53.5134468937876 15.3196717400056 15.3365909691351 15.3198440384319 15.3198440384318 15.3198440384318 15.3365909691351 15.3189191454394 15.3180995534242 15.3177618759419 15.3187538667429 15.3503471921447
53.8140280561122 15.1986646729985 15.2169065882528 15.1988277677354 15.1988277677354 15.1988277677354 15.2169065882528 15.1978969303771 15.1970827689397 15.1967502077816 15.1977367656504 15.2290403370843
54.1146092184369 15.0784263378497 15.0981731718541 15.0785800463362 15.078580046336 15.0785800463361 15.0981731718541 15.0776435504883 15.0768348969077 15.0765073499458 15.0774884826102 15.1085061848669
54.4151903807615 14.9589503840156 14.9804249616721 14.9590945282781 14.9590945282781 14.9590945282781 14.980424961672 14.9581526557257 14.9573495800051 14.9570269475403 14.9580026651209 14.9887383145699
54.7157715430862 14.8402305343036 14.863709287616 14.8403649408543 14.8403649408544 14.8403649408544 14.8637092876161 14.8394179692125 14.8386205344772 14.8383027192168 14.8392730340462 14.8697303801624
55.0163527054108 14.7222605838057 14.7480922373581 14.7223850835415 14.7223850835415 14.7223850835415 14.748092237358 14.7214332861805 14.7206415490517 14.7203284560295 14.7212933825293 14.7514761093011
55.3169338677355 14.6050343985591 14.6336675731495 14.6051488266605 14.6051488266605 14.6051488266604 14.6336675731494 14.6041924726494 14.6034064836048 14.6030980201418 14.6040575746719 14.6339693021478
55.6175150300601 14.4885459146158 14.5205712961892 14.4886501104475 14.4886501104476 14.4886501104475 14.5205712961893 14.4876894645029 14.4869092682176 14.4866053438689 14.4875595445981 14.517203830121
55.9180961923848 14.3727891367219 14.4090065210751 14.3728829437332 14.3728829437331 14.3728829437332 14.4090065210752 14.3719182661817 14.3711439018545 14.3708444283614 14.3717932951397 14.4011736348552
56.2186773547094 14.2577581374303 14.2992883157742 14.2578414030572 14.2578414030571 14.2578414030572 14.2992883157743 14.2568729498015 14.2561044514622 14.2558093426994 14.256752896944 14.2858727269826
56.5192585170341 14.1434470558393 14.1919300865531 14.143519631407 14.143519631407 14.143519631407 14.1919300865528 14.1425476539091 14.1417850507162 14.1414942226432 14.1424324872232 14.1712951850954
56.8198396793587 14.0298500967449 14.0878246188724 14.0299118373718 14.0299118373718 14.0299118373718 14.0878246188725 14.0289365826333 14.0281798991514 14.0278932697636 14.0288262688975 14.0574351546245
57.1204208416834 13.9169615294381 13.9886678072419 13.9170122939411 13.9170122939411 13.9170122939411 13.9886678072419 13.9160340044991 13.9152832609663 13.9150007502433 13.9159285094008 13.9442868468485
57.421002004008 13.8047756868335 13.8981138240982 13.8048153376338 13.8048153376337 13.8048153376337 13.8981138240986 13.80383425156 13.8030894641418 13.8028109940022 13.803733539808 13.8318445377508
57.7215831663327 13.6932869644351 13.8257297073627 13.6933153674663 13.6933153674662 13.6933153674662 13.8257297073634 13.6923317183724 13.6915928994013 13.6913183936526 13.6922357538006 13.7201025671742
58 13.5906363097609 13.8043233227325 13.5906541777896 13.5906541777895 13.5906541777895 13.8043233227328 13.5896683592039 13.5889350764385 13.5886641763846 13.5895767588223 13.6172201619744
58.0033444816054 13.5894068077766 13.8046643927049 13.5894245485831 13.5894245485832 13.5894245485831 13.8046643927057 13.5884387051171 13.5877054888896 13.5874346317675 13.5883471569654 13.6159878924125
58.0066889632107 13.5881773907748 13.8050284303388 13.5881950043434 13.5881950043434 13.5881950043434 13.8050284303403 13.587209136025 13.586475986336 13.5862051721362 13.5871176400984 13.6147557082188
58.0100334448161 13.586948058749 13.8054159394055 13.5869655450639 13.586965545064 13.586965545064 13.805415939406 13.585979651921 13.5852465687715 13.584975797484 13.5858882082147 13.613523609386
58.0133779264214 13.5857188116909 13.805827438542 13.5857361707362 13.5857361707362 13.5857361707362 13.8058274385427 13.5847502527964 13.5840172361868 13.5837465078043 13.5846588613061 13.6122915959051
58.0167224080268 13.584489649593 13.8062634618584 13.5845068813531 13.5845068813532 13.5845068813532 13.8062634618605 13.5835209386443 13.5827879885754 13.5825173030904 13.5834295993657 13.6110596677679
58.0200668896321 13.5832605724487 13.8067245594817 13.5832776769076 13.5832776769077 13.5832776769077 13.8067245594814 13.5822917094576 13.5815588259303 13.5812881833302 13.5822004223853 13.6098278249687
58.0221643286573 13.582489819392 13.8070267754323 13.5825068440082 13.5825068440081 13.5825068440082 13.8070267754337 13.5815208610564 13.5807880192596 13.580517403551 13.5814296067223 13.6090553376731
58.0234113712375 13.582031580247 13.8072112981803 13.5820485573894 13.5820485573893 13.5820485573893 13.807211298181 13.5810625652261 13.5803297482406 13.5800591485187 13.5809713303558 13.6085960674997
58.0267558528428 13.5808026729828 13.807724261995 13.5808195227926 13.5808195227926 13.5808195227926 13.8077242619946 13.579833505944 13.5791007555014 13.5788301986477 13.579742323271 13.6073643953539
58.0301003344482 13.5795738506482 13.808264052892 13.5795905731096 13.5795905731097 13.5795905731096 13.8082640528911 13.5786045316034 13.5778718477042 13.5776013337103 13.578513401123 13.6061328085234
58.0334448160535 13.5783451132373 13.8088312914974 13.5783617083347 13.5783617083346 13.5783617083347 13.8088312914964 13.5773756421986 13.5766430248435 13.5763725537002 13.5772845639062 13.6049013070006
58.0367892976589 13.5771164607411 13.8094266177259 13.5771329284587 13.5771329284587 13.5771329284587 13.809426617727 13.5761468377207 13.5754142869101 13.5751438586082 13.5760558116115 13.6036698907781
58.0401337792642 13.575887893153 13.8100506916768 13.575904233475 13.575904233475 13.575904233475 13.8100506916757 13.574918118163 13.5741856338976 13.5739152484292 13.5748271442325 13.6024385598483
58.0434782608696 13.5746594104653 13.8107041943006 13.574675623376 13.574675623376 13.5746756233761 13.8107041943009 13.5736894835176 13.572957065798 13.5726867231532 13.573598561761 13.6012073142038
58.0468227424749 13.5734310126709 13.8113878283278 13.5734470981546 13.5734470981546 13.5734470981545 13.8113878283274 13.5724609337775 13.5717285826047 13.5714582827747 13.5723700641903 13.5999761538368
58.0501672240803 13.5722026997607 13.8121023190831 13.5722186578017 13.5722186578018 13.5722186578018 13.8121023190853 13.5712324689339 13.5705001843082 13.5702299272842 13.5711416515113 13.5987450787398
58.0535117056856 13.5709744717292 13.8128484154729 13.5709903023117 13.5709903023118 13.5709903023117 13.812848415473 13.5700040889806 13.5692718709034 13.5690016566759 13.5699133237183 13.5975140889049
58.056856187291 13.5697463285674 13.8136268908283 13.5697620316756 13.5697620316757 13.5697620316757 13.81362689083 13.5687757939095 13.5680436423803 13.5677734709408 13.5686850808022 13.5962831843252
58.0602006688963 13.5685182702688 13.814438544061 13.5685338458873 13.5685338458873 13.5685338458873 13.8144385440634 13.5675475837136 13.5668154987334 13.5665453700729 13.5674569227569 13.5950523649923
58.0635451505017 13.5672902968252 13.8152842006208 13.567305744938 13.5673057449379 13.567305744938 13.8152842006185 13.5663194583845 13.5655874399542 13.5653173540637 13.5662288495739 13.5938216308989
58.066889632107 13.5660624082298 13.8161647136275 13.5660777288214 13.5660777288215 13.5660777288214 13.8161647136292 13.5650914179158 13.5643594660356 13.5640894229058 13.5650008612464 13.5925909820377
58.0702341137124 13.5648346044747 13.8170809650824 13.5648497975291 13.5648497975292 13.5648497975292 13.8170809650835 13.5638634622994 13.56313157697 13.5628615765923 13.5637729577665 13.5913604184006
58.0735785953177 13.5636068855524 13.8180338670638 13.5636219510542 13.5636219510543 13.5636219510542 13.8180338670636 13.5626355915277 13.5619037727499 13.5616338151158 13.562545139127 13.5901299399805
58.0769230769231 13.5623792514555 13.8190243630032 13.5623941893889 13.5623941893889 13.5623941893889 13.8190243630002 13.5614078055936 13.5606760533679 13.5604061384676 13.5613174053201 13.5888995467696
58.0802675585284 13.5611517021761 13.8200534290943 13.5611665125254 13.5611665125254 13.5611665125255 13.8200534290937 13.5601801044891 13.5594484188159 13.5591785466419 13.5600897563384 13.5876692387604
58.0836120401338 13.5599242377079 13.8211220757091 13.5599389204574 13.5599389204575 13.5599389204574 13.8211220757096 13.5589524882078 13.5582208690877 13.5579510396293 13.5588621921748 13.5864390159452
58.0869565217391 13.5586968580434 13.8222313488619 13.5587114131775 13.5587114131775 13.5587114131775 13.8222313488624 13.557724956742 13.5569934041758 13.5567236174246 13.5576347128223 13.5852088783166
58.0903010033445 13.5574695631737 13.8233823318648 13.5574839906766 13.5574839906766 13.5574839906765 13.8233823318642 13.5564975100831 13.5557660240711 13.5554962800185 13.556407318272 13.5839788258671
58.0936454849498 13.5562423530923 13.8245761469966 13.5562566529484 13.5562566529484 13.5562566529485 13.8245761469944 13.5552701482247 13.5545387287677 13.5542690274045 13.5551800085175 13.582748858589
58.0969899665552 13.555015227791 13.8258139571801 13.5550293999847 13.5550293999847 13.5550293999847 13.8258139571805 13.5540428711585 13.5533115182569 13.5530418595743 13.5539527835504 13.5815189764746
58.1003344481605 13.5537881872627 13.827096967944 13.5538022317784 13.5538022317784 13.5538022317783 13.8270969679441 13.5528156788769 13.5520843925316 13.5518147765205 13.5527256433635 13.5802891795164
58.1036789297659 13.5525612314998 13.8284264293977 13.5525751483216 13.5525751483216 13.5525751483216 13.8284264294 13.551588571373 13.5508573515841 13.5505877782359 13.5514985879495 13.579059467707
58.1070234113712 13.5513343604953 13.8298036381696 13.5513481496077 13.5513481496077 13.5513481496077 13.8298036381707 13.5503615486395 13.5496303954077 13.5493608647126 13.550271617301 13.5778298410391
58.1103678929766 13.5501075742401 13.8312299397689 13.5501212356276 13.5501212356275 13.5501212356275 13.8312299397712 13.5491346106676 13.5484035239933 13.5481340359436 13.5490447314095 13.5766002995044
58.1137123745819 13.5488808727278 13.8327067308177 13.5488944063745 13.5488944063745 13.5488944063744 13.832706730821 13.5479077574502 13.5471767373341 13.5469072919204 13.547817930268 13.5753708430958
58.1170568561873 13.5476542559509 13.834235461467 13.5476676618412 13.5476676618411 13.5476676618412 13.8342354614663 13.54668098898 13.5459500354228 13.5456806326358 13.546591213869 13.5741414718058
58.1204013377926 13.546427723902 13.8358176380867 13.5464410020203 13.5464410020203 13.5464410020203 13.8358176380876 13.5454543052502 13.5447234182521 13.5444540580839 13.5453645822058 13.5729121856269
58.123745819398 13.5452012765736 13.8374548259609 13.5452144269042 13.5452144269042 13.5452144269042 13.8374548259601 13.5442277062528 13.5434968858145 13.5432275682555 13.5441380352702 13.5716829845511
58.1270903010033 13.5439749139576 13.8391486521599 13.543987936485 13.5439879364849 13.5439879364849 13.8391486521623 13.5430011919798 13.5422704381018 13.5420011631431 13.5429115730543 13.5704538685711
58.1304347826087 13.5427486360475 13.8409008086955 13.542761530756 13.5427615307561 13.5427615307561 13.840900808698 13.5417747624249 13.5410440751075 13.5407748427398 13.5416851955516 13.5692248376796
58.133779264214 13.5415224428321 13.8427130557469 13.5415352097063 13.5415352097063 13.5415352097063 13.8427130557498 13.5405484175767 13.5398177968209 13.5395486070354 13.5404589027511 13.5679958918684
58.1371237458194 13.5402963343079 13.8445872251348 13.540308973332 13.540308973332 13.540308973332 13.8445872251375 13.5393221574317 13.5385916032378 13.538322456026 13.5392326946491 13.5667670311307
58.1404682274247 13.5390703104664 13.8465252240081 13.5390828216246 13.5390828216246 13.5390828216246 13.8465252240078 13.5380959819811 13.5373654943496 13.5370963897022 13.5380065712368 13.5655382554585
58.1438127090301 13.5378443713005 13.8485290387479 13.5378567545775 13.5378567545775 13.5378567545775 13.8485290387469 13.5368698912186 13.5361394701499 13.5358704080589 13.536780532508 13.5643095648413
58.1471571906355 13.5366185168026 13.8506007391724 13.5366307721826 13.5366307721827 13.5366307721827 13.8506007391728 13.5356438851358 13.5349135306304 13.5346445110867 13.5355545784543 13.5630809592742
58.1505016722408 13.5353927469652 13.8527424828366 13.5354048744328 13.535404874433 13.5354048744328 13.8527424828385 13.5344179637256 13.5336876757843 13.533418698778 13.5343287090683 13.5618524387503
58.1538461538462 13.5341670617813 13.8549565199371 13.5341790613209 13.5341790613208 13.5341790613208 13.8549565199376 13.5331921269807 13.532461905604 13.5321929711267 13.533102924343 13.5606240032616
58.1571906354515 13.5329414612427 13.8572451980921 13.5329533328386 13.5329533328386 13.5329533328386 13.8572451980922 13.5319663748935 13.5312362200814 13.530967328125 13.5318772242707 13.5593956528006
58.1605351170569 13.5317159453426 13.8596109679077 13.5317276889793 13.5317276889793 13.5317276889793 13.8596109679114 13.5307407074565 13.5300106192098 13.5297417697646 13.5306516088439 13.5581673873604
58.1638795986622 13.530490514073 13.8620563885351 13.5305021297348 13.5305021297348 13.5305021297348 13.8620563885346 13.5295151246621 13.5287851029813 13.5285162960383 13.529426078055 13.5569392069327
58.1672240802676 13.5292651674276 13.8645841337708 13.529276655099 13.529276655099 13.529276655099 13.8645841337742 13.5282896265038 13.5275596713892 13.5272909069404 13.5282006318976 13.5557111115107
58.1705685618729 13.5280399053973 13.8671969986241 13.5280512650629 13.5280512650629 13.5280512650629 13.8671969986255 13.5270642129727 13.526334324425 13.5260656024608 13.5269752703626 13.5544831010864
58.1739130434783 13.5268147279753 13.8698979061332 13.5268259596194 13.5268259596194 13.5268259596194 13.8698979061315 13.5258388840618 13.5251090620814 13.5248403825927 13.5257499934431 13.5532551756523
58.1772575250836 13.5255896351547 13.8726899149183 13.5256007387616 13.5256007387617 13.5256007387617 13.8726899149188 13.5246136397644 13.5238838843515 13.5236152473301 13.5245248011324 13.5520273352011
58.180602006689 13.5243646269265 13.8755762270819 13.5243756024808 13.5243756024808 13.5243756024808 13.8755762270782 13.5233884800713 13.5226587912267 13.5223901966636 13.5232996934214 13.550799579725
58.1839464882943 13.5231397032847 13.8785601966721 13.523150550771 13.5231505507709 13.5231505507709 13.8785601966726 13.5221634049767 13.5214337827005 13.5211652305865 13.522074670304 13.5495719092167
58.1872909698997 13.521914864221 13.8816453388749 13.5219255836235 13.5219255836235 13.5219255836235 13.881645338872 13.5209384144721 13.5202088587651 13.5199403490909 13.5208497317719 13.5483443236682
58.190635451505 13.5206901097285 13.8848353397345 13.5207007010318 13.5207007010318 13.5207007010318 13.8848353397375 13.5197135085505 13.5189840194131 13.5187155521714 13.5196248778186 13.5471168230723
58.1939799331104 13.5194654397996 13.8881340667985 13.519475902988 13.5194759029881 13.519475902988 13.8881340667954 13.5184886872048 13.5177592646369 13.5174908398179 13.5184001084359 13.5458894074211
58.1973244147157 13.5182408544266 13.8915455802236 13.5182511894847 13.5182511894848 13.5182511894848 13.8915455802249 13.5172639504268 13.5165345944294 13.5162662120243 13.5171754236166 13.5446620767075
58.2006688963211 13.5170163536033 13.8950741451097 13.5170265605157 13.5170265605157 13.5170265605157 13.8950741451098 13.5160392982106 13.5153100087839 13.5150416687835 13.515950823354 13.5434348309237
58.2040133779264 13.5157919373214 13.8987242444816 13.5158020160723 13.5158020160723 13.5158020160724 13.8987242444806 13.5148147305475 13.5140855076921 13.5138172100868 13.5147263076399 13.5422076700622
58.2073578595318 13.5145676055728 13.9025005934524 13.5145775561469 13.514577556147 13.5145775561469 13.9025005934556 13.5135902474299 13.5128610911458 13.5125928359288 13.5135018764668 13.5409805941151
58.2107023411371 13.5133433583504 13.9064081543703 13.5133531807321 13.5133531807321 13.5133531807322 13.9064081543756 13.5123658488505 13.5116367591386 13.5113685462991 13.5122775298269 13.5397536030756
58.2140468227425 13.5121191956476 13.9104521533038 13.5121288898214 13.5121288898214 13.5121288898214 13.910452153304 13.5111415348024 13.5104125116631 13.5101443411936 13.5110532677141 13.5385266969358
58.2173913043478 13.5108951174553 13.9146380977799 13.5109046834057 13.5109046834057 13.5109046834057 13.9146380977801 13.509917305277 13.5091883487103 13.5089202206007 13.5098290901186 13.537299875688
58.2207357859532 13.5096711237671 13.9189717958909 13.5096805614786 13.5096805614786 13.5096805614786 13.9189717958866 13.5086931602675 13.507964270274 13.5076961845173 13.508604997035 13.5360731393249
58.2240802675585 13.5084472145754 13.9234593773226 13.5084565240326 13.5084565240325 13.5084565240326 13.9234593773233 13.5074690997667 13.5067402763467 13.5064722329328 13.507380988455 13.534846487839
58.2274247491639 13.5072233898718 13.9281073156519 13.5072325710591 13.5072325710591 13.5072325710591 13.9281073156519 13.5062451237658 13.5055163669201 13.5052483658405 13.5061570643704 13.5336199212224
58.2307692307692 13.5059996496506 13.9329224529871 13.5060087025524 13.5060087025525 13.5060087025524 13.932922452985 13.5050212322592 13.5042925419876 13.5040245832334 13.5049332247751 13.5323934394683
58.2341137123746 13.5047759939027 13.9379120264618 13.5047849185038 13.5047849185038 13.5047849185038 13.9379120264638 13.5037974252383 13.5030688015413 13.5028008851033 13.5037094696607 13.5311670425686
58.2374581939799 13.5035524226213 13.9430836971924 13.503561218906 13.5035612189059 13.503561218906 13.9430836971916 13.5025737026952 13.5018451455736 13.5015772714438 13.50248579902 13.5299407305156
58.2408026755853 13.502328935799 13.948445581912 13.5023376037518 13.5023376037518 13.5023376037518 13.9484455819077 13.5013500646234 13.5006215740774 13.5003537422458 13.5012622128454 13.5287145033022
58.2441471571906 13.5011055334258 13.9540062871699 13.5011140730315 13.5011140730315 13.5011140730315 13.9540062871646 13.5001265110129 13.4993980870426 13.4991302975009 13.5000387111273 13.527488360921
58.247491638796 13.4998822154966 13.9597749468988 13.4998906267395 13.4998906267395 13.4998906267395 13.9597749469003 13.4989030418581 13.498174684464 13.4979069372042 13.4988152938605 13.526262303364
58.2508361204013 13.4986589820032 13.9657612634686 13.498667264868 13.498667264868 13.498667264868 13.9657612634669 13.4976796571514 13.4969513663337 13.4966836613465 13.4975919610369 13.5250363306241
58.2541806020067 13.4974358329393 13.9719755525962 13.4974439874103 13.4974439874103 13.4974439874103 13.9719755525976 13.4964563568858 13.4957281326453 13.4954604699217 13.4963687126498 13.5238104426936
58.257525083612 13.4962127682971 13.9784287925974 13.4962207943591 13.4962207943591 13.4962207943591 13.978428792604 13.4952331410542 13.4945049833907 13.4942373629218 13.4951455486918 13.5225846395647
58.2608695652174 13.4949897880696 13.9851326784061 13.4949976857069 13.4949976857069 13.494997685707 13.9851326783982 13.4940100096487 13.4932819185633 13.49301434034 13.4939224691554 13.5213589212303
58.2642140468227 13.4937668922484 13.9920996811252 13.4937746614458 13.4937746614458 13.4937746614458 13.9920996811174 13.4927869626619 13.4920589381543 13.4917914021687 13.4926994740329 13.5201332876826
58.2675585284281 13.4925440808275 13.9993431133276 13.4925517215695 13.4925517215695 13.4925517215695 13.9993431133317 13.4915640000873 13.490836042158 13.4905685484002 13.4914765633177 13.5189077389146
58.2709030100334 13.4913213537986 14.0068772014475 13.4913288660698 13.4913288660698 13.4913288660698 14.0068772014542 13.4903411219165 13.4896132305662 13.4893457790281 13.490253737002 13.517682274917
58.2742474916388 13.4900987111541 14.0147171653129 13.490106094939 13.490106094939 13.490106094939 14.0147171653188 13.4891183281423 13.4883905033709 13.4881230940436 13.4890309950778 13.5164568956815
58.2775919732442 13.4888761528875 14.0228793067635 13.4888834081706 13.4888834081706 13.4888834081706 14.0228793067629 13.4878956187577 13.4871678605655 13.4869004934404 13.4878083375386 13.5152316012029
58.2809364548495 13.4876536789902 14.0313811070493 13.4876608057562 13.4876608057563 13.4876608057562 14.0313811070492 13.4866729937542 13.4859453021422 13.4856779772101 13.486585764376 13.5140063914733
58.2842809364549 13.486431289455 14.0402413359027 13.4864382876884 13.4864382876884 13.4864382876884 14.0402413359034 13.485450453125 13.4847228280929 13.4844555453444 13.4853632755825 13.5127812664857
58.2876254180602 13.4852089842751 14.0494801722645 13.4852158539606 13.4852158539607 13.4852158539607 14.0494801722715 13.484227996863 13.4835004384111 13.4832331978389 13.4841408711519 13.5115562262321
58.2909698996656 13.483986763443 14.0591193389933 13.4839935045652 13.4839935045652 13.4839935045652 14.0591193389978 13.4830056249607 13.4822781330895 13.4820109346838 13.482918551076 13.5103312707057
58.2943143812709 13.4827646269506 14.0691822536011 13.4827712394941 13.4827712394941 13.4827712394941 14.0691822535904 13.4817833374101 13.4810559121197 13.4807887558727 13.4816963153473 13.5091063998984
58.2976588628763 13.4815425747904 14.0796941966247 13.4815490587397 13.4815490587397 13.4815490587397 14.0796941966323 13.4805611342036 13.4798337754945 13.4795666613962 13.4804741639578 13.507881613803
58.3010033444816 13.480320606956 14.0906825007262 13.4803269622957 13.4803269622957 13.4803269622957 14.0906825007248 13.4793390153346 13.478611723207 13.4783446512498 13.4792520969013 13.506656912412
58.304347826087 13.4790987234385 14.1021767631596 13.4791049501533 13.4791049501533 13.4791049501533 14.1021767631647 13.4781169807947 13.477389755249 13.4771227254228 13.4780301141689 13.5054322957179
58.3076923076923 13.477876924231 14.1142090853497 13.4778830223055 13.4778830223055 13.4778830223055 14.1142090853497 13.4768950305768 13.4761678716132 13.4759008839104 13.476808215754 13.5042077637132
58.3110367892977 13.4766552093266 14.1268143432968 13.4766611787454 13.4766611787454 13.4766611787454 14.1268143432986 13.4756731646737 13.4749460722925 13.4746791267037 13.475586401649 13.5029833163902
58.314381270903 13.4754335787186 14.1400304941286 13.4754394194664 13.4754394194664 13.4754394194663 14.1400304941241 13.4744513830787 13.4737243572803 13.4734574537964 13.4743646718474 13.5017589537413
58.3177257525084 13.4742120323986 14.1538989239455 13.4742177444598 13.4742177444599 13.4742177444598 14.1538989239439 13.4732296857842 13.4725027265686 13.4722358651812 13.4731430263415 13.5005346757594
58.3210702341137 13.4729905703589 14.1684648439559 13.4729961537184 13.4729961537185 13.4729961537184 14.1684648439559 13.4720080727816 13.4712811801493 13.4710143608499 13.4719214651229 13.4993104824364
58.322745490982 13.4723787694997 14.1760384547224 13.4723842883864 13.4723842883864 13.4723842883864 14.1760384547226 13.4713961963091 13.4706693370286 13.4704025388077 13.4713096145874 13.4986973136146
58.3244147157191 13.471769192593 14.1837777427984 13.4717746472353 13.4717746472352 13.4717746472353 14.183777742789 13.4707865440646 13.4700597180156 13.469792940795 13.470699988185 13.4980863737656
58.3277591973244 13.4705478990926 14.1998919044807 13.4705532250023 13.4705532250023 13.4705532250023 14.1998919044624 13.469565099625 13.4688383401599 13.4685716050096 13.46947859552 13.4968623497386
58.3311036789298 13.4693266898497 14.2168670040341 13.4693318870115 13.4693318870115 13.4693318870116 14.2168670040447 13.4683437394549 13.4676170465739 13.4673503534844 13.4682572871196 13.4956384103482
58.3344481605351 13.4681055648587 14.2347687932299 13.4681106332573 13.4681106332573 13.4681106332574 14.2347687932264 13.4671224635488 13.4663958372517 13.466129186216 13.4670360629785 13.4944145555871
58.3377926421405 13.4668845241104 14.2536698947875 13.4668894637304 13.4668894637304 13.4668894637305 14.2536698947894 13.4659012718973 13.4651747121847 13.4649081031919 13.465814923087 13.4931907854479
58.3411371237458 13.4656635675981 14.273650722994 13.4656683784243 13.4656683784244 13.4656683784243 14.2736507229956 13.4646801644933 13.4639536713658 13.4636871044091 13.4645938674391 13.4919670999227
58.3444816053512 13.4644426953144 14.2948005586817 13.4644473773313 13.4644473773313 13.4644473773313 14.2948005586807 13.4634591413303 13.4627327147874 13.4624661898563 13.4633728960264 13.490743499004
58.3478260869565 13.4632219072518 14.3172188045361 13.4632264604441 13.4632264604441 13.4632264604441 14.3172188045453 13.4622382023999 13.4615118424425 13.4612453595295 13.4621520088423 13.489519982685
58.3511705685619 13.4620012034024 14.3410164620763 13.4620056277547 13.4620056277547 13.4620056277548 14.3410164620567 13.4610173476948 13.4602910543228 13.4600246134189 13.4609312058786 13.4882965509572
58.3545150501672 13.4607805837595 14.3663178734789 13.4607848792566 13.4607848792566 13.4607848792566 14.3663178734934 13.4597965772082 13.4590703504217 13.4588039515183 13.4597104871285 13.4870732038141
58.3578595317726 13.4595600483128 14.393262788414 13.4595642149393 13.4595642149393 13.4595642149393 14.3932627884142 13.4585758909296 13.4578497307291 13.4575833738172 13.4584898525818 13.4858499412473
58.3612040133779 13.4583395970573 14.422008825657 13.458343634798 13.458343634798 13.458343634798 14.4220088256834 13.4573552888542 13.4566291952401 13.4563628803107 13.4572693022336 13.4846267632499
58.3645484949833 13.4571192299859 14.4527344237625 13.4571231388255 13.4571231388254 13.4571231388255 14.452734423785 13.4561347709747 13.455408743947 13.455142470991 13.4560488360763 13.4834036698142
58.3678929765886 13.4558989470898 14.4856423955771 13.4559027270128 13.4559027270129 13.4559027270129 14.485642395558 13.4549143372824 13.4541883768414 13.4539221458508 13.4548284541017 13.4821806609325
58.371237458194 13.4546787483634 14.5209642367251 13.4546823993547 13.4546823993547 13.4546823993547 14.5209642366863 13.4536939877718 13.4529680939174 13.4527019048839 13.4536081563041 13.4809577365979
58.3745819397993 13.4534586337986 14.5589653810877 13.4534621558427 13.4534621558427 13.4534621558427 14.5589653810953 13.4524737224345 13.4517478951672 13.451481748081 13.4523879426748 13.4797348968025
58.3779264214047 13.4522386033878 14.5999516566827 13.4522419964697 13.4522419964697 13.4522419964697 14.5999516566981 13.4512535412634 13.4505277805834 13.450261675436 13.4511678132071 13.4785121415388
58.38127090301 13.4510186571248 14.6442772711383 13.451021921229 13.451021921229 13.451021921229 14.6442772711285 13.4500334442517 13.449307750159 13.4490416869413 13.4499477678938 13.4772894707996
58.3846153846154 13.4497987950008 14.692354771798 13.4498019301121 13.449801930112 13.4498019301121 14.6923547717472 13.4488134313909 13.4480878038859 13.4478217825912 13.4487278067274 13.4760668845771
58.3879598662207 13.4485790170089 14.7446675705953 13.448582023112 13.4485820231121 13.448582023112 14.7446675705973 13.4475935026742 13.446867941757 13.4466019623746 13.4475079296997 13.4748443828642
58.3913043478261 13.447359323142 14.8017858378612 13.4473622002216 13.4473622002216 13.4473622002216 14.801785837869 13.4463736580944 13.445648163765 13.445382226287 13.4462881368043 13.4736219656529
58.3946488294314 13.4461397133925 14.8643868779992 13.4461424614332 13.4461424614332 13.4461424614332 14.8643868779946 13.4451538976436 13.4444284699026 13.4441625743203 13.4450684280334 13.4723996329359
58.3979933110368 13.4449201877527 14.9332815250139 13.4449228067395 13.4449228067395 13.4449228067395 14.9332815249685 13.4439342213148 13.4432088601618 13.4429430064666 13.4438488033793 13.4711773847057
58.4013377926421 13.4437007462157 15.0094487462584 13.4437032361332 13.4437032361332 13.4437032361332 15.0094487463097 13.4427146291005 13.4419893345359 13.4417235227182 13.442629262835 13.4699552209529
58.4046822742475 13.4424813887735 15.0940815948482 13.4424837496066 13.4424837496066 13.4424837496066 15.0940815947508 13.4414951209928 13.4407698930171 13.4405041230692 13.441409806393 13.4687331416707
58.4080267558528 13.4412621154191 15.1886490917142 13.4412643471523 13.4412643471523 13.4412643471524 15.188649091718 13.4402756969848 13.439550535598 13.4392848075108 13.4401904340457 13.4675111468531
58.4113712374582 13.4400429261451 15.2949808910856 13.4400450287633 13.4400450287632 13.4400450287632 15.2949808911359 13.4390563570691 13.4383312622711 13.4380655760361 13.438971145786 13.4662892364925
58.4147157190635 13.4388238209439 15.4153851346589 13.4388257944319 13.4388257944319 13.4388257944318 15.4153851346543 13.4378371012384 13.4371120730294 13.4368464286369 13.4377519416061 13.4650674105815
58.4180602006689 13.4376047998079 15.5528157289332 13.4376066441501 13.4376066441502 13.4376066441502 15.552815728889 13.4366179294842 13.4358929678643 13.4356273653071 13.4365328214985 13.4638456691125
58.4214046822743 13.4363858627296 15.7111150456789 13.4363875779111 13.4363875779111 13.4363875779111 15.7111150457071 13.4353988417998 13.4346739467696 13.4344083860375 13.4353137854557 13.4626240120779
58.4247491638796 13.4351670097027 15.8953748895596 13.4351685957083 13.4351685957083 13.4351685957083 15.8953748895184 13.4341798381787 13.4334550097381 13.4331894908223 13.4340948334713 13.4614024394708
58.428093645485 13.43394824072 16.112488881773 13.4339496975343 13.4339496975342 13.4339496975343 16.1124888818164 13.4329609186136 13.4322361567626 13.4319706796561 13.4328759655385 13.4601809512834
58.4314381270903 13.4327295557724 16.3720260494966 13.4327308833804 13.4327308833804 13.4327308833804 16.3720260495331 13.4317420830956 13.4310173878345 13.4307519525279 13.431657181648 13.4589595475085
58.4347826086957 13.4315109548535 16.6876666134428 13.4315121532399 13.4315121532398 13.4315121532398 16.6876666135714 13.4305233316181 13.4297987029469 13.4295333094304 13.4304384817928 13.457738228138
58.438127090301 13.4302924379553 17.0796722079565 13.4302935071047 13.4302935071047 13.4302935071047 17.0796722075674 13.4293046641729 13.4285801020917 13.4283147503585 13.4292198659657 13.456516993165
58.4414715719064 13.4290740050711 17.5793768426066 13.4290749449685 13.4290749449685 13.4290749449685 17.5793768425454 13.4280860807539 13.4273615852629 13.4270962753033 13.4280013341598 13.4552958425821
58.4448160535117 13.427855656193 18.2379263153449 13.4278564668231 13.4278564668231 13.4278564668231 18.2379263156824 13.4268675813527 13.4261431524521 13.4258778842571 13.4267828863669 13.4540747763812
58.4481605351171 13.426637391314 19.1448136761865 13.4266380726615 13.4266380726615 13.4266380726616 19.1448136750284 13.4256491659623 13.4249248036522 13.4246595772133 13.4255645225801 13.4528537945555
58.4515050167224 13.425419210426 20.4718827134182 13.425419762476 13.4254197624759 13.425419762476 20.471882714799 13.4244308345753 13.4237065388552 13.4234413541648 13.4243462427919 13.4516328970966
58.4548494983278 13.4242011135223 22.5952833823474 13.4242015362593 13.4242015362594 13.4242015362593 22.5952833821387 13.423212587184 13.4224883580547 13.4222232151026 13.4231280469946 13.4504120839979
58.4581939799331 13.4229831005949 26.5198251959226 13.4229833940039 13.4229833940039 13.4229833940039 26.5198251955071 13.4219944237807 13.4212702612423 13.4210051600205 13.4219099351807 13.4491913552516
58.4615384615385 13.4217651716369 36.0155804194297 13.4217653357027 13.4217653357027 13.4217653357027 36.0155804283752 13.420776344359 13.4200522484115 13.4197871889113 13.4206919073436 13.44797071085
58.4648829431438 13.4205473266407 76.4776109587601 13.4205473613481 13.4205473613481 13.4205473613482 76.4776109899424 13.4195583489109 13.4188343195541 13.418569301767 13.4194739634752 13.446750150786
58.4682274247492 13.4193295655978 -22.3892095011165 13.4193294709316 13.4193294709317 13.4193294709316 -22.3892095240052 13.4183404374278 13.4176164746623 13.4173514985796 13.4182561035672 13.445529675052
58.4715719063545 13.4181118885007 -3.53703416674725 13.4181116644456 13.4181116644457 13.4181116644457 -3.53703416250283 13.4171226099025 13.4163987137278 13.4161337793407 13.417038327612 13.4443092836407
58.4749163879599 13.4168942953424 2.47702342798829 13.4168939418835 13.4168939418835 13.4168939418835 2.47702342699898 13.4159048663279 13.4151810367445 13.4149161440443 13.4158206356029 13.4430889765443
58.4782608695652 13.4156767861171 5.36118916212103 13.4156763032391 13.4156763032391 13.4156763032391 5.36118916232187 13.4146872066981 13.413963443706 13.4136985926839 13.4146030275337 13.4418687537557
58.4816053511706 13.414459360816 7.04565501434154 13.4144587485039 13.4144587485039 13.4144587485039 7.04565501440583 13.4134696310044 13.4127459346038 13.4124811252516 13.4133855033962 13.4406486152669
58.4849498327759 13.4132420194326 8.14809254758397 13.4132412776711 13.4132412776711 13.4132412776711 8.14809254750755 13.4122521392402 13.411528509431 13.4112637417394 13.412168063183 13.4394285610712
58.4882943143813 13.4120247619593 8.92503391896608 13.4120238907332 13.4120238907332 13.4120238907332 8.92503391911565 13.4110347313977 13.4103111681801 13.410046442141 13.410950706887 13.4382085911604
58.4916387959866 13.4108075883888 9.50177394344898 13.410806587683 13.4108065876829 13.410806587683 9.5017739439886 13.40981740747 13.4090939108442 13.4088292264483 13.409733434501 13.4369887055277
58.494983277592 13.4095904987136 9.94668363570348 13.4095893685129 13.4095893685129 13.409589368513 9.94668363596041 13.4086001674496 13.407876737415 13.4076120946548 13.4085162460174 13.4357689041651
58.4983277591973 13.4083734929261 10.3002108757872 13.4083722332155 13.4083722332155 13.4083722332155 10.3002108758057 13.4073830113285 13.4066596478856 13.4063950467515 13.4072991414283 13.4345491870658
58.5016722408027 13.407156571019 10.5878041770337 13.4071551817834 13.4071551817834 13.4071551817834 10.5878041771566 13.4061659390997 13.4054426422487 13.4051780827325 13.406082120727 13.4333295542218
58.505016722408 13.4059397329861 10.8262712488321 13.4059382142103 13.4059382142102 13.4059382142102 10.8262712487786 13.4049489507568 13.4042257204975 13.4039612025907 13.4048651839068 13.4321100056258
58.5083612040134 13.4047229788179 11.0271574778798 13.4047213304867 13.4047213304868 13.4047213304867 11.027157477809 13.4037320462906 13.403008882623 13.4027444063166 13.4036483309583 13.4308905412701
58.5117056856187 13.4035063085091 11.1986549520842 13.4035045306074 13.4035045306074 13.4035045306074 11.1986549520838 13.4025152256954 13.4017921286194 13.4015276939053 13.4024315618762 13.4296711611476
58.5150501672241 13.402289722051 11.3467369964694 13.4022878145639 13.4022878145639 13.4022878145639 11.3467369964692 13.4012984889629 13.4005754584788 13.4003110653478 13.4012148766519 13.4284518652508
58.5183946488294 13.4010732194368 11.4758614364134 13.4010711823489 13.4010711823489 13.4010711823489 11.4758614364073 13.4000818360861 13.399358872194 13.3990945206372 13.3999982752785 13.4272326535721
58.5217391304348 13.3998568006587 11.5894224055575 13.3998546339551 13.399854633955 13.3998546339551 11.5894224056048 13.3988652670573 13.3981423697566 13.3978780597664 13.3987817577483 13.4260135261041
58.5250836120401 13.3986404657097 11.6900496607768 13.3986381693752 13.3986381693753 13.3986381693752 11.6900496607019 13.3976487818693 13.3969259511607 13.3966616827276 13.3975653240543 13.4247944828396
58.5284280936455 13.3974242145825 11.7798122333489 13.3974217886021 13.397421788602 13.3974217886021 11.7798122333134 13.3964323805149 13.3957096163983 13.3954453895138 13.3963489741891 13.4235755237709
58.5317725752508 13.3962080472696 11.860360283069 13.3962054916281 13.3962054916281 13.396205491628 11.8603602830712 13.3952160629866 13.394493365462 13.3942291801181 13.3951327081453 13.4223566488872
58.5351170568562 13.394991963763 11.9330259693721 13.3949892784454 13.3949892784453 13.3949892784454 11.9330259693771 13.3939998292766 13.3932771983438 13.3930130545309 13.3939165259147 13.4211378581844
58.5384615384615 13.3937759640569 11.9988965173796 13.393773149048 13.393773149048 13.393773149048 11.9988965173719 13.3927836793787 13.3920611150378 13.3917970127477 13.3927004274916 13.4199191516551
58.5418060200669 13.3925600481433 12.0588680281333 13.3925571034282 13.3925571034282 13.3925571034282 12.0588680281591 13.3915676132853 13.3908451155364 13.3905810547603 13.3914844128682 13.4187005292921
58.5451505016722 13.3913442160146 12.1136857010826 13.391341141578 13.391341141578 13.391341141578 12.113685701109 13.3903516309881 13.3896291998312 13.3893651805612 13.3902684820364 13.4174819910873
58.5484949832776 13.3901284676631 12.1639743097858 13.3901252634901 13.3901252634902 13.3901252634901 12.1639743097538 13.3891357324806 13.3884133679152 13.388149390142 13.3890526349891 13.4162635370341
58.5518394648829 13.3889128030816 12.2102615809701 13.388909469157 13.3889094691569 13.388909469157 12.2102615809848 13.3879199177543 13.3871976197809 13.3869336834959 13.3878368717185 13.4150451671249
58.5551839464883 13.3876972222623 12.2529963313201 13.3876937585712 13.3876937585712 13.3876937585712 12.2529963312886 13.3867041868023 13.3859819554207 13.3857180606159 13.3866211922175 13.4138268813518
58.5585284280936 13.3864817251988 12.2925626819963 13.3864781317261 13.386478131726 13.3864781317261 12.2925626820092 13.385488539618 13.3847663748282 13.3845025214946 13.3854055964792 13.4126086797082
58.561872909699 13.3852663118827 12.3292913102061 13.3852625886133 13.3852625886133 13.3852625886132 12.3292913102226 13.3842729761927 13.3835508779946 13.3832870661237 13.3841900844953 13.4113905621859
58.5652173913044 13.3840509823072 12.3634684301055 13.384047129226 13.384047129226 13.384047129226 12.3634684300934 13.3830574965199 13.3823354649136 13.3820716944966 13.382974656259 13.4101725287778
58.5685618729097 13.382835736465 12.3953430220088 13.382831753557 13.382831753557 13.382831753557 12.3953430219965 13.381842100592 13.3811201355774 13.3808564066058 13.3817593117629 13.4089545794767
58.5719063545151 13.3816205743483 12.4251326965831 13.3816164615985 13.3816164615985 13.3816164615985 12.4251326965799 13.3806267884018 13.3799048899789 13.379641202444 13.3805440509995 13.4077367142745
58.5752508361204 13.3804054959501 12.453028483082 13.3804012533435 13.3804012533435 13.3804012533435 12.4530284830916 13.3794115599414 13.3786897281101 13.3784260820031 13.3793288739612 13.4065189331642
58.5785953177258 13.3791905012627 12.4791987679833 13.3791861287842 13.3791861287842 13.3791861287842 12.4791987679815 13.3781964152038 13.3774746499643 13.3772110452774 13.3781137806413 13.405301236138
58.5819397993311 13.3779755902786 12.5037925530484 13.3779710879133 13.3779710879133 13.3779710879132 12.503792553048 13.3769813541814 13.3762596555335 13.3759960922576 13.3768987710314 13.404083623189
58.5852842809365 13.3767607629883 12.5269421665246 13.376756130721 13.376756130721 13.376756130721 12.5269421665193 13.3757663768647 13.375044744808 13.3747812229351 13.3756838451226 13.4028660943092
58.5886287625418 13.3755460193872 12.5487655312138 13.375541257203 13.375541257203 13.375541257203 12.5487655312213 13.3745514832489 13.3738299177837 13.3735664373048 13.3744690029098 13.4016486494914
58.5919732441472 13.3743313594675 12.5693680734051 13.3743264673513 13.3743264673513 13.3743264673513 12.5693680733944 13.3733366733262 13.3726151744525 13.3723517353587 13.3732542443853 13.4004312887283
58.5953177257525 13.3731167832222 12.5888443348792 13.3731117611589 13.3731117611589 13.3731117611589 12.5888443348741 13.3721219470895 13.3714005148075 13.37113711709 13.3720395695421 13.3992140120121
58.5986622073579 13.3719022906437 12.6072793426219 13.3718971386185 13.3718971386185 13.3718971386185 12.6072793426281 13.3709073045318 13.370185938841 13.3699225824923 13.3708249783732 13.3979968193359
58.6020066889632 13.3706878817248 12.6247497759824 13.3706825997227 13.3706825997227 13.3706825997227 12.62474977598 13.3696927456452 13.3689714465457 13.368708131557 13.3696104708706 13.3967797106919
58.6053511705686 13.3694735564585 12.6413249665988 13.3694681444643 13.3694681444644 13.3694681444643 12.6413249666021 13.368478270423 13.3677570379146 13.3674937642764 13.3683960470273 13.3955626860725
58.6086956521739 13.3682593148366 12.657067757974 13.3682537728355 13.3682537728355 13.3682537728356 12.6570677579749 13.3672638788572 13.3665427129398 13.3662794806447 13.3671817068359 13.394345745471
58.6120401337793 13.3670451568528 12.672035247062 13.3670394848297 13.3670394848297 13.3670394848297 12.6720352470581 13.3660495709409 13.3653284716145 13.3650652806527 13.365967450289 13.3931288888792
58.6153846153846 13.3658310824987 12.6862794261793 13.3658252804387 13.3658252804387 13.3658252804387 12.6862794261807 13.3648353466664 13.3641143139308 13.3638511642947 13.3647532773792 13.3919121162901
58.61872909699 13.3646170917675 12.6998477411296 13.3646111596556 13.3646111596556 13.3646111596556 12.6998477411352 13.3636212060267 13.362900239882 13.3626371315622 13.3635391880992 13.3906954276963
58.6220735785953 13.3634031846516 12.7127835775345 13.3633971224727 13.3633971224727 13.3633971224728 12.7127835775393 13.3624071490134 13.3616862494595 13.361423182448 13.3623251824412 13.38947882309
58.6233266533066 13.3629483924066 12.7174755713641 13.3629422814918 13.3629422814919 13.3629422814918 12.7174755713652 13.3619523006097 13.361231426005 13.3609683744687 13.3618703532775 13.389023020274
58.6254180602007 13.3621893611437 12.7251266860439 13.362183168883 13.3621831688831 13.3621831688831 12.7251266860403 13.3611931756204 13.3604723426569 13.360209316945 13.3611112603984 13.3882623024642
58.628762541806 13.3609756212365 12.7369135551781 13.3609692988791 13.3609692988791 13.3609692988791 12.7369135551746 13.3599792858396 13.3592585194666 13.3589955350464 13.3598974219633 13.3870458658113
58.6321070234114 13.3597619649228 12.7481777391347 13.3597555124536 13.3597555124536 13.3597555124536 12.748177739136 13.3587654796643 13.3580447798814 13.3577818367433 13.3586836671285 13.3858295131236
58.6354515050167 13.3585483921953 12.7589501469933 13.3585418095993 13.3585418095993 13.3585418095993 12.7589501469946 13.3575517570867 13.3568311238941 13.35656822203 13.3574699958868 13.3846132443944
58.6387959866221 13.3573349030461 12.769259298355 13.3573281903083 13.3573281903083 13.3573281903083 12.7692592983601 13.3563381180992 13.3556175514966 13.3553546908986 13.3562564082306 13.3833970596158
58.6421404682274 13.3561214974687 12.7791315498651 13.3561146545743 13.3561146545744 13.3561146545743 12.7791315498638 13.3551245626954 13.3544040626826 13.3541412433411 13.3550429041529 13.3821809587803
58.6454849498328 13.354908175455 12.7885912962327 13.354901202389 13.354901202389 13.354901202389 12.7885912962331 13.3539110908668 13.3531906574442 13.3529278793513 13.3538294836461 13.3809649418807
58.6488294314381 13.3536949369984 12.7976611497296 13.3536878337459 13.3536878337459 13.3536878337459 12.7976611497285 13.3526977026073 13.3519773357743 13.3517145989214 13.3526161467032 13.3797490089098
58.6521739130435 13.3524817820916 12.8063620999306 13.3524745486376 13.3524745486376 13.3524745486376 12.80636209993 13.3514843979093 13.3507640976658 13.3505014020444 13.3514028933172 13.3785331598596
58.6555183946488 13.3512687107272 12.8147136566323 13.3512613470569 13.3512613470569 13.3512613470568 12.8147136566313 13.3502711767653 13.3495509431116 13.3492882887126 13.3501897234804 13.3773173947232
58.6588628762542 13.3500557228976 12.822733978225 13.3500482289959 13.3500482289959 13.3500482289959 12.8227339782151 13.3490580391679 13.3483378721033 13.3480752589186 13.3489766371852 13.3761017134922
58.6622073578595 13.3488428185953 12.8304399864868 13.3488351944473 13.3488351944473 13.3488351944473 12.8304399864924 13.3478449851098 13.3471248846341 13.3468623126554 13.3477636344245 13.3748861161574
58.6655518394649 13.347629997813 12.837847470136 13.3476222434039 13.3476222434039 13.3476222434039 12.8378474701374 13.3466320145831 13.3459119806966 13.3456494499148 13.3465507151906 13.3736706027137
58.6688963210702 13.3464172605436 12.8449711781808 13.3464093758583 13.3464093758584 13.3464093758583 12.8449711781801 13.345419127581 13.3446991602833 13.3444366706898 13.3453378794763 13.3724551731543
58.6722408026756 13.3452046067789 12.8518249040078 13.3451965918027 13.3451965918027 13.3451965918027 12.8518249040104 13.3442063240956 13.3434864233867 13.3432239749739 13.3441251272742 13.3712398274711
58.6755852842809 13.343992036513 12.8584215616285 13.3439838912309 13.3439838912308 13.3439838912309 12.858421561627 13.3429936041207 13.3422737700002 13.3420113627591 13.3429124585775 13.3700245656574
58.6789297658863 13.3427795497373 12.8647732546875 13.3427712741343 13.3427712741344 13.3427712741344 12.8647732546892 13.3417809676477 13.3410612001153 13.3407988340374 13.3416998733779 13.3688093877056
58.6822742474916 13.3415671464443 12.8708913388494 13.3415587405057 13.3415587405057 13.3415587405057 12.8708913388509 13.3405684146692 13.3398487137249 13.3395863888013 13.3404873716679 13.3675942936081
58.685618729097 13.3403548266276 12.876786478913 13.3403462903384 13.3403462903384 13.3403462903384 12.8767864789134 13.3393559451786 13.3386363108224 13.3383740270454 13.3392749534414 13.3663792833577
58.6889632107023 13.3391425902794 12.8824687004779 13.3391339236247 13.3391339236246 13.3391339236247 12.8824687004804 13.3381435591682 13.3374239914 13.3371617487599 13.33806261869 13.3651643569469
58.6923076923077 13.3379304373922 12.8879474371513 13.3379216403572 13.3379216403571 13.3379216403572 12.8879474371511 13.3369312566306 13.3362117554501 13.3359495539394 13.3368503674068 13.3639495143685
58.695652173913 13.3367183679586 12.8932315735221 13.3367094405283 13.3367094405282 13.3367094405282 12.89323157352 13.3357190375586 13.3349996029654 13.3347374425754 13.3356381995841 13.3627347556149
58.6989966555184 13.3355063819697 12.8983294846504 13.3354973241292 13.3354973241292 13.3354973241292 12.8983294846505 13.3345069019427 13.3337875339368 13.3335254146584 13.3344261152127 13.361520080679
58.7023411371237 13.3342944794198 12.9032490719648 13.3342852911543 13.3342852911543 13.3342852911543 12.9032490719637 13.3332948497777 13.3325755483589 13.332313470185 13.3332141142878 13.3603054895529
58.7056856187291 13.3330826603015 12.9079977963434 13.3330733415962 13.3330733415962 13.3330733415962 12.9079977963408 13.3320828810561 13.3313636462242 13.3311016091447 13.3320021968009 13.3590909822297
58.7090301003344 13.331870924608 12.9125827083317 13.3318614754478 13.3318614754478 13.3318614754478 12.9125827083326 13.330870995771 13.3301518275258 13.3298898315326 13.3307903627459 13.3578765587014
58.7123745819398 13.3306592723318 12.9170104760831 13.3306496927021 13.3306496927021 13.3306496927021 12.9170104760848 13.3296591939149 13.3289400922562 13.3286781373417 13.3295786121153 13.3566622189609
58.7157190635452 13.3294477034658 12.9212874108304 13.3294379933517 13.3294379933518 13.3294379933517 12.9212874108329 13.3284474754807 13.3277284404082 13.3274665265634 13.3283669449017 13.3554479630011
58.7190635451505 13.3282362180026 12.9254194904889 13.3282263773891 13.3282263773891 13.3282263773891 12.9254194904897 13.3272358404608 13.3265168719749 13.3262549991907 13.3271553610977 13.3542337908139
58.7224080267559 13.3270248159342 12.9294123813906 13.3270148448066 13.3270148448066 13.3270148448067 12.9294123813927 13.3260242888477 13.3253053869477 13.3250435552165 13.3259438606956 13.3530197023924
58.7257525083612 13.3258134972543 12.9332714583142 13.3258033955977 13.3258033955977 13.3258033955977 12.9332714583113 13.3248128206349 13.3240939853201 13.3238321946331 13.3247324436886 13.3518056977292
58.7290969899666 13.3246022619556 12.937001822949 13.3245920297552 13.3245920297553 13.3245920297552 12.9370018229466 13.3236014358145 13.3228826670852 13.3226209174343 13.3235211100698 13.3505917768166
58.7324414715719 13.3233911100304 12.9406083211072 13.3233807472713 13.3233807472713 13.3233807472713 12.9406083211095 13.3223901343796 13.3216714322358 13.3214097236118 13.3223098598315 13.3493779396477
58.7357859531773 13.3221800414711 12.9440955584659 13.3221695481386 13.3221695481386 13.3221695481386 12.9440955584657 13.3211789163225 13.3204602807636 13.3201986131576 13.3210986929657 13.3481641862146
58.7391304347826 13.3209690562706 12.9474679153989 13.3209584323497 13.3209584323496 13.3209584323497 12.9474679153984 13.3199677816357 13.3192492126615 13.3189875860663 13.319887609466 13.34695051651
58.742474916388 13.3197581544212 12.9507295604301 13.3197473998973 13.3197473998973 13.3197473998972 12.9507295604304 13.3187567303119 13.318038227922 13.3177766423286 13.3186766093241 13.3457369305267
58.7458193979933 13.3185473359164 12.9538844629731 13.3185364507744 13.3185364507745 13.3185364507744 12.9538844629775 13.3175457623442 13.3168273265386 13.3165657819382 13.3174656925335 13.3445234282574
58.7491638795987 13.3173366007476 12.9569364051014 13.3173255849728 13.3173255849728 13.3173255849728 12.956936405103 13.3163348777241 13.3156165085026 13.3153550048869 13.3162548590859 13.3433100096945
58.752508361204 13.3161259489082 12.9598889924192 13.3161148024859 13.3161148024858 13.3161148024859 12.9598889924208 13.3151240764452 13.3144057738075 13.3141443111681 13.3150441089746 13.3420966748309
58.7558528428094 13.3149153803913 12.9627456642228 13.3149041033066 13.3149041033066 13.3149041033066 12.9627456642253 13.3139133585004 13.3131951224462 13.312933700775 13.3138334421927 13.3408834236585
58.7591973244147 13.313704895189 12.9655097031008 13.3136934874271 13.3136934874271 13.3136934874271 12.9655097031007 13.3127027238821 13.311984554411 13.3117231736989 13.3126228587322 13.3396702561708
58.7625418060201 13.3124944932951 12.9681842435466 13.3124829548412 13.3124829548412 13.3124829548412 12.9681842435476 13.3114921725837 13.3107740696957 13.3105127299344 13.3114123585869 13.3384571723602
58.7658862876254 13.3112841747017 12.9707722804172 13.311272505541 13.311272505541 13.311272505541 12.9707722804181 13.3102817045976 13.3095636682921 13.3093023694734 13.310201941749 13.3372441722187
58.7692307692308 13.3100739394014 12.973276676527 13.3100621395192 13.3100621395192 13.3100621395192 12.9732766765242 13.3090713199162 13.308353350193 13.3080920923085 13.3089916082111 13.3360312557397
58.7725752508361 13.3088637873872 12.9757001698585 13.3088518567686 13.3088518567686 13.3088518567686 12.975700169859 13.3078610185324 13.3071431153916 13.3068818984321 13.307781357966 13.3348184229155
58.7759197324415 13.3076537186503 12.9780453803361 13.3076416572807 13.3076416572807 13.3076416572807 12.9780453803365 13.306650800438 13.3059329638787 13.3056717878367 13.3065711910053 13.3336056737384
58.7792642140468 13.306443733185 12.9803148160012 13.3064315410494 13.3064315410494 13.3064315410494 12.9803148160005 13.3054406656266 13.304722895649 13.3044617605159 13.3053611073231 13.3323930082017
58.7826086956522 13.3052338309839 12.9825108790833 13.3052215080677 13.3052215080677 13.3052215080677 12.9825108790847 13.3042306140912 13.3035129106945 13.3032518164618 13.3041511069117 13.3311804262977
58.7859531772575 13.3040240120389 12.9846358713752 13.3040115583272 13.3040115583272 13.3040115583272 12.9846358713733 13.3030206458236 13.302303009008 13.3020419556668 13.3029411897634 13.3299679280187
58.7892976588629 13.3028142763426 12.9866919995651 13.3028016918207 13.3028016918207 13.3028016918207 12.986691999566 13.3018107608162 13.3010931905815 13.3008321781234 13.3017313558706 13.3287555133573
58.7926421404682 13.3016046238886 12.988681379949 13.3015919085418 13.3015919085418 13.3015919085418 12.9886813799479 13.300600959063 13.2998834554085 13.2996224838253 13.300521605227 13.3275431823036
58.7959866220736 13.300395054669 12.9906060431468 13.3003822084824 13.3003822084824 13.3003822084824 12.9906060431487 13.2993912405558 13.2986738034812 13.2984128727648 13.2993119378246 13.3263309348529
58.7993311036789 13.2991855686759 12.9924679383262 13.299172591635 13.299172591635 13.299172591635 12.9924679383258 13.2981816052868 13.2974642347921 13.2972033449337 13.2981023536557 13.325118770998
58.8026755852843 13.2979761659035 12.9942689372194 13.2979630579933 13.2979630579933 13.2979630579933 12.9942689372194 13.2969720532499 13.2962547493347 13.2959939003261 13.2968928527141 13.3239066907316
58.8060200668896 13.2967668463431 12.9960108380299 13.2967536075489 13.2967536075489 13.2967536075489 12.9960108380281 13.295762584437 13.2950453471008 13.2947845389337 13.2956834349915 13.3226946940462
58.809364548495 13.2955576099874 12.9976953689036 13.2955442402945 13.2955442402945 13.2955442402945 12.9976953689032 13.2945531988406 13.2938360280831 13.2935752607482 13.2944741004804 13.3214827809346
58.8127090301003 13.2943484568278 12.9993241913965 13.2943349562216 13.2943349562215 13.2943349562216 12.9993241913966 13.2933438964518 13.2926267922733 13.2923660657619 13.2932648491723 13.3202709513896
58.8160535117057 13.2931393868585 13.0008989035411 13.2931257553242 13.2931257553242 13.2931257553242 13.0008989035403 13.2921346772648 13.2914176396643 13.2911569539697 13.2920556810614 13.3190592054035
58.819397993311 13.2919304000719 13.0024210429546 13.2919166375947 13.2919166375947 13.2919166375947 13.0024210429558 13.2909255412723 13.2902085702498 13.2899479253626 13.2908465961399 13.3178475429689
58.8227424749164 13.2907214964612 13.0038920896222 13.2907076030264 13.2907076030264 13.2907076030264 13.0038920896236 13.2897164884676 13.2889995840226 13.288738979934 13.2896375944012 13.3166359640791
58.8260869565217 13.28951267602 13.0053134685636 13.2894986516128 13.2894986516129 13.2894986516129 13.0053134685617 13.2885075188438 13.2877906809761 13.2875301176781 13.2884286758388 13.3154244687263
58.8294314381271 13.2883039387397 13.0066865524203 13.2882897833456 13.2882897833456 13.2882897833456 13.0066865524201 13.2872986323925 13.2865818611019 13.2863213385869 13.2872198404444 13.3142130569029
58.8327759197324 13.2870952846138 13.0080126637575 13.2870809982179 13.2870809982179 13.287080998218 13.0080126637562 13.2860898291075 13.2853731243934 13.2851126426519 13.2860110882109 13.3130017286018
58.8361204013378 13.2858867136348 13.0092930773835 13.2858722962225 13.2858722962225 13.2858722962225 13.0092930773818 13.2848811089811 13.2841644708429 13.2839040298666 13.2848024191312 13.3117904838155
58.8394648829431 13.2846782257958 13.0105290224838 13.2846636773524 13.2846636773524 13.2846636773524 13.0105290224841 13.2836724720061 13.2829559004439 13.2826955002246 13.2835938331983 13.3105793225369
58.8428093645485 13.2834698210887 13.0117216846091 13.2834551415995 13.2834551415995 13.2834551415995 13.0117216846105 13.2824639181748 13.2817474131879 13.2814870537171 13.2823853304041 13.3093682447578
58.8461538461539 13.2822614995076 13.0128722076249 13.282246688958 13.282246688958 13.282246688958 13.0128722076231 13.2812554474813 13.2805390090697 13.2802786903386 13.2811769107428 13.308157250472
58.8494983277592 13.2810532610433 13.0139816955125 13.2810383194184 13.2810383194184 13.2810383194184 13.0139816955108 13.2800470599159 13.279330688079 13.2790704100806 13.2799685742052 13.306946339671
58.8528428093646 13.2798451056903 13.0150512141045 13.2798300329756 13.2798300329756 13.2798300329756 13.0150512141049 13.2788387554735 13.278122450211 13.2778622129358 13.2787603207854 13.3057355123481
58.8561872909699 13.2786370334402 13.0160817927168 13.2786218296209 13.2786218296209 13.2786218296209 13.0160817927163 13.2776305341455 13.2769142954574 13.276654098897 13.2775521504754 13.304524768496
58.8595317725753 13.2774290442861 13.0170744256812 13.2774137093476 13.2774137093476 13.2774137093476 13.017074425681 13.2764223959254 13.2757062238107 13.2754460679569 13.2763440632682 13.303314108107
58.8628762541806 13.2762211382205 13.0180300738432 13.2762056721481 13.2762056721481 13.2762056721481 13.0180300738446 13.2752143408055 13.2744982352641 13.2742381201089 13.2751360591566 13.3021035311739
58.866220735786 13.2750133152361 13.0189496659402 13.2749977180151 13.2749977180151 13.2749977180151 13.0189496659385 13.2740063687785 13.2732903298099 13.273030255344 13.2739281381326 13.3008930376892
58.8695652173913 13.2738055753256 13.0198340999483 13.2737898469414 13.2737898469414 13.2737898469414 13.0198340999475 13.2727984798367 13.2720825074406 13.2718224736561 13.2727203001893 13.2996826276459
58.8729096989967 13.2725979184824 13.0206842443037 13.2725820589204 13.2725820589204 13.2725820589203 13.0206842443028 13.2715906739741 13.2708747681501 13.2706147750387 13.2715125453204 13.2984723010362
58.876254180602 13.2713903446986 13.0215009391756 13.2713743539441 13.271374353944 13.271374353944 13.0215009391743 13.2703829511825 13.2696671119299 13.2694071594829 13.2703048735173 13.2972620578533
58.8795986622074 13.2701828539671 13.0222849975944 13.2701667320053 13.2701667320053 13.2701667320053 13.0222849975936 13.2691753114544 13.2684595387734 13.2681996269829 13.2690972847735 13.2960518980896
58.8829431438127 13.2689754462803 13.0230372064758 13.2689591930966 13.2689591930967 13.2689591930967 13.0230372064755 13.2679677547829 13.2672520486729 13.2669921775304 13.2678897790811 13.2948418217371
58.8862876254181 13.2677681216318 13.0237583277244 13.2677517372117 13.2677517372117 13.2677517372117 13.0237583277245 13.2667602811614 13.2660446416216 13.2657848111182 13.2666823564336 13.2936318287896
58.8896321070234 13.2665608800127 13.0244490991912 13.2665443643415 13.2665443643414 13.2665443643415 13.0244490991922 13.2655528905807 13.264837317611 13.2645775277394 13.2654750168226 13.292421919239
58.8929765886288 13.2653537214173 13.0251102356081 13.2653370744804 13.2653370744803 13.2653370744804 13.0251102356083 13.2643455830356 13.2636300766358 13.2633703273866 13.2642677602421 13.2912120930781
58.8963210702341 13.2641466458377 13.0257424295249 13.2641298676204 13.2641298676204 13.2641298676204 13.0257424295243 13.2631383585178 13.2624229186872 13.2621632100525 13.263060586684 13.2900023502997
58.8996655518395 13.2629396532667 13.0263463521113 13.2629227437544 13.2629227437543 13.2629227437543 13.0263463521121 13.2619312170201 13.2612158437583 13.2609561757294 13.2618534961411 13.2887926908964
58.9030100334448 13.2617327436964 13.0269226540252 13.2617157028745 13.2617157028745 13.2617157028745 13.0269226540256 13.2607241585348 13.2600088518416 13.2597492244104 13.260646488606 13.2875831148605
58.9063545150502 13.2605259171206 13.0274719661421 13.2605087449746 13.2605087449745 13.2605087449746 13.0274719661413 13.259517183056 13.2588019429304 13.2585423560888 13.2594395640722 13.2863736221854
58.9096989966555 13.259319173531 13.0279949003551 13.2593018700461 13.2593018700462 13.2593018700462 13.0279949003556 13.2583102905745 13.2575951170164 13.2573355707559 13.2582327225312 13.285164212863
58.9130434782609 13.2581125129211 13.0284920502282 13.2580950780828 13.2580950780828 13.2580950780828 13.0284920502291 13.2571034810846 13.2563883740935 13.2561288684049 13.2570259639765 13.2839548868863
58.9163879598662 13.2569059352834 13.0289639917295 13.256888369077 13.256888369077 13.256888369077 13.0289639917295 13.2558967545784 13.2551817141541 13.2549222490298 13.255819288401 13.2827456442483
58.9197324414716 13.2556994406101 13.0294112838306 13.2556817430211 13.2556817430211 13.2556817430211 13.0294112838299 13.2546901110481 13.2539751371902 13.2537157126221 13.2546126957967 13.281536484941
58.9230769230769 13.2544930288947 13.0298344691534 13.2544751999085 13.2544751999085 13.2544751999085 13.0298344691534 13.2534835504878 13.2527686431954 13.252509259175 13.2534061861571 13.2803274089538
58.9239078156313 13.254193324604 13.0299359271164 13.2541754629716 13.2541754629716 13.2541754629716 13.0299359271159 13.25318380922 13.2524689184649 13.2522095445165 13.2531064575392 13.2800270428166
58.9264214046823 13.2532867001291 13.0302340745922 13.2532687397311 13.2532687397311 13.2532687397311 13.0302340745917 13.2522770728884 13.2515622321612 13.25130288868 13.2521997594738 13.2791184162832
58.9297658862876 13.2520804543039 13.0306106118216 13.2520623624795 13.2520623624795 13.2520623624795 13.0306106118212 13.2510706782412 13.250355904079 13.2500966011281 13.2509934157377 13.2779095069214
58.933110367893 13.2508742914146 13.0309645778663 13.2508560681492 13.2508560681492 13.2508560681492 13.0309645778668 13.2498643665415 13.2491496589439 13.2488903965159 13.2497871549446 13.2767006808615
58.9364548494983 13.2496682114529 13.0312964556329 13.2496498567318 13.2496498567319 13.2496498567319 13.0312964556332 13.248658137781 13.2479434967475 13.2476842748331 13.2485809770855 13.2754919380955
58.9397993311037 13.2484622144129 13.0316067143854 13.2484437282218 13.2484437282218 13.2484437282218 13.0316067143853 13.2474519919539 13.2467374174839 13.2464782360761 13.2473748821553 13.274283278617
58.943143812709 13.2472563002866 13.0318958102536 13.2472376826108 13.2472376826108 13.2472376826108 13.0318958102533 13.2462459290521 13.2455314211452 13.2452722802346 13.2461688701452 13.2730747024179
58.9464882943144 13.2460504690671 13.0321641866692 13.246031719892 13.2460317198919 13.246031719892 13.0321641866694 13.2450399490686 13.2443255077243 13.2440664073023 13.2449629410485 13.2718662094915
58.9498327759197 13.2448447207473 13.0324122748009 13.2448258400585 13.2448258400584 13.2448258400585 13.0324122748 13.2438340519964 13.2431196772143 13.2428606172737 13.2437570948586 13.27065779983
58.9531772575251 13.2436390553194 13.0326404940004 13.2436200431022 13.2436200431021 13.2436200431021 13.032640494001 13.2426282378278 13.2419139296073 13.2416549101393 13.2425513315673 13.2694494734265
58.9565217391304 13.2424334727773 13.032849252168 13.2424143290169 13.2424143290169 13.2424143290169 13.0328492521681 13.2414225065563 13.240708264897 13.2404492858926 13.2413456511681 13.2682412302734
58.9598662207358 13.2412279731121 13.0330389461758 13.2412086977943 13.2412086977943 13.2412086977943 13.0330389461752 13.2402168581736 13.2395026830748 13.2392437445266 13.240140053653 13.2670330703633
58.9632107023411 13.2400225563178 13.0332099622084 13.240003149428 13.240003149428 13.240003149428 13.0332099622086 13.2390112926733 13.238297184135 13.2380382860337 13.2389345390153 13.2658249936893
58.9665551839465 13.238817222387 13.0333626761472 13.2387976839106 13.2387976839106 13.2387976839106 13.0333626761479 13.237805810048 13.2370917680695 13.2368329104077 13.237729107248 13.2646170002436
58.9698996655519 13.237611971312 13.033497453894 13.2375923012345 13.2375923012345 13.2375923012345 13.0334974538936 13.23660041029 13.2358864348707 13.2356276176395 13.2365237583429 13.2634090900186
58.9732441471572 13.2364068030859 13.0336146516979 13.2363870013928 13.2363870013929 13.2363870013928 13.0336146516983 13.2353950933927 13.2346811845319 13.234422407724 13.2353184922938 13.2622012630079
58.9765886287625 13.2352017177007 13.0337146164904 13.2351817843774 13.2351817843775 13.2351817843774 13.0337146164903 13.2341898593478 13.2334760170451 13.2332172806512 13.2341133090921 13.2609935192029
58.9799331103679 13.2339967151498 13.0337976861658 13.2339766501818 13.2339766501817 13.2339766501818 13.0337976861669 13.2329847081488 13.2322709324036 13.2320122364157 13.2329082087314 13.2597858585973
58.9832775919732 13.2327917954265 13.0338641898764 13.2327715987993 13.2327715987993 13.2327715987993 13.0338641898765 13.231779639789 13.2310659306009 13.2308072750106 13.2317031912051 13.2585782811833
58.9866220735786 13.2315869585232 13.0339144483324 13.2315666302223 13.2315666302223 13.2315666302223 13.033914448333 13.2305746542608 13.2298610116294 13.2296023964287 13.2304982565057 13.2573707869536
58.9899665551839 13.2303822044319 13.0339487740668 13.2303617444427 13.2303617444427 13.2303617444426 13.0339487740669 13.2293697515558 13.2286561754805 13.2283976006607 13.2292934046245 13.256163375901
58.9933110367893 13.2291775331465 13.0339674716781 13.2291569414546 13.2291569414546 13.2291569414546 13.0339674716774 13.2281649316686 13.2274514221489 13.2271928877019 13.2280886355563 13.2549560480182
58.9966555183946 13.2279729446584 13.0339708380799 13.2279522212492 13.2279522212492 13.2279522212493 13.0339708380798 13.22696019459 13.2262467516254 13.2259882575424 13.2268839492918 13.2537488032979
59 13.2267684389602 13.0339591627538 13.2267475838193 13.2267475838193 13.2267475838193 13.0339591627544 13.2257555403131 13.2250421639029 13.2247837101757 13.225679345824 13.2525416417326
59.2244889779559 13.1461082605231 13.0093218167397 13.1460785303267 13.1460785303268 13.1460785303268 13.0093218167398 13.1450854152887 13.144376504759 13.1441207409647 13.1450126200824 13.1717040254124
59.5250701402806 13.038687951809 12.9397320681634 13.0386462381886 13.0386462381886 13.0386462381886 12.9397320681634 13.0376518691243 13.0369489325702 13.036696713117 13.0375835908477 13.0640486704304
59.8256513026052 12.9319272062922 12.8540783016886 12.9318733972908 12.9318733972908 12.9318733972907 12.8540783016886 12.930877977178 12.9301810058951 12.9299322665457 12.9308141759854 12.9570557374454
60.1262324649299 12.8258208873339 12.7614373918307 12.8257548738166 12.8257548738166 12.8257548738166 12.7614373918307 12.8247586013877 12.8240675843721 12.8238222624284 12.8246992371957 12.8507200424163
60.4268136272545 12.7203639128119 12.6653180296077 12.7202855883865 12.7202855883865 12.7202855883865 12.6653180296077 12.7192886581743 12.7186035822754 12.7183616165357 12.7192336907196 12.7450364569113
60.7273947895792 12.6155512545387 12.5673609628116 12.615460515477 12.615460515477 12.615460515477 12.5673609628116 12.6144631178574 12.6137839679189 12.6135452986395 12.6144125067516 12.6399999072181
61.0279759519038 12.5113779372941 12.4684347036799 12.5112746824555 12.5112746824555 12.5112746824555 12.4684347036799 12.5102770036961 12.5096037626916 12.5093683315489 12.5102307084769 12.5356053735394
61.3285571142285 12.4078390381349 12.3690409651969 12.4077231688913 12.4077231688912 12.4077231688912 12.3690409651969 12.406725391202 12.4060580403638 12.4058257904172 12.4066833713804 12.4318478892192
61.6291382765531 12.3049296856721 12.2694889505738 12.3048011058335 12.3048011058335 12.3048011058335 12.2694889505738 12.3038034074152 12.3031419263537 12.3029128020091 12.3037656225199 12.3287225400094
61.9297194388778 12.2026450592656 12.1699788995221 12.2025036750087 12.2025036750087 12.2025036750087 12.1699788995221 12.2015062301082 12.2008505969291 12.2006245439042 12.2014726397271 12.2262244632266
62.2303006012024 12.1009803883175 12.0706456090549 12.1008261081146 12.1008261081146 12.1008261081147 12.0706456090549 12.0998290870786 12.0991792784892 12.0989562437786 12.099799650896 12.1243488470362
62.5308817635271 11.9999309515572 11.9715826460913 11.9997636861066 11.9997636861066 11.9997636861067 11.9715826460913 11.9987672554367 11.998123246851 11.9979031786931 11.9987419332696 12.0230909297941
62.8314629258517 11.8994920764132 11.8728565574016 11.8993117385716 11.8993117385717 11.8993117385717 11.8728565574016 11.8983160609799 11.8976778266147 11.8974606744594 11.8982948128111 11.9224459992126
63.1320440881764 11.799659138195 11.7745155871708 11.7994656429111 11.7994656429112 11.7994656429111 11.7745155871708 11.7984708773796 11.7978383903481 11.7976241048236 11.7984536633872 11.8224093917266
63.432625250501 11.7004275595363 11.6765952289747 11.7002208237857 11.7002208237857 11.7002208237857 11.6765952289747 11.6992271256217 11.6986003580194 11.6983888909033 11.6992139062082 11.7229764918227
63.7332064128257 11.6017928096772 11.5791218766571 11.6015727523985 11.6015727523985 11.6015727523985 11.5791218766571 11.6005802732948 11.5999591962833 11.5997505004715 11.6005710091127 11.6241427312678
64.0337875751503 11.5037504038076 11.4821152924133 11.503516945841 11.503516945841 11.503516945841 11.4821152924134 11.5025258339357 11.5019104178205 11.5017044472983 11.502520485911 11.5259035885784
64.334368737475 11.4062959025037 11.3855903162692 11.4060489665292 11.4060489665292 11.4060489665292 11.3855903162692 11.4050593664629 11.4044495807668 11.4042462905805 11.4050578958177 11.4282545882409
64.6349498997996 11.3094249110397 11.2895580756112 11.3091644215182 11.3091644215182 11.3091644215182 11.2895580756112 11.3081764744941 11.3075722880271 11.3073716342556 11.3081788427663 11.3311913001606
64.9355310621243 11.2131330787637 11.1940268573903 11.2128589618787 11.2128589618787 11.2128589618787 11.1940268573903 11.2118728057234 11.2112741866493 11.2110761263794 11.2118789747859 11.2347093389987
65.2361122244489 11.1174160985422 11.0990027478454 11.1171282821428 11.1171282821428 11.1171282821428 11.0990027478454 11.116144051365 11.1155509672634 11.1153554585612 11.1161539834417 11.1388043635231
65.5366933867736 11.0222697061492 11.0044901089303 11.0219681196949 11.0219681196949 11.021968119695 11.0044901089303 11.0209859455458 11.020398363471 11.0202053653576 11.0209996032274 11.0434720761044
65.8372745490982 10.9276896796782 10.9104919380059 10.9273742541845 10.9273742541845 10.9273742541845 10.9104919380059 10.9263942647169 10.9258121512536 10.9256216236811 10.9264116109749 10.9487082220106
66.1378557114229 10.8336718389792 10.817010142885 10.8333425069645 10.8333425069645 10.8333425069645 10.817010142885 10.8323648270927 10.8317881484088 10.8316000522355 10.832385825292 10.8545085888555
66.4384368737475 10.740212045137 10.7240457545523 10.7398687405707 10.7398687405707 10.7398687405707 10.7240457545523 10.7388934921284 10.7383222140237 10.7381365109907 10.7389181060383 10.7608690060994
66.7390180360722 10.6473061998515 10.6315990933509 10.6469488581037 10.6469488581037 10.6469488581037 10.6315990933509 10.6459761599037 10.645410247857 10.6452269005662 10.6460043537085 10.6677853443888
67.0395991983968 10.5549502449399 10.5396699001524 10.5545788027319 10.5545788027319 10.5545788027319 10.5396699001523 10.5536087706241 10.5530481898376 10.5528671617295 10.5536405089323 10.5752535150487
67.3401803607215 10.463140161783 10.4482574407429 10.4627545571392 10.4627545571393 10.4627545571393 10.4482574407429 10.4617873040694 10.4612320195107 10.4610532748428 10.4618225519212 10.4832694695165
67.6407615230461 10.3718719708394 10.3573605896241 10.3714721430406 10.3714721430406 10.3714721430406 10.3573605896241 10.3705077791071 10.3699577555471 10.3697812593734 10.3705465019819 10.3918291988634
67.9413426853708 10.2811417311348 10.2669778977586 10.2807276206712 10.2807276206712 10.2807276206712 10.2669778977586 10.2797662531812 10.2792214552316 10.2790471733822 10.279808417004 10.3009287332256
68.2419238476954 10.1909455397162 10.1771076477086 10.1905170882434 10.1905170882433 10.1905170882434 10.1771076477086 10.1895588217704 10.1890192139179 10.1888471129795 10.1896043929163 10.2105641412898
68.5425050100201 10.1012795311548 10.0877478988471 10.1008366814503 10.1008366814503 10.1008366814503 10.0877478988471 10.0998816178901 10.0993471645308 10.099177211828 10.0999305631901 10.120731529801
68.8430861723447 10.0121398771443 9.99889652467619 10.0116825730641 10.0116825730641 10.0116825730641 9.99889652467619 10.0107308116894 10.0102014771571 10.0100336407333 10.0107830984328 10.0314270430633
69.1436673346693 9.92352278593644 9.9105512436793 9.9230509723739 9.92305097237384 9.92305097237391 9.9105512436793 9.92210260988839 9.92157835848519 9.92141260708477 9.92215820582701 9.94264686245172
69.444248496994 9.83542450187322 9.82270964507891 9.83493812471855 9.83493812471854 9.83493812471857 9.82270964507892 9.83399325531213 9.83347405133529 9.83331035438681 9.83405212866245 9.85438720593308
69.7448296593187 9.74784130501086 9.73536921046519 9.74734031111086 9.7473403111109 9.74734031111088 9.7353692104652 9.7463990265113 9.74588483427782 9.74572316187548 9.74646114595593 9.76664432759432
70.0454108216433 9.66076951057202 9.64852733188016 9.66025384769193 9.66025384769188 9.66025384769193 9.64852733188015 9.65931623721792 9.65880702108945 9.65864734397819 9.65938157190757 9.6794145171773
70.345991983968 9.5742054685549 9.56218132719429 9.57367508534044 9.5736750853404 9.57367508534042 9.56218132719431 9.57274123595299 9.57223696035768 9.57207924991648 9.57280975550698 9.5926940996223
70.6465731462926 9.48814556326856 9.47632845308469 9.48760040920954 9.48760040920955 9.48760040920955 9.47632845308469 9.4866704055639 9.48617103501771 9.48601526324397 9.48674208007024 9.50647943463685
70.9471543086172 9.40258621288867 9.39096591609408 9.40202623828337 9.40202623828336 9.40202623828338 9.39096591609408 9.40110016277928 9.40060566190552 9.40045180140022 9.40117496279446 9.42076691623541
71.2477354709419 9.31752386909924 9.30609088212517 9.31694902501852 9.31694902501852 9.31694902501851 9.30609088212516 9.31602695784813 9.31553729139581 9.31538531534822 9.31610485439703 9.3355529723139
71.5483166332665 9.23295501660716 9.22170048450455 9.23236525486101 9.23236525486109 9.23236525486107 9.22170048450456 9.23144727405821 9.23096240691999 9.23081228909383 9.2315282386333 9.25083406422387
71.8488977955912 9.14887617276642 9.13779183095731 9.14827144587102 9.14827144587104 9.14827144587099 9.13779183095731 9.14735762736051 9.14687752458734 9.14672923930654 9.14744163191935 9.1666066863538
72.1494789579158 9.06528388715835 9.05436200958222 9.06466414830311 9.0646641483031 9.0646641483031 9.05436200958222 9.06375456594616 9.06327919276338 9.06313271489917 9.06384158291098 9.08286736571869
72.4500601202405 8.98217474120444 8.97140809404134 8.98153994422059 8.9815399442206 8.98153994422061 8.97140809404134 8.98063466986204 8.98016399168296 8.98001929663989 8.9807246721171 8.99961266155453
72.7506412825651 8.89954534777829 8.88892714804436 8.89889544710853 8.89889544710853 8.89889544710854 8.88892714804435 8.89799455062239 8.89752853306134 8.89738559676521 8.89808751151187 8.91683916492152
73.0512224448898 8.81739235081828 8.80691622921236 8.81672730148619 8.81672730148621 8.81672730148619 8.80691622921236 8.81583085081962 8.81536945970401 8.81522825858892 8.81592674414526 8.83454349831134
73.3518036072144 8.73571242493601 8.72537239245439 8.73503218251723 8.73503218251724 8.73503218251727 8.72537239245438 8.73414024373563 8.73368344511763 8.73354395611404 8.73423904375391 8.75272231524191
73.6523847695391 8.65450227507452 8.64429269292001 8.65380679566846 8.65380679566849 8.65380679566849 8.64429269292003 8.65291943299802 8.65246719316425 8.65232939368765 8.65302111441708 8.67137229993859
73.9529659318638 8.57375863612268 8.56367418853012 8.57304787632416 8.57304787632418 8.57304787632419 8.56367418853011 8.57216515219441 8.57171743767571 8.57158130561485 8.57226969017087 8.5904901669041
74.2535470941884 8.49347827255694 8.48351394220875 8.4927521894294 8.49275218942942 8.49275218942941 8.48351394220875 8.4918741645147 8.49143094209532 8.49129645580085 8.4919815346504 8.5100726605644
74.554128256513 8.41365797807995 8.40380902382016 8.41291652912908 8.4129165291291 8.41291652912913 8.40380902382017 8.41204326238942 8.41160449911514 8.41147163738894 8.41215344072789 8.43011655491267
74.8547094188377 8.33429457529126 8.32455651188262 8.33353771843974 8.33353771843975 8.33353771843974 8.32455651188261 8.3326692671615 8.3322349303468 8.33210367243206 8.33278223018403 8.3506186531315
75.1552905811623 8.25538491532884 8.24575349502827 8.25461260889093 8.25461260889095 8.25461260889094 8.24575349502828 8.2537490287255 8.25331908596145 8.25318941153149 8.25386475334777 8.27157578731569
75.455871743487 8.17692587753131 8.16739707329599 8.17613808018865 8.17613808018866 8.17613808018863 8.16739707329599 8.17527942519137 8.17485384435078 8.17472573349996 8.17539788875905 8.19298481804976
75.7564529058116 8.09891436912175 8.0894843592729 8.09811103989915 8.09811103989911 8.09811103989914 8.0894843592729 8.09725736256679 8.09683611181044 8.09670954504405 8.09737854285168 8.11484263408078
76.0570340681363 8.02134732486166 8.01201247906202 8.02052842310433 8.02052842310436 8.02052842310434 8.01201247906202 8.01967977441238 8.01926282219441 8.01913778041942 8.01980364960836 8.03714615202081
76.3576152304609 7.94422170673626 7.93497857314289 7.94338719208742 7.94338719208746 7.94338719208742 7.93497857314288 7.94254362152641 7.94213093659907 7.94200740111446 7.94267017024491 7.95989231601039
76.6581963927856 7.86753450363515 7.85837979711256 7.86668433601371 7.86668433601369 7.86668433601369 7.85837979711256 7.8658458916247 7.86543744304271 7.8653153955309 7.86597509289067 7.88307809735426
76.9587775551102 7.79128273103902 7.78221332233098 7.79041687061838 7.79041687061841 7.79041687061843 7.78221332233096 7.78958359902801 7.78917935615168 7.78905877867054 7.78971543227526 7.80670049423884
77.2593587174349 7.71546343071614 7.70647633648163 7.71458183790338 7.71458183790342 7.71458183790336 7.70647633648162 7.71375378435785 7.71335371685723 7.7132345918306 7.71388822942468 7.73075653143981
77.5599398797595 7.64007367041499 7.63116604404906 7.63917630583043 7.63917630583045 7.63917630583041 7.63116604404906 7.63835351422912 7.63795759208699 7.63783990229701 7.63849055135397 7.65524325996252
77.8605210420842 7.56511054357008 7.55627966673425 7.56419736802755 7.56419736802755 7.56419736802754 7.55627966673425 7.56337988095569 7.56298807447003 7.56287180304849 7.56351949077236 7.58015775676529
78.1611022044088 7.49057116899597 7.48181444379724 7.48964214348375 7.48964214348376 7.48964214348374 7.48181444379725 7.48883000224465 7.48844228203082 7.48832741245262 7.48897216577787 7.50549712444737
78.4616833667335 7.41645269061484 7.40776763236863 7.4155077762766 7.41550777627661 7.41550777627659 7.40776763236863 7.41470102092319 7.4143173579159 7.41420387399019 7.41484571958372 7.43125849097562
78.7622645290581 7.34275227716296 7.33413650769264 7.34179143527959 7.34179143527962 7.34179143527956 7.33413650769264 7.34099010464432 7.34061047009979 7.34049835596373 7.34113732022509 7.35743900938809
79.0628456913828 7.26946712190976 7.26091836333489 7.26849031388136 7.26849031388133 7.26849031388135 7.26091836333489 7.26769444560751 7.2673188111042 7.26720805121415 7.26784416027781 7.28403585749399
79.3634268537074 7.19659444237853 7.18811051135013 7.19560162970737 7.19560162970735 7.19560162970734 7.18811051135013 7.1948112602777 7.19443959771735 7.19433017684381 7.19496345657939 7.21104623759912
79.6640080160321 7.12413148007604 7.11571028241931 7.12312262434934 7.12312262434936 7.12312262434933 7.1157102824193 7.12233778911477 7.12197007072394 7.12186197394333 7.12249244995751 7.13846737623027
79.9645891783567 7.05207550021834 7.04371502594904 7.05105056309196 7.05105056309199 7.05105056309196 7.04371502594905 7.05027129630051 7.04990749463053 7.04980070731889 7.05042840495672 7.06629652386004
80.2651703406814 6.98042379145203 6.97212211014235 6.97938273463499 6.97938273463502 6.97938273463496 6.97212211014235 6.97860906945888 6.97824915738642 6.97814366521363 6.97876860955943 6.9945309546385
80.565751503006 6.90917366565385 6.90092892210006 6.90811645089172 6.9081164508917 6.90811645089169 6.90092892210005 6.90734841945461 6.9069923701818 6.90688815910403 6.90751037498388 6.92316796612759
80.8663326653307 6.83832245761294 6.83013286780348 6.83724904667314 6.83724904667317 6.83724904667314 6.83013286780348 6.83648668007593 6.83613446713013 6.83603152338483 6.83665103536748 6.85220487904008
81.1669138276553 6.76786752478761 6.75973137213575 6.76677787944454 6.76677787944455 6.76677787944453 6.75973137213576 6.7660212077915 6.76567280502567 6.76557111512471 6.76618794752346 6.78163903697991
81.46749498998 6.697806247059 6.68972187888145 6.69670032907973 6.69670032907976 6.69670032907975 6.68972187888145 6.6959493815043 6.69560476309516 6.69550431382008 6.69611849069422 6.71146780619072
81.7680761523046 6.62813602649277 6.62010185071356 6.62701379762297 6.62701379762295 6.62701379762297 6.62010185071357 6.62626860231175 6.62592774276074 6.62582852115572 6.62644006631254 6.64168857530104
82.0686573146293 6.55885428710051 6.55086876916377 6.55771570905049 6.55771570905054 6.55771570905048 6.55086876916376 6.55697629326742 6.5566391673993 6.55654116076654 6.55715009776288 6.57229875507348
82.3692384769539 6.48995847458444 6.48202013456282 6.48880350901589 6.48880350901592 6.48880350901588 6.48202013456281 6.48806989912583 6.48773648208756 6.48763967798155 6.48824603012577 6.50329577817311
82.6698196392786 6.42144605610911 6.4135534659908 6.42027466462219 6.42027466462213 6.42027466462213 6.41355346599079 6.41954688611416 6.41921715337383 6.41912153959632 6.41972532995005 6.43467709893664
82.9704008016032 6.35331452007384 6.34546630121391 6.35212666419404 6.35212666419404 6.35212666419399 6.3454663012139 6.35140474170354 6.35107866904915 6.35098423364398 6.35158548502397 6.36644019311149
83.2709819639279 6.28556137586152 6.27775619659352 6.2843570170282 6.28435701702815 6.28435701702815 6.27775619659353 6.28364097435918 6.28331853789794 6.28322526914579 6.2838240041257 6.29858255763303
83.5715631262525 6.21818415364187 6.21042072702385 6.21696325319551 6.21696325319552 6.21696325319551 6.21042072702384 6.21625311334202 6.21593428949865 6.21584217591216 6.21643841682463 6.23110171039633
83.8721442885772 6.15118040413195 6.1434574858296 6.14994292330258 6.1499429233026 6.14994292330256 6.14345748582959 6.14923870846978 6.14892347398414 6.14883250430347 6.14942627324213 6.16399519002955
84.1727254509018 6.08454769837404 6.07686408466984 6.08329359827013 6.08329359827014 6.08329359827009 6.07686408466982 6.08259532989459 6.08228366182148 6.08219382500966 6.08278514383053 6.09726055566552
84.4733066132265 6.01828362753101 6.01063815344211 6.01701286912795 6.01701286912793 6.01701286912791 6.0106381534421 6.01632056789783 6.01601244360448 6.01592372884247 6.01651261916657 6.03089538671024
84.7738877755511 5.95238580265377 5.94477734016304 5.95109834678343 5.95109834678344 5.9510983467834 5.94477734016305 5.95041203265837 5.95010742982249 5.95001982650505 5.95060630972013 5.96489728266407
85.0744689378758 5.8868518544787 5.87927931086189 5.8855476618187 5.88554766181865 5.88554766181863 5.87927931086189 5.88486735404865 5.88456625065706 5.8844797483885 5.88506384565081 5.89926386288602
85.3750501002004 5.82167943322798 5.81414174947432 5.8203584642913 5.82035846429131 5.82035846429124 5.81414174947431 5.81968418143523 5.81938655578164 5.81930114437171 5.81988287660817 5.83399276637199
85.6756312625251 5.75686620840768 5.74936235772685 5.75552842353253 5.75552842353254 5.75552842353251 5.74936235772686 5.75486018347672 5.7545660141596 5.75448168361911 5.75506107152952 5.7690816515543
85.9762124248497 5.69240986858629 5.68493885499863 5.69105522792648 5.69105522792648 5.69105522792644 5.68493885499863 5.69039304790169 5.69010231382303 5.69001905435971 5.69059611841858 5.7045281960968
86.2767935871744 5.62830812120665 5.62086897820794 5.62693658472181 5.62693658472181 5.62693658472176 5.62086897820794 5.62628048132177 5.62599316168368 5.62591096369894 5.62648572415755 5.64033009669364
86.577374749499 5.56455869238513 5.55715048168327 5.56317021983165 5.56317021983164 5.5631702198316 5.55715048168326 5.56252020902936 5.56223628333246 5.56215513741722 5.56272761430561 5.5764850688648
86.8779559118237 5.50115932668221 5.49378113700611 5.49975387760513 5.49975387760515 5.49975387760507 5.49378113700613 5.49910997477014 5.49882942281182 5.49874931974271 5.49931953287134 5.5129908467624
87.1785370741483 5.43810778699966 5.43075873295535 5.43668532072226 5.43668532072226 5.43668532072219 5.43075873295537 5.43604754063611 5.43577034250785 5.43569127324363 5.43625924220602 5.44984518297297
87.479118236473 5.37540185432661 5.36808107532391 5.37396232994221 5.37396232994219 5.37396232994216 5.36808107532392 5.37333068681423 5.37305682289922 5.3729787785771 5.37354452275179 5.38704584832754
87.7796993987976 5.31303932755854 5.30574598678931 5.31158270392217 5.31158270392217 5.31158270392209 5.30574598678932 5.3109572114052 5.31068666237608 5.31060963430844 5.31117317286089 5.32459063172401
88.0802805611222 5.25101802328796 5.24375130676059 5.24954425900875 5.24954425900874 5.24954425900864 5.24375130676059 5.2489249302145 5.24865767703119 5.24858165670208 5.24914300858657 5.26247733991958
88.3808617234469 5.18933577565945 5.18209489127669 5.18784482909242 5.18784482909248 5.1878448290924 5.18209489127668 5.18723167660587 5.18696770051288 5.18689267957548 5.18745186353676 5.20070379735527
88.6814428857716 5.12799043624027 5.12077461291807 5.12648226547782 5.12648226547786 5.12648226547774 5.12077461291808 5.12587530137124 5.12561458389536 5.12554055416739 5.12609758874382 5.13926784597521
88.9820240480962 5.06697987374688 5.0597883605859 5.06545443661156 5.06545443661159 5.06545443661148 5.05978836058593 5.06485367245894 5.06459619540663 5.06452314886869 5.06507805239328 5.07816734504283
89.2826052104209 5.00630197390384 4.99913403939847 5.0047592279414 5.00475922794138 5.00475922794131 4.99913403939847 5.00416467483192 5.00391042028765 5.00383834907892 5.00439113968161 5.01740017096785
89.5831863727455 4.94595463922973 4.93880957051691 4.94439454170248 4.94439454170247 4.94439454170239 4.93880957051689 4.94380621025424 4.94355516057756 4.94348405699345 4.94403475260276 4.95696421713041
89.8837675350702 4.88593578900252 4.87881289113284 4.88435829688017 4.88435829688018 4.88435829688005 4.87881289113284 4.8837761972529 4.88352833507504 4.8834581915642 4.88400680991012 4.89685739370748
90.1843486973948 4.82624335897426 4.81914195423368 4.82464842892827 4.82464842892829 4.82464842892816 4.81914195423368 4.8240725708354 4.82382787905839 4.82375868821958 4.82430524683495 4.83707762750285
90.4849298597195 4.76687530121731 4.7597947284759 4.76526288961443 4.76526288961443 4.76526288961432 4.75979472847591 4.76469328233682 4.76445174412933 4.76438349870915 4.76492801493161 4.77762286177984
90.7855110220441 4.70782958395491 4.70076919804417 4.70619964685066 4.70619964685066 4.70619964685054 4.70076919804415 4.70563629924734 4.70539789804403 4.70533059093377 4.70587308190753 4.71849105609186
91.0860921843688 4.64910419142553 4.64206336254426 4.64745668455775 4.64745668455774 4.6474566845576 4.64206336254425 4.64689960507888 4.64666432457647 4.64659794880946 4.64713843148764 4.65968018610057
91.3866733466934 4.59069712377822 4.58367523692043 4.58903200255967 4.5890320025597 4.58903200255954 4.58367523692042 4.58848119925718 4.58824902341236 4.58818357216131 4.58872206330804 4.60118824346102
91.6872545090181 4.53260639679832 4.52560285121831 4.53092361631214 4.53092361631211 4.53092361631197 4.5256028512183 4.53037909685124 4.53015000987834 4.53008547645314 4.53062199264494 4.54301323563782
91.9878356713427 4.47483004181459 4.4678442505048 4.47312955680708 4.47312955680711 4.47312955680697 4.46784425050481 4.47259132847737 4.47236531484506 4.47230169269051 4.47283625031849 4.4851531857353
92.2884168336674 4.41736610553804 4.41039749473508 4.41564787041332 4.41564787041335 4.41564787041317 4.41039749473507 4.41511594013881 4.41489298456896 4.41483026726132 4.41536288253327 4.4276061323521
92.588997995992 4.3602126499275 4.35326065864124 4.35847661874223 4.3584766187422 4.35847661874207 4.35326065864124 4.35795099309248 4.35773108055657 4.35766926180194 4.358199950744 4.37037012938571
92.8895791583166 4.30336775198611 4.29643183155003 4.30161387844447 4.3016138784445 4.30161387844432 4.29643183155003 4.30109456364489 4.30087767936193 4.30081675299397 4.30134553145211 4.31344324597823
93.1901603206413 4.24682950368401 4.23990911731493 4.2450577411306 4.24505774113061 4.24505774113061 4.23990911731493 4.24454474307163 4.24433087250587 4.24427083248311 4.24479771612565 4.25682356629967
93.4907414829659 4.19059601175647 4.18369063413946 4.18880631317142 4.18880631317142 4.18880631317139 4.18369063413947 4.18829963741802 4.1880887662754 4.18802960667982 4.18855461099909 4.20050918940194
93.7913226452906 4.13466539760069 4.12777451449759 4.1328577155953 4.13285771559527 4.13285771559527 4.12777451449759 4.13235736739721 4.13214948162434 4.13209119665797 4.13261433697222 4.1444982290256
94.0919038076152 4.07903579710222 4.07215890496699 4.07721008391318 4.0772100839132 4.07721008391319 4.072158904967 4.07671606821326 4.07651115399421 4.07645373797807 4.07697502943297 4.08878881359065
94.3924849699399 4.02370536049845 4.016841966114 4.02186156798336 4.02186156798335 4.02186156798335 4.01684196611399 4.02137388942749 4.02117193318082 4.02111538055264 4.02163483812328 4.03337908595084
94.6930661322645 3.96867225223471 3.96182187236303 3.96681033186716 3.96681033186717 3.96681033186715 3.96182187236304 3.96632899481193 3.96612998318955 3.9660742885012 3.96659192699387 3.97826720325364
94.9936472945892 3.91393465082922 3.90709681187502 3.91205455369402 3.91205455369403 3.91205455369404 3.90709681187503 3.91157956221604 3.91138348209996 3.91132864001587 3.9118444740698 3.9234513367916
95.2942284569138 3.85949074879321 3.85266498647936 3.85759242558106 3.85759242558107 3.85759242558105 3.85266498647936 3.85712378348466 3.85693062198424 3.8568766272796 3.85739067136894 3.86892967197893
95.5948096192385 3.8053387524214 3.79852461148134 3.80342215342486 3.80342215342487 3.80342215342485 3.79852461148134 3.80295986425026 3.80276960870036 3.80271645625913 3.80322872469441 3.8147004080903
95.8953907815631 3.75147688167849 3.74467391555955 3.74954195678752 3.74954195678752 3.74954195678754 3.74467391555955 3.74908602381887 3.74889866177753 3.74884634659026 3.74935685352034 3.76076175812658
96.1959719438878 3.69790337004642 3.69111114062913 3.6959500687455 3.69595006874547 3.69595006874549 3.69111114062914 3.69550049501861 3.69531601426462 3.69526453142709 3.69577329084028 3.70711194877109
96.4965531062124 3.64461646450027 3.63783454181252 3.64264473586082 3.64264473586083 3.64264473586081 3.63783454181252 3.64220152417047 3.64201991270028 3.64196925741129 3.64247628313822 3.65374922022234
96.7971342685371 3.59161442526602 3.58484238722498 3.58962421794382 3.58962421794383 3.58962421794383 3.58484238722499 3.58918737085061 3.589008616877 3.58895878443701 3.58946409015147 3.60067182603385
97.0977154308617 3.53889552567268 3.53213295783974 3.53688678790622 3.53688678790624 3.53688678790622 3.53213295783973 3.53645630774455 3.53628039969403 3.53623138550342 3.53673498472361 3.54787803296333
97.3982965931864 3.4864580521863 3.47970454750862 3.48443073178853 3.48443073178852 3.48443073178856 3.47970454750862 3.48400662067298 3.48383354718275 3.48378534673988 3.48428725283128 3.49536612095638
97.698877755511 3.43430030415849 3.42755546273857 3.43225434851424 3.43225434851422 3.43225434851425 3.42755546273857 3.43183660834584 3.43166635826248 3.43161896716206 3.43211919333858 3.44313438293676
97.9994589178357 3.38242059365348 3.37568402253467 3.38035594971882 3.3803559497188 3.38035594971883 3.37568402253468 3.37994458219265 3.3797771445696 3.37973055850168 3.38022911782625 3.39118112469291
98.3000400801603 3.33081724551863 3.32408855845125 3.32873385981239 3.32873385981238 3.32873385981237 3.32408855845124 3.32832886642313 3.32816423051777 3.32811844526552 3.32861535065331 3.33950466474634
98.600621242485 3.27948859712457 3.27276741436091 3.27738641572588 3.27738641572586 3.27738641572585 3.27276741436092 3.27698779777407 3.27682595304647 3.27678096448456 3.27727622870401 3.28810333425477
98.9012024048096 3.2284329981884 3.22171894629228 3.22631196673661 3.22631196673661 3.22631196673661 3.22171894629228 3.22591972533552 3.22576066144525 3.22571646553953 3.22621010121285 3.23697547692076
99.2017835671343 3.17764881088112 3.170941522515 3.1755088745667 3.17550887456668 3.17550887456668 3.17094152251502 3.17512301064698 3.17496671745199 3.17492331025623 3.17541532986276 3.18611944881516
99.5023647294589 3.12713440949245 3.12043352324082 3.12497551305659 3.12497551305658 3.12497551305658 3.12043352324084 3.12459602737269 3.1244424949261 3.12439987258227 3.12489028845869 3.13553361828803
99.8029458917836 3.0768881803845 3.07019334057636 3.07471026811698 3.07471026811702 3.074710268117 3.07019334057637 3.07433716125333 3.07418637980205 3.07414453853745 3.07463336287967 3.08521636584996
100.103527054108 3.02690852199557 3.02021937851512 3.02471153772671 3.02471153772673 3.02471153772672 3.02021937851513 3.02434481010185 3.02419677008343 3.02415570621067 3.02464295107579 3.0351660840577
100.404108216433 2.97719384452788 2.97051005266079 2.97497773162969 2.97497773162968 2.9749777316297 2.97051005266079 2.97461738350208 2.97447207554431 2.97443178545886 2.97491746276594 2.98538117740239
100.704689378758 2.92774256997381 2.92106379024061 2.92550727135556 2.92550727135555 2.92550727135556 2.9210637902406 2.92515330282959 2.92501071774643 2.92497119792603 2.92545531945777 2.93586006221871
101.005270541082 2.87855313202068 2.8718790300125 2.8762985901233 2.8762985901233 2.8762985901233 2.87187903001249 2.8759510011528 2.87581112994376 2.87577237694677 2.87625495435144 2.88660116654853
101.305851703407 2.82962397582384 2.82295422205993 2.8273501326196 2.82735013261962 2.82735013261962 2.82295422205992 2.82700892301382 2.82687175686124 2.82683376732537 2.82731481211776 2.83760293004008
101.606432865731 2.78095355799779 2.77428782777504 2.77866035498594 2.77866035498593 2.77866035498594 2.77428782777505 2.77832552441431 2.77819105468111 2.77815382532233 2.77863334888536 2.78886380384101
101.907014028056 2.7325403465313 2.72587831977829 2.73022772473341 2.73022772473342 2.73022772473342 2.7258783197783 2.72989927272884 2.72976749095743 2.7297310185687 2.73020903215501 2.74038225049544
102.207595190381 2.68438282058355 2.67772418173224 2.68205072054345 2.68205072054345 2.68205072054343 2.67772418173226 2.68172864650874 2.68159954441775 2.68156382586771 2.68204034060081 2.69215674383681
102.508176352705 2.63647947044035 2.62982390829377 2.63412783222084 2.63412783222084 2.63412783222084 2.62982390829375 2.63381213543177 2.63368570491547 2.63365073714744 2.63412576402273 2.64418576888556
102.80875751503 2.58882879746686 2.58217600505796 2.58645756064251 2.58645756064249 2.58645756064251 2.58217600505795 2.58614824025208 2.58602447337716 2.58599025340803 2.58646380329524 2.59646782174623
103.109338677355 2.54142931389078 2.53477898837035 2.53903841754881 2.53903841754883 2.53903841754881 2.53477898837035 2.53873547259216 2.53861436159622 2.53858088651506 2.53905297015895 2.54900140950752
103.409919839679 2.49427954276052 2.48763138528146 2.49186892549931 2.49186892549932 2.49186892549933 2.48763138528145 2.49157235489707 2.49145389218756 2.49142115915478 2.49189178717587 2.50178505014146
103.710501002004 2.44737801791104 2.44073173350045 2.44494761783325 2.44494761783323 2.44494761783325 2.44073173350045 2.44465742039565 2.44454159854659 2.44450960479283 2.44497878768979 2.45481727240367
104.011082164329 2.40072328373902 2.39407858118976 2.39827303844974 2.39827303844977 2.39827303844975 2.39407858118976 2.3979892128805 2.39787602463107 2.39784476745611 2.39831251560682 2.40809661573388
104.311663326653 2.3543138952337 2.34767048699765 2.35184374183857 2.35184374183856 2.35184374183857 2.34767048699765 2.35156628673825 2.35145572499178 2.35142520176314 2.35189152542577 2.36162163014982
104.612244488978 2.30814841776318 2.30150601985168 2.30565829286758 2.30565829286757 2.30565829286757 2.30150601985169 2.305387206738 2.30527926455797 2.30524947271164 2.30571438202521 2.31539087618548
104.912825651303 2.26222542705061 2.25558375892005 2.25971526675238 2.25971526675238 2.25971526675238 2.25558375892006 2.25945054799907 2.2593452186105 2.25931615564665 2.25977966063409 2.2694029247733
105.213406813627 2.21654350912259 2.20990229358448 2.21401324901263 2.21401324901265 2.21401324901264 2.20990229358448 2.21375489594878 2.21365217273374 2.2136238362188 2.21408594678661 2.22365635714516
105.513987975952 2.17110126011902 2.16446022324316 2.16855083527811 2.16855083527815 2.16855083527814 2.16446022324315 2.16829884612803 2.16819872262511 2.1681711101892 2.16863183612935 2.17814976474494
105.814569138277 2.12589728625671 2.11925615727036 2.12332663124999 2.12332663125 2.12332663125 2.11925615727036 2.12308100415154 2.12298347405352 2.12295658339035 2.12341593438166 2.13288174910425
106.115150300601 2.08093020374193 2.07428871495406 2.07833925262143 2.07833925262144 2.07833925262144 2.07428871495406 2.07809998563029 2.07800504278266 2.07797887164804 2.07843685725674 2.08785092185157
106.415731462926 2.0361986386488 2.02955652535087 2.03358732494649 2.03358732494649 2.03358732494649 2.02955652535087 2.03335441603799 2.03326205443749 2.0332366006487 2.03369323033023 2.04305590453441
106.716312625251 1.99170122689027 1.98505822727414 1.98906948361641 1.98906948361637 1.98906948361639 1.98505822727414 1.98884293068938 1.98875314448173 1.98872840591643 1.98918368901663 1.99849532852888
107.016893787575 1.94743661407516 1.94079246915694 1.94478437371803 1.94478437371803 1.94478437371803 1.94079246915695 1.94456417459724 1.94447695807585 1.94445293267162 1.94490687842724 1.95416783497052
107.3174749499 1.90340345541265 1.89675790894303 1.90073064993229 1.90073064993227 1.90073064993228 1.89675790894302 1.90051680237109 1.90043214997519 1.90040883572821 1.90086145326896 1.91007207474126
107.618056112224 1.85960041573283 1.85295321412827 1.85690697656173 1.85690697656177 1.85690697656174 1.85295321412827 1.85669947824505 1.85661738455842 1.85659477952278 1.85704607787175 1.8662067082593
107.918637274549 1.81602616926911 1.80937706152872 1.8133120273067 1.81331202730666 1.8133120273067 1.80937706152874 1.81311087585337 1.81303133560198 1.8130094378892 1.81345942596454 1.82257040542555
108.219218436874 1.77267939964928 1.76602813728769 1.76994448526164 1.76994448526166 1.76994448526166 1.76602813728768 1.76974967822746 1.76967268627816 1.76965149405607 1.77010018067172 1.77916184566515
108.519799599198 1.72955879981467 1.72290513679069 1.72680304283214 1.72680304283215 1.72680304283214 1.72290513679071 1.72661457771118 1.72654012907103 1.72651964056292 1.72696703442969 1.73597971764943
108.820380761523 1.6866630718689 1.68000676451023 1.6838864015809 1.68388640158091 1.6838864015809 1.68000676451024 1.68370427580916 1.68363236562258 1.68361257910628 1.68405868883356 1.69302271934122
109.120961923848 1.64399092711014 1.63733173405743 1.64119327226727 1.6411932722673 1.64119327226728 1.63733173405742 1.64101748322449 1.64094810677204 1.64092902057992 1.64137385467567 1.65028955793678
109.421543086172 1.60154108587417 1.59487876800273 1.59872237468035 1.59872237468034 1.59872237468035 1.59487876800273 1.59855291969205 1.59848607238903 1.59846768490647 1.59891125177945 1.60777894960283
109.722124248497 1.55931227747364 1.55264659783659 1.55647243758639 1.55647243758639 1.55647243758639 1.55264659783659 1.55630931392619 1.55624499132124 1.55622730098619 1.55666960894649 1.56548961967754
110.022705410822 1.51730324009658 1.5106339638697 1.51444219862736 1.51444219862733 1.51444219862737 1.51063396386971 1.51428540351922 1.51422360129278 1.51420660659509 1.5146476638546 1.52342030233614
110.323286573146 1.47551272076438 1.46883961517127 1.47263040426979 1.47263040426977 1.47263040426981 1.46883961517127 1.47247993488988 1.47242064885232 1.47240434833298 1.47284416300758 1.48156974063941
110.623867735471 1.43393947529399 1.42726230955774 1.43103580977779 1.43103580977778 1.43103580977781 1.42726230955772 1.43089166325617 1.43083488934704 1.4308192815973 1.43125786170718 1.4399366864945
110.924448897796 1.39258226808881 1.38590081337621 1.38965717899985 1.38965717899982 1.38965717899983 1.38590081337622 1.3895193524233 1.38946508670882 1.38945017037007 1.3898875238405 1.39851990037998
111.22503006012 1.35143987218981 1.34475390154843 1.34849328441623 1.34849328441622 1.34849328441622 1.34475390154844 1.34836177482893 1.34831001350185 1.34829578726422 1.34873192192728 1.35731815159515
111.525611222445 1.3105110692069 1.30382035751517 1.30754290707564 1.30754290707565 1.30754290707564 1.30382035751518 1.30741771148198 1.30736845085873 1.30735491346108 1.30778983705618 1.31633021782341
111.82619238477 1.26979464908018 1.26309897299974 1.26680483635653 1.26680483635653 1.26680483635652 1.26309897299973 1.26668595172231 1.26663918824287 1.26662633847156 1.26706005864628 1.27555488536772
112.126773547094 1.22928941024881 1.22258854816124 1.22627787012864 1.22627787012864 1.22627787012865 1.22258854816123 1.22616529338281 1.2261210236084 1.22610886029715 1.22654138460887 1.23499094887359
112.427354709419 1.18899415939555 1.18228789136502 1.18596081450854 1.18596081450854 1.18596081450853 1.18228789136502 1.18585454254487 1.18581276315714 1.18580128518618 1.18623262110221 1.19463721132966
112.727935871744 1.14890771141805 1.14219581913689 1.14585248382249 1.14585248382248 1.14585248382251 1.14219581913688 1.14575251350105 1.1457132213005 1.14570242759623 1.14613258249504 1.15449248406404
113.028517034068 1.10902888945408 1.10231115619008 1.10595170063222 1.10595170063221 1.10595170063221 1.10231115619007 1.10585802878096 1.10582122068561 1.10581111021936 1.10624009139212 1.11455558646546
113.329098196393 1.06935652462244 1.06263273519069 1.06625729548596 1.06625729548597 1.06625729548597 1.06263273519068 1.06616991890245 1.06613559194645 1.06612616373459 1.06655397838474 1.07482534623231
113.629679358717 1.0298894562095 1.02315939689948 1.02676810708468 1.02676810708466 1.02676810708468 1.02315939689949 1.02668702253693 1.02665517386928 1.02664642697241 1.02707308221824 1.03530059895856
113.930260521042 0.990626531294394 0.983889989855569 0.987482981932848 0.987482981932835 0.987482981932842 0.983889989855577 0.987408186161521 0.987378813044775 0.987370746566842 0.98779624944089 0.995980188342661
114.230841683367 0.951566605024414 0.944823370600962 0.948400774590649 0.948400774590684 0.948400774590651 0.944823370600969 0.948332264309388 0.94830536411844 0.948297977206795 0.948722334657667 0.956862965968868
114.531422845691 0.912708540192055 0.905958403292678 0.909520347266137 0.909520347266101 0.909520347266159 0.905958403292675 0.90945811916356 0.909433689384453 0.909426981228603 0.909850200121522 0.917947791231521
114.832004008016 0.874051207520643 0.86729395997143 0.87084057009298 0.87084057009297 0.870840570092993 0.867293959971431 0.870784620833657 0.870762659061957 0.870756628893631 0.871178716011428 0.879233531427078
115.132585170341 0.83559348526576 0.828828920179522 0.832360320738846 0.832360320738856 0.832360320738851 0.82882892017953 0.832310646964571 0.832291150904567 0.832285797996782 0.832706760040328 0.840719061443745
115.433166332665 0.797334259452258 0.790562171174198 0.794078484630929 0.794078484630918 0.794078484630958 0.790562171174204 0.794035082961952 0.794018050424754 0.794013374091601 0.79443321768157 0.802403263937981
115.73374749499 0.759272423556629 0.752492607646314 0.755993954655142 0.755993954655139 0.755993954655149 0.752492607646322 0.755956821690948 0.755942250594205 0.755938250190029 0.756356981866464 0.764285029130789
116.034328657315 0.721406878630027 0.714619131802135 0.71810563125888 0.718105631258874 0.718105631258871 0.714619131802145 0.718074763579358 0.718062651945441 0.71805932686475 0.718476953089175 0.726363254700692
116.334909819639 0.683736533126821 0.676940653236862 0.680412422300798 0.680412422300813 0.680412422300826 0.676940653236846 0.68038781646788 0.680378162422605 0.680375512098996 0.680792039254181 0.688636845929226
116.635490981964 0.646260302887604 0.639456088874733 0.642913243012972 0.642913243012981 0.642913243013012 0.639456088874733 0.642894895570414 0.642887697342592 0.642885721248649 0.643301155640414 0.651104715402029
116.936072144289 0.608977111071895 0.602164362945075 0.605607015953809 0.60560701595383 0.605607015953831 0.602164362945063 0.605594923429131 0.60559017934837 0.605588876995516 0.606003224852298 0.613765783062146
117.236653306613 0.571885888081475 0.565064406867201 0.568492670912493 0.568492670912482 0.568492670912497 0.565064406867211 0.568486829817873 0.56848453831402 0.568483909251195 0.568897176726222 0.576618976203475
117.537234468938 0.534985571534279 0.528155159258383 0.531569144899162 0.531569144899186 0.531569144899187 0.528155159258377 0.531569551731595 0.531569711333778 0.531569755147702 0.531981948318539 0.53966322923642
117.837815631263 0.498275106149919 0.491435565793012 0.494835382017113 0.494835382017109 0.494835382017112 0.49143556579301 0.49484203325982 0.494844642595242 0.494845358909418 0.495256483779699 0.502897483826333
118.138396793587 0.461753443769753 0.454904579244619 0.458290333493196 0.458290333493172 0.45829033349321 0.454904579244617 0.458303225616396 0.458308283408483 0.458309671883437 0.458719734382909 0.466320688710924
118.438977955912 0.425419543191927 0.418561159305915 0.421932957505322 0.421932957505368 0.421932957505357 0.418561159305915 0.421952086966802 0.421959592035131 0.421961652367329 0.422370658353123 0.429931799622233
118.739559118236 0.389272370246244 0.382404272675808 0.385762219262865 0.385762219262836 0.385762219262873 0.382404272675799 0.385787582508775 0.385797533767351 0.385800265689094 0.386208220946092 0.3937297793949
119.040140280561 0.353310897581569 0.34643289283861 0.349777090789546 0.349777090789546 0.349777090789566 0.346432892838616 0.349808684255248 0.349821080711625 0.34982448399061 0.350231394232406 0.357713597632344
119.340721442886 0.317534104792752 0.310646000197517 0.313976551053689 0.313976551053678 0.313976551053683 0.310646000197515 0.314014371164621 0.314029211918664 0.31403328635724 0.31443915722694 0.321882230987468
119.64130260521 0.281940978142248 0.275042581794963 0.278359585688363 0.27835958568836 0.278359585688388 0.275042581794965 0.278403628860062 0.278420913103355 0.278425658538561 0.278830495609178 0.286234662760706
119.941883767535 0.246530510767881 0.23962163151892 0.242925187198584 0.242925187198591 0.242925187198597 0.239621631518922 0.242975449837742 0.242995176852117 0.243000593155025 0.243404401930519 0.250769883156055
120.24246492986 0.211301702333379 0.204382149758635 0.207672354613875 0.207672354613879 0.207672354613879 0.204382149758623 0.207728833118978 0.207751002275389 0.207757089350951 0.208159875266625 0.215486888957851
120.543046092184 0.176253559279937 0.169323143651096 0.172600093737018 0.172600093737044 0.172600093737036 0.169323143651096 0.172662784498676 0.172687395256841 0.172694153042927 0.173095921466509 0.180384683706624
120.843627254509 0.141385094496681 0.134443626754307 0.137707416815566 0.137707416815779 0.137707416815593 0.13444362675431 0.137776316217641 0.137803368124078 0.137810796591704 0.138211552823893 0.145462277440023
121.144208416834 0.106695327463011 0.099742619197163 0.102993342688355 0.102993342688379 0.102993342688385 0.099742619197159 0.103068447107087 0.10309793979492 0.103106038947806 0.103505788222464 0.110718686831416
121.444789579158 0.072183284106221 0.065219147518821 0.068456896632296 0.068456896632293 0.068456896632319 0.065219147518819 0.068538202438606 0.068570135626333 0.068578905500018 0.068977652985819 0.076152934942802
121.745370741483 0.037847996722512 0.030872244620331 0.034097110300068 0.034097110300071 0.034097110300092 0.030872244620331 0.034184613858894 0.034218987348871 0.034228428010983 0.034626178810934 0.041764051380789
122.045951903808 0.003688504066474 -0.003299050185274 -8.69782117163755E-05 -8.69782117131953E-05 -8.69782117004747E-05 -0.003299050185278 6.71945901921229E-06 4.35331379498482E-05 5.36446871642492E-05 0.000450403840509 0.007551072009583
122.346533066132 -0.030296148938531 -0.037295691416511 -0.034096324628217 -0.034096324628228 -0.034096324628215 -0.037295691416504 -0.033996436490858 -0.033957182654923 -0.033946400088424 -0.033550627606932 -0.026486960831981
122.647114228457 -0.064106910938153 -0.071118627207657 -0.067931878258691 -0.067931878258682 -0.067931878258662 -0.071118627207657 -0.067825803304285 -0.067784109261247 -0.067772655516813 -0.067377864794883 -0.060350998688367
122.947695390782 -0.097744724560458 -0.104768799677962 -0.101594582386837 -0.101594582386848 -0.101594582386797 -0.104768799677962 -0.101482324269583 -0.101438189888708 -0.101426064775216 -0.101032250963661 -0.094041986691727
123.248276553106 -0.13121052607379 -0.138247144626447 -0.135085373948553 -0.135085373948583 -0.135085373948564 -0.138247144626457 -0.134966936325832 -0.134920361397169 -0.13490756469358 -0.134514723004456 -0.127560863997031
123.548857715431 -0.164505245853808 -0.171554591967308 -0.168405183982454 -0.168405183982486 -0.168405183982476 -0.171554591967307 -0.16828057051549 -0.168231554750179 -0.168218086205611 -0.167826211912778 -0.160908563412584
123.849438877756 -0.197629807986429 -0.204692065361908 -0.201554937248365 -0.201554937248374 -0.201554937248374 -0.204692065361912 -0.201424151601097 -0.201372694632593 -0.201358553966918 -0.200967642404322 -0.194086011894526
124.15002004008 -0.230585130775761 -0.237660482692813 -0.234535552717395 -0.234535552717407 -0.23453555271741 -0.237660482692815 -0.234398598556852 -0.234344699941883 -0.234329886845777 -0.233939933408027 -0.227094130139161
124.450601202405 -0.263372126342832 -0.270460755704383 -0.267347943193544 -0.267347943193557 -0.267347943193571 -0.270460755704379 -0.267204824189372 -0.267148483408009 -0.267132997543634 -0.266743997683964 -0.259933833073429
124.751182364729 -0.295991701095401 -0.303093790418982 -0.29999301575454 -0.299993015754529 -0.299993015754528 -0.303093790418987 -0.299843735578463 -0.299784952036595 -0.299768793037453 -0.299380742268879 -0.292606029495922
125.051763527054 -0.328444755404806 -0.335560486875525 -0.332471671462546 -0.332471671462555 -0.332471671462541 -0.335560486875528 -0.33231623378841 -0.332255006816828 -0.332238174288722 -0.331851068181478 -0.32511162249301
125.352344689379 -0.360732183933092 -0.367861739395567 -0.364784805658143 -0.364784805658127 -0.364784805658145 -0.367861739395565 -0.364623214161883 -0.364559543018549 -0.364542036539031 -0.364155870721814 -0.357451509148228
125.652925851703 -0.392854875495179 -0.399998436490034 -0.396933307847203 -0.396933307847205 -0.396933307847191 -0.399998436490034 -0.396765566206171 -0.396699450076303 -0.396681269195756 -0.396296039353957 -0.389626580903803
125.953507014028 -0.424813713220438 -0.43197146100136 -0.428918061852004 -0.428918061852052 -0.428918061852022 -0.431971461001361 -0.428744173744718 -0.428675611742167 -0.428656755983709 -0.428272457859086 -0.421637723301672
126.254088176353 -0.456609574540011 -0.463781690084363 -0.460739945794965 -0.460739945794969 -0.460739945794967 -0.463781690084368 -0.460559914901662 -0.460488906069332 -0.460469374929052 -0.460086004319747 -0.453485816337627
126.554669338677 -0.488243331201289 -0.495429995241718 -0.492399832125126 -0.492399832125122 -0.492399832125136 -0.495429995241729 -0.492213662127076 -0.492140205437501 -0.492119998385133 -0.491737551144249 -0.485171734183712
126.855250501002 -0.519715849475165 -0.526917242504952 -0.523898587811021 -0.523898587811005 -0.523898587811005 -0.526917242504949 -0.523706282390627 -0.523630376747433 -0.523609493226267 -0.523227965262134 -0.516696345577488
127.155831663327 -0.551027989910108 -0.558244292215257 -0.555237074109802 -0.555237074109771 -0.555237074109775 -0.558244292215266 -0.555038636949923 -0.554960281188446 -0.554938720615723 -0.554558107890564 -0.548060513501484
127.456412825651 -0.582180607696155 -0.589411999358865 -0.58641614691525 -0.586416146915249 -0.586416146915256 -0.589411999358864 -0.586211581700003 -0.586130774587802 -0.586108536355213 -0.585728834885413 -0.579265095590709
127.756993987976 -0.613174552470741 -0.620421213401218 -0.617436656580101 -0.617436656580098 -0.617436656580102 -0.620421213401221 -0.617225966994017 -0.617142707232444 -0.617119790705559 -0.616740996560499 -0.610310943845319
128.057575150301 -0.644010668472499 -0.651272778419083 -0.648299448057416 -0.648299448057422 -0.648299448057409 -0.651272778419097 -0.648082637785661 -0.647996924009057 -0.647973328529258 -0.647595437830808 -0.641198904942795
128.358156312625 -0.674689794592718 -0.681967533154601 -0.679005360953662 -0.679005360953659 -0.679005360953672 -0.681967533154601 -0.678782433682114 -0.678694264460621 -0.678669989343488 -0.678292998266213 -0.671929820099471
128.65873747495 -0.705212764292426 -0.712506310950213 -0.709555229456577 -0.709555229456544 -0.70955522945658 -0.712506310950229 -0.709326188871456 -0.709235562710191 -0.709210607246969 -0.708834512016617 -0.702504525179023
128.959318637275 -0.735580405891093 -0.742889940007028 -0.739949882606074 -0.73994988260607 -0.739949882606083 -0.742889940007028 -0.739714732394205 -0.739621647734742 -0.739596011192454 -0.739220808086273 -0.732923850808798
129.259899799599 -0.765793542263966 -0.773119243116602 -0.770190144012118 -0.770190144012086 -0.770190144012123 -0.773119243116604 -0.769948887860392 -0.769853343081758 -0.769827024702615 -0.769452710048224 -0.763188622220842
129.560480961924 -0.795852991226969 -0.803195038008741 -0.800276832217867 -0.800276832217888 -0.800276832217878 -0.803195038008741 -0.800029473813938 -0.799931467232735 -0.7999044662357 -0.799531036411104 -0.7932996595299
129.861062124248 -0.825759565330377 -0.83311813718203 -0.830210760515295 -0.830210760515287 -0.830210760515289 -0.833118137182019 -0.829957303546917 -0.829856833418377 -0.82982914899848 -0.829456600430975 -0.82325777761027
130.161643286573 -0.855514072036625 -0.862889348048051 -0.859992737103251 -0.859992737103251 -0.859992737103244 -0.86288934804806 -0.859733185258835 -0.859630249777469 -0.859601881106405 -0.859230210272799 -0.853063786170025
130.462224448898 -0.885117313685812 -0.892509472919304 -0.889623565066406 -0.889623565066408 -0.889623565066405 -0.8925094729193 -0.889357922034824 -0.889252519335269 -0.88922346556146 -0.888852668987173 -0.882718489875056
130.762805611222 -0.914570087580855 -0.921979309089827 -0.919104042458061 -0.919104042458073 -0.919104042458073 -0.921979309089836 -0.918832311928319 -0.918724440086142 -0.918694700335102 -0.918324774593483 -0.912222688261851
131.063386773547 -0.943873186012395 -0.951299648844653 -0.94843496231563 -0.948434962315611 -0.948434962315628 -0.951299648844648 -0.948157147977294 -0.948046805009799 -0.948016378384377 -0.947647320096928 -0.941577175843508
131.363967935872 -0.973027396245398 -0.980471279475855 -0.977617112665361 -0.977617112665336 -0.977617112665357 -0.980471279475856 -0.977333218208806 -0.977220402074828 -0.977189287655385 -0.976821093490413 -0.970782742182131
131.664549098196 -1.00203350069841 -1.00949498342529 -1.00665127667951 -1.00665127667951 -1.00665127667952 -1.00949498342529 -1.00636130579556 -1.00624601439736 -1.00621421124216 -1.00584687791516 -0.999840171864681
131.965130260521 -1.03089227676531 -1.03837153814093 -1.03553823251934 -1.03553823251935 -1.03553823251935 -1.03837153814093 -1.03524218889942 -1.03512442008292 -1.03509192722785 -1.03472545150044 -1.02875024453582
132.265711422846 -1.05960449710987 -1.06710171634613 -1.06427875361431 -1.06427875361434 -1.06427875361434 -1.06710171634614 -1.06397664095042 -1.06385639250584 -1.06382320896539 -1.06345758764508 -1.05751373499849
132.56629258517 -1.08817092944249 -1.09568628582638 -1.0928736084452 -1.09287360844521 -1.0928736084452 -1.09568628582638 -1.09256543043049 -1.09244270009295 -1.09240882485992 -1.09204405479978 -1.08613141323647
132.866873747495 -1.1165923367897 -1.12412600970407 -1.12132356081681 -1.12132356081683 -1.12132356081682 -1.12412600970407 -1.12100932114515 -1.12088410659526 -1.12084953864131 -1.12048561673906 -1.11460404437248
133.16745490982 -1.14486947733327 -1.15242164626117 -1.14962936968727 -1.14962936968725 -1.14962936968725 -1.15242164626117 -1.14930907205336 -1.14918137091883 -1.14914610919411 -1.1487830323924 -1.14293238878981
133.468036072144 -1.17300310461604 -1.18057394916588 -1.17779178938671 -1.17779178938672 -1.17779178938672 -1.18057394916588 -1.17746543748673 -1.17733524734152 -1.17729929077551 -1.17693705606084 -1.17111720219055
133.768617234469 -1.20099396744282 -1.20858366734919 -1.20581156950331 -1.20581156950332 -1.2058115695033 -1.20858366734918 -1.20547916703455 -1.20534648540083 -1.20530983290224 -1.20494843730511 -1.19915923550199
134.069198396794 -1.22884280999332 -1.2364515451492 -1.23368945501586 -1.23368945501585 -1.23368945501585 -1.2364515451492 -1.23335100567654 -1.23321583002464 -1.23317848048177 -1.23281792107533 -1.22705923503573
134.369779559118 -1.25655037185702 -1.26417832230157 -1.26142618630089 -1.2614261863009 -1.26142618630088 -1.26417832230157 -1.26108169379132 -1.2609440215408 -1.26090597382169 -1.26054624772271 -1.25481794252734
134.670360721443 -1.28411738799966 -1.29176473396327 -1.28902249913537 -1.28902249913541 -1.28902249913541 -1.29176473396328 -1.28867196715703 -1.28853179567687 -1.2884930486293 -1.28813415299621 -1.28243609501405
134.970941883768 -1.31154458887056 -1.31921151076159 -1.31647912476751 -1.3164791247675 -1.31647912476752 -1.3192115107616 -1.31612255702377 -1.31597988363326 -1.3159404360854 -1.31558236811907 -1.30991442510758
135.271523046092 -1.33883270044963 -1.34651937887956 -1.34379678998782 -1.34379678998781 -1.3437967899878 -1.34651937887956 -1.34343419018386 -1.34328901215363 -1.34324886291375 -1.34289161985658 -1.33725366079805
135.572104208417 -1.36598244414947 -1.37368905995109 -1.37097621702708 -1.3709762170271 -1.3709762170271 -1.3736890599511 -1.3706075888702 -1.37045990342177 -1.3704190512789 -1.3700626304142 -1.36445452565982
135.872685370741 -1.39299453703674 -1.40072127126287 -1.39801812376576 -1.39801812376574 -1.39801812376577 -1.40072127126287 -1.39764347096547 -1.39749327527329 -1.39745171899681 -1.3970961176491 -1.39151773879409
136.173266533066 -1.41986969174358 -1.42761672569427 -1.42492322366318 -1.42492322366319 -1.42492322366317 -1.42761672569427 -1.42454254993135 -1.42438984112222 -1.42434757946275 -1.42399279499658 -1.41844401487192
136.473847695391 -1.44660861647091 -1.45437613169739 -1.4516922257463 -1.45169222574632 -1.45169222574633 -1.45437613169739 -1.45130553479726 -1.45115030995169 -1.45110734164083 -1.45075337146095 -1.44523406422711
136.774428857715 -1.47321201517918 -1.48100019350429 -1.47832583481152 -1.4783258348115 -1.47832583481152 -1.48100019350429 -1.47793313036245 -1.47777538651464 -1.47773171026523 -1.47737855181577 -1.47188859277891
137.07501002004 -1.49968058744538 -1.5074896109668 -1.50482475126993 -1.50482475126991 -1.50482475126993 -1.5074896109668 -1.50442603704063 -1.50426577117977 -1.50422138568643 -1.50386903645088 -1.49840830220228
137.375591182365 -1.52601502857439 -1.53384507968639 -1.53118967127145 -1.53118967127144 -1.53118967127146 -1.53384507968639 -1.53078495098518 -1.53062216005579 -1.5305770639941 -1.5302255214949 -1.52479388982007
137.676172344689 -1.55221602968169 -1.5600672910853 -1.55742128677985 -1.55742128677984 -1.55742128677985 -1.5600672910853 -1.55701056416283 -1.55684524506449 -1.55679943709283 -1.55644869889044 -1.55104604875255
137.976753507014 -1.57828427760266 -1.58615693231038 -1.58352028547839 -1.5835202854784 -1.58352028547839 -1.58615693231037 -1.58310356426045 -1.58293571385032 -1.58288919260841 -1.58253925630188 -1.5771654678797
138.277334669339 -1.60422045502821 -1.6121146863943 -1.60948735092284 -1.60948735092283 -1.60948735092284 -1.61211468639431 -1.60906463483724 -1.60889424992853 -1.60884701403853 -1.60849787726409 -1.60315283187028
138.577915831663 -1.63002524052005 -1.63794123222961 -1.63532316252923 -1.63532316252921 -1.63532316252923 -1.63794123222961 -1.63489445531353 -1.63472153267777 -1.63467358074401 -1.63432524117582 -1.6290088213088
138.878496993988 -1.65569930842746 -1.6636372445299 -1.6610283955203 -1.6610283955203 -1.66102839552029 -1.6636372445299 -1.66059370091565 -1.66041823728187 -1.6603695678917 -1.66002202324034 -1.65473411252417
139.179078156313 -1.68124332915663 -1.68920339406571 -1.68660372117278 -1.68660372117276 -1.68660372117275 -1.68920339406571 -1.68616304292475 -1.68598503498149 -1.68593564670443 -1.68558889471743 -1.68032937792747
139.479659318637 -1.70665796889095 -1.71464034740186 -1.71204980654882 -1.7120498065488 -1.71204980654882 -1.71464034740187 -1.71160314840756 -1.7114225928021 -1.71137248419081 -1.71102652265188 -1.70579528567096
139.780240480962 -1.73194388992911 -1.73994876722628 -1.73736731482858 -1.73736731482855 -1.73736731482858 -1.73994876722628 -1.73691468054882 -1.73673157388862 -1.73668074347899 -1.73633557020766 -1.73113250001056
140.080821643287 -1.7571017504678 -1.76512931214564 -1.76255690510109 -1.7625569051011 -1.7625569051011 -1.76512931214564 -1.76209829844268 -1.76191263729515 -1.76186108360611 -1.76151669645744 -1.75634168115477
140.381402805611 -1.78213220478543 -1.7901826368456 -1.78761923253263 -1.78761923253261 -1.78761923253261 -1.7901826368456 -1.78715465726035 -1.7869664381547 -1.78691415968869 -1.78657055655322 -1.78142348527061
140.681983967936 -1.80703590320741 -1.81510939209223 -1.81255494835634 -1.81255494835631 -1.81255494835635 -1.81510939209223 -1.81208440824018 -1.81189362766655 -1.81184062290941 -1.8114978017121 -1.80637856473873
140.982565130261 -1.83181349214888 -1.83991022472972 -1.8373646998847 -1.83736469988471 -1.83736469988471 -1.83991022472972 -1.83688819870052 -1.83669485311174 -1.83664112053302 -1.83629907923382 -1.83120756783051
141.283146292585 -1.85646561409925 -1.86458577770848 -1.86204913052364 -1.86204913052363 -1.86204913052363 -1.86458577770847 -1.86156667205298 -1.86137075786359 -1.86131629591717 -1.86097503250972 -1.85591113903676
141.58372745491 -1.88099290780479 -1.88913669023283 -1.88660887993145 -1.88660887993145 -1.88660887993144 -1.88913669023283 -1.88612046796222 -1.88592198155045 -1.88586678867392 -1.88552630118612 -1.88048991902074
141.884308617234 -1.9053960080081 -1.91356359752635 -1.91104458377603 -1.91104458377603 -1.91104458377602 -1.91356359752633 -1.91055022210188 -1.91034915980997 -1.91029323442492 -1.90995352091804 -1.90494454448162
142.184889779559 -1.92967554586601 -1.93786713123042 -1.93535687413968 -1.93535687413967 -1.93535687413969 -1.93786713123042 -1.93485656656102 -1.93465292469509 -1.93459626520796 -1.93425732377641 -1.92927564844794
142.485470941884 -1.95383214856238 -1.96204791903121 -1.95954637914164 -1.95954637914162 -1.95954637914164 -1.96204791903121 -1.95904012946575 -1.95883390429676 -1.95877650909806 -1.95843833786919 -1.95348386011843
142.786052104208 -1.97786643965309 -1.98610658499487 -1.98361372327646 -1.98361372327647 -1.98361372327647 -1.98610658499488 -1.98310153531736 -1.98289272308162 -1.98283459054684 -1.98249718768048 -1.97756980488266
143.086633266533 -2.00177903897945 -2.01004374948625 -2.00755952733118 -2.00755952733119 -2.00755952733118 -2.01004374948626 -2.00704140491037 -2.00683000181004 -2.00677113029928 -2.00643449398762 -2.0015341045513
143.387214428858 -2.02557056258435 -2.03386002908518 -2.03138440830162 -2.03138440830162 -2.03138440830163 -2.03386002908518 -2.03086035524798 -2.030646357451 -2.03058674530982 -2.03025087377665 -2.0253773771059
143.687795591182 -2.04924162302863 -2.05755603689663 -2.05508897970454 -2.05508897970456 -2.05508897970458 -2.05755603689663 -2.05455899985459 -2.0543424034967 -2.05428204905507 -2.05394694055616 -2.04910023688118
143.988376753507 -2.07279282904664 -2.08113238221412 -2.07867385123884 -2.07867385123882 -2.07867385123883 -2.08113238221413 -2.07813794843717 -2.07791874962064 -2.07785765119444 -2.07752330401665 -2.072703294695
144.288957915832 -2.09622478585824 -2.10458967083311 -2.10213962909825 -2.10213962909826 -2.10213962909826 -2.1045896708331 -2.10159780719752 -2.10137600199274 -2.10131415788289 -2.10098057034391 -2.09618715756959
144.589539078156 -2.11953809514015 -2.12792850500201 -2.12548691592915 -2.12548691592915 -2.12548691592915 -2.12792850500201 -2.12493917879074 -2.12471476323696 -2.12465217172995 -2.12431934217857 -2.1195524290333
144.890120240481 -2.14273335488385 -2.15114948331296 -2.14871631071095 -2.14871631071093 -2.14871631071095 -2.15114948331295 -2.14816266220483 -2.14793563230936 -2.14787229167768 -2.14754021849273 -2.14279970910905
145.190701402806 -2.16581115964619 -2.17425320093232 -2.1718284089931 -2.17182840899311 -2.17182840899312 -2.17425320093233 -2.17126885299787 -2.17103920473754 -2.17097511323937 -2.17064379482959 -2.16592959413295
145.49128256513 -2.18877210047243 -2.19724024950776 -2.1948238028068 -2.19482380280679 -2.19482380280681 -2.19724024950776 -2.19425834321103 -2.1940260725329 -2.19396122841258 -2.19363066321707 -2.18894267705669
145.791863727455 -2.21161676486146 -2.22011121718173 -2.21770308066428 -2.21770308066431 -2.21770308066429 -2.22011121718173 -2.21713172136516 -2.21689682418635 -2.21683122567401 -2.21650141216082 -2.2118395473174
146.09244488978 -2.234345736884 -2.24286668866129 -2.24046682764313 -2.24046682764312 -2.24046682764313 -2.24286668866129 -2.23988957254786 -2.23965204475621 -2.2395856900685 -2.23925662673501 -2.23462079081028
146.393026052104 -2.25695959723285 -2.26550724527975 -2.26311562544429 -2.26311562544427 -2.26311562544428 -2.26550724527974 -2.26253247847071 -2.26229231592588 -2.26222520326585 -2.26189688863879 -2.25728699014761
146.693607214429 -2.27945892309848 -2.28803346490904 -2.28565005229421 -2.28565005229421 -2.28565005229422 -2.28803346490904 -2.28506101736931 -2.28481821590195 -2.2847503434592 -2.2844227760932 -2.27983872437985
146.994188376754 -2.30184428830867 -2.31044592204364 -2.30807068304484 -2.30807068304482 -2.30807068304482 -2.31044592204363 -2.30747576410652 -2.30723031951984 -2.30716168547081 -2.30683486394914 -2.30227656922683
147.294769539078 -2.32411626341869 -2.332745187918 -2.33037808928303 -2.33037808928302 -2.33037808928303 -2.332745187918 -2.3297772902805 -2.32952919835087 -2.32945980085859 -2.32913372379294 -2.32460109711302
147.595350701403 -2.34627541552229 -2.35493183033995 -2.35257283915806 -2.35257283915806 -2.35257283915806 -2.35493183033995 -2.35196616405049 -2.35171542052669 -2.35164525774156 -2.35131992377064 -2.34681287697771
147.895931863727 -2.36832230842876 -2.37700641382207 -2.37465549752567 -2.37465549752567 -2.37465549752567 -2.37700641382207 -2.37404295028387 -2.37378955088894 -2.37371862094772 -2.37339402873838 -2.36891247459801
148.196513026052 -2.39025750276384 -2.39896949970403 -2.39662662606461 -2.39662662606461 -2.39662662606461 -2.39896949970403 -2.39600821067134 -2.39575215110242 -2.39568045213 -2.3953566003762 -2.39090045235381
148.497094188377 -2.4120815557455 -2.42082164595188 -2.41848678306936 -2.41848678306937 -2.41848678306936 -2.42082164595188 -2.41786250351863 -2.41760377944673 -2.41753130955483 -2.41720819697723 -2.41277736937262
148.797675350701 -2.43379502137577 -2.44256340730768 -2.44023652361163 -2.44023652361164 -2.44023652361166 -2.44256340730768 -2.43960638390921 -2.43934499098128 -2.43927174826908 -2.43894937361516 -2.43454378162215
149.098256513026 -2.4553984505422 -2.46419533540799 -2.46187639965419 -2.46187639965417 -2.4618763996542 -2.46419533540799 -2.46124040381894 -2.4609763376572 -2.46090232021182 -2.46058068225575 -2.45620024169993
149.398837675351 -2.47689239081588 -2.48571797860547 -2.48340695986602 -2.483406959866 -2.48340695986603 -2.48571797860547 -2.4827651119284 -2.48249836813069 -2.48242357402685 -2.4821026715685 -2.47774729914112
149.699418837675 -2.49827738658098 -2.50713188206366 -2.50482874972664 -2.50482874972664 -2.50482874972665 -2.50713188206366 -2.50418105373034 -2.50391162787062 -2.50383605517088 -2.5035158870362 -2.49918550024101
150 -2.51955397919339 -2.52843758792066 -2.52614231168856 -2.52614231168857 -2.52614231168858 -2.52843758792065 -2.52548877169037 -2.52521665932061 -2.52514030607556 -2.52482087111637 -2.52051538809448
