Ecms,phase_sing_20e,phase_trip_20e,delta_plus20e,delta_minus20e,epsi_p20e,phase_sing_21e,phase_trip_21e,delta_plus21e,delta_minus21e,epsi_p21e,phase_sing_22e,phase_trip_22e,delta_plus22e,delta_minus22e,epsi_p22e,phase_sing_23e,phase_trip_23e,delta_plus23e,delta_minus23e,epsi_p23e,phase_sing_24e,phase_trip_24e,delta_plus24e,delta_minus24e,epsi_p24e,phase_sing_25e,phase_trip_25e,delta_plus25e,delta_minus25e,epsi_p25e,phase_sing_26e,phase_trip_26e,delta_plus26e,delta_minus26e,epsi_p26e
0.001,-3.3273117222085373e-07,0.0006367959735698587,-1.9418287307182683e-11,-0.02658041420662379,-2.0963547425669438e-07,3.984150968997347e-12,2.659615626724779e-08,9.493995987415698e-17,3.233394183576775e-08,-4.5881570434029345e-12,-8.295432646545653e-16,4.846488812050234e-14,-9.685640455220406e-21,3.639277212977462e-13,9.478580376923217e-16,6.610478103862791e-21,-2.144923514280942e-18,4.56417096454791e-26,-1.9968125119402473e-18,-7.7428356614461e-21,-7.05686291888911e-25,-5.75708417327947e-22,-4.4745474200700035e-30,-5.60705987745591e-22,8.372603642782601e-25,3.6632670667463734e-30,4.17826263436681e-27,1.8072024315568861e-35,4.2353517622369484e-27,-4.193723319084851e-30,0.11533023263042393,2.94939576437364e-07,0.0,0.0,0.0
0.05,-0.00011641048571108422,0.004383808103635608,-3.3821869381791343e-07,-0.18683668754311508,-7.271639701388778e-05,6.95943922056296e-08,9.427353208715478e-06,5.830654434318864e-11,1.1454482931499902e-05,-8.016220225912426e-08,-4.879056930070488e-10,7.01955874099707e-10,-3.4026262348541256e-13,6.26819139357568e-09,5.677350126793959e-10,2.8842596839870417e-13,6.747893347052892e-13,9.934220438323966e-17,8.061062756196967e-13,-3.3783006386836087e-13,-1.5328657189225864e-15,-2.5306735771210546e-14,-4.86189284629885e-19,-2.4738112779503617e-14,1.8187636078032935e-15,3.9664920448540585e-19,9.198077841548838e-18,9.766286199229509e-23,9.217101211196832e-18,-4.544716273981991e-19,0.6684068812846432,0.00010369002915487677,0.0,0.0,0.0
1.0,-0.008638444394170323,0.010706997823217353,-0.00046843604542636045,-0.7585461326840041,-0.004711999667191463,0.00010016670457738884,0.0008756430103109161,1.6316779037239173e-06,0.0010544747501494093,-0.00011572074345959305,-1.2559509987653463e-05,-2.7591045592998316e-06,-1.6338579028147777e-07,6.852234305338044e-06,1.4761901818630357e-05,1.1091856785180646e-07,4.8098673010379156e-08,9.664984164238574e-10,5.253659352648792e-08,-1.2559095744289474e-07,-1.7577845796239486e-08,-5.504995960219635e-09,-1.292394534877115e-10,-5.131842291115482e-09,1.982762883958519e-08,1.1271411875955706e-10,3.778558423337576e-11,3.693908117684604e-13,3.8006722041168754e-11,-1.2528254280703415e-10,1.1238151126579259,0.008349235663597373,0.0,0.0,0.0
2.0,-0.02063744920641871,0.004980700314006142,-0.0021169025785262897,-0.9938779010910976,-0.010155335241457153,0.0004624127897436062,0.0025322063922562314,1.4543201593707777e-05,0.003031049086229484,-0.0005347656375613042,-0.00010363515857177269,-2.8693656566740803e-05,-2.624401443281883e-06,2.3783911126794887e-05,0.0001231609378362888,1.784968440686343e-06,6.766807974993989e-07,3.088161874782965e-08,7.240705032118675e-07,-2.0323657800545453e-06,-5.302160416979853e-07,-1.3483080189345455e-07,-7.871576822601584e-09,-1.2709539426837798e-07,5.991712905543335e-07,6.891922472660388e-09,1.6762869822165177e-09,7.141751976908086e-11,1.6853403858282897e-09,-7.664768059096827e-09,1.120331049693044,0.021304012391302633,0.0,0.0,0.0
3.0,-0.03271102510238005,-0.003742221593399581,-0.004802435879983625,-1.1454060297123863,-0.014852166095547433,0.0010627445957764122,0.004703614715659025,4.824583603191685e-05,0.00560761630441826,-0.0012278821604854823,-0.0003215862850395426,-9.779410697827916e-05,-1.186115790304962e-05,4.2007088765331775e-05,0.000386460075514197,8.058246429811908e-06,3.000460481803449e-06,2.0662347897504818e-07,3.185758177593835e-06,-9.22928207018929e-06,-3.3467218041069264e-06,-8.120100309307415e-07,-7.475957198078605e-08,-7.679183339374635e-07,3.7920660885690015e-06,6.567016857228747e-08,1.4352462025166095e-08,1.0327149951625113e-09,1.4428882920314181e-08,-7.311204014304708e-08,1.0971570286738663,0.03552861316912824,0.0,0.0,0.0
4.0,-0.044167014842498326,-0.01356894636503514,-0.008295371822357994,-1.257384811468945,-0.0187700617536368,0.001852443723117184,0.007269509749600184,0.00010775363843720829,0.008642283530288439,-0.0021345373345538115,-0.0006777411218987877,-0.00021891202469923583,-3.2366195139803596e-05,5.888036790312202e-05,0.0008234120344001499,2.1897648390126174e-05,8.259827844371846e-06,7.371449978865233e-07,8.740545049998424e-06,-2.523043789351116e-05,-1.1272596823663632e-05,-2.7351434202718385e-06,-3.3468262535083906e-07,-2.5867417155499264e-06,1.2816869264939752e-05,2.946999321756348e-07,6.214399322851058e-08,6.224158749214453e-09,6.248255953484044e-08,-3.286151922476954e-07,1.071194356508909,0.04990843542818744,0.0,0.0,0.0
5.0,-0.05483881491527681,-0.02376926485399439,-0.012401418677990122,-1.3462768822927056,-0.022032723670327086,0.0027892809616558148,0.010148719313696054,0.0001948099651511425,0.012040429343397921,-0.0032003784658311265,-0.0011646116403144138,-0.00039365963698224726,-6.762072536739772e-05,7.655337724387939e-05,0.0014299145878499879,4.54379051517441e-05,1.755631553646562e-05,1.8785542286563225e-06,1.8552986055768658e-05,-5.266382156838312e-05,-2.7178855567889315e-05,-6.712842572982537e-06,-9.99866017434622e-07,-6.338196718190237e-06,3.103012936605359e-05,8.815871295858394e-07,1.8511400499518254e-07,2.3339464199157673e-08,1.861689064255015e-07,-9.850982815647617e-07,1.0455376089068,0.06390991686559797,0.0,0.0,0.0
6.0,-0.06472474073369094,-0.0340073638199184,-0.016969581431145863,-1.4200706177098634,-0.02476780481574002,0.003840687747307613,0.013280945417529666,0.0003091926171305706,0.01573194396402143,-0.004381886924387449,-0.0017672091679326618,-0.0006198194899979233,-0.00012004743526221562,9.946783193334325e-05,0.002191764576495346,7.994242196313726e-05,3.177625296063452e-05,3.8926867633362056e-06,3.3570197657240366e-05,-9.318655723454197e-05,-5.3445046085499275e-05,-1.3527807217721402e-05,-2.3281984470340516e-06,-1.2738784383035712e-05,6.13020285508657e-05,2.052995793500763e-06,4.359737142156857e-07,6.51265520292139e-08,4.38606794832647e-07,-2.2999049890761334e-06,1.0209315324070733,0.07725710870114154,0.0,0.0,0.0
7.0,-0.0738781735009311,-0.044116691567601014,-0.02188478752278831,-1.483242753665448,-0.02708122087918956,0.004982381987288468,0.016619242565276703,0.00044958867517780506,0.019662149747997286,-0.00564532480092198,-0.0024684420456270242,-0.0008933396801785854,-0.00019121785359325593,0.00013284976629279158,0.0030910577455663703,0.00012598240583796676,5.15971625138852e-05,7.022786671855415e-06,5.452627308664864e-05,-0.00014765447445982139,-9.182373398601734e-05,-2.3864271698048016e-05,-4.590118607233633e-06,-2.239739243610382e-05,0.0001058482705222519,4.042766505850057e-06,8.749982230718847e-07,1.4883178005224837e-07,8.806409319837474e-07,-4.542313499374254e-06,0.997521392979786,0.08980845480697316,0.0,0.0,0.0
8.0,-0.0823680632728807,-0.05401257870431149,-0.027059523028066166,-1.5385482044517829,-0.029056304416736855,0.006196452173673392,0.02012596324251092,0.0006141348155120007,0.023787038385243833,-0.0069647750095184965,-0.003251593131249636,-0.001209428210221478,-0.00028205920227486816,0.0001819264286581321,0.004109342379773405,0.0001836234104529947,7.751828045059787e-05,1.1482280583806367e-05,8.197298805956779e-05,-0.00021632099238560706,-0.00014350308585727383,-3.828352777248543e-05,-8.047784658717115e-06,-3.579345603161608e-05,0.00016627285591731272,7.07082118642817e-06,1.5653047239383623e-06,2.9497837627471364e-07,1.5761246308941214e-06,-7.970303830684558e-06,0.9752740383329144,0.10149854633557664,0.0,0.0,0.0
9.0,-0.0902638914667873,-0.06365293795812223,-0.03242695189306419,1.5537934684269492,0.030757830131253196,0.007469705810436167,0.023770263786567724,0.0008007419253593864,0.028070396514244925,-0.008320334425475926,-0.004101426309590086,-0.0015631482857676768,-0.00039301812151780236,0.0002515476440248496,0.005229169133590928,0.00025242868623178116,0.0001098787714792886,1.745074783201569e-05,0.00011631430064739104,-0.00029900827933042307,-0.00020930012339107884,-5.722857681470286e-05,-1.2945597500178026e-05,-5.3279958784473055e-05,0.00024365303381470996,1.1332739239465209e-05,2.5693227482599595e-06,5.260961420589614e-07,2.588396657683349e-06,-1.2818784996048441e-05,0.9541039339314978,0.11230711564635391,0.0,0.0,0.0
10.0,-0.09763014194767268,-0.07301887903194768,-0.03793568805578691,1.5093434037189237,0.03223623632074636,0.008792395764282751,0.027526450397212215,0.0010072845914987309,0.032481921641219616,-0.009696664889815538,-0.005004594643584843,-0.0019497352794097065,-0.0005241901502310453,0.000346025155380113,0.006434775308972997,0.00033237854860575553,0.00014898065659204189,2.5073546110017707e-05,0.00015783755226906433,-0.0003952450092793332,-0.0002892436628922007,-8.101189686584036e-05,-1.9506663048658207e-05,-7.509633660713328e-05,0.0003386128545396821,1.6997895230667097e-05,3.94655645913008e-06,8.65721432307034e-07,3.977978937739044e-06,-1.9294653883763902e-05,0.9339152909566791,0.12224123602074709,0.0,0.0,0.0
11.0,-0.10452463876677906,-0.0821045119844985,-0.043545935633346244,1.468792286779236,0.033531049013529136,0.010157280724199289,0.03137282900925314,0.0012317066220943209,0.036995920002522095,-0.01108189051999678,-0.005949672503464521,-0.0023647531816264563,-0.0006754235070229442,0.0004690901428651818,0.007712279167402848,0.0004223468041163866,0.00019492691308386635,3.446350144312226e-05,0.00020673974568811312,-0.0005043737851897699,-0.0003836472753694406,-0.00010987620320677834,-2.7931013950881683e-05,-0.00010138414480093186,0.00045138827474833486,2.4205302533921583e-05,5.7521209123390495e-06,1.3377018328781269e-06,5.801211494741739e-06,-2.757472189404089e-05,0.9146165369047697,0.13132455830903353,0.0,0.0,0.0
12.0,-0.11099844234282037,-0.09091131904760189,-0.04922666519104536,1.4314701587043028,0.03467347479761162,0.011558945959256557,0.035290878594029754,0.0014720753807334964,0.04159037269623516,-0.012466776514612407,-0.006927000240500196,-0.0028041580197943946,-0.0008463996870896302,0.0006239131175657666,0.009049615459769546,0.0005217000335697366,0.00024781827863141006,4.570390726871941e-05,0.0002631489098118203,-0.0006256313330620215,-0.0004922320318184473,-0.00014396545204172235,-3.83940320993225e-05,-0.00013220277352421692,0.0005818952102434541,3.306667709609821e-05,8.036125447429517e-06,1.965702124325796e-06,8.109520702398494e-06,-3.780474167319064e-05,0.8961248372135079,0.13959056070452386,0.0,0.0,0.0
13.0,-0.1170963347174714,-0.09944493157173075,-0.05495354340529645,1.39686616406079,0.0356883371365558,0.012993314951943799,0.03926464134755187,0.0017266058913756649,0.0462462465035951,-0.013844120202854573,-0.007928459541625802,-0.003264309429672008,-0.0010366921601925687,0.0008131533973025669,0.010436360528758052,0.0006300432793816063,0.000307761370682815,5.885227565579111e-05,0.00032714102604152135,-0.0007582050103290946,-0.0006142995872271006,-0.00018333698152875552,-5.1045257121099785e-05,-0.00016754428284831142,0.000729802422094485,4.3667594046251555e-05,1.0843411046751298e-05,2.7728010146530082e-06,1.0949099412960033e-05,-5.0099338186025044e-05,0.8783668965941793,0.14707821096705212,0.0,0.0,0.0
14.0,-0.12285749136290482,-0.10771323480050442,-0.06070740086951082,1.3645820881748159,0.03659552995542582,0.014457296581076633,0.043280262799561396,0.0019936677486544208,0.0509469729461776,-0.015208296467033044,-0.008947245974551576,-0.0037419555776529584,-0.0012458062578552306,0.0010390190177282277,0.01186353192163714,0.0007463093687311877,0.0003747046579522682,7.394432393359236e-05,0.0003987531580401879,-0.0009012702387095515,-0.0007495453393607947,-0.0002280264775603654,-6.600824594584168e-05,-0.00020734693667295357,0.0008946027010034621,5.60645678537834e-05,1.4213319752660257e-05,3.78112267283621e-06,1.4360861574542587e-05,-6.454314447118768e-05,0.861278397343676,0.15382914057237393,0.0,0.0,0.0
15.0,-0.12831617681957147,-0.1157252355843418,-0.06647308400714465,1.3343016360947348,0.03741111785559208,0.015948527622893928,0.04732563811549904,0.0022717825994396077,0.05567804622658417,-0.016554914416861424,-0.009977667400844588,-0.0042342060401571735,-0.0014732050419607539,0.0013033267095604521,0.01332340085521464,0.0008699236050633943,0.00044865964962929325,9.099777314071571e-05,0.00047799348784405895,-0.0010540139920725716,-0.0008972275060939606,-0.00027799798307038686,-8.338182512226718e-05,-0.00025150714112344566,0.0010756741252191373,7.02924296308064e-05,1.818009050683265e-05,5.011503498461771e-06,1.8380587291784706e-05,-8.119323852457328e-05,0.8448030049222586,0.15988579675420694,0.0,0.0,0.0
16.0,-0.13350239974740283,-0.12349038237458708,-0.07223858447002111,1.305769477506648,0.038148172828415046,0.01746518287414512,0.05139013531958311,0.002559616631959184,0.060426707272150916,-0.01788055508913095,-0.011014973941136916,-0.004738500390807157,-0.0017183261709921723,0.0016075571353302836,0.014809327753659491,0.0009983756979733492,0.0005292787906036807,0.00011001569501399285,0.0005648489383070425,-0.0012156490213200283,-0.0010584125759055937,-0.00033329009174117144,-0.00010324255194711983,-0.00029988960601899965,0.0012723264518159684,8.63516247190418e-05,2.277249021510991e-05,6.483223715645467e-06,2.3039199780484972e-05,-0.00010008258626127872,0.8288913105413526,0.16529024104497458,0.0,0.0,0.0
17.0,-0.13844250244177803,-0.13101815906430314,-0.07799437269720236,1.2787765660689967,0.03881741126332223,0.01900583420523175,0.05546437542719606,0.0028559705483375115,0.0651816915675319,-0.019182569369022403,-0.01205521498522723,-0.005252576207904492,-0.001980593709952209,0.0019529037991430807,0.016315618616014705,0.0011368693648322345,0.000617544086804407,0.00013098931347088277,0.0006592909716005756,-0.001385422377619006,-0.0012268844707710674,-0.00039347453670933496,-0.00012564784561536557,-0.0003523357076367926,0.0014838323503110916,0.00010428156228573315,2.8017056157579898e-05,8.213832835757069e-06,2.836312633152217e-05,-0.00012122394368321435,0.8134998507546671,0.1700833811875212,0.0,0.0,0.0
18.0,-0.14315967668411989,-0.13831784653918613,-0.08373288430622507,1.2531496128423754,0.03942767912209144,0.020569345727636943,0.059540055491110494,0.0031597684209841623,0.06993302518838722,-0.020458921520903946,-0.013095116833839947,-0.005774438135317806,-0.0022594272638740962,0.002340315637761114,0.017837397411438954,0.0012788970749080925,0.0007123349061273825,0.00015390029259834922,0.0007612800291472939,-0.00156262051906124,-0.0014075459395421024,-0.00045878438494447436,-0.000150639179426872,-0.0004086701885812852,0.001709446609068818,0.00012402250083027997,3.393263310757953e-05,1.0219079815454989e-05,3.437470202171636e-05,-0.00014461365534673449,0.7985902479747407,0.17430449590464042,0.0,0.0,0.0
19.0,-0.14767440636228624,-0.1453983873715792,-0.08944812220982563,1.228743382746691,0.039986322697994264,0.022154795919523712,0.06360980452701555,0.0034700462688406577,0.07467185784718171,-0.02170806760882075,-0.014131976366001931,-0.006302328719544219,-0.002554249455085042,0.0027705338995977265,0.01937049144227874,0.0014259330840381208,0.0008139678522173158,0.00017872260660268857,0.0008707689543169013,-0.0017465722426788747,-0.0015978161113637437,-0.000528967274750852,-0.00017824487553002802,-0.0004687064364028682,0.0019484177363583194,0.00014556224590270338,4.0536850059274164e-05,1.2512936706381062e-05,4.109258267851976e-05,-0.00017023494904121734,0.7841284762067692,0.17799095843698595,0.0,0.0,0.0
20.0,-0.15200484240220258,-0.15226831400452098,-0.09513534677362556,1.205434954020872,0.040499474337134134,0.023761419878471753,0.06766706494873008,0.0037859408850134256,0.0793903247171902,-0.022928860614478717,-0.01516356849707634,-0.006834701403213783,-0.0028644919446795545,0.0032441240078715573,0.020911328919986073,0.0015773452456316905,0.0009223410179847576,0.00020542409670778932,0.0009877056378298948,-0.0019366500286389886,-0.001797168078883357,-0.0006038934495589714,-0.0002084822892999708,-0.0005322506199915386,0.002199995881021538,0.0001688641677671211,4.784332886017466e-05,1.5107689122707973e-05,4.8532143197147034e-05,-0.0001980605571413958,0.7700842410644594,0.18117809521283607,0.0,0.0,0.0
21.0,-0.1561671184344571,-0.15893571606252382,-0.10079083297413806,1.183119370838559,0.040972275587013066,0.025388566483416083,0.07170599399459408,0.004106679259459401,0.08408143086013498,-0.02412047587579133,-0.0161880666611351,-0.007370195912603513,-0.003189599915654845,0.0037615030058806534,0.022456849209070952,0.0017201744813573395,0.001036255316536288,0.00023396779759572267,0.001112035054589374,-0.0021322700839706,-0.0020177707192938774,-0.0006838360613693619,-0.00024135939564473845,-0.0005991049436794739,0.002463439577303957,0.00019375081627849116,5.58597881553646e-05,1.8014061608153465e-05,5.670584720257787e-05,-0.00022805469672462225,0.7564304586051872,0.18389913624276985,0.0,0.0,0.0
22.0,-0.160175616640385,-0.16540823184405481,-0.10641167853242217,1.1617063029605808,0.04140905424366944,0.02703566649220809,0.07572138095927124,0.004431568802476275,0.0887389535733213,-0.02528235191704023,-0.017203975892016617,-0.007907616163580926,-0.0035290350022694475,0.004322963067264631,0.024004426130357068,0.0018931211711070732,0.0011595444320034202,0.0002643130837613998,0.0012437008161844084,-0.002332891305727871,-0.002218923885798933,-0.0007672093540845975,-0.00027687593119897795,-0.000669070228240929,0.0027380223033447956,0.00022060369611299013,6.460498318623488e-05,2.1241349959356052e-05,6.562358243488936e-05,-0.00026017456202309257,0.7431428174548955,0.18618522734224438,0.0,0.0,0.0
23.0,-0.1640431927885788,-0.17169305478237368,-0.11199565094175741,1.1411174455028277,0.041813466865181455,0.028702208618840003,0.07970857703368887,0.004759988464554124,0.09335735908155535,-0.026414142950950386,-0.018210077686160137,-0.00844591068352439,-0.0038822768474681595,0.0049286914858455875,0.025551803900567587,0.0020560223510252976,0.0012879893206888086,0.0002964166591550149,0.0013826463372222707,-0.0025380134157459984,-0.002440768850653573,-0.0008553618489794861,-0.00031502429076917004,-0.0007419479696444314,0.003023038750993504,0.00024893677254457205,7.407387256518555e-05,2.479754198682557e-05,7.529296202076453e-05,-0.00029437151659221657,0.7301994103193598,0.18806548335568785,0.0,0.0,0.0
24.0,-0.16778136814796699,-0.17779694908798455,-0.11754106441341637,1.121284470867042,0.04218861464298627,0.030387721461459558,0.08366343530128578,0.005091380763032281,0.09793173083533181,-0.027515680324820036,-0.019205385231959853,-0.00898415542168001,-0.004248823635772824,0.005578787539784675,0.02709704435439228,0.0022219283014821576,0.001422993168372755,0.00033023339816755435,0.001528815697435351,-0.0027471745561627675,-0.002669049865705233,-0.0009476050657295927,-0.00035579034547387784,-0.0008175419767006431,0.0033178102043509446,0.00027884383149623095,8.427439589234907e-05,2.868941887702589e-05,8.5719594820489e-05,-0.0003305921411968107,0.7175804230738083,0.1895670677145054,0.0,0.0,0.0
25.0,-0.1714004943198814,-0.1837262708153743,-0.12304668014519933,1.1021473982741983,0.042537138025863876,0.03209175979150769,0.08758225900265511,0.005425244667785555,0.1024577073063781,-0.028586940951648092,-0.02018910716691054,-0.009521538724611419,-0.0046281920079441095,0.006273276629537913,0.02863848347952398,0.00239043638544399,0.0015644503209139929,0.0003657170421119947,0.0016821542690604336,-0.002959948631190464,-0.0029033373904341344,-0.0010437909373813583,-0.0003991542801937363,-0.0008956596546765942,0.0036216884289529696,0.00031026775032385576,9.5208777628155e-05,3.292263806611005e-05,9.690732885321191e-05,-0.00036877922998755484,0.7052678715883176,0.1907152879244206,0.0,0.0,0.0
26.0,-0.17490989550418248,-0.18948699182083442,-0.12851162506661531,1.0836532830291141,0.04286129396200128,0.03381389417360996,0.09146175660465353,0.005761129266234335,0.10693142764165191,-0.029628021320999804,-0.021160617935111526,-0.010057348203294177,-0.005019916714552081,0.00701212209268139,0.03017469514763342,0.002559865655180797,0.0017118578303458151,0.0004028207589719508,0.0018426091671845913,-0.0031759426310058662,-0.0031447549044451733,-0.001143902401557481,-0.0004450914737811438,-0.0009761129833760072,0.003934057774444655,0.0003431275567882189,0.00010687645487552277,3.750180372893165e-05,0.00010885847126206982,-0.0004088727622868092,0.6932453781949074,0.19153369960266184,0.0,0.0,0.0
27.0,-0.17831799153892025,-0.1950847248617179,-0.1339353254439198,1.0657551533307594,0.04316301876922023,0.03555370319017383,0.09529900252626461,0.006098628117936245,0.11134948388516178,-0.030639116054341522,-0.02211943303982696,-0.010590959214015667,-0.00542355024888629,0.00779523508470775,0.031704460179468694,0.0027320265263373936,0.0018669354696500067,0.00044149758060045,0.002010129568851484,-0.0033947940957003674,-0.003390729201377499,-0.0012472742255498386,-0.0004935733903833956,-0.0010587192309924028,0.004254335573932966,0.00037740456663778413,0.00011928183015597426,4.2430532481933484e-05,0.00012157398721816794,-0.0004508108298491159,0.6814979811271852,0.1920442138823106,0.0,0.0,0.0
28.0,-0.1816324042820399,-0.20052474863594538,-0.13931745256350747,1.0484111406876875,0.043443979177097684,0.037310767731711235,0.09909140260849586,0.006437374213997078,0.11570887873518768,-0.031620500202378304,-0.02306518789460188,-0.011121824704530261,-0.0058386625666676205,0.008622482878820996,0.0332267393650625,0.0029117979273145696,0.002028202895804388,0.0004817007369960694,0.0021846669353142467,-0.003616168795039589,-0.003634298085453679,-0.0013540395624773887,-0.0005445684239597377,-0.0011433014439634404,0.004581971225119195,0.0004131202007292266,0.00013242111979660398,4.771152056016858e-05,0.00013505367918249504,-0.0004945304773583146,0.6700119714420524,0.19226720461966607,0.0,0.0,0.0
29.0,-0.18486004946824036,-0.20581203197553063,-0.14465787827621396,1.03158376316923,0.043705613786217776,0.03908466692451307,0.10283666359137937,0.006777035469249898,0.12000698799851889,-0.03257251462675636,-0.02399761942730925,-0.011649466223116833,-0.006264840891513947,0.009493695884291338,0.03474064958355447,0.0030893881302989715,0.0021952968133634727,0.0005233839097202979,0.002366175161870683,-0.0038397586327992735,-0.00388656554713083,-0.001464292153755067,-0.0005980426389717799,-0.0012296887535802894,0.0049164444858606155,0.00045006084063936764,0.00014628883021360094,5.3346615856593296e-05,0.00014929634735903993,-0.0005399684149962492,0.6587747528949162,0.1922216130339863,0.0,0.0,0.0
30.0,-0.1880072159521199,-0.21095125673126863,-0.14995663858111172,1.0152393303483065,0.043949166922408155,0.04087497533663423,0.10653276599519233,0.0071173106895591354,0.12424152705301882,-0.03349555390666813,-0.02491654997214858,-0.012173465936034746,-0.006701689542000189,0.010408673621576103,0.03624544259414082,0.003268559081590204,0.002368672058612711,0.0005665014255633115,0.0025546106719450887,-0.004065279742773378,-0.004142537263665606,-0.0015776845220422423,-0.000653960369718519,-0.0013177165393469408,0.005257263506474434,0.00048823575398398425,0.00016088381063325113,5.933689507167641e-05,0.0001642999320369806,-0.0005870615784052329,0.6477747210339719,0.19192504827780038,0.0,0.0,0.0
31.0,-0.1910796341201003,-0.2159468391304789,-0.1552139037300526,0.9993474459372793,0.044175716570025725,0.04268126115590463,0.11017793990813625,0.007457925968779584,0.1284105207490258,-0.03439005629046292,-0.025821873236680445,-0.012693459538160375,-0.0071488297000592855,0.011367189833199383,0.037740486334540364,0.00344909783360145,0.0025482213714410813,0.0006110084079833432,0.002749932466713091,-0.00429247072794643,-0.004401902496212334,-0.0016940876235759985,-0.0007122846680245158,-0.001407226485861063,0.005603962996115192,0.0005275886310013399,0.0001762019138400089,6.568274373775301e-05,0.00018006163872462625,-0.0006357475339011388,0.637001158434746,0.19139388305322586,0.0,0.0,0.0
32.0,-0.1940825351313304,-0.22080294956155014,-0.16042995358887704,0.9838805894543105,0.04438619774385368,0.044503085083348604,0.11377064326765775,0.0077986314781037765,0.13251227627768528,-0.035256495287795134,-0.026713542247657856,-0.013209129967961305,-0.007605899059701495,0.012368996859946324,0.03922524866502106,0.0036302764570774544,0.002733640153652026,0.0006568608989352971,0.0029521021383509655,-0.004521090998972566,-0.004665019343951439,-0.0018134365055164463,-0.0007729776144328936,-0.0014980665644472625,0.00595610274252426,0.0005680525216999723,0.0001922376374367065,7.238393552917271e-05,0.00019657804734276145,-0.0006859647473946346,0.6264441435416102,0.19064334381436635,0.0,0.0,0.0
33.0,-0.1970207024879224,-0.22552353084488758,-0.16560515721922855,0.9688137622993206,0.04458142233135685,0.04633999973625383,0.11730954229275445,0.008139198614765971,0.13654535861539321,-0.03609537257294442,-0.027591559189560733,-0.013720201851916882,-0.008072551332207968,0.013413829376176094,0.04069928347562013,0.003802610443207241,0.0029210583274240334,0.0007040159587636159,0.0031610838533767966,-0.004750919184244895,-0.004943370227506379,-0.00193676786062211,-0.0008360005254703396,-0.0015900909638364722,0.0063132665306485725,0.0006093520580498296,0.00020897042133569618,7.943970709946441e-05,0.00021384520709718144,-0.0007376527490980529,0.616094471032115,0.18968759537755925,0.0,0.0,0.0
34.0,-0.19989851723091198,-0.23011231510128913,-0.1707399558515153,0.9541241866929818,0.0447620961391305,0.048191549405685374,0.12079349378315582,0.008479417478401429,0.14050856822097485,-0.03690721194220942,-0.02845596699830366,-0.014226436608420913,-0.008548455622526298,0.014501407556230073,0.042162218989716053,0.003994036131474766,0.003124699790804928,0.0007524317478200562,0.0033768443118887812,-0.0049817516028926164,-0.005202176840106999,-0.002059805053341452,-0.0009013140965146301,-0.0016831599870189143,0.006675061375645097,0.0006521085936392889,0.00022644784537117262,8.684882545354111e-05,0.0002318587188695442,-0.0007907522309255657,0.6059435819886638,0.1885398199420144,0.0,0.0,0.0
35.0,-0.20271999782769015,-0.23457283934086368,-0.1758348486017727,0.9397910482896037,0.04492883363612336,0.05005727005955852,0.12422152904993529,0.00881909464324608,0.14440092071764563,-0.037692554132870176,-0.029306842503868648,-0.014727628141498845,-0.009033295719869593,0.01563143973350246,0.043613748002860796,0.004187350823953304,0.003330405380377669,0.0008020675908640269,0.003599352688222971,-0.005213400807637886,-0.005461347042836305,-0.0021862362506418704,-0.0009688785171090602,-0.0017771399250320185,0.0070411169172569996,0.0006958579904127986,0.000244618723664223,9.460964616760488e-05,0.00025061380700055547,-0.0008452051103810665,0.595983502460824,0.18721229063632175,0.0,0.0,0.0
36.0,-0.20548883558667277,-0.23890845988391157,-0.18089038043805783,0.9257952750947942,0.04508217071447049,0.05193668952065777,0.12759283928207596,0.009158051194133,0.1482216283365727,-0.03845195236394074,-0.030144290862643103,-0.015223599054238812,-0.009526769358107735,0.01680362461081432,0.04505361972995628,0.004374641427856513,0.0035409029330969134,0.0008528840241517539,0.003828580558248575,-0.005445694213200058,-0.00573087075071853,-0.0023154610828091744,-0.0010386535861092866,-0.0018719029135531337,0.00741108481366561,0.0007403765832554445,0.00026347918743278284,0.00010272016219705091,0.00027010538219926527,-0.0009009545861691514,0.5862067892420938,0.18571643977653865,0.0,0.0,0.0
37.0,-0.20820842623092797,-0.24312236570413379,-0.1859071320225302,0.9121193467335008,0.045222575684915424,0.05382932777700463,0.13090676218579173,0.00949612099481826,0.15197008293433203,-0.039185968497739414,-0.03096844100053797,-0.01571419731328214,-0.010028587498720843,0.018017653081158633,0.04648163291453742,0.004562529219638145,0.0037574632681996773,0.0009048428251397912,0.004064501817992544,-0.005678472827288773,-0.006002279781330127,-0.0024468941733152,-0.0011105988414982287,-0.001967326775010233,0.007784638008760254,0.0007857747840969364,0.0002830302269715083,0.0001111780442282964,0.0002903280970470105,-0.0009579451998411725,0.5766064818772155,0.18406292206595215,0.0,0.0,0.0
38.0,-0.21088189810138935,-0.24721759076333613,-0.19088571114394867,0.8987471292187063,0.045350458675693546,0.055734697399533475,0.1341627697589821,0.009833149158938457,0.15564584042425336,-0.03989516974659684,-0.03177944180448304,-0.01619929330014648,-0.010538473674999722,0.019273209718274127,0.0478976298811606,0.004751070947595432,0.003979994982800448,0.0009579070254741621,0.004307092597507899,-0.00591159009664915,-0.006275157113730136,-0.0025804280039854353,-0.0011846737074920999,-0.002063294847398386,0.008161469806572947,0.0008320113580624395,0.0003032654487613532,0.00011998067432912336,0.0003112763952417437,-0.0010161229073112185,0.5671760600694851,0.182261672995633,0.0,0.0,0.0
39.0,-0.21351213734789692,-0.2511970253920745,-0.1958267455157829,0.8856637312478557,0.0454661795937017,0.05765230405066045,0.13736045708335898,0.010168990696821147,0.15924860648331726,-0.040580125863178336,-0.0325774588450423,-0.016678777192390994,-0.01105616341667719,0.020569973994707624,0.04930149127349683,0.004939881132784705,0.004208250846599809,0.0010120409089455068,0.004556331172957475,-0.006144910872633475,-0.006549672843936773,-0.0027160050449379944,-0.0012608376521754587,-0.002159695800741324,0.008541292750126814,0.0008790344942831645,0.00032417756218395015,0.000129125174966274,0.00033294455541258724,-0.0010754351560467142,0.5579094057818926,0.1803219627240172,0.0,0.0,0.0
40.0,-0.21610181039905535,-0.25506342676404825,-0.20073087675363202,0.8728553787488177,0.04557005481588055,0.059581647069589336,0.14049953203255,0.010503509315059525,0.16277822341331816,-0.041241406759319,-0.033362671473618925,-0.017152556626680637,-0.011581403754909075,0.02190762128021059,0.05069313129887599,0.005127286862244511,0.004441253651976029,0.0010672099969839613,0.004812197878912341,-0.0063783104920389095,-0.00682761490871088,-0.002853761400168484,-0.0013390503436137408,-0.0022564234426918086,0.008923837353631524,0.0009267547328671549,0.0003457559668695505,0.0001386084353355772,0.0003553267300734305,-0.0011358309591432548,0.5488007694267797,0.1782524457255065,0.0,0.0,0.0
41.0,-0.21865338396930425,-0.2588194285125441,-0.20559875536914093,0.8603093049583805,0.04566236279169877,0.06152222011895493,0.143579805807139,0.010836576349731588,0.16623465804899606,-0.04187958050053625,-0.03413527020022852,-0.01762055460535091,-0.012113952792707501,0.023285823665781313,0.05207249337714584,0.005290430582380691,0.004666217479394647,0.0011233810248053773,0.00507467502199554,-0.006611673961632572,-0.0071387904836262344,-0.002997073104154928,-0.0014192717913039219,-0.0023533765156447234,0.009308850768014146,0.000974422382684294,0.00036793361360574177,0.0001484271365112482,0.000378416980103751,-0.0011972609563798016,0.5398447396232903,0.17606120650306356,0.0,0.0,0.0
42.0,-0.22116914285077788,-0.26246754954227897,-0.21043103663264626,0.8480136537710211,0.04574334874357871,0.06347351187516857,0.14660118421792412,0.011168069817893865,0.16961799061760457,-0.042495211624480715,-0.03489545431094928,-0.018082707616874236,-0.012653579317748034,0.024704250649431218,0.05343954615438702,0.005480594778036202,0.004924401770096316,0.001180521911410852,0.00534374679633219,-0.006844895230198847,-0.007415180274934001,-0.0031353007551620923,-0.0015014624621598213,-0.002450458488550004,0.009696095468078612,0.0010236056801706161,0.00039086884898606293,0.0001585777763206181,0.00040220930504828985,-0.0012596774540560168,0.5310362160733099,0.17375580165841645,0.0,0.0,0.0
43.0,-0.2236512057356869,-0.2660102020968681,-0.2152283771685612,0.835957394467819,0.045813228646005615,0.06543500674340416,0.14956365964753648,0.01149787357514453,0.17292840446482027,-0.043088859733539,-0.03564342972113624,-0.01853896394781206,-0.01320006243314993,0.026162569710157582,0.05479427988292283,0.005709248575729112,0.005188066770934418,0.0012386017263169222,0.00561939920083917,-0.007077876530507844,-0.007647166251842456,-0.003274384059949243,-0.0015855833647103745,-0.002547577347096651,0.010085348038313067,0.0010745759776002878,0.0004144983663529373,0.00016905669423720703,0.0004266976695015209,-0.001323034438892372,0.5223703851693141,0.1713432986060358,0.0,0.0,0.0
44.0,-0.22610153931240692,-0.2694496991472265,-0.21999143215951839,0.8241302462413361,0.04587219264525018,0.06740618557849104,0.15246730362828978,0.011825876569427782,0.17616617657121825,-0.04366107831559083,-0.03637940707926997,-0.018989282168974084,-0.013753191186080538,0.02766044678789665,0.056136703186828674,0.005904179548075963,0.005447191066681992,0.0012975906552703186,0.0059016199581917225,-0.007310527774981343,-0.007920476480302956,-0.0034179489711992027,-0.0016715961004167596,-0.0026446453859741976,0.010476398109929971,0.001125129275915826,0.0004387098715421005,0.00017986009601232055,0.00045187602586496965,-0.0013872875653880103,0.5138426979982849,0.16883031120443953,0.0,0.0,0.0
45.0,-0.22852197086905957,-0.2727882611691397,-0.22472085304895023,0.8125226111862116,0.045920408053547676,0.06938652639522745,0.1553122599811687,0.012151972182808297,0.17933166879209358,-0.04421241375261195,-0.03710360013876453,-0.01943362978162285,-0.01431276418171444,0.02919754668034903,0.057466840230244835,0.006098357843439827,0.005712048939093041,0.001357459966432017,0.006190398435295474,-0.007542765992200921,-0.008195647862109816,-0.00356297974903871,-0.0017594628857668464,-0.0027415790065117218,0.010869047471667238,0.0011762269536898548,0.0004635580636060515,0.0001909840778531322,0.0004777383338093805,-0.001452394119798519,0.505448850458968,0.16622303256157334,0.0,0.0,0.0
46.0,-0.2309141996199588,-0.27602802237658447,-0.22941728564760766,0.8011255146328065,0.0459580220180942,0.07137550505537388,0.15809873846716135,0.012476057653795256,0.1824253197610272,-0.04474340448382168,-0.037816224405664574,-0.019871982011002102,-0.014878589178842761,0.030773533362976817,0.058784728290553916,0.0062927555945997615,0.005982765212799232,0.0014181819777511523,0.006485725565200903,-0.007774514795735004,-0.00847120858714417,-0.003709322111178893,-0.0018491465522309583,-0.0028382985222451013,0.011263109348109857,0.0012278693718742175,0.000489038334723362,0.00020242464857323053,0.0005042785768166549,-0.0015183129666266409,0.4971847652427782,0.16352726525197409,0.0,0.0,0.0
47.0,-0.23327980694386036,-0.2791710364727823,-0.23408136856633516,0.7899305518759355,0.045985163932349894,0.07337259592312714,0.16082700890786172,0.012798033573131676,0.18544763740439107,-0.045254580297542236,-0.03851749605444681,-0.02030432073476914,-0.015450482671251955,0.0323880702361856,0.06009041571716443,0.0064872882184474935,0.006259148472065377,0.0014797300256097314,0.006787593770555674,-0.008005703881078833,-0.008747071074594031,-0.003856922883482771,-0.0019406105328493638,-0.0029347279740221414,0.011658407816923668,0.0012800246680778125,0.0005151439073105091,0.00021417775020094292,0.0005314907762017628,-0.001585004484885068,0.4890465754696467,0.16074844916296627,0.0,0.0,0.0
48.0,-0.2356202656913633,-0.28221928197334645,-0.2387137319142079,0.7789298404932148,0.04600194762822211,0.07537727248539493,0.16349739573730707,0.013117803446017392,0.1883991920198361,-0.04574646173294581,-0.03920763108742783,-0.02073063353365056,-0.01602826946448842,0.03404082030335773,0.06138396023583748,0.006681374058307537,0.006540688338897416,0.0015420784343767387,0.007095996888837034,-0.008236268550047549,-0.009023772593121355,-0.004005803589243467,-0.002033818844170789,-0.003030794955284661,0.012054777323225995,0.0013326445569570922,0.0005418665168186923,0.00022623927573504717,0.0005593690030140734,-0.001652430501375136,0.48103060979679063,0.1578916871673014,0.0,0.0,0.0
49.0,-0.2379369486859909,-0.2851746671470597,-0.24331499621642963,0.7681159775661023,0.04600847336608181,0.07738900793703118,0.16611027295136974,0.013435273313712921,0.19128060987672985,-0.04621955957870832,-0.03988684469972564,-0.02115091285132254,-0.016611782260171945,0.03573144628438749,0.06266542754302537,0.00687274263902725,0.006825563054590482,0.0016052024862895772,0.007410930099702367,-0.008466149264290828,-0.009303914935670314,-0.004156270230509862,-0.0021287360707912765,-0.00312643044730918,0.012452062245869457,0.0013856193122911873,0.0005691918561474699,0.00023860508414435153,0.0005879073881897959,-0.0017205542270801132,0.473133378843929,0.1549617688008734,0.0,0.0,0.0
50.0,-0.24023113651295616,-0.2880390346107577,-0.2478857715191881,0.7574820012148137,0.04600482962611509,0.0794072757339226,0.1686660594247288,0.013750351427542783,0.1940925673005891,-0.04667437445984889,-0.04055535080385216,-0.021565155250500095,-0.017200861259692488,0.03745961067102015,0.06393489012721769,0.007044073689535241,0.007100370954029966,0.0016690783910635674,0.007732389854823113,-0.008695291230579705,-0.009609428567790406,-0.004311235048592129,-0.0022253273573634535,-0.0032215686635461934,0.012850116475367207,0.0014382686790097056,0.0005970473128671451,0.0002512710126015932,0.0006171001312774635,-0.0017893402008895903,0.46535156279879003,0.15196319210742593,0.0,0.0,0.0
51.0,-0.24250402466428753,-0.290814165606495,-0.25242665665837005,0.7470213559400318,0.04599109469903243,0.08143155011823953,0.171165214568501,0.014062947968574045,0.19683578520688347,-0.047111396506611496,-0.04121336166668544,-0.02197336075270031,-0.017795353796517723,0.03922497573194902,0.06519242625525572,0.025012425354172682,0.003721179346834682,0.0017336832547687284,0.00806037381052362,-0.008923644020289504,0.0043270831679496115,-0.0051014271404466105,-0.002323558410224457,-0.0033161469018230735,0.013248802974023683,0.0019008798130837924,0.0006058115274963005,0.00026423288623190366,0.0006469415079951034,-0.0018587542426926373,0.4576820000833647,0.14890018379755446,0.0,0.0,0.0
52.0,-0.24475673009020524,-0.2935017839838199,-0.2569382386755114,0.7367278613279793,0.04596733807484568,0.0834613066203993,0.17360823430403033,0.014372974806715632,0.19951102405219065,-0.047531105100300966,-0.04186108761618202,-0.02237553225014485,-0.018395114002362503,0.04102720347682369,0.0664381190697696,0.007465044411923944,0.0077388083612533465,0.0017989950477450768,0.008394880763451266,-0.009151161224388762,-0.010127745333184833,-0.004609226739684325,-0.002423395508242605,-0.0034101054030706806,0.01364799330256432,0.0015476303319978194,0.0006548453958205705,0.0002774865258269541,0.0006774258768106748,-0.0019287634158109115,0.450121676977361,0.14577671785684657,0.0,0.0,0.0
53.0,-0.2469902971954689,-0.29610355990241793,-0.2614210923680037,0.7265956837466875,0.04593362163436574,0.08549602254157493,0.17599564733069295,0.014680345293668566,0.20211907917336086,-0.04793396869099235,-0.042498736784183186,-0.02277167497969686,-0.019000002508084292,0.04286595558873878,0.06767205575693784,0.007676612707111547,0.00805652470912327,0.0018649925715887694,0.00873591058937653,-0.009377800143646172,-0.010382915130701697,-0.004760946662751321,-0.002524805520495427,-0.003503387215359866,0.014047567111302579,0.0016029534994809877,0.0006846311102591797,0.0002910277540629701,0.0007085476846753761,-0.0019993359970950533,0.44266771809911576,0.14259653272725142,0.0,0.0,0.0
54.0,-0.24920570331305528,-0.2986211132739043,-0.26587577996175665,0.7166193106809707,0.04589000065402823,0.08753517741927042,0.1783280116666383,0.014984974084919254,0.2046607764865238,-0.048320444681146615,-0.04312651486297664,-0.02316179605041078,-0.019609886176225364,0.04474089333438231,0.06889432675891913,0.007877741131705241,0.00837576288183106,0.0019316554254770063,0.009083464185090324,-0.009603521512087118,-0.010650927845089989,-0.0049145009748046715,-0.0026277559271859516,-0.0035959380623266624,0.014447411605355441,0.0016582188618371695,0.0007149661216361565,0.0003048524007640276,0.0007403014719891473,-0.002070441451960551,0.43531737766929257,0.13936314717672763,0.0,0.0,0.0
55.0,-0.2514038636881356,-0.3010560169534897,-0.27030285089451195,0.7067935274305146,0.04583652464355174,0.08957825347699487,0.18060591144361987,0.015286776986846665,0.20713696852055535,-0.048690979368377685,-0.04374462486480795,-0.02354590401801325,-0.02022463785924221,0.04665167745982034,0.07010502501989758,0.008077937713773771,0.008700502393905591,0.00199896397227152,0.009437543413249915,-0.009828289250302531,-0.010920052121069689,-0.005068828652984846,-0.0027322148398343494,-0.0036877062154438444,0.014847421001153558,0.0017137676242633194,0.0007458759345223473,0.0003189563076842079,0.0007726818768428028,-0.0021420504112444902,0.4280680314720723,0.13607987496373705,0.0,0.0,0.0
56.0,-0.25358563600664563,-0.30340979969829834,-0.27470284169687204,0.6971133959030786,0.045773238040408455,0.09162473605766609,0.18282995393773918,0.015585670825787403,0.20954853076053315,-0.04904600793963799,-0.04435326688357819,-0.023924008501241194,-0.020844136175938912,0.04859796807821395,0.07130424526668805,0.008278100399313901,0.009030907967083678,0.002066899304927828,0.009798151049941695,-0.010052070244256243,-0.011188996779303025,-0.005223795203610542,-0.002838151017156911,-0.003778642369987652,0.015247495994914026,0.0017696164599644197,0.0007773583418936867,0.00033333533316489,0.0008056836385625879,-0.002214134646962347,0.4209171694515083,0.1327498383957629,0.0,0.0,0.0
57.0,-0.2557518245066417,-0.30568394890720657,-0.2790762759572128,0.6875742352801429,0.04570018078880058,0.09367411403936163,0.1850007668194441,0.015881573336615135,0.2118963582787673,-0.049385954508733405,-0.04495263786528674,-0.024296119836301734,-0.021468265298503916,0.05057942455378535,0.0724920833329592,0.008478177657577463,0.00936670524700249,0.002135443213738586,0.010165290734684595,-0.010274834144852975,-0.011457684806362202,-0.005379375322366022,-0.0029455338739743458,-0.003868699524884048,0.01564754326307633,0.001825745576704124,0.0008094078340168727,0.00034798535688161533,0.0008393016005786165,-0.0022866670446952896,0.41386238887974297,0.12937598087365565,0.0,0.0,0.0
58.0,-0.2579031837135438,-0.3078799131587878,-0.2834236643560137,0.6781716043557254,0.04561738883104172,0.09572588023147934,0.18711899560719844,0.016174403068936468,0.21418136263251797,-0.049711232189134445,-0.04554293139787924,-0.024662248766703986,-0.02209691474360555,0.052595705384420745,0.07366863553995082,0.008677612668288271,0.009707196000556672,0.0022045781548660453,0.010538966922593436,-0.010496553183706877,-0.011726644659125986,-0.0055356225111761834,-0.003054333481734542,-0.003957832866856451,0.01604747501076136,0.0018821150759994003,0.0008420168387365542,0.00036290228475279195,0.0008735307126452333,-0.0023596215712611735,0.406901388042665,0.12596107850659857,0.0,0.0,0.0
59.0,-0.26004042184182646,-0.3099991045645436,-0.2877455047552708,0.668901285374106,0.04552489453683108,0.09777953174933857,0.18918530131035977,0.016464079309388004,0.2164044690090919,-0.05002224319466055,-0.046124337532043466,-0.025022406166328857,-0.02272997916288569,0.0546464680836332,0.07483399814637828,0.008874660320862107,0.01005043661340898,0.002274287220492611,0.010919184838449657,-0.010717202001184891,-0.011997767076398085,-0.005692801359125194,-0.0031645205605449023,-0.004045999659412027,0.01644720857827262,0.001938635239661424,0.0008751722016714194,0.0003780820539600552,0.0009083660324543162,-0.002432973237328059,0.40003196039410105,0.12250775087550238,0.0,0.0,0.0
60.0,-0.26216420390522727,-0.31204290095454623,-0.292042282329591,0.6597592692132249,0.045422727091550576,0.09983457036562242,0.19120035824793596,0.016750522018742726,0.218566613600584,-0.05031937896161775,-0.04669704264270776,-0.025376602793879495,-0.023367358130457767,0.05673136906139297,0.07598826687690675,0.00906209508124124,0.010388672750721,0.0023445541107652303,0.011305950432477499,-0.010936757483739977,-0.01227941373462079,-0.005852179919030434,-0.003276066463773166,-0.00413315913719662,0.016846666108793422,0.0019949790556298428,0.0009088327477306769,0.00039352063794080013,0.0009438027266976596,-0.0025066980555507137,0.3932519891351891,0.11901847101587808,0.0,0.0,0.0
61.0,-0.26427515457481215,-0.31401264791199884,-0.2963144697271687,0.6507417417794792,0.04531091285898322,0.10189050283775654,0.1931648520309254,0.017033651782622207,0.22066874119193786,-0.05060302028725261,-0.047261229337349865,-0.025724849076871812,-0.0240089559272598,0.05885006350263456,0.07713153653330468,0.009172132039056423,0.010649849621127375,0.0024153631075551378,0.011699270337685851,-0.011155198608616714,-0.012658644430862316,-0.006027066814079825,-0.0033889431571401114,-0.0042192724061358,0.01724577427391288,0.002048086924387459,0.0009426060735423478,0.000409214051164274,0.0009798360716477285,-0.0025807729955239444,0.3865594421806017,0.11549557468462784,0.0,0.0,0.0
62.0,-0.26637386081977193,-0.31590966067198506,-0.3005625272510407,0.6418450714956904,0.04518947572788928,0.10394684121114729,0.1950794776969703,0.01731338977460528,0.22271180294735432,-0.050873537480742935,-0.047817076412643045,-0.02606715492316501,-0.02465468132398588,0.06100220524207963,0.07826390068638679,0.00726716404352777,0.0100977193722714,0.0024866990499199174,0.012099151828697039,-0.011372506295043227,-0.014710823475585494,-0.0063141776798815935,-0.003503123194708122,-0.004304302349592301,0.017644464048351207,0.0020185408280453056,0.000971825589928846,0.00042515835349320695,0.0010164614533349288,-0.002655175937279523,0.37995236747780364,0.11194126896901116,0.0,0.0,0.0
63.0,-0.2684608743601026,-0.3177352258974658,-0.30478690305327827,0.6330657977787794,0.04505843744624432,0.10600310309901483,0.19694493798696086,0.017589657730466977,0.22469675438123127,-0.05113129052422156,-0.04836475885638151,-0.02640352955780429,-0.025304447365601373,0.06318744663427177,0.07938545144126978,0.009680383934980531,0.01152175977076179,0.002558547311055568,0.01250560278203484,-0.011588663261885958,-0.013067300054011884,-0.006320102679166817,-0.003618579694253134,-0.004388213540542941,0.018042670521820955,0.002167449206319669,0.00101328333746329,0.0004413496539580859,0.001053674367402103,-0.0027298856251856546,0.3734288886496812,0.108357640290255,0.0,0.0,0.0
64.0,-0.2705367139540978,-0.31949060334435014,-0.3089880333375191,0.6244006204142859,0.04491781794238191,0.10805881194028312,0.19876194175413534,0.017862377932212077,0.22662455350096122,-0.051376629242414665,-0.04890444788773752,-0.02673398138272717,-0.025958171161036228,0.06540543841831334,0.08049627926410625,0.009911204913134318,0.011915794515970935,0.002630893776469914,0.012918631637880998,-0.011803653892352042,-0.013296423574526102,-0.006474703911386171,-0.003735286314239571,-0.004470972159549843,0.018440332734570852,0.002226513536425365,0.001049332270957554,0.00045778411382159454,0.001091470418713575,-0.0028048816239659453,0.36698720093326653,0.1047466618490886,0.0,0.0,0.0
65.0,-0.2726018675375461,-0.32117702742411175,-0.3131663425667065,0.6158463897475918,0.044767635629105317,0.11011349723741054,0.20053120249681733,0.018131473200519884,0.228496159109638,-0.05160989348021772,-0.049436311026241464,-0.02705851785674417,-0.02661577368156662,0.06765582957752343,0.08159647285588954,0.010121672201575073,0.012302855795219163,0.002703724823095293,0.013338247363325714,-0.01201746410663996,-0.013548527234711968,-0.006631893407778182,-0.0038532172340855885,-0.00455254591810099,0.018837393523700834,0.0022848391749828952,0.0010858054242059252,0.00047445794887528766,0.0011298453207869382,-0.0028801442781976024,0.36062556739266216,0.10111020055580776,0.0,0.0,0.0
66.0,-0.27465679422620615,-0.3227957086715395,-0.3173222436754004,0.6074000976180335,0.04460790768527916,0.11216669477632635,0.20225343700678192,0.018396866894217316,0.2303125292577585,-0.05183141328803617,-0.04996051217865585,-0.02737714539317785,-0.027277179570751167,0.06993826719501911,0.08268611905825991,0.010329501340140938,0.012694199599015417,0.0027770272990837665,0.013764459417137904,-0.012230081243476382,-0.013803461372269179,-0.006789556582190031,-0.00397234713872059,-0.004632903986749717,0.01923379936945219,0.0023431987772082434,0.0011227883789286584,0.0004913674309784476,0.0011687948951029916,-0.002955654676156263,0.35434231538302363,0.09745002348354277,0.0,0.0,0.0
67.0,-0.27670192618903,-0.3243478351228282,-0.3214561382865973,0.5990588689713026,0.04443865030918418,0.11421794683057042,0.2039293641256295,0.01865848291544858,0.23207461983348734,-0.05204150911482366,-0.050477211733123944,-0.02768986927264709,-0.027942316967770664,0.07225239630686131,0.08376530277737654,0.010536860908841652,0.013090885360103867,0.002850788504081611,0.014197277716066518,-0.012441493951278217,-0.0140584922331989,-0.006947410630843017,-0.004092651207712159,-0.004712016927403014,0.01962950023384976,0.002401682034728579,0.0011602899149658348,0.0005085088889103297,0.001208315070334094,-0.0030313946183317094,0.34813583324795905,0.0937678038798974,0.0,0.0,0.0
68.0,-0.2787376703968119,-0.3258345736082034,-0.32556841693392535,0.5908199540910426,0.04425987893899851,0.11626680235151314,0.2055597036020994,0.018916245719318943,0.23378338328174833,-0.05224049200867881,-0.05098656665142035,-0.02799669356870411,-0.02861111734481481,0.0745978597548711,0.0848341069144541,0.010744056244109275,0.013492782146483846,0.002924996169850342,0.014636712602658565,-0.01265169208931675,-0.014313113530970412,-0.0071054017175783074,-0.00421410510857813,-0.004789856629099123,0.020024449387729345,0.0024602944189150698,0.0011983086184492657,0.0005258787086545454,0.0012484018815161748,-0.0031073465904234527,0.3420045672319189,0.090065126769265,0.0,0.0,0.0
69.0,-0.2807644102495413,-0.32725707096242324,-0.3296594592901587,0.5826807213964951,0.04407160843761304,0.11831281714612711,0.2071451750436633,0.019170080326943274,0.23543976744294004,-0.052428663824581584,-0.05148873055243394,-0.0282976210843454,-0.029283515357981824,0.07697429804142178,0.08589261229499734,0.01095080995619037,0.013899255244603451,0.002999638441177447,0.01508277481455034,-0.012860666638815433,-0.014567502968375244,-0.0072635577818306665,-0.004336684993378646,-0.004866396246669189,0.020418603225773515,0.0025190147973692175,0.0012368398040261664,0.0005434733332637703,0.0012890514691761596,-0.0031834937401999924,0.3359470185917853,0.08634349417563025,0.0,0.0,0.0
70.0,-0.2827825070855232,-0.3286164551561077,-0.3337296344027232,0.5746386507575597,0.043873853241339356,0.12035555404333632,0.20868649695610103,0.019419912341014638,0.23704471450259257,-0.05260631743849372,-0.051983853782783924,-0.028592653297784324,-0.029959448710152253,0.07938134918846404,0.08694089759253061,0.011156215044906327,0.014308855696648103,0.003074703857089756,0.015535475455160588,-0.013068409623462212,-0.014822508162853925,-0.0074220130256998276,-0.004460367497352083,-0.004941610141780913,0.02081192107225247,0.0025777931050779243,0.0012758752320980562,0.0005612892624627686,0.001330260078415737,-0.003259819857312254,0.32996174089244956,0.08260432999355578,0.0,0.0,0.0
71.0,-0.2847923015760317,-0.3299138363508203,-0.3377793009363875,0.5666913272831865,0.04366662747435286,0.12239458304948393,0.2101843858651071,0.01966566796320314,0.23859916004377432,-0.05277373696668447,-0.052472083473290555,-0.028881790316253424,-0.030638858023596813,0.08181864860276557,0.08797903924619956,0.011357780000832714,0.014717870899545992,0.003150181332438959,0.01599482596568908,-0.013274914038426861,-0.01508063049615173,-0.0075811865682908,-0.0045851297382324355,-0.005015473825998187,0.02120436498240307,0.0026365050675895077,0.0013153971340345494,0.000579323052139377,0.0013720240579454626,-0.0033363093550080585,0.32404733747241254,0.07884898453316515,0.0,0.0,0.0
72.0,-0.2867941150105406,-0.3311503078810849,-0.3418088074226141,0.5588364355428016,0.04344994503282271,0.12442948149304889,0.21163955551427535,0.019907274012883804,0.24010403219454193,-0.05293119798884368,-0.052953563582518216,-0.02916503083696212,-0.03132168671972049,0.08428582894889328,0.08900711137459598,0.011546869916080121,0.015113752991135387,0.0032260601399655637,0.01646083809830954,-0.013480173786692381,-0.015351015885762688,-0.007742641083793254,-0.004710949314953963,-0.005087963905638784,0.021595899545620134,0.0026947319616647306,0.0013553474154291642,0.0005975713138496369,0.00141433985905965,-0.003412947252698252,0.31820245906640937,0.07507873876322042,0.0,0.0,0.0
73.0,-0.288788250479103,-0.3323269471668185,-0.3458184925144444,0.5510717541840374,0.04322381964418794,0.1264598341584468,0.2130527161341543,0.02014465794686076,0.2415602508632311,-0.05307896777335037,-0.05342843493055089,-0.029442372114636496,-0.032007880903349176,0.08678252003092836,0.0900251856902467,0.011672321926741646,0.015422737957731485,0.003302329892964014,0.016933523890438996,-0.013684183621362806,-0.015692728815183174,-0.00791645459920279,-0.004837804304674465,-0.005159058028353356,0.021986491696863817,0.0027499437188460876,0.0013953511362520615,0.0006160307144295949,0.001457204034542686,-0.0034897191584548556,0.3124258015729676,0.07129480827482267,0.0,0.0,0.0
74.0,-0.2907749939598266,-0.333444816560446,-0.34980868524519254,0.5433951509130409,0.04298826490786637,0.12848523340855,0.21442457377731636,0.020377747879883983,0.24296872705481068,-0.05321730550299357,-0.05389683522735083,-0.02971380993529775,-0.032697389249270646,0.0893083486833309,0.09103333142028261,0.009206870998280865,0.011761254116111852,0.0033789805286676563,0.01741289563996811,-0.013886939092600617,-0.023526417798205947,-0.00924321262838458,-0.004965673257385187,-0.0052287348314686245,0.0223761105420215,0.0026363495207170884,0.001399915518166772,0.0006346979757674714,0.0015006132375001984,-0.0035666112507449703,0.3067161039560378,0.06749834698668856,0.0,0.0,0.0
75.0,-0.2927546153205857,-0.3345049641315303,-0.35377970528861574,0.5358045778102913,0.04274329432397183,0.13050527929550185,0.21575582971499527,0.020606472605875156,0.24433036226244412,-0.053346462499620245,-0.0543588991005061,-0.02997933859608127,-0.03339016288929119,0.09186293867085368,0.09203161523889827,0.012007501009706972,0.016326179911398526,0.0034560022924513207,0.01789896588134827,-0.014088436497963642,-0.016271586760805052,-0.008229907486548484,-0.005094535187762862,-0.005296973892224004,0.022764727201608905,0.0028641938204622326,0.0014770795341768922,0.0006535698747510618,0.0015445642201131907,-0.00364361025898076,0.3010721462680045,0.0636904506114491,0.0,0.0,0.0
76.0,-0.29472736924433673,-0.33550842439743767,-0.3577318632189928,0.5282980669451685,0.04248892131585967,0.13251957965953556,0.2170471798901285,0.020830761619747607,0.24564604792730652,-0.0534666824460074,-0.05481475812686496,-0.030238950890960733,-0.03408615529871305,0.09444591059697952,0.09302010121642604,0.01242830456546691,0.016968915290304816,0.0035333857229159073,0.01839174736244852,-0.014288672835126215,-0.01631500334929566,-0.00836358160718751,-0.005224369564309217,-0.005363755680078413,0.023152314675411144,0.002933869745100631,0.0015205594182787334,0.0006726432433706826,0.0015890538323188506,-0.003720703442757069,0.2954927477921827,0.059872159900939366,0.0,0.0,0.0
77.0,-0.2966934960881568,-0.3364562189981185,-0.36166546076758255,0.5208737262804278,0.042225159251768014,0.13452775021552024,0.21829931442401887,0.021050545139889482,0.2469166649633148,-0.05357820160427504,-0.05526454087176655,-0.03049263810224397,-0.03478532218190457,0.09705688182009001,0.0939988507884743,0.012665505785318094,0.01744627918119657,0.0036111216378805987,0.018891253022114748,-0.014487645756244632,-0.01653069531481887,-0.008517319880899828,-0.005355156296160986,-0.005429061511271717,0.023538847728725748,0.002994863140090695,0.0015633376699502885,0.0006919149689311847,0.0016340790204271496,-0.0037978785699161995,0.28997676528397354,0.056044463686956515,0.0,0.0,0.0
78.0,-0.29865322268462513,-0.3373493573257521,-0.365580791074713,0.5135297358290485,0.04195202146900847,0.13652941462734333,0.2195129171715126,0.02126575413116159,0.24814308333986393,-0.053681249029558016,-0.05570837293827688,-0.03074038999764059,-0.0354876213572043,0.09969546637642845,0.09496792274679215,0.012886723987957068,0.01791479445102455,0.003689201121266522,0.01939749596838499,-0.014685353523526118,-0.016763030893063004,-0.008672844523958606,-0.005486875718212888,-0.005492873505797863,0.02392430279902833,0.0030551079306787685,0.0016064669753957223,0.0007113819943091116,0.0016796368256870684,-0.0038751238937971494,0.284523091315141,0.05220830173256627,0.0,0.0,0.0
79.0,-0.30060676309397827,-0.3381888371095995,-0.36947813893511317,0.5062643440527106,0.0416695213030071,0.1385242045703513,0.22068866532199252,0.021476320328388098,0.2493261617192665,-0.05377604677873307,-0.05614637702747391,-0.030982194832617705,-0.03619301264199545,0.10236127490895078,0.09592737325167186,0.013104750580943155,0.018386129987780258,0.003767615510819585,0.019910489457333563,-0.014881794965848296,-0.016998540880400263,-0.008828564967205438,-0.005619508575349244,-0.005555174546891164,0.024308657920342206,0.003115237447083825,0.0016500466488590696,0.000731041318184058,0.001725724382819393,-0.003952428130175053,0.27913065270754395,0.04836456740764039,0.0,0.0,0.0
80.0,-0.30255431931369975,-0.3389756449609001,-0.3733577810355921,0.49907586448131624,0.041377672121847356,0.14051175978234828,0.22182722904266602,0.021682176260198433,0.2504667471443092,-0.05386281011394636,-0.05657867300939031,-0.03121803935765588,-0.0369014577390868,0.10505391460130402,0.09687725586399329,0.013321943951592755,0.018862065958982186,0.0038463563865909906,0.02043024687253322,-0.015076969436519663,-0.017234493563412105,-0.00898417026226556,-0.005753036006626609,-0.005615948243053084,0.02469189266150042,0.0031753703002057546,0.0016940967826599988,0.0007508899951757439,0.001772338918534537,-0.004029780434467272,0.27379840905205705,0.04451411020108842,0.0,0.0,0.0
81.0,-0.3044960819508471,-0.3397107568807653,-0.3772199861844121,0.4919626725378714,0.04107648736569574,0.14249172810383226,0.22292927116121217,0.02188325527305308,0.2515656747721519,-0.053941747701048474,-0.05700537800300602,-0.03144790882992152,-0.03761292012571063,0.10777298911640593,0.09781762159364135,0.01353876198879671,0.019342585675610955,0.003925415560074128,0.02095678170513349,-0.01527087677245255,-0.01747022515920166,-0.00913959302335103,-0.005887439530194389,-0.005675178892566325,0.025073988073911386,0.003235528722865983,0.001738621497753359,0.0007709251358289868,0.0018194777500535383,-0.0041071703797776835,0.2685253513071911,0.040657738081018045,0.0,0.0,0.0
82.0,-0.3064322308608386,-0.3403951387335426,-0.38106501553226163,0.4849232025543764,0.04076598058948225,0.14446376550827272,0.22399544688498968,0.022079491555246543,0.25262376765096567,-0.05401306180322462,-0.05742660646274937,-0.03167178702879798,-0.03832736494640966,0.11051809853939602,0.09874851896012667,0.013754998681670629,0.019826904917076248,0.004004785063889206,0.02149010753456103,-0.015463517255128885,-0.01770578384634619,-0.009294857651630363,-0.006022701029603112,-0.005732851450364211,0.02545492664438395,0.003295701177302299,0.0017836194349278274,0.0007911439064049618,0.0018671382836485371,-0.004184587936279848,0.26331050047236426,0.03679621971306058,0.0,0.0,0.0
83.0,-0.3083629357550441,-0.34102974668770747,-0.38489312278517457,0.4779559449655771,0.04044616550649495,0.14642753612330103,0.2250264035542444,0.022270820160657553,0.25364183653599737,-0.054076948470217955,-0.05784247026841674,-0.031889656274675666,-0.039044758910887434,0.11328883932502497,0.09966999406085343,0.01396987380947158,0.020313304618609345,0.0040844571419086356,0.022030238009846253,-0.015654891573767662,-0.017941771271848848,-0.009450077917225115,-0.006158802741953564,-0.005788951497057054,0.025834692248977005,0.00335584762655926,0.0018290851857066205,0.0008115435284573968,0.0019153180132157849,-0.004262023452318407,0.2581529063312631,0.03293028654615948,0.0,0.0,0.0
84.0,-0.3102883567783417,-0.3416155276256679,-0.38870455441007884,0.47105944366855046,0.04011705603029698,0.14838271224367755,0.22602278042690396,0.022457177032006448,0.2546206797419331,-0.054133597723574234,-0.05825307881525403,-0.03210149745039434,-0.03976507019759308,0.11608480424983149,0.10058209064260443,0.014181533276663133,0.020798056452804255,0.004164424239728538,0.022577186831578493,-0.015845000791068976,-0.018179769911424642,-0.009605546004468711,-0.0062957272481153955,-0.005843465209868604,0.026213270104615896,0.0034158750286672826,0.0018750061120642867,0.0008321212781924814,0.001964014518890419,-0.004339467637456292,0.2530516462612828,0.029060634774327364,0.0,0.0,0.0
85.0,-0.31220864505693635,-0.34215341952368283,-0.39249954983387864,0.4642322935370964,0.03977866631238818,0.15032897433683584,0.22698520849270626,0.022638499023389134,0.25556108302863517,-0.054183193738303236,-0.05865853910114921,-0.03230729002475951,-0.04048826836342293,0.11890558236966789,0.10148485017236794,0.014385181526889912,0.021271788755545123,0.0042446789954096375,0.02313096773448351,-0.016033846311815998,-0.01842409337803624,-0.009762060505514104,-0.006433457465016196,-0.005896379335209575,0.026590646716234862,0.003475543083639857,0.0019213482819865906,0.0008528744856305704,0.0020132254657078867,-0.00441691154753179,0.2480058241050171,0.02518792718220841,0.0,0.0,0.0
86.0,-0.3141239432162234,-0.3426443518026467,-0.3962783416370895,0.4574731380806041,0.03943101077343809,0.15226601104169038,0.22791431031454454,0.022814723921882715,0.2564638195175024,-0.05422591502126033,-0.059058955808391905,-0.032507012077617,-0.041214324259533364,0.12175075898328455,0.10237831190451505,0.014564994492326809,0.021703945895273906,0.004325214230434194,0.023691594470608698,-0.01622142985448857,-0.018689819325456488,-0.00992240655616713,-0.0065719766397983465,-0.005947681162612103,0.026966809818326182,0.003534046050211087,0.001967988231099135,0.0008738005336033765,0.0020629486023128808,-0.004494346571634801,0.24301456910037258,0.021312794881727805,0.0,0.0,0.0
87.0,-0.3160343858683032,-0.3430892456504962,-0.4000411557429792,0.45078066723782345,0.03907410412647511,0.15419351916125762,0.2288106998950229,0.02298579046805516,0.2573296496358554,-0.05426193458643018,-0.05945443137817165,-0.03270064032605042,-0.04194320995289421,0.12461991560273641,0.10326251294242048,0.01463628746578195,0.02193127298893519,0.004406022940849147,0.024259080793092528,-0.01640775342589615,-0.019066211327625777,-0.010103021755643373,-0.006711268345479357,-0.005997358499767778,0.027341748310875588,0.0035868988142117968,0.002014144389283634,0.0008948968566314379,0.002113181759713009,-0.004571764420778949,0.23807703486577098,0.017435838946635737,0.0,0.0,0.0
88.0,-0.3179401000688206,-0.34348901431700285,-0.40378821160312556,0.44415361529621544,0.03870796139114325,0.15611120364948405,0.229674982566351,0.02315163837525734,0.2581593210869357,-0.05429142012716338,-0.059845066076820067,-0.032888150151367805,-0.04267489865290979,0.12751262993135304,0.10413748829375268,0.012476339868424502,0.017820754470457115,0.004487098288589324,0.024833440440486233,-0.01659281929869349,-0.02382353045308793,-0.011068809111238222,-0.006851316477644077,-0.006045399648448198,0.02771545219062101,0.0034940904439084036,0.00202585046891891,0.0009161609397323368,0.002163922850071839,-0.004649157117948835,0.2331923984371454,0.013557631951344514,0.0,0.0,0.0
89.0,-0.31984120574332214,-0.34384456338037095,-0.4075197223798581,0.4375907589301347,0.03833259789896998,0.15801877759253935,0.2305077549016942,0.02331220834762003,0.25895356884312504,-0.05431453418525018,-0.06023095805364998,-0.03306951562664403,-0.04340936464224655,0.13042847584989936,0.10500327091972715,0.01445451150903765,0.0224072313832782,0.004568433592993245,0.02541468712158748,-0.016776629991514348,-0.01998861072934788,-0.010445781310961539,-0.0069921052516503865,-0.006091793381137133,0.028087912479317776,0.003676144210526662,0.0021039645272661997,0.0009375903172107094,0.0022151698655341204,-0.004726516989144455,0.22835985935379244,0.009678719420110707,0.0,0.0,0.0
90.0,-0.3217378160833384,-0.34415679099033575,-0.4112358951264583,0.4310909153446896,0.037948029290067006,0.15991596218467527,0.23130960464657388,0.023467442096753412,0.2597131151605493,-0.054331434316719426,-0.06061220339100063,-0.03324470954468044,-0.044146583210887415,0.13336702341141357,0.1058598917795388,0.015486364786121148,0.023965156626037324,0.004650022322540102,0.026002834500744886,-0.016959188251361716,-0.019593936822106632,-0.010522059174162306,-0.0071336191998407445,-0.006136528918261529,0.028459121151164505,0.003776995520021045,0.002159266935721116,0.0009591825714767373,0.002266920877075544,-0.0048038366550296665,0.22357863878968223,0.005799621192328388,0.0,0.0,0.0
91.0,-0.3236300379138129,-0.3444265880824213,-0.41493693096461065,0.42465294052648944,0.03755427150279649,0.16180248669871544,0.2320811106682457,0.023617282357134374,0.26043866961257167,-0.05434227325394619,-0.060988896147745414,-0.03341370344633225,-0.04488653059247851,0.13632783884499913,0.10670737987178332,0.015781196872932328,0.024599979544284164,0.004731858086843735,0.026597896183586968,-0.017140497037832315,-0.019750457507448253,-0.010664761909943728,-0.007275843168314031,-0.006179595905962927,0.02882907106172912,0.0038415873297138778,0.002209366094941827,0.000980935331931647,0.0023191740333695587,-0.004881109022815194,0.21884797872782824,0.0019208327093401894,0.0,0.0,0.0
92.0,-0.3255179720330839,-0.3446548385707837,-0.4186230252596058,0.4182757275853002,0.03715134075775571,0.16367808845111625,0.23282284292203004,0.02376167290027347,0.26113092914082614,-0.05434719906388585,-0.06136112839792019,-0.033576467649214424,-0.045629183902091315,0.13931048456863776,0.10754576227512638,0.016025437724373013,0.02517178957867079,0.0048139346289440875,0.02719988570313349,-0.01732055950873234,-0.019951796591437573,-0.010812835328633119,-0.007418762312913004,-0.006220984394409173,0.02919775588063287,0.0039035189019326886,0.0022593605870956483,0.0010028462739478429,0.002371927559665091,-0.0049583272780633625,0.21416714117478436,-0.0019571737720387814,0.0,0.0,0.0
93.0,-0.32740171352781977,-0.3448424195172403,-0.42229436779275387,0.4119582051857533,0.036739253538198506,0.16554251276155937,0.23353536243291742,0.023900558547720642,0.26179057812179346,-0.054346355302035,-0.06172899026636711,-0.03373297127684205,-0.04637452107474158,0.1423145192109133,0.10837506419049094,0.01625947955328063,0.025735458934853243,0.004896245817932865,0.027808816506250025,-0.017499379006660706,-0.02016268581922864,-0.01096170902496193,-0.007562362094208449,-0.006260684816686944,0.029565170029930293,0.0039648897494422835,0.0023096696096597683,0.0010249131179591749,0.0024251797566706983,-0.005035484876180565,0.2095354074125521,-0.005833948034447563,0.0,0.0,0.0
94.0,-0.32928135206534775,-0.34499020127922314,-0.4259511429306073,0.40569933606094016,0.03631802656883081,0.16739551290704419,0.23421922129121667,0.024033885183011236,0.26241828844743964,-0.05433988116185283,-0.0620925699632841,-0.03388318228828269,-0.04712252080420273,0.14533949764133433,0.10919530898688848,0.016490582234463598,0.02630038760466246,0.004978785641943475,0.02842470194041114,-0.01767695904618508,-0.020376169576031652,-0.011110499410699831,-0.007706628271397151,-0.0062986879683494205,0.029931308629629377,0.004026093760720775,0.0023603841072455923,0.001047133628664384,0.002478928999442875,-0.0051125755334570505,0.20495207728578413,-0.009709060818789864,0.0,0.0,0.0
95.0,-0.3311569721660695,-0.3450990476379921,-0.42959352979051446,0.3994981156027879,0.035887676794885644,0.16923685007048134,0.23487496266103627,0.024161599762647545,0.2630147196184871,-0.05432791161941827,-0.062451953819385966,-0.034027067508396416,-0.0478731624819095,0.14838497100883064,0.11000651825260006,0.01672059482155849,0.02686856893751638,0.005061548201524563,0.0290475552407467,-0.017853303301314447,-0.020590279101343825,-0.011258968697122085,-0.007851546895160636,-0.0063349849877110545,0.03029616745119715,0.004087236348870097,0.002411532704848125,0.0010695056143357378,0.0025331737362783075,-0.005189593217608714,0.20041646852193112,-0.01358210280266801,0.0,0.0,0.0
96.0,-0.33302865345871,-0.3451698159087112,-0.43322170240195546,0.3933535705240916,0.035448221363065496,0.17106629328386608,0.23550312080045094,0.02428365032620522,0.26358051884898526,-0.054310577573180606,-0.06280722632305015,-0.03416459265872357,-0.048626426135977306,0.15145048678791556,0.11080871185287493,0.016949903286112653,0.027439935934092673,0.005144527703403939,0.02967738951735124,-0.018028415593060964,-0.02080444948186328,-0.011407061147413581,-0.00799710429964633,-0.006369567336984788,0.03065974287925956,0.004148343192323462,0.0024631258535852104,0.0010920269262153948,0.0025879124876119716,-0.005266532137865491,0.19592791608233215,-0.017452683634494634,0.0,0.0,0.0
97.0,-0.3348964709209704,-0.34520335703388083,-0.43683582986315717,0.38726475758759304,0.034999677605613205,0.1728836193661804,0.23610422109234286,0.02439998600563945,0.26411632118101214,-0.05428800597875684,-0.06315847016038231,-0.0342957223890451,-0.04938229237057761,0.15453558883196997,0.11160190799467273,0.017178239361723628,0.028013321247080312,0.005227718454636322,0.030314217742844447,-0.018202299876982554,-0.021018722913191304,-0.011554806354999675,-0.008143287093820364,-0.006402426784347767,0.031022031881094085,0.004209404701872463,0.0025151666204573874,0.0011146954579756162,0.0026431438449246282,-0.005343386734725501,0.191485771542332,-0.021320431019641015,0.0,0.0,0.0
98.0,-0.336760495107936,-0.3452005156615863,-0.4404360764925932,0.3812307623979767,0.03454206302828607,0.1746886128562492,0.23667878008494367,0.024510557033845866,0.2646227496084047,-0.0542603199788314,-0.0635057662586562,-0.03442042030960607,-0.050140742306064176,0.15763981743312733,0.1123861232983425,0.017404738510437747,0.028586269759042715,0.0053111148571164885,0.030958052740177815,-0.01837496023068815,-0.02123363569662355,-0.011702316040075137,-0.008290082152495859,-0.006433555387000829,0.031383031982989994,0.004270380542637692,0.002567653132587919,0.0011375091452151037,0.002698866469664341,-0.0054201516695498945,0.1870894024988879,-0.025184989855322675,0.0,0.0,0.0
99.0,-0.3386207923701608,-0.3451621302098858,-0.44402260197508,0.37525069825298285,0.03407539530254566,0.1764810659408491,0.23722730554122096,0.024615314752508072,0.2651004152085382,-0.05422763902829325,-0.06384919383309877,-0.03453864902394929,-0.05090175752035568,0.16076270938829954,0.11316137287554161,0.017627542851961372,0.029153913898919602,0.005394711402428457,0.03160890717068466,-0.018546400841369937,-0.021450495471309127,-0.011849844209066927,-0.008437476607363083,-0.0064629454752584865,0.03174274125215434,0.004331180276940847,0.0026205766780522154,0.001160465964963169,0.0027550790921872835,-0.005496821814205651,0.18273819200402397,-0.02904602141113072,0.0,0.0,0.0
100.0,-0.34047742506294215,-0.3450890329184246,-0.4475955615023376,0.36932370505025447,0.03359969226185149,0.178260778378436,0.23775029649629123,0.024714211619244305,0.265549917281235,-0.05419007901482942,-0.0641888304365642,-0.03465037016226515,-0.05166531999211613,0.16390379807097513,0.11392767041222983,0.01784252382783354,0.029705706617200383,0.005478502666994128,0.03226679352237832,-0.018716625993487314,-0.02167238378803638,-0.011997980789444775,-0.008585457838335609,-0.006490589637672769,0.032101158282590976,0.0043915981949951355,0.0026739122245399674,0.0011835639351653045,0.002811780510723234,-0.005573392240973079,0.17843153802287345,-0.03290320255248657,0.0,0.0,0.0
101.0,-0.34233045174784194,-0.3449820498883049,-0.4511551059080152,0.363448948246799,0.03311497190151724,0.1800275574188802,0.23824824332213615,0.024807201214043312,0.2659718434939894,-0.05414775237523882,-0.06452475201129075,-0.03475554441513561,-0.05243141204626113,0.16706261350853374,0.11468502825522661,0.01803904478692675,0.0302147482741833,0.005562483307479899,0.03293172409850104,-0.018885640056768387,-0.02190767599134709,-0.012148318657394455,-0.008734013465486783,-0.006516480707161112,0.03245828218329223,0.004451091653599546,0.002727581403831278,0.0012068011141281381,0.002868969590370327,-0.005649858212921915,0.17416885291499712,-0.03675622500449909,0.0,0.0,0.0
102.0,-0.3441799273870054,-0.34484200111097707,-0.45470138179739417,0.35762561786830516,0.032621252381351724,0.1817812177196294,0.2387216277989284,0.02489423824496742,0.26636677003271714,-0.054100768207767026,-0.06485703294169745,-0.03485413156752319,-0.05320001630224486,0.17023868246493254,0.11543345750065481,0.01818156660224508,0.0305915679819963,0.005646648056418871,0.03360371100632871,-0.019053447474712618,-0.022186445670557813,-0.012306551212022189,-0.008883131341788775,-0.006540611748075878,0.03281411256714264,0.0045077887453699745,0.002781264787451794,0.0012301755999075154,0.0029266452621230475,-0.005726215174928755,0.16994956293794944,-0.040604794653907164,0.0,0.0,0.0
103.0,-0.3460259035305276,-0.34466970048677487,-0.45823453167198774,0.35185292756564573,0.03211855203003343,0.18352158125871887,0.23917092319234892,0.024975278553089328,0.2667352617573391,-0.054049232380768884,-0.0651857461070591,-0.0349460905328453,-0.053971115625476025,0.17343152852873772,0.1161729680825778,0.018074580209662575,0.030344821886763507,0.0057309917180080015,0.03428276614623319,-0.019220052753771356,-0.02269889383417175,-0.012508774312210764,-0.00903279954678982,-0.006562976044127425,0.03316864953913037,0.004550773935413186,0.002832695367754689,0.0012536855296304522,0.002984806521936,-0.005802458745463551,0.16577310777198787,-0.044448630887029834,0.0,0.0,0.0
104.0,-0.34786842849671806,-0.34446595583383927,-0.4617546940494209,0.34613011371597796,0.031606889350111335,0.18524847724501212,0.23959659433630684,0.02505027911662406,0.26707787236152475,-0.0539932476379864,-0.06551096293289596,-0.035031379386974745,-0.05474469308207789,0.17664067220657173,0.11690356886026876,0.0121423027244326,0.017064939251517565,0.005815509164044261,0.03496890120100422,-0.019385460453361838,-0.04811725860727542,-0.01621381629626903,-0.009183006381282518,-0.006583567087053144,0.03352189368275429,0.0041093945762704165,0.002723870035791261,0.0012773290787487608,0.0030434524298245404,-0.005878584709219638,0.16163894006504265,-0.048287465961785826,0.0,0.0,0.0
105.0,-0.34970754754490196,-0.3442315688860118,-0.46526200357969816,0.340456434567582,0.03108628302289514,0.18696174202605442,0.23999909772051545,0.02511919805422787,0.2673951445359649,-0.05393291370071756,-0.06583275344002622,-0.035109955402017265,-0.05552073189703591,0.17986563102205477,0.1176252677028096,0.017351102228556507,0.030022062967680518,0.00590019532997065,0.035662127625425546,-0.01954967517682807,-0.02377805887030958,-0.012838643910670234,-0.009333740362935217,-0.0066023785659136604,0.033873846043875964,0.004612570779102136,0.002927255139470014,0.001301104460228894,0.0031025821090020418,-0.005954589010604967,0.1575465249967685,-0.05212104441198681,0.0,0.0,0.0
106.0,-0.35154330304034864,-0.3439673352855735,-0.4687565911561597,0.33483116942203917,0.030556751911235816,0.18866121899379196,0.24037888158240653,0.025181994627419848,0.26768761013464426,-0.053868327367061555,-0.06615118629041013,-0.035181775079736285,-0.05629921541572166,0.18310591962053702,0.1183380715700535,0.019179251862843534,0.033395946843237975,0.005985045211010471,0.03636245663610141,-0.019712701563415605,-0.023005931739104635,-0.012862963832252002,-0.00948499022278848,-0.006619404356897937,0.03422450811165763,0.0047536332746044635,0.002999199079698195,0.0013250099236884996,0.003162194745052217,-0.006030467748058568,0.1534953398616007,-0.055949122482176275,0.0,0.0,0.0
107.0,-0.35337573461078314,-0.3436740445618276,-0.47223858402533203,0.32925361785856194,0.030018315061129626,0.19034675848848612,0.2407363860029041,0.025238629242132653,0.26795579034346517,-0.05379958260844633,-0.06646632882919433,-0.0352467941845221,-0.05708012706848671,0.18636104987960617,0.11904198658938155,0.01956713479214303,0.0343216851667775,0.006070053858377544,0.03706989920152109,-0.01987454428127198,-0.023092486935549064,-0.012989218164790277,-0.009636744902456171,-0.006634638513520233,0.03457388179660327,0.004823323536168512,0.0030581687443794374,0.001349043754494421,0.003222289585133692,-0.006106217169108847,0.1494848736686475,-0.05977146759147895,0.0,0.0,0.0
108.0,-0.3552048792940912,-0.3433524801051156,-0.4757081058923696,0.32372309899172724,0.029470991699952424,0.19201821770095281,0.24107204300562748,0.025289063449366565,0.268200195850857,-0.05372677066351281,-0.06677824712262408,-0.03530496777583496,-0.05786345033813109,0.18963053102569866,0.11973701812807497,0.019847003846033832,0.03504359424334689,0.006155216375557676,0.037784466032350035,-0.02003520802143431,-0.023257156084670785,-0.01312519265829856,-0.00978899355183867,-0.00664807525711305,0.03492196940606679,0.00488726797852384,0.003116043361180273,0.0013732042728400663,0.00328286593721335,-0.006181833666053388,0.14551462675890414,-0.06358785782487322,0.0,0.0,0.0
109.0,-0.35703077167691455,-0.3430034191310509,-0.47916527702469586,0.31823895076447556,0.02891480123201884,0.1936754605733078,0.24138627665903206,0.02533325994497099,0.26842132701975635,-0.053649980129427004,-0.06708700599180943,-0.03535625024008441,-0.05864916872982077,0.19291386975681118,0.12042317086149609,0.020103841507695393,0.03572557890999661,0.006240527914664375,0.038506167571932,-0.020194697492716747,-0.023439981628807928,-0.013262979172413989,-0.009941725527129573,-0.006659708967533349,0.0352687736178643,0.0049499137990322946,0.003173942658510037,0.0013974898328210294,0.0033439231693244667,-0.006257313772115304,0.14158411043818617,-0.0673980814504372,0.0,0.0,0.0
110.0,-0.35885344402403807,-0.34262763263722273,-0.4826102143534093,0.3128005292734206,0.02834976323119038,0.19531835769829736,0.2416795031811663,0.02537118256857465,0.26861967406063375,-0.053569297050633555,-0.06739266904259057,-0.0354005953219342,-0.05943726574307906,0.1962105703713886,0.12110044883759434,0.02035353009281067,0.03639828989364819,0.006325983672877914,0.03923501398698583,-0.020353017417373734,-0.0236285963970178,-0.013400948512217323,-0.010094930388901689,-0.006669534174026205,0.03561429745282296,0.005012132328890825,0.0032321275896808038,0.001421898821527547,0.0034054607088454844,-0.006332654157920316,0.13769284662529777,-0.07120193646114847,0.0,0.0,0.0
111.0,-0.3606729263986815,-0.34222588535253373,-0.4860430315727496,0.3074072081246317,0.027775897430778327,0.19694678621728637,0.2419521310465964,0.02540279630170461,0.26879571720508594,-0.05348480500502296,-0.0676952986919858,-0.035437956155057605,-0.060227724845460864,0.19952013490331813,0.12176885553847369,0.020600430388418113,0.037069744834127304,0.006411578888981073,0.039971015158479596,-0.02051017252739051,-0.023819284097963897,-0.013538624546902713,-0.010248597900074458,-0.006677545546213335,0.03595854424720261,0.005074175368834791,0.0032906872538962613,0.0014464296581704428,0.003467478041795527,-0.006407851628140708,0.1338403675145065,-0.07499923013986061,0.0,0.0,0.0
112.0,-0.3624892467740327,-0.34179893567974834,-0.4894638392377405,0.3020583778181229,0.027193223711220675,0.1985606297169432,0.24220456109517893,0.02542806726514493,0.2689499268796592,-0.053396585187468544,-0.06799495619187597,-0.0354682852923812,-0.06102052944755779,0.20284206326290094,0.12242839393991882,0.02084587554213187,0.03774195899479011,0.006497308840007309,0.040714180672665815,-0.02066616756123664,-0.024010737337361407,-0.013675850566355063,-0.010402718023599431,-0.006683737885198863,0.03630151762593848,0.005136127051703141,0.0033496597491843093,0.0014710807932541003,0.0035299747121432553,-0.006482903118165993,0.13002621525167093,-0.07878977864612936,0.0,0.0,0.0
113.0,-0.36430243113654703,-0.3413475356318282,-0.49287274486002647,0.2967534451594564,0.026601762086153585,0.2001597781246417,0.24243718664234543,0.025446962715592502,0.2690827638795672,-0.05330471649067936,-0.06829170165068317,-0.035491534735878356,-0.06181566287904499,0.2061758533835721,0.12307906656981253,0.021090083127522273,0.03841461673697592,0.006583168838017335,0.041464519812263706,-0.020821007260921214,-0.02420255447171664,-0.013812591320056956,-0.01055728091974348,-0.006688106114806307,0.03664322147758464,0.005198008992057334,0.0034090639915419743,0.0014958507078061875,0.0035929503211263353,-0.006557805690684061,0.12624994162322462,-0.08257340662362492,0.0,0.0,0.0
114.0,-0.3661125035817177,-0.34087243076272217,-0.4962698530018477,0.29149183269676143,0.02600153268755921,0.20174412760261892,0.2426503935905892,0.025459451041671268,0.2691946795419945,-0.05320927558331214,-0.06858559405384579,-0.035507655965977304,-0.06261310836556211,0.2095210013740623,0.12372087556634263,0.021332634652304134,0.03908585798513261,0.0066691542270191735,0.04222204154777394,-0.020974696369198603,-0.02439482069460949,-0.01394888165267541,-0.010712276942900657,-0.0066906452729781265,0.03698365993169564,0.005259808171135289,0.0034689101278095667,0.0015207379126694763,0.003656404526579725,-0.006632556532086789,0.12251110775733301,-0.08634994682687812,0.0,0.0,0.0
115.0,-0.36791948640315697,-0.34037436009329464,-0.49965526536805643,0.2862729781817448,0.025392555750744852,0.2033135804409196,0.24284456054187079,0.02546550175937035,0.269286115918718,-0.05311033698530598,-0.0688766912838512,-0.03551659997065232,-0.06341284900630814,0.21287700167563686,0.12435382273677029,0.021572467224850542,0.039751975276775826,0.006755260380043508,0.042986754528918,-0.021127239626796482,-0.024588060474336558,-0.014084827573113703,-0.010867696637914537,-0.006691350503383103,0.0373228373391935,0.005321478390429009,0.0035292029081212383,0.0015457409478566216,0.0037203370422717215,-0.006707152948648388,0.11880928383655824,-0.09011923976626708,0.0,0.0,0.0
116.0,-0.3697234001758668,-0.3398540560331667,-0.5030290808959959,0.2810963340532143,0.02477485159986802,0.20486804494919383,0.24302005891070358,0.025465085506964073,0.269357505947829,-0.05300797314042088,-0.0691650501405085,-0.035518317274260296,-0.0642148677523235,0.21624334722399852,0.12497790961735772,0.021807492188150413,0.04040607357009183,0.006841482696382655,0.0437586670761926,-0.021278641769567674,-0.024783454544549496,-0.01422064971177689,-0.011023530735943522,-0.0066902170472832026,0.03766075825604034,0.005382922128884094,0.003589941178311929,0.001570858381964753,0.0037847476372478072,-0.0067815923624601785,0.11514404882141478,-0.09388113337005481,0.0,0.0,0.0
117.0,-0.37152426383463505,-0.3393122442991263,-0.5063913958431021,0.27596136694189316,0.0241484406346311,0.20640743534742526,0.24317725303765192,0.025458174039470243,0.26940927362430916,-0.05290225448599026,-0.06945072636200379,-0.03551275796617559,-0.06501914738551313,0.21961952961540906,0.1255931375348203,0.022033529019502136,0.04103459545001109,0.006927816598996438,0.04453778717253571,-0.0214289075254996,-0.0249835244863773,-0.014356808416310105,-0.011179770149942484,-0.006687240235713115,0.037997427430306034,0.005443937000793309,0.003651111759012256,0.001596088811643115,0.0038496361351828537,-0.006855872307138475,0.11151499018419067,-0.0976354826625611,0.0,0.0,0.0
118.0,-0.3733220947484214,-0.33874964383082584,-0.5097423038720382,0.27086755719534894,0.02351334331867465,0.20793167165570065,0.2433165003030807,0.025444740222692594,0.2694418341693354,-0.05279324951993117,-0.06973377464711376,-0.03549987172926117,-0.06582567049853853,0.2230050392765869,0.1261995076694304,0.022241320363232286,0.04160772543369515,0.00701425753208367,0.045324122455103366,-0.021578041611552905,-0.025194163778937538,-0.014494368539691441,-0.011336405969869026,-0.006682415482022443,0.038332849792489715,0.005504061754562314,0.003712666546311949,0.0016214308611041859,0.003915002413743145,-0.006929990423350946,0.10792170365259947,-0.101382149457419,0.0,0.0,0.0
119.0,-0.375116908791533,-0.338166966704483,-0.5130818961332271,0.2658143984219412,0.022869580170020335,0.20944067958315796,0.243438151240925,0.02542475802688712,0.26945559419810894,-0.0526810248650822,-0.07001424867877926,-0.035479607868198475,-0.06663441947575655,0.2263993656379378,0.12679702111966779,0.022406602623848203,0.04204760941912992,0.00710080095881278,0.04611768020708385,-0.02172604873033741,-0.025431834411366296,-0.014636287647166148,-0.011493429457743416,-0.006675738274821235,0.03866703044875673,0.005562049138486613,0.0037744283998399912,0.001646883181666957,0.0039808464039597655,-0.007003944454229463,0.10436379296270266,-0.10512100206513372,0.0,0.0,0.0
120.0,-0.3769087204122617,-0.3375649180450858,-0.5164102613446404,0.2608013970528787,0.022217171753771036,0.21093439041626505,0.24354254965234234,0.025398202520078617,0.2694509518861031,-0.05256564533097648,-0.07029220114905176,-0.03545191533767905,-0.06744537647541433,0.22980199730972087,0.1273856789680741,0.022445561750795987,0.042086598823739184,0.00718744235920372,0.04691846735005255,-0.021872933566619856,-0.025759104372750297,-0.014793802078370912,-0.011650832042702713,-0.006667204171357784,0.03899997467659195,0.005613400101368761,0.003835564093634807,0.0016724444513202255,0.004047168089615591,-0.007077732240752516,0.10084086962069538,-0.10885191501406383,0.0,0.0,0.0
121.0,-0.37869754269950173,-0.33694419593773695,-0.5197274858688302,0.2558280719215033,0.021556138677109864,0.21241274090661308,0.2436300327190833,0.025365049861048525,0.2694282971336047,-0.052447173973172445,-0.07056768378526353,-0.035416742770447734,-0.06825852341332317,0.2332124222607631,0.12796548234781976,0.021863766702732348,0.040176753594785,0.007274177228140017,0.047726490435374525,-0.022018700783843017,-0.026630674099874255,-0.01504950341593108,-0.011808605316185864,-0.006656808791343323,0.039331687922256636,0.005629152240231379,0.0038889156229233142,0.001698113374293839,0.004113967506647566,-0.0071513517171870305,0.097352552673193,-0.11257476878414815,0.0,0.0,0.0
122.0,-0.38048338731232917,-0.33630548771873,-0.5230336527311614,0.2508939559050952,0.02088650230174715,0.21387567329230736,0.24370093090622963,0.025325277282648145,0.26938801151655495,-0.05232567210328936,-0.07084074739484239,-0.03537403850369591,-0.06907384176902077,0.2366301275901865,0.12853643255965938,-0.0002806196589491484,-0.00027884688806709764,0.007361001073596185,0.048541755635328046,-0.02216335502021129,-0.00027347868039621963,-0.00026947819515888213,-0.011966741026627734,-0.00664454781078752,0.039662175798363515,-0.0002911003460855438,-0.00029655944743054526,0.0017238886806235398,0.004181244742564306,-0.007224800906675638,0.09389846837470354,-0.11628944980465367,0.0,0.0,0.0
123.0,-0.3822662652205269,-0.3356494879857324,-0.5263288469710363,0.24599858530612606,0.020208281166549658,0.2153231345158257,0.24375556912577662,0.025278863130917876,0.269330469506853,-0.0522011995788826,-0.07111144180442366,-0.03532375061409221,-0.06989131346897215,0.24005460175647467,0.12909853088628356,0.020873165109182752,0.03923826357994277,0.007447909414428506,0.049364268744214256,-0.022306900886835433,-0.027463350841068667,-0.01528459150226155,-0.012125231079003025,-0.006630416958870273,0.03999144408800616,0.005681747101931624,0.0039845438867590665,0.0017497691257237463,0.004248999935894292,-0.0072980779170754425,0.09047825052841904,-0.1199958489517318,0.0,0.0,0.0
124.0,-0.3840461854127331,-0.334976862310217,-0.5296131451510518,0.24114151993950209,0.01952149814105865,0.21675507745052594,0.2437942647461558,0.025225786763584203,0.26925603651230146,-0.05207381438638993,-0.07137981606463663,-0.03526582693042962,-0.07071091908384652,0.24348533066980904,0.12965177916018744,0.023601655654590315,0.045722286887325776,0.0075348977795857575,0.05019403515269563,-0.02244934296128551,-0.026448194086972222,-0.01528351355070883,-0.01228406752358259,-0.006614412008694385,0.04031949873347926,0.005865296565049012,0.00407883618598021,0.001775753489890639,0.004317233275623805,-0.00737118093704239,0.08709153917081656,-0.12369386383599112,0.0,0.0,0.0
125.0,-0.3858231563111034,-0.33428828334799066,-0.532886625982806,0.2363223223131696,0.018826173274327986,0.21817145944930724,0.24381732980561996,0.025166028635303043,0.2691650711523699,-0.05194357316217217,-0.07164591830036149,-0.03520021507547109,-0.07153263961178227,0.24692180197057992,0.1301961793229413,0.024134880536083196,0.04722084602353478,0.007621961705610339,0.05103105985862443,-0.02259068578769139,-0.02645858063246755,-0.015391245441661735,-0.012443242560135055,-0.0065965287770853595,0.0406463458445998,0.00594253196728399,0.004149291530520192,0.001801840577849046,0.004385945000694854,-0.00744410823253372,0.08373798148179455,-0.1273833960617369,0.0,0.0,0.0
126.0,-0.3875971851533399,-0.3335844126522757,-0.5361493651108933,0.231540567513642,0.018122327373765363,0.21957224290228397,0.24382507007134793,0.02509957024226845,0.26905792435343073,-0.05181053100691928,-0.07190979582570038,-0.03512686248531535,-0.07235645557582997,0.2503635031708296,0.13073173373667582,0.024469163730799385,0.048190010052417624,0.007709096735525782,0.05187534745067665,-0.022730933872431573,-0.02658228533722443,-0.015511922297752412,-0.012602748531394745,-0.006576763118179985,0.040971991690651625,0.006009479812702899,0.004216718882889768,0.0018280292182236923,0.004455135399493128,-0.007516858143634676,0.08041723103810235,-0.13106435227523164,0.0,0.0,0.0
127.0,-0.38936827818522507,-0.33286590420705153,-0.5394014362305288,0.226795840828601,0.017409981292392684,0.2209573949915904,0.24381778535907742,0.025026394122608295,0.2689349397132381,-0.05167474158048056,-0.0721714951514172,-0.03504571643721897,-0.07318234719864691,0.25380992225235754,0.13125844519043214,0.024757916650443197,0.0490373085384711,0.0077962984172326695,0.05272690210304426,-0.02287009168207024,-0.026734694300945494,-0.015635401865832753,-0.012762577921488485,-0.006555110919873094,0.04129644269700035,0.006073943640593788,0.0042835550554775215,0.0018543182630066943,0.004524804809367118,-0.007589429081790318,0.07712894773904307,-0.13473664371086455,0.0,0.0,0.0
128.0,-0.3911364407155664,-0.332133404341617,-0.5426429111472227,0.22208773742850632,0.016689155931157364,0.22232688758078012,0.24379576964151822,0.024946483847084373,0.2687964536512683,-0.05153625714823561,-0.07243106200845217,-0.034956724075513736,-0.07401029439997488,0.2572605478567606,0.1317763169533225,0.025031680344975455,0.049846398557708935,0.007883562302025877,0.0535857275684326,-0.023008163641368685,-0.026897108395728196,-0.015759411649212372,-0.012922723354033858,-0.006531568100024879,0.041619705439134,0.006137553484845203,0.004350420592427395,0.0018807065870010177,0.004594953616163395,-0.007661819527404016,0.07387279762777979,-0.13840018599839218,0.0,0.0,0.0
129.0,-0.3929016771686695,-0.33138755164638795,-0.5458738598347185,0.21741586206060098,0.01595987224060846,0.22368069710502028,0.2437593111557476,0.02485982400945544,0.2686427955568191,-0.05139512862609891,-0.07268854136956072,-0.034859832437069166,-0.07484027679597284,0.26071486947652334,0.1322853528239824,0.025299305007018453,0.05064149611904553,0.007970883943138777,0.05445182717118081,-0.02314515413169326,-0.027063614444445636,-0.01588324311999754,-0.01308317759058483,-0.006506130602809512,0.04194178663515701,0.006200805115206044,0.004417540197950656,0.001907193087248756,0.004665582253778244,-0.007734028027773543,0.0706484527189158,-0.14205489897889484,0.0,0.0,0.0
130.0,-0.3946639911340779,-0.3306289768900867,-0.5490943504913833,0.21277982875486381,0.01522215122165124,0.22501880446214398,0.24370869250949456,0.024766400216505672,0.2684742879347838,-0.051251405624212286,-0.07294397746895667,-0.034754988476286025,-0.07567227370021999,0.2641723776470338,0.13278555717628582,0.025563830076110516,0.051430619626944826,0.008058258894311957,0.055325203800501266,-0.02328106748980687,-0.02723196218953419,-0.01600663575370704,-0.013243933529336652,-0.006478794395156069,0.042262693136885396,0.006263880296030168,0.004485015110516354,0.0019337766824509507,0.004736691203723918,-0.007806053195316812,0.06745559083221626,-0.1457007065290982,0.0,0.0,0.0
131.0,-0.3964233854133705,-0.32985830293845136,-0.5523044495952674,0.20817926054131278,0.014476013925208678,0.2263411949046246,0.2436441907862913,0.02466619907775243,0.2682912465491094,-0.0511051364893687,-0.0731974138199423,-0.03464213908961966,-0.07650626412620753,0.26763256413938735,0.13327693500144375,0.025826249038350086,0.05221595889508801,0.008145682708387158,0.056205859903831826,-0.02341590800701208,-0.02740124973941585,-0.016129493138356113,-0.013404984203992608,-0.006449555463242412,0.04258243191980167,0.0063268475877920035,0.004552899109223744,0.00196045631238671,0.004808280994707505,-0.007877893706028075,0.06429389543206673,-0.14933753639367842,0.0,0.0,0.0
132.0,-0.3981798620638596,-0.3290761446746374,-0.5555042219579535,0.20361378917818812,0.013721481450671574,0.2276478579324962,0.2435660776494021,0.024559208194846728,0.2680939805638666,-0.05095636834618865,-0.07344889323062291,-0.03452123113964187,-0.0773422267911043,0.27109492215380326,0.13375949194672002,0.02608660672265276,0.05299684487092013,0.008233150935929842,0.057093797480294244,-0.023549679928598792,-0.027571200229080647,-0.016251795620457636,-0.013566322782694502,-0.006418409809011639,0.04290101007221795,0.006389723061776003,0.00462122523562677,0.0019872309373393476,0.004880352202220312,-0.007949548298098926,0.061163055472606045,-0.15296532002516966,0.0,0.0,0.0
133.0,-0.3999334224391717,-0.32828310892152957,-0.5586937307773735,0.19908305489045897,0.012958574943180453,0.2289387871872432,0.24347461944449086,0.024445416150689597,0.26788279268191867,-0.05080514713705177,-0.07369845781789487,-0.03439221147866278,-0.07818014012059926,0.2745589465134528,0.13423323435110798,0.026344299324440344,0.053770437661933304,0.008320659123885793,0.057989018074254994,-0.02368238745353675,-0.027741932605632118,-0.016373574390535016,-0.013727942566924185,-0.0063853534466919055,0.04321843478404457,0.006452488367264647,0.004690016828311284,0.002014099537537204,0.0049529054481356714,-0.008021015770636764,0.05806276524813941,-0.15658399243113266,0.0,0.0,0.0
134.0,-0.4016840672267052,-0.32747979436609753,-0.561873037689661,0.19458670611818032,0.01218731558983079,0.23021398034666485,0.24337007730099453,0.0243248124982884,0.2676579792811784,-0.050651517660781784,-0.07394614901997555,-0.034255026971939176,-0.07901998225463407,0.2780241338584667,0.1346981692783669,0.026598019741394963,0.05453130055675905,0.008408202814278409,0.05889152276897917,-0.02381403473434744,-0.02791394981084467,-0.01649491340698792,-0.013889836990294953,-0.006350382399313017,0.04353471333558693,0.006515089949329125,0.004759292549185053,0.002041061112615837,0.005025941400313877,-0.008092294982416523,0.05499272424875167,-0.160193492028216,0.0,0.0,0.0
135.0,-0.40343179648211586,-0.32666679148611777,-0.5650422028200857,0.19012439927414188,0.011407724614986438,0.23147343902071724,0.24325270723212974,0.02419738774938234,0.26741983054841517,-0.05049552361007035,-0.07419200760779288,-0.034109624520507476,-0.07986173105386106,0.2814899828398486,0.13515430454784982,0.026845385284776715,0.0552698237317901,0.008495777542954362,0.05980131218037512,-0.02394462587708655,-0.028088308256439626,-0.016615976125466187,-0.0140519996171688,-0.006313492695221822,0.04384985308678222,0.006577422008498996,0.004829068348817246,0.002068114681107028,0.00509946077221232,-0.008163384850608066,0.051952637020724564,-0.16379376050274883,0.0,0.0,0.0
136.0,-0.40517660966100544,-0.32584468247945103,-0.5682012848331355,0.1856957985103404,0.010619823274972216,0.2327171686483321,0.24312276023352747,0.024063133362865547,0.2671686306106269,-0.050337207607626305,-0.07443607369558174,-0.033955951083677556,-0.08070536410669601,0.28495599431300217,0.13560164876354486,0.02708201038134312,0.05596848880971194,0.008583378838384984,0.060718386450823815,-0.024074164941371948,-0.028267094095991076,-0.01673707608349293,-0.014214424141054158,-0.006274680364610651,0.044163861467247746,0.0066392815356938265,0.004899356190861126,0.00209525927995859,0.005173464322500125,-0.00823428434943212,0.04894221303163889,-0.16738474267753545,0.0,0.0,0.0
137.0,-0.40691850564811033,-0.3250140411961119,-0.571350340981695,0.18130057549280332,0.009823632852410098,0.23394517839520798,0.24298048238044018,0.02392204173304079,0.2669046576639606,-0.05017661124103882,-0.07467838675103695,-0.03379395370122872,-0.08155085873686874,0.28842167153054593,0.1360402113417245,0.027299227951590815,0.05659279163423914,0.00867100222053022,0.061642745243090366,-0.024202655940397215,-0.028454665249057293,-0.016858858191090627,-0.014377104382762275,-0.006233941436078523,0.04447674596744899,0.006700254611755577,0.0049701545970021925,0.0021224939640871704,0.00524795285467649,-0.008304992508709851,0.045961166539919336,-0.17096638638450953,0.0,0.0,0.0
138.0,-0.40865748278427844,-0.324175433073507,-0.5744894271553053,0.1769384091843052,0.009019174650514536,0.23515748105258935,0.24282611492350561,0.023774106177731485,0.26662818410018735,-0.050013775096348904,-0.0749189856053546,-0.03362357951534807,-0.08239819201141313,0.2918865203340811,0.13647000253751995,0.027477804199145115,0.057066341011231404,0.00875864319977081,0.06257438773431405,-0.024330102840881874,-0.028661286964070297,-0.01698282699003125,-0.014540034288319898,-0.006191271933252396,0.044788514131220626,0.006759393936313742,0.005041408338075274,0.0021498178059646054,0.005322927216692523,-0.008375508412285633,0.0430092164685292,-0.17453864234291241,0.0,0.0,0.0
139.0,-0.41039353889156666,-0.32332941507497687,-0.5776185979274558,0.17260898563454072,0.008206469987671793,0.23635409293703977,0.2426598943830477,0.023619320926280874,0.26633947663075325,-0.049848738790330215,-0.07515790846344846,-0.03344477579234381,-0.08324734074907064,0.2953500493445655,0.1368910334706778,0.027566920245533696,0.05718829172286999,0.008846297275912721,0.06351331261007831,-0.02445650956292114,-0.028916292651972136,-0.017113261583416584,-0.014703207926657243,-0.006146667871497153,0.04509917354977478,0.006814100761797191,0.005112819504456816,0.0021772298952364762,0.00539838830057651,-0.008445831196315862,0.04008608628276125,-0.1781014640426919,0.0,0.0,0.0
140.0,-0.4121266712968771,-0.3224765356319813,-0.5807379066018357,0.16831199777740233,0.0073855401925468425,0.23753503379123617,0.24248205264188663,0.02345768110746484,0.2660387964084045,-0.049681541001496,-0.07539519291457496,-0.03325748994416899,-0.08409828152911342,0.2988117701509405,0.13730331615063984,0.02738869595697974,0.056266274416919684,0.008933959937266056,0.06445951805855894,-0.024581879979712305,-0.02933611448061921,-0.01726720461280607,-0.014866619487108315,-0.006100125254745422,0.045408731857241896,0.0068547463461434335,0.0051826464014491005,0.002204729338370374,0.005474337042063303,-0.00851596004743101,0.03719150387176027,-0.18165480763286165,0.0,0.0,0.0
141.0,-0.41385687685436295,-0.32161733459008435,-0.5838474052574774,0.16404714523498634,0.006556406600001119,0.23870032668581648,0.24229281703666586,0.023289182737339053,0.26572639914643104,-0.049512219499856416,-0.07563087594353021,-0.03306166954977365,-0.08495099070062126,0.30227119749668274,0.1377068635010119,0.025868103877951378,0.05038456313017436,0.009021626659798422,0.06541300176475183,-0.02470621791714817,-0.03087253108465934,-0.01758661850934735,-0.015030263276773384,-0.00605164007247537,0.045717196727695676,0.006815213978367136,0.005232398830294869,0.0022323152583298184,0.005550774420228234,-0.008585894200789496,0.03432520143376286,-0.18519863181447196,0.0,0.0,0.0
142.0,-0.41558415196646414,-0.3207523431606349,-0.586947144792597,0.15981413412750484,0.005719090548185708,0.23984999792233647,0.24209241044758803,0.02311382270703261,0.2654025352353948,-0.04934081117543992,-0.07586499394250569,-0.03285726237630744,-0.08580544439227054,0.3057278494639488,0.13810168938335687,-0.02462567296090444,-0.016352726495710183,0.009109292906360825,0.06637376090478232,-0.024829527153282474,-0.007722660794708447,-0.0004055729465780069,-0.01519413371780359,-0.006001208296861607,0.04602457587352873,0.015769571362131033,0.013565534372633739,0.002259986794269018,0.0056277014571266045,-0.008655632938052084,0.03148691536479623,-0.18873289773776245,0.0,0.0,0.0
143.0,-0.41730849260785857,-0.3198820838672971,-0.5900371749677541,0.15561267689235972,0.004873613375522422,0.24098407693728494,0.24188105138712,0.022931598770530862,0.26506744985828395,-0.049167352065780025,-0.07609758272365945,-0.0326442164001776,-0.08666161852265264,0.3091812476549642,0.13848780862030033,0.023989228736543602,0.047086718446227596,0.009196954125983746,0.06734179214031323,-0.024951811417689103,-0.03134571079625856,-0.017686634590583603,-0.015358225344672852,-0.005948825880118685,0.04633087704497543,0.006843257821639799,0.005309514174974972,0.0022877431012430292,0.005705119217439306,-0.00872517558531277,0.02867638615072536,-0.19225756890510184,0.0,0.0,0.0
144.0,-0.41902989434015553,-0.31900707052023636,-0.5931175444464712,0.151442492101559,0.004019996421935371,0.2421025962075099,0.24165895408606866,0.022742509532382958,0.26472138310150833,-0.04899187738198743,-0.07632867753223029,-0.03242247982796851,-0.08751948881130057,0.31263091737056886,0.13886523701742415,0.028756120183363317,0.06093783871513955,0.00928460575323387,0.06831709161300449,-0.025073074390725845,-0.0298729152775935,-0.017675079760152423,-0.015522532801503083,-0.005894488752050438,0.046636108030530275,0.007116145888406588,0.005442536265725644,0.002315583349927935,0.005783028808126337,-0.00879452151102614,0.025893358262557453,-0.195772611073779,0.0,0.0,0.0
145.0,-0.4207483523383221,-0.3181278081638449,-0.5961883008360991,0.14730330429488883,0.003158261027137326,0.24320559115661802,0.2414263285796529,0.022546554435454176,0.26436457006605696,-0.04881442153418621,-0.07655831306027826,-0.03219200111721284,-0.08837903079030167,0.31607638778531444,0.13923399138424303,0.02957570073807228,0.06379517870686222,0.009372243207631959,0.06929965493911519,-0.025193319702765383,-0.029779479605806253,-0.017765546096130246,-0.015687050839500984,-0.0058381928178093175,0.046940276657967975,0.007207350929639826,0.0055298535827632,0.0023435067263452287,0.005861431378087722,-0.00886367012397232,0.023137580054789456,-0.1992779921680768,0.0,0.0,0.0
146.0,-0.4224638614080141,-0.3172447930522405,-0.5992494907262321,0.14319484381098144,0.002288428533097861,0.24429310006293153,0.24118338079097779,0.02234373374861545,0.2639972409745939,-0.04863501815568182,-0.0767865234606971,-0.03195272899701,-0.08924021981671816,0.31951719211929136,0.13959408955344235,0.03000552422256784,0.06526613255715553,0.009459861893117478,0.07028947720416322,-0.025312550933404582,-0.029853549912970533,-0.01786979508283896,-0.015851774314562757,-0.005779933955865297,0.04724339079566829,0.007279601235631134,0.005609968105683815,0.002371512431585985,0.005940328117833891,-0.008932620871299918,0.02040880366684093,-0.2027736821908225,0.0,0.0,0.0
147.0,-0.4241764160064279,-0.3163585126200736,-0.6023011597262382,0.13911684662674728,0.0014105202862855213,0.24536516396870173,0.2409303126134929,0.022134048554434835,0.2636196212770881,-0.04845370012634875,-0.07701334236141234,-0.031704612488471846,-0.09010303108574444,0.32295286780623095,0.13994555039840573,0.030342998422310526,0.06639062723694246,0.009547457197556435,0.07128655295769934,-0.025430771610710234,-0.02997212225003889,-0.01797721270237153,-0.016016698185087257,-0.005719708016173614,0.047545458353947405,0.007347126633421179,0.005688093742789815,0.002399599681530177,0.0060197202591651,-0.0090013732366819,0.01770678492736791,-0.20625965314004205,0.0,0.0,0.0
148.0,-0.4258860102624542,-0.31546944545952205,-0.6053433525014361,0.13506905420149237,0.0005245576409055637,0.24642182659080739,0.24066732199190538,0.021917500736847763,0.2632319317541401,-0.048270499595173745,-0.07723880287951712,-0.03144760092498556,-0.09096743964463742,0.3263829566578415,0.1402883938486555,0.030649163917123495,0.06739568321003277,0.009635024492283236,0.07229087620817924,-0.025547985210534786,-0.030106956020562545,-0.018085300021626147,-0.016181817510026262,-0.005657510818525726,0.04784648728612792,0.007412991193719455,0.00576564698030854,0.0024277677065583036,0.0060996090748606565,-0.0090699267386143,0.015031283261418787,-0.20973587892865436,0.0,0.0,0.0
149.0,-0.42759263799664293,-0.3145780613018569,-0.6083761128080387,0.13105121332600997,-0.00036943803720766683,0.24746313423291708,0.24039460300165222,0.021694092968805916,0.2628343886181793,-0.0480854480020381,-0.07746293763512697,-0.03118164397226988,-0.09183342040740346,0.32980700502420013,0.14062264090296145,0.030942202540644753,0.06835077667088746,0.009722559131669717,0.07330244041793975,-0.025664195155938485,-0.030248861320806838,-0.0181932520149908,-0.016347127447187915,-0.005593338151062661,0.04814648558911355,0.0074781502012712915,0.005843161803734976,0.0024560157512529468,0.006179995878377543,-0.00913828092887903,0.01238206160037384,-0.2132023353073681,0.0,0.0,0.0
