Ecms,Cross_sig20e_0,Cross_sig21e_0,Cross_sig22e_0,Cross_sig23e_0,Cross_sig24e_0,Cross_sig25e_0,Cross_sig26e_0,Cross_sig20e_1,Cross_sig21e_1,Cross_sig22e_1,Cross_sig23e_1,Cross_sig24e_1,Cross_sig25e_1,Cross_sig26e_1,Cross_sig20e_2,Cross_sig21e_2,Cross_sig22e_2,Cross_sig23e_2,Cross_sig24e_2,Cross_sig25e_2,Cross_sig26e_2,Cross_sig20e_3,Cross_sig21e_3,Cross_sig22e_3,Cross_sig23e_3,Cross_sig24e_3,Cross_sig25e_3,Cross_sig26e_3,Cross_sig20e_4,Cross_sig21e_4,Cross_sig22e_4,Cross_sig23e_4,Cross_sig24e_4,Cross_sig25e_4,Cross_sig26e_4,Cross_sig20e_5,Cross_sig21e_5,Cross_sig22e_5,Cross_sig23e_5,Cross_sig24e_5,Cross_sig25e_5,Cross_sig26e_5,Cross_sig20e_6,Cross_sig21e_6,Cross_sig22e_6,Cross_sig23e_6,Cross_sig24e_6,Cross_sig25e_6,Cross_sig26e_6,Cross_sig20e_7,Cross_sig21e_7,Cross_sig22e_7,Cross_sig23e_7,Cross_sig24e_7,Cross_sig25e_7,Cross_sig26e_7,Cross_sig20e_8,Cross_sig21e_8,Cross_sig22e_8,Cross_sig23e_8,Cross_sig24e_8,Cross_sig25e_8,Cross_sig26e_8,Cross_sig20e_9,Cross_sig21e_9,Cross_sig22e_9,Cross_sig23e_9,Cross_sig24e_9,Cross_sig25e_9,Cross_sig26e_9,Cross_sig20e_10,Cross_sig21e_10,Cross_sig22e_10,Cross_sig23e_10,Cross_sig24e_10,Cross_sig25e_10,Cross_sig26e_10
0.001,0.004240545329394774,1.7763568394002505e-14,0.0,0.0,0.0,0.0,0.02648438858202562,0.04771297482320058,1.1102230246251565e-14,0.0,0.0,0.0,0.0,0.36076452814892823,0.0016309698861980415,2.220446049250313e-14,0.0,0.0,0.0,0.0,0.0007160605550260435,0.001186322400410944,4.440892098500626e-14,0.0,0.0,0.0,0.0,0.001897790397086041,0.0009952383571985024,2.220446049250313e-14,0.0,0.0,0.0,0.0,0.011161684662166493,0.0063396613381456746,6.661338147750939e-15,0.0,0.0,0.0,0.0,0.0010040327318159292,0.08286604522423513,1.9984014443252818e-14,0.0,0.0,0.0,0.0,0.0003402381739237015,0.012328858051840808,2.6645352591003757e-14,0.0,0.0,0.0,0.0,0.006513025124694316,0.04973943259445557,6.661338147750939e-15,0.0,0.0,0.0,0.0,0.00048079537315670606,0.009369445075340543,2.220446049250313e-14,0.0,0.0,0.0,0.0,0.003897180804610656,0.0038368963626020935,1.3322676295501878e-14,0.0,0.0,0.0,0.0,0.008550526556160065
0.05,0.20713732082501224,2.2009793987365356e-09,0.0,0.0,0.0,0.0,0.7681466272187665,1.7731156314554366,1.3274115140404774e-09,0.0,0.0,0.0,0.0,1.7893322377663559,0.08092318589603886,2.7829050175398606e-09,0.0,0.0,0.0,0.0,0.03541233151569401,0.05899596659654627,5.622668997062874e-09,0.0,0.0,0.0,0.0,0.0917447180637212,0.04954699410866503,2.587328129521893e-09,0.0,0.0,0.0,0.0,0.451773780040964,0.3057200425262483,9.369016673588249e-10,0.0,0.0,0.0,0.0,0.047976181336987445,2.5689809616324544,2.571687307550974e-09,0.0,0.0,0.0,0.0,0.01661524329005548,0.5713155486676018,3.1555091872803587e-09,0.0,0.0,0.0,0.0,0.27124242003905996,1.8324955961614422,1.0366840719200354e-09,0.0,0.0,0.0,0.0,0.02335888314335932,0.4426878131429217,2.949962496501257e-09,0.0,0.0,0.0,0.0,0.1811479821155917,0.1879528871285392,1.7464518720089472e-09,0.0,0.0,0.0,0.0,0.34002070637298587
1.0,2.840242470952065,1.9154856543135423e-05,9.074255125085529e-09,8.832934383917745e-13,2.930988785010413e-14,0.0,1.6264674186589132,5.786802401157079,1.1889271376297472e-05,8.867506728904573e-09,8.79296635503124e-13,2.930988785010413e-14,0.0,1.877153053817676,1.4095779649994844,2.3999874454450065e-05,8.993996658546166e-09,8.79296635503124e-13,2.930988785010413e-14,0.0,0.5828541340550344,1.0680127221721714,4.750214790627538e-05,9.325724192876805e-09,8.832934383917745e-13,2.930988785010413e-14,0.0,1.107200116725771,0.9145882249314989,2.2381126296711074e-05,9.33477339870592e-09,8.832934383917745e-13,2.930988785010413e-14,0.0,1.8771741751565605,3.578598624844352,8.610333495084888e-06,9.11059494512756e-09,8.79296635503124e-13,2.930988785010413e-14,0.0,0.5047799192014608,5.958977745374455,2.2193662099212474e-05,9.065557193821405e-09,8.832934383917745e-13,2.930988785010413e-14,0.0,0.22610590645559947,4.637847614735188,2.705500846911235e-05,9.086388086387842e-09,8.832934383917745e-13,2.930988785010413e-14,0.0,1.2418865284397609,5.8335165719021616,9.447012516705655e-06,8.974424758889654e-09,8.79296635503124e-13,2.930988785010413e-14,0.0,0.29687036373315,4.219377347040388,2.540061200928534e-05,9.057586680683016e-09,8.832934383917745e-13,2.930988785010413e-14,0.0,1.5086534626768224,2.678353119024928,1.5380973228396044e-05,9.170407988534635e-09,8.832934383917745e-13,2.930988785010413e-14,0.0,1.3230154749330603
2.0,4.2180458728934624,0.00016385266278451383,5.94627135530601e-07,2.2374102570665855e-10,2.2739587990372456e-11,0.0,1.621788355661291,5.999545854050163,0.00010434924320845695,5.923688286557649e-07,2.234372686871211e-10,2.2739587990372456e-11,0.0,1.8224684441585541,2.480667222539455,0.00020369211153781208,5.931536475323185e-07,2.234932239275622e-10,2.2739587990372456e-11,0.0,0.9777533474951476,1.9400821392507845,0.0003962305157534374,5.987210602853565e-07,2.241327123897463e-10,2.2739587990372456e-11,0.0,1.5432018364818703,1.6911246364873884,0.0001904690406684395,5.99908464682386e-07,2.2363710883155363e-10,2.2739587990372456e-11,0.0,1.992902762143217,4.9043818740478615,7.738981821825419e-05,5.963237015293998e-07,2.2358115359111252e-10,2.2739587990372456e-11,0.0,0.6540419554250443,5.995525567499016,0.00018838006292209997,5.947165893083195e-07,2.241407059955236e-10,2.2739587990372456e-11,0.0,0.3324626146199434,5.583625168720239,0.00022839685465125825,5.939961189582732e-07,2.240527763319733e-10,2.2739587990372456e-11,0.0,1.3273341644380254,6.00960466849548,8.423035895654962e-05,5.936807956352652e-07,2.234852303217849e-10,2.2739587990372456e-11,0.0,0.41954411029080774,5.337280172635632,0.00021526924439463357,5.929546769145588e-07,2.2382096176443156e-10,2.2739587990372456e-11,0.0,1.834134719121597,4.066649317494545,0.0001330038645486198,5.961990985348109e-07,2.2371704488932664e-10,2.2739587990372456e-11,0.0,1.3810210121821442
3.0,4.985280382696583,0.0005771590542225091,5.790252573856236e-06,4.580803736331518e-09,9.067209205682047e-10,4.04121180963557e-13,1.586418067409065,5.976209950594054,0.0003739026197857598,5.790596860233421e-06,4.575256173922071e-09,9.067306905308214e-10,4.04121180963557e-13,1.7700500577822762,3.3172070573485213,0.0007140276657602307,5.783542536441644e-06,4.576283352264454e-09,9.067258055495131e-10,4.04121180963557e-13,1.2577127721233547,2.6611425339648975,0.0013741140396694718,5.805225024246852e-06,4.5878660870357635e-09,9.067209205682047e-10,4.04121180963557e-13,1.7603792868357155,2.355788542794612,0.000668904344602872,5.817929801477106e-06,4.578881274142077e-09,9.067209205682047e-10,4.04121180963557e-13,1.999019825198351,5.531030282512223,0.00028176233589416455,5.805263931790705e-06,4.577878076617026e-09,9.067258055495131e-10,4.04121180963557e-13,0.709952442037928,5.90011987764682,0.0006597716028156064,5.792350233235766e-06,4.588049939968641e-09,9.067209205682047e-10,4.04121180963557e-13,0.3890186307183696,5.900939717668779,0.0007974683391398507,5.781265441040517e-06,4.586399260375629e-09,9.067209205682047e-10,4.04121180963557e-13,1.3294659986045825,5.958194854156798,0.0003049590787940204,5.7922188410053366e-06,4.576071521711356e-09,9.067258055495131e-10,4.04121180963557e-13,0.478346938617086,5.7735816457795055,0.0007539657276400824,5.77300436788164e-06,4.582254575780098e-09,9.067209205682047e-10,4.04121180963557e-13,1.950501997306116,4.872318078838875,0.0004719760878124646,5.796164077143118e-06,4.580376078422432e-09,9.067209205682047e-10,4.04121180963557e-13,1.367981935464841
4.0,5.443301131940144,0.0014008700566736643,2.6148980820206447e-05,3.4160802186988803e-08,1.0337802613946678e-08,8.08242361927114e-12,1.5459495645089638,5.896697854568286,0.0009169762901661827,2.6187390384180276e-05,3.4119151504086176e-08,1.033785634874107e-08,8.08242361927114e-12,1.7212324647634967,3.9827423883663733,0.0017289226430672322,2.6130521612266477e-05,3.412689730808438e-08,1.0337822153871912e-08,8.08242361927114e-12,1.4626493270131125,3.2623974723390132,0.003309364359629363,2.6177181114306336e-05,3.421379579648942e-08,1.0337763534096212e-08,8.08242361927114e-12,1.880555614591831,2.9275478929565466,0.0016214954734050657,2.6238601021244534e-05,3.4146429683801216e-08,1.0337783074021445e-08,8.08242361927114e-12,1.9767910568619271,5.856436629599028,0.0006979257837658182,2.6216495800923667e-05,3.413888771675033e-08,1.0337802613946678e-08,8.08242361927114e-12,0.7292951987949814,5.781318261834604,0.0015948606203775029,2.616059642557289e-05,3.4215054789399346e-08,1.0337802613946678e-08,8.08242361927114e-12,0.42074329681717026,6.005844053502295,0.0019255131482687204,2.61020205183371e-05,3.420276062371386e-08,1.0337783074021445e-08,8.08242361927114e-12,1.3097840180155846,5.855605437771423,0.000752574641322834,2.6176988808579438e-05,3.41252346380827e-08,1.0337822153871912e-08,8.08242361927114e-12,0.5076398512447091,5.95639400357613,0.0018250094983773835,2.606699236684662e-05,3.4171693474860376e-08,1.0337773304058828e-08,8.08242361927114e-12,1.9949175956207243,5.368794874415678,0.0011508912930513482,2.616117240705762e-05,3.415764471270677e-08,1.0337773304058828e-08,8.08242361927114e-12,1.33769385741365
5.0,5.725219659611963,0.0027625772433936824,7.855440839188432e-05,1.4881546794853762e-07,6.051458179001656e-08,7.247624722594992e-11,1.5052799845238884,5.799401050469255,0.001818528294488253,7.872101798334086e-05,1.4862267416759778e-07,6.051497258852123e-08,7.247624722594992e-11,1.6757773401668592,4.5192358579954,0.0034073428390613003,7.851236638156678e-05,1.486587293264563e-07,6.05147185694932e-08,7.247624722594992e-11,1.6161428952146983,3.7667408536954854,0.006512355104675294,7.859145677624468e-05,1.490607877130401e-07,6.051435219589507e-08,7.247624722594992e-11,1.9500136957622431,3.4210332525638867,0.0031976096648511643,7.878915762038474e-05,1.4874917297902357e-07,6.051446455046516e-08,7.247624722594992e-11,1.9445794996154504,6.027892177635765,0.0013922789099707344,7.876495936631756e-05,1.4871424092177676e-07,6.051463063982965e-08,7.247624722594992e-11,0.7313841162034156,5.660083544618553,0.003135940921685787,7.859288833511613e-05,1.4906616740972822e-07,6.051458179001656e-08,7.247624722594992e-11,0.4386253038158108,6.0174244707648405,0.003787117098408288,7.839866006076335e-05,1.490095806744307e-07,6.051444501053993e-08,7.247624722594992e-11,1.2824367995880501,5.73890397617549,0.0014975785487547633,7.866719919791265e-05,1.4865081165993388e-07,6.051474787938105e-08,7.247624722594992e-11,0.5214101473272876,6.020693312836142,0.003596894039443743,7.829321573948889e-05,1.488659355786126e-07,6.051441570065208e-08,7.247624722594992e-11,2.007143541093561,5.683561605385715,0.0022756663164003044,7.857453925641522e-05,1.4880111542936447e-07,6.0514430355596e-08,7.247624722594992e-11,1.3020286214270698
6.0,5.898648135726599,0.004770853079443249,0.00018394816550504345,4.6638182116254256e-07,2.3590487741032007e-07,3.9469361112765e-10,1.4657506879529034,5.696789402280766,0.003147962004947935,0.00018439613680909517,4.6572269241096365e-07,2.3590664088857238e-07,3.9469361112765e-10,1.6332690870298805,4.955848402137052,0.00588795058032332,0.0001838569045284899,4.6584661328452626e-07,2.3590552222785277e-07,3.9469361112765e-10,1.7329645164560428,4.191553151280133,0.011267739199465332,0.0001840005112003773,4.672208580025483e-07,2.359038417942827e-07,3.9469361112765e-10,1.9900365590544111,3.847914821728136,0.005526969242009017,0.00018449747841131625,4.661559338536847e-07,2.3590435471732007e-07,3.9469361112765e-10,1.9085806863325807,6.112068772174922,0.002417644601282465,0.00018447071000871063,4.660363375208476e-07,2.3590510700444156e-07,3.9469361112765e-10,0.724438330250087,5.542407254745459,0.005404090381784243,0.00018404392938942138,4.672376245906662e-07,2.3590488718028269e-07,3.9469361112765e-10,0.44817191783755383,5.982042400554536,0.0065346186724291044,0.0001835521273103602,4.6704533440689033e-07,2.359042521327126e-07,3.9469361112765e-10,1.2522105355168285,5.619881613529792,0.0025962007040480906,0.0001842497354993533,4.658187835460126e-07,2.359056492373668e-07,3.9469361112765e-10,0.5263093200799362,6.0220889776277,0.006217592606236888,0.00018329620389145873,4.665547508331258e-07,2.3590414954810512e-07,3.9469361112765e-10,2.002759302519129,5.883809977206637,0.0039350732323439885,0.00018398627001658951,4.663335557708592e-07,2.3590420328289952e-07,3.9469361112765e-10,1.2648707548221756
7.0,6.001418392483169,0.007514642219210721,0.0003647654742526818,1.1728791857734677e-06,7.024935886335015e-07,1.5384893359282614e-09,1.4277219547565245,5.593779260070067,0.004958849754672645,0.0003656970439975815,1.1710473750703443e-06,7.024997192850435e-07,1.5384893359282614e-09,1.5933013540018717,5.3136067147740444,0.00928817345359434,0.0003645699088781207,1.1713932384083137e-06,7.02495845494866e-07,1.5384893359282614e-09,1.8228044956560927,4.550346936504533,0.017831787713826763,0.0003648940007696666,1.1752117559105102e-06,7.02489968862352e-07,1.5384893359282614e-09,2.0116914635809193,4.217693937942903,0.008718795710374039,0.00036595236987668756,1.1722533783675715e-06,7.024917811904174e-07,1.5384893359282614e-09,1.8713187149553487,6.143295649465898,0.0038130848197148737,0.00036587561823075987,1.171920904319279e-06,7.024943946554174e-07,1.5384893359282614e-09,0.7124578380234978,5.43018773635721,0.008498513685346598,0.0003649635939746432,1.1752548094712267e-06,7.024936081734268e-07,1.5384893359282614e-09,0.4524001231777173,5.9211948898328615,0.010297082705041927,0.00036391985357564494,1.174722743080281e-06,7.024913708519875e-07,1.5384893359282614e-09,1.2210483773094536,5.503041898580112,0.00409021831221601,0.00036540416603436654,1.1713143175384744e-06,7.024962753732211e-07,1.5384893359282614e-09,0.5258367225358591,5.987438790331614,0.009813539176464214,0.0003633838376146947,1.1733602010011168e-06,7.024910386732586e-07,1.5384893359282614e-09,1.9890086031233833,6.008174340367979,0.00620028250577942,0.0003648586956335187,1.1727471873612672e-06,7.024912340725109e-07,1.5384893359282614e-09,1.2277275794224258
8.0,6.056260011830066,0.01106448577746777,0.0006428994152813949,2.5230167115530833e-06,1.7313565936483144e-06,4.73380623589037e-09,1.3912231702851137,5.492500535435182,0.0072902797449314605,0.0006445283791398637,2.5186327223813976e-06,1.7313743114755198e-06,4.73380623589037e-09,1.5555140615520608,5.608108961922888,0.01370522503397531,0.0006424921717824716,2.519464345152045e-06,1.7313631248683237e-06,4.73380623589037e-09,1.892262917320497,4.853818684110954,0.02643211986273153,0.0006432906956050921,2.528603270768315e-06,1.7313460909385014e-06,4.73380623589037e-09,2.0212518826062515,4.538215260298286,0.012862866732872291,0.0006452924585484965,2.521523521981095e-06,1.7313514448780154e-06,4.73380623589037e-09,1.8339237766894816,6.1409128839661244,0.005605233926666564,0.0006450074172068554,2.5207261158399774e-06,1.7313589921741368e-06,4.73380623589037e-09,0.6975689839519279,5.323931340348593,0.012497795706414294,0.0006432593994940561,2.5286958447168217e-06,1.7313566473831088e-06,4.73380623589037e-09,0.4530744989793982,5.846044649313427,0.015181299482518451,0.0006413037060171156,2.5274294377375384e-06,1.7313500966231743e-06,4.73380623589037e-09,1.1898157252983745,5.3902362827502435,0.006008318330161799,0.0006440553024882334,2.519270584144806e-06,1.7313644242733517e-06,4.73380623589037e-09,0.521967897517146,5.931162841546949,0.014490585748834217,0.0006402949241861577,2.5241713879076144e-06,1.731349158706763e-06,4.73380623589037e-09,1.9696546255980647,6.080361681437839,0.009126139714219494,0.0006431409723850479,2.5227053925824805e-06,1.731349837719165e-06,4.73380623589037e-09,1.1912210495895899
9.0,6.077593930805719,0.015474394952244008,0.0010383895585537317,4.831902438162672e-06,3.71407503951815e-06,1.2236939461729435e-08,1.3561655939436736,5.39389829946555,0.010168732412152437,0.00104088183393225,4.822508048896168e-06,3.7141195026180185e-06,1.2236927915409979e-08,1.5195985408049757,5.851192883199052,0.01921784742646926,0.0010375815722243331,4.824312933138231e-06,3.714091453055346e-06,1.2236927915409979e-08,1.9459778764164102,5.110558845140629,0.03726843109340239,0.0010394537688593886,4.843916979524465e-06,3.7140473758690007e-06,1.223695100804889e-08,2.0225099167239735,4.816024076720644,0.018031272196381565,0.0010429175298432014,4.828714768034814e-06,3.714062729365253e-06,1.2236939461729435e-08,1.7969193099230503,6.116562904928489,0.007810108361119283,0.0010420673007671688,4.826972997307166e-06,3.714082425609888e-06,1.2236939461729435e-08,0.680974111320956,5.223616881796142,0.01746184701298059,0.0010389834820707655,4.844041551876899e-06,3.714075371696879e-06,1.223695100804889e-08,0.45128133967913353,5.762862059494553,0.02127354826784389,0.0010356427943833957,4.8413842734795764e-06,3.7140567159532623e-06,1.2236939461729435e-08,1.1589121830878097,5.282208038445736,0.008367946940621707,0.0010402505075419732,4.823858904323686e-06,3.7140963282666917e-06,1.2236927915409979e-08,0.5158777431150101,5.861608724733988,0.020335693970128244,0.001033891895395378,4.83443362142566e-06,3.7140551332193183e-06,1.2236939461729435e-08,1.9468110730156702,6.115671254800317,0.01275303627896296,0.0010389671338892903,4.831241003255826e-06,3.7140587285655613e-06,1.2236939461729435e-08,1.1555988745796983
10.0,6.0749715011845336,0.020783833996897982,0.0015687450923547175,8.471687711342213e-06,7.162366452817537e-06,2.7706767546931133e-08,1.3224229021397016,5.298365812949449,0.013609993216243677,0.0015721402584776278,8.453359900073565e-06,7.162466106436227e-06,2.770675022745195e-08,1.4852941501701435,6.052013145306448,0.025888211357589785,0.0015672305257741215,8.456861930739024e-06,7.1624033930461906e-06,2.770675022745195e-08,1.9872967989039414,5.32755016706003,0.05051357756933328,0.0015712384228190324,8.495075710879263e-06,7.162307119834566e-06,2.7706790639570045e-08,2.017875653525578,5.056628007950803,0.024280313437590184,0.0015768317639777152,8.465479421460032e-06,7.162338017341341e-06,2.7706756000611676e-08,1.7605415768831358,6.077618364111612,0.010434925216282753,0.0015747515731154849,8.462137950360216e-06,7.162380409209135e-06,2.7706756000611676e-08,0.6633846696324524,5.129017308369436,0.023433984170806443,0.001569654335106918,8.495393684526675e-06,7.162366599366976e-06,2.7706790639570045e-08,0.44771831311055665,5.675374721379557,0.028641545800422996,0.001564340810478626,8.490140230854593e-06,7.162329102250453e-06,2.7706784866410317e-08,1.128519398132703,5.1791960494676506,0.011177172019045667,0.0015714726106299537,8.456021275193848e-06,7.162410915917405e-06,2.7706756000611676e-08,0.5082939121537242,5.783885798040968,0.02741879190221841,0.0015614881780980916,8.476533339241143e-06,7.162323997444986e-06,2.7706767546931133e-08,1.921736556874858,6.124380627281473,0.0171088562373245,0.0015699874369454747,8.470421875905743e-06,7.162328613752322e-06,2.7706767546931133e-08,1.1209394909851724
11.0,6.0549419816288745,0.02701959353716088,0.0022487155005963544,1.3843586393225138e-05,1.2712031374650934e-05,5.655409784921517e-08,1.2898639747716563,5.206024246864833,0.017620908705815452,0.0022528325334820742,1.3810167541539187e-05,1.2712236128642473e-05,5.655405743709707e-08,1.4523826230037584,6.217763169528651,0.03376374160489748,0.0022460319034514065,1.3816578721126405e-05,1.2712107448464849e-05,5.655405743709707e-08,2.018692278008289,5.510527678116968,0.06631474810703253,0.002253884557563257,1.3886280137764828e-05,1.2711908761620094e-05,5.655414980765272e-08,2.0089444765300337,5.264694977114635,0.03165231786927958,0.0022624318499806506,1.3832295564952801e-05,1.2711973648826813e-05,5.6554080529735984e-08,1.7248843483207885,6.028936938877136,0.013479749785072492,0.002258020626686008,1.3826184049658963e-05,1.2712060953212756e-05,5.6554080529735984e-08,0.6452366713710562,5.03983111750436,0.030442916590522895,0.0022500263980100854,1.3886781860428243e-05,1.2712031609130037e-05,5.6554161353972177e-08,0.442850313772285,5.585892452177722,0.037336339514066896,0.002242040720280336,1.3877250628624438e-05,1.2711953190525094e-05,5.655414980765272e-08,1.0987124448179175,5.0811982077522995,0.014436375590611839,0.0022524017279650366,1.3815009468398642e-05,1.271212369591268e-05,5.655406898341653e-08,0.4996823771134826,5.701256500926845,0.03579456175137441,0.0022376229797886893,1.3852458500274167e-05,1.2711943117693636e-05,5.6554109395534624e-08,1.8952158389624403,6.113622717374762,0.02221079169056228,0.0022511459775027554,1.3841306153228317e-05,1.2711953972122103e-05,5.655409784921517e-08,1.0872431672442775
12.0,6.022125631726814,0.03419748327718963,0.0030903310744552215,2.1379499354878817e-05,2.1101829362990543e-05,1.0623625357197852e-07,1.2583662925684727,5.116856560602973,0.02220092997491596,0.0030946613358575625,2.132192798720567e-05,2.110222020057506e-05,1.0623616120142287e-07,1.4206821275189454,6.354173381301283,0.042878789236246995,0.003085815634354283,2.1333049167182594e-05,2.110197511129286e-05,1.0623616120142287e-07,2.042028502034626,5.664244625953787,0.08479462777962743,0.0031000768559312775,2.145322260238558e-05,2.1101589788852237e-05,1.0623636326201336e-07,1.9968091616721542,5.44420629102591,0.040177293009153736,0.0031125624861907397,2.136010139563993e-05,2.1101722210925544e-05,1.062362073867007e-07,1.6899695163133437,5.973821912366221,0.01693892334020841,0.003104137661226858,2.134946878085131e-05,2.110189159765241e-05,1.0623621315986043e-07,0.6268051070173755,4.955738918623119,0.03850456353139187,0.003092129772414687,2.145382786622463e-05,2.1101830335101823e-05,1.06236392127812e-07,0.43699765989580674,5.495890194548155,0.047394062242249735,0.003080669006342962,2.143759069461737e-05,2.110167107982619e-05,1.0623635748885363e-07,1.0695135358355552,4.988095523367797,0.01813972605911429,0.00309494825949308,2.1330214442727424e-05,2.110201271099399e-05,1.0623617274774233e-07,0.49035039764534005,5.6158726851267,0.04550407932793821,0.0030741056413008394,2.139496967590304e-05,2.110165539415121e-05,1.0623627666461744e-07,1.8677572207384223,6.0884829241176455,0.028066962541155593,0.003094726945518822,2.1375605533613395e-05,2.1101684347435423e-05,1.062362477988188e-07,1.0544752581585866
13.0,5.9798597214909615,0.042323834012183426,0.004103088300859703,3.153430269309254e-05,3.3151272380571584e-05,1.8646932398169724e-07,1.2278208586541437,5.030775394497425,0.027343443037004533,0.004106678484723236,3.144003455579636e-05,3.315197822129079e-05,1.864691276942665e-07,1.3900417163105403,6.465863735424886,0.0532561357745287,0.004095830923054322,3.145820701533353e-05,3.315153577876373e-05,1.864691276942665e-07,2.0587369362733634,5.792672497461925,0.10605252955555589,0.0041201475987997505,3.165492158796468e-05,3.315084982968841e-05,1.8646953758860718e-07,1.9822405977411113,5.598576886015231,0.049874406624086376,0.004137714638990264,3.1502601463451185e-05,3.315107634627168e-05,1.8646922583798187e-07,1.6557833352511215,5.914577240757656,0.020802274842637303,0.004122852256741805,3.148534191366181e-05,3.3151375619766554e-05,1.8646923738430132e-07,0.6082678153949179,4.8764280651128935,0.04762368757465385,0.004105455080714027,3.1656076448172144e-05,3.3151271784603864e-05,1.8646959532020446e-07,0.43038805988556916,5.406329434973281,0.05883753037022821,0.004089624487550569,3.1629307153391295e-05,3.315100032619256e-05,1.8646953181544745e-07,1.0409191375682845,4.899713849788013,0.022276433147019326,0.004108431977544402,3.145367458889936e-05,3.3151590939972664e-05,1.8646915656006513e-07,0.48050616915516553,5.529189321724343,0.05657629015169974,0.004080204556462075,3.1559390393010034e-05,3.315096511036231e-05,1.8646936439381534e-07,1.8397009301990268,6.052669176991352,0.034677834551257725,0.004110544705032915,3.152802742079075e-05,3.315100549450278e-05,1.8646930666221806e-07,1.022587510521749
14.0,5.930602918103043,0.051396820431948154,0.00529420732631003,4.4755710473687316e-05,4.9759413143668496e-05,3.093329299375114e-07,1.19813328007307,4.9476589490027685,0.03303690439234286,0.0052955346671472725,4.460720947419006e-05,4.9760621697814145e-05,3.0933255468212906e-07,1.3603363870054368,6.556598414338586,0.06490833729781986,0.005283001163393308,4.463594298176332e-05,4.9759865248688584e-05,3.093325604552888e-07,2.0699350816502156,5.899153730421626,0.13016549633963148,0.005322349724163011,4.494600977000829e-05,4.975868434353714e-05,3.093333686976507e-07,1.9657969120973533,5.730750936414729,0.06075330214587282,0.005346294097451132,4.4705884070683766e-05,4.975908224480463e-05,3.093327451964001e-07,1.6222955923890279,5.852842952593048,0.025056137510184318,0.005321656041234135,4.467857906842454e-05,4.975959656983164e-05,3.093327740621987e-07,0.5897425439348525,4.8016029106444895,0.057795353368468305,0.005297210632565275,4.494746202432509e-05,4.975941193219313e-05,3.093334726145258e-07,0.42318825809610283,5.317844576169347,0.07167769102080834,0.005276038926595561,4.490550979063812e-05,4.975893696057554e-05,3.093333456050118e-07,1.0129140136599073,4.815855699263016,0.026831806076281772,0.005299834246656143,4.4628629611853654e-05,4.975996595746324e-05,3.093326066405666e-07,0.47029457122597584,5.442208547465886,0.06902933018793522,0.005262907852059406,4.479545274715946e-05,4.9758879928418764e-05,3.0933302230806703e-07,1.8112814800410248,6.008936585359056,0.042037450105809615,0.005306205051943902,4.474592196768157e-05,4.97589589234515e-05,3.0933290684487247e-07,0.991528652785985
15.0,5.876196987003461,0.06140762261118926,0.00666892195633606,6.150078628763822e-05,7.186645003853798e-05,4.892988529903164e-07,1.16922312344715,4.867370479172852,0.03926580484926445,0.006665763632593524,6.127481335127527e-05,7.186843148465627e-05,4.892981544379893e-07,1.3314627989729133,6.629473215577828,0.07783892358802058,0.006652211903576344,6.131869650038979e-05,7.186719336660374e-05,4.892981428916698e-07,2.0765085211103074,5.986519831445856,0.15718938363948665,0.006713160883324409,6.17908355242669e-05,7.186524494784408e-05,4.892996612326783e-07,1.9478917097307544,5.843278650234633,0.07281526537986194,0.006744921088716271,6.142512989049109e-05,7.18659159195667e-05,4.892984950544133e-07,1.5894698667510587,5.789805577292719,0.029684195111681078,0.006706070942772424,6.138338830030676e-05,7.18667628385461e-05,4.892985470128508e-07,0.5713091124487377,4.730988403222576,0.06900622739399065,0.006672612328691763,6.179247413351519e-05,7.186644777679163e-05,4.892998690664285e-07,0.41552384565346934,5.230855588910783,0.08591493135368777,0.006645069903767009,6.17289723736647e-05,7.186565003003409e-05,4.892996381400394e-07,0.9854785447583216,4.7363169670778,0.03178813964081817,0.006674083683906318,6.130729763054177e-05,7.186737023712197e-05,4.892982410353852e-07,0.45981918232371477,5.355629581311813,0.08287170634361685,0.006627216295934435,6.156162701609347e-05,7.186556298943714e-05,4.892990204119485e-07,1.7826649287590204,5.959365228587779,0.05013449180220286,0.006687398251001397,6.148602718969443e-05,7.186571051587265e-05,4.892987952587191e-07,0.961249528797385
16.0,5.818041091800422,0.07234144547315191,0.008230778145565942,8.21457019606342e-05,0.00010052985730801822,7.431079342978819e-07,1.141022554168158,4.7897690512880855,0.046011484934076474,0.008220076492014172,8.181067143331333e-05,0.00010053293434797439,7.431067681196168e-07,1.3033356175312711,6.687055643460722,0.09204346927380591,0.00820660772971582,8.187691054750701e-05,0.00010053103718243861,7.431066526564223e-07,2.079168709271488,6.0571837998461575,0.18715993474043957,0.0082975946970536,8.257859006199908e-05,0.00010052775229141275,7.43109568102085e-07,1.9288380319364373,5.938378506700624,0.08605426021026208,0.008338737161385446,8.203394849015666e-05,0.00010052912443869744,7.431071953334367e-07,1.557268968710492,5.726334479060234,0.0346681825752615,0.00827994599991655,8.196994139053615e-05,0.00010053055016445711,7.431072472918743e-07,0.5530229877082582,4.664330585838142,0.08123573625777425,0.008235182229090032,8.257678240397581e-05,0.00010052987499165056,7.431097990284741e-07,0.40749196098586626,5.145638526741758,0.10154026513686576,0.008200201930978146,8.248590855952642e-05,0.00010052826105244606,7.431096200605225e-07,0.9585924824715466,4.660895748655064,0.03712545265407208,0.008234351084282387,8.185781099356859e-05,0.0001005315640569826,7.431066757490612e-07,0.4491561391871963,5.269944030299152,0.0981033536712328,0.008176444401983396,8.223957950637129e-05,0.00010052827883377802,7.43108378831181e-07,1.7539718556646577,5.905546940656878,0.058953199939029144,0.008258199926770793,8.212378428495981e-05,0.0001005288166360252,7.43107720690972e-07,0.9317053865656808
17.0,5.757210830613509,0.08417841510576896,0.009981923133222548,0.0001073599363330402,0.00013647717201292764,1.0899725855217923e-06,1.113474750682844,4.714715487674388,0.053252823970242336,0.009959648010791966,0.00010688053680896203,0.00013648198333848782,1.0899704436795332e-06,1.275884426419593,6.731491152759669,0.10751055383201091,0.009947880151962352,0.00010697379158486342,0.00013647898122925994,1.0899704379063735e-06,2.078494389901791,6.113213203745056,0.22009385960244154,0.010079501570309457,0.00010797612135204915,0.00013647427509200227,1.0899750102488781e-06,1.9088774107642963,6.017988098589837,0.10045785081606917,0.01013170169140798,0.00010720003709518977,0.0001364758842439251,1.0899715405798815e-06,1.5256577135415959,5.6630726748849884,0.039988463859228496,0.01004574489395349,0.00010711164311505428,0.00013647791477433557,1.0899717080015137e-06,0.5349237560239639,4.601395707541127,0.0944571008794437,0.009987037916236119,0.00010797905231951788,0.00013647715341091882,1.089975668389087e-06,0.3991696058507883,5.062370999086105,0.11853641184078834,0.009943537982116002,0.00010784421244025566,0.00013647525597182408,1.0899749178783225e-06,0.9322367791744872,4.589396896745972,0.042822101677724156,0.009982335655395858,0.0001069494876699828,0.00013647937173466573,1.0899707958422766e-06,0.43836302209536715,5.185498284798636,0.1147165861037669,0.009912511907492316,0.00010748887232292503,0.00013647501931401962,1.0899730762403692e-06,1.7252919089450116,5.848713962527961,0.06847416425105113,0.010021362061341854,0.0001073293192561664,0.00013647536174632435,1.089972464285438e-06,0.9028566747253302
18.0,5.69454134024508,0.09689436932003748,0.011923371483753442,0.00013733620366140897,0.00018096714797888325,1.5507770791955977e-06,1.0865323305960044,4.64207559308131,0.06096682277944243,0.011884380933505856,0.00013666199468076456,0.00018097429878061178,1.5507735575681636e-06,1.2490511387632237,6.764584765970812,0.12422262605806145,0.011876532696572184,0.00013679361858454087,0.00018096984480608924,1.5507735171560455e-06,2.0749617511980767,6.156388503874478,0.25598992657996256,0.01206184549333944,0.00013820452809376604,0.00018096279942714233,1.5507811435000463e-06,1.8881995106681324,6.083805961412087,0.11600802657930398,0.012126864425765493,0.00013711175483788196,0.00018096526725130957,1.5507753183818807e-06,1.4946042040808138,5.600498813242987,0.045624507636530254,0.01200481046141455,0.00013698670737349872,0.00018096830252467555,1.5507755897203879e-06,0.5170404913658433,4.541968767495477,0.10863826266350962,0.01192915889159707,0.00013820677387732516,0.0001809671205252883,1.5507821942151168e-06,0.3906191966836765,4.981162252207405,0.1368787823829387,0.011876067723871397,0.00013801824209913605,0.00018096422063917927,1.5507810049442128e-06,0.9063943748424901,4.521634235877925,0.04885529057450544,0.011918528725804567,0.00013675853805805716,0.00018097047655629694,1.5507740771525391e-06,0.42748463868663666,5.102535416417492,0.13269695623465472,0.011836211910046135,0.00013751892115454467,0.00018096389722410677,1.550777922076918e-06,1.696693231789467,5.789829452462548,0.07867500851719056,0.01197858043793687,0.00013729344873780747,0.00018096447979232266,1.5507768482692086e-06,0.8746690682832399
19.0,5.6306864515245385,0.1104615575475476,0.014055239332020797,0.00017256646121666108,0.00023489244418017918,2.148552962655259e-06,1.0601558963393942,4.571721814296866,0.06912909720445004,0.01399313945130265,0.00017163746110782085,0.00023490280903093463,2.1485473453708437e-06,1.2227878366308902,6.78786450261105,0.14215678647595764,0.013992114456863547,0.00017181939367283405,0.00023489636529117064,2.148547253000288e-06,2.0689667007426458,6.188249999166974,0.2948300728831943,0.014246948271569249,0.00017376522600409672,0.00023488608494570684,2.148559544057349e-06,1.866955676612271,6.137326205143857,0.13268194367233033,0.014326605487445576,0.0001722577521383606,0.00023488976369323566,2.1485501107143534e-06,1.4640802815840304,5.53897037371595,0.0515552784105866,0.014157597478715367,0.00017208456376671677,0.00023489418321887,2.1485505321550136e-06,0.4993951971964403,4.485851886399958,0.12374271562131778,0.014061621286293846,0.0001737660070393332,0.00023489240249663368,2.1485611951810313e-06,0.3818923382715411,4.902073505514956,0.15653638361772249,0.013997903773990128,0.00017350751006350862,0.00023488809519367493,2.1485593593162378e-06,0.8810504245621553,4.457431470083527,0.055201493513001854,0.014042446141982357,0.0001717699696319741,0.00023489734512072147,2.148548078562129e-06,0.4165568382602767,5.021223935492834,0.15202403745701254,0.0139474469953762,0.00017281992676121405,0.0002348876628337493,2.1485543597599133e-06,1.6682286949622083,5.729652366225423,0.08953098421027317,0.014130729895526883,0.00017250796557233272,0.00023488860528830813,2.148552558534078e-06,0.8471131153990799
20.0,5.566161527148715,0.12484926249912487,0.016376943856804438,0.00021343859092537443,0.0002992263431007558,2.9079354111338773e-06,1.034312742200128,4.503533984659063,0.07771429665363261,0.016283948671508064,0.00021218101205633388,0.00029924100073630555,2.9079267283016463e-06,1.1970549742880383,6.80263119090173,0.16128549857453045,0.016293419086875538,0.00021242836859158842,0.00029923191709402275,2.9079264685094586e-06,2.06084154080861,6.210135904896044,0.33658053601992144,0.016636698331292887,0.00021506542191129796,0.00029921718589553947,2.9079458778724643e-06,1.8452684507488302,6.179867350003498,0.1504525946887858,0.01673283996817787,0.0002130214643001338,0.00029922265050918995,2.907930833018213e-06,1.4340615215701118,5.4787543390767794,0.057759557559169394,0.016503870732425874,0.00021278511804156963,0.0002992289685730398,2.9079314565194636e-06,0.48200503403897077,4.432862689938077,0.13973025588513988,0.016383797893379626,0.00021506206775434578,0.0002992262888237285,2.9079483141458695e-06,0.37303243428760213,4.825131956641662,0.17747265118397415,0.016308483037581922,0.00021471489459212734,0.00029921991362025224,2.907945693131353e-06,0.856192235805759,4.396622357925055,0.06183680594393781,0.016352826302065804,0.00021235932571217475,0.0002992334858031853,2.9079275769561264e-06,0.40560905616601683,4.9416779074712895,0.1726721391381325,0.016245430411414574,0.0002137852520611716,0.00029921941517629946,2.907937731944088e-06,1.6399400939043947,5.668784744393293,0.10101548655979009,0.016478064473866016,0.00021335982324099945,0.0002992209949010949,2.907934631757314e-06,0.8201637191148601
21.0,5.501374962039385,0.140024353439947,0.01888736992413742,0.00025951158549286646,0.00037605139816010436,3.853658667285487e-06,1.0089757312901986,4.4373995324262125,0.08669645905304613,0.01875416188836354,0.00025785608797779247,0.0003760701588477744,3.853648038898427e-06,1.1718198876032173,6.809997957093511,0.18157723725147124,0.01877865114464372,0.00025817334909916667,0.00037605946422658576,3.853645556439744e-06,2.050867608378671,6.2232134558525996,0.3811930049548473,0.019232726148537438,0.0002616220326658869,0.00037603796810570245,3.853671593390118e-06,1.8232383701198955,6.212596461453626,0.16928941514602114,0.019347189137748355,0.00025896472282571636,0.00037604730182483337,3.853651641350098e-06,1.4045269926699344,5.420049330383847,0.06421620590150834,0.01904287030778029,0.0002586751333693016,0.00037605519702443857,3.853654805041629e-06,0.4648837720173473,4.382832787134793,0.1565576576356631,0.018894525449497213,0.0002616555228405204,0.00037605084844338776,3.85367706057238e-06,0.3640765246937483,4.75034057961245,0.19964621792504023,0.018806735086905668,0.0002611685358697713,0.0003760404403996276,3.853672736475744e-06,0.8318090660383946,4.339050481221635,0.0687372351781046,0.018847795702103376,0.00025810389285840785,0.0003760618864201426,3.853648558482803e-06,0.39466602899699765,4.8639712589526685,0.1946109629559345,0.01872885425794335,0.0002599285533051443,0.0003760412055928697,3.853659706454238e-06,1.611861023549931,5.60770669297899,0.11310050372861813,0.019020384438301896,0.0002594147066199426,0.0003760450513237146,3.853657200902916e-06,0.7937995700587859
22.0,5.436651668563332,0.15595177883933609,0.021585008790853344,0.0003137368472456714,0.000462660601235676,5.017455174893826e-06,0.9841223348788279,4.3732133788910375,0.0960493112778682,0.021400600424028582,0.00031154546265188543,0.00046268871994525895,5.0174350958442915e-06,1.1470555598591496,6.810921803290304,0.20299708081104262,0.02144556464593972,0.0003119752519480379,0.000462671264138681,5.0174350323395345e-06,2.039284969469839,6.228504478103522,0.4286057869097437,0.02203655127736992,0.0003165730339551587,0.0004626435588548361,5.017477817226279e-06,1.8009488986898599,6.236549449791476,0.18915883362001118,0.022171123232468837,0.00031301206415612626,0.0004626534323888265,5.017445424027045e-06,1.3754589049954404,5.363001814888932,0.07090437699539098,0.021773448979477195,0.00031260363652840795,0.0004626652344450477,5.017447127109165e-06,0.44804274401372624,4.33560637747847,0.1741792825135624,0.021592244044764897,0.0003165710181876058,0.0004626603887341041,5.017484058011945e-06,0.3550566017666448,4.677685073390613,0.22301162318031142,0.021491222493341677,0.00031596004902834096,0.0004626489686003765,5.017476910840202e-06,0.8078918645258408,4.2845687978010085,0.07587893982097693,0.021525006830095172,0.00031185766765773337,0.0004626736539594667,5.017438478915892e-06,0.38374896273438797,4.788148100420948,0.21780620645613258,0.02139602960371123,0.0003143355913119983,0.00046264759009284617,5.017459602907337e-06,1.5840188796974761,5.546802609361441,0.12575700760673048,0.02175717511519082,0.00031360262645918624,0.0004626500840321235,5.017454141498234e-06,0.7680025914038948
23.0,5.372250807235586,0.17259500465986344,0.024468074509615967,0.00037383625453646374,0.0005635557506118438,6.42328896782729e-06,0.959733819314919,4.310877663485352,0.10574652242727911,0.02421967158316951,0.00037099812058860593,0.0005635934597316705,6.423259865329101e-06,1.1227396015783482,6.806229061251979,0.2255072514479628,0.024291579446051426,0.0003715567262023711,0.0005635701020763051,6.423259495846878e-06,2.0262999372318466,6.226906541904688,0.47874498381694996,0.02504970668294826,0.00037751878485714485,0.0005635326169426413,6.423322550297428e-06,1.778470059035695,6.252648224034587,0.21002477082470383,0.025206081519744572,0.00037289901666914815,0.000563546336368681,6.423274448330574e-06,1.3468422208159287,5.307718130789885,0.0778036885940625,0.024694187342658047,0.00037236613080171566,0.0005635622803761287,6.423276826872382e-06,0.431491474872606,4.291038997021525,0.19254762823756044,0.024475114292791922,0.0003775072885372488,0.0005635554699305878,6.423331319727055e-06,0.3460005697521167,4.607138848330521,0.24751996696242617,0.024360258765647735,0.0003767211829206474,0.0005635396453413932,6.4233214533970795e-06,0.7844330041751699,4.23303909142663,0.08323842555502114,0.024381754006228995,0.0003714001696706326,0.000563573639926318,6.423264085508862e-06,0.3728763369397603,4.714230271884428,0.24222011845332236,0.02424500418811082,0.00037461916436143383,0.00056353799056863,6.423295826341047e-06,1.5564362747851042,5.4863810864252684,0.13895529312716537,0.02468772321171997,0.0003736631578834526,0.0005635417917533303,6.423287131962496e-06,0.7427574264914556
24.0,5.308379327873441,0.1899164035947165,0.027534602799236474,0.00044103701412145924,0.0006783118689863699,8.101841896035467e-06,0.9357945632822524,4.250301379794983,0.11576191613395181,0.02720746941023977,0.00043740602972430764,0.0006783617167571698,8.101800398563341e-06,1.0988534085778476,6.796636063141477,0.24906760829605856,0.02731388019624026,0.0004381227209586669,0.0006783309082694089,8.10179958454782e-06,2.012090964115706,6.219210560696866,0.5315256713701033,0.028273845184724422,0.00044575908573918355,0.0006782809776737508,8.101890563771974e-06,1.7558611446071803,6.261715253235564,0.23184909205367532,0.028453574439043727,0.0004398397396299103,0.0006782996638801109,8.101820772044022e-06,1.3186642684173906,5.254273516164645,0.08489435845436821,0.02780349144543548,0.0004391538897969838,0.0006783208532583629,8.101824097384025e-06,0.4152380995530578,4.248996401575182,0.2116138213346197,0.02754111701693196,0.00044573480122878095,0.00067831148870523,8.101902791324278e-06,0.33693295777596166,4.5386666422059,0.27311951231277387,0.027412008666371168,0.0004447342335840432,0.000678290002671833,8.101889241718396e-06,0.7614260274099833,4.184331386249633,0.09079270353240076,0.027415071901680577,0.00043791796310399533,0.0006783359382125376,8.101805704097131e-06,0.36206446514047164,4.642222923310569,0.26781201003065025,0.027273662482680372,0.00044204657926494306,0.0006782880239759592,8.101852108755025e-06,1.5291320557443453,5.426690189443935,0.1526652719478494,0.027811215408083623,0.00044081662737660565,0.0006782935748437247,8.101838917085047e-06,0.7180509821356944
25.0,5.245202421218938,0.20787759997093813,0.03078253554691912,0.0005156560080492589,0.0008076967317878214,1.0082850477655114e-05,0.9122914879260247,4.191399973462151,0.1260696472956968,0.030359861362428298,0.0005110608831726537,0.0008077616498822771,1.0082792445853528e-05,1.0753814680603653,6.782766045525093,0.27363609664635913,0.03050950103015415,0.0005119709561496322,0.0008077216489441597,1.0082790679266651e-05,1.9968133061806128,6.206115513429118,0.5868530731761257,0.03171083119798013,0.0005216474230853585,0.0008076559064504885,1.0082920153919872e-05,1.7331727729858768,6.264485980721924,0.2545920168853466,0.031915271004732126,0.0005141430773965006,0.0008076812249715459,1.0082820064649667e-05,1.290914380779756,5.20271896352058,0.09215730982545578,0.031099676087314787,0.0005132687313569306,0.0008077090487845773,1.0082824567714255e-05,0.3992896434556865,4.209353578806653,0.2313280584241051,0.03078813861321983,0.0005216023355236743,0.0008076962341792004,1.0082936688249333e-05,0.32787545971064436,4.472227166628619,0.2997562387843389,0.030644574078839693,0.0005203443187169476,0.0008076672118702,1.0082918814546815e-05,0.7388654174348965,4.138323364998216,0.09851941678504783,0.03062181988096091,0.0005117050877343488,0.0008077288556300743,1.0082798392208048e-05,0.35132789092036765,4.572118685506388,0.2945387244093567,0.030479811288741665,0.0005169458856939535,0.0008076650464214907,1.008286564374572e-05,1.5021220479340913,5.367929303586996,0.1668567256485476,0.031126822405160848,0.0005153781828663995,0.0008076732007498144,1.0082845553149866e-05,0.6938720308539219
26.0,5.182851664511821,0.22643977462436515,0.0342097926079461,0.0005978502914847361,0.0009526504115946466,1.2396006806358884e-05,0.8892135834548762,4.134094932011212,0.136644348009467,0.03367256252577144,0.0005920867159079357,0.0009527330380492138,1.2395928701280923e-05,1.0523107874251325,6.765163063676854,0.29916915664973676,0.033875397639026694,0.000593237722569917,0.0009526826128394283,1.2395923159047584e-05,1.9806027506565265,6.1882408238016975,0.6446237224583129,0.035362819446156823,0.0006053993936920854,0.0009525956580178629,1.2396108592938049e-05,1.710448460712001,6.261619451341855,0.27821248972060175,0.035593073140079756,0.0005959563581185989,0.0009526319667063632,1.2395961487055018e-05,1.2635835693015944,5.1530864759683475,0.09957425129164088,0.03458103544527669,0.0005948404233659943,0.00095266855070264,1.2395966856093565e-05,0.38365221269543737,4.171993877404366,0.25164000019905153,0.03421404375032955,0.0006053027534922428,0.0009526498909191439,1.2396128140856888e-05,0.3188473510868306,4.40777505883393,0.3273743498355164,0.03405606709504472,0.0006037528924367486,0.0009526084197433171,1.2396109360768293e-05,0.7167463990792613,4.094899812152901,0.10639693940586392,0.03399875381798978,0.0005928848586478352,0.0009526947091083038,1.2395929480657486e-05,0.3406796727032111,4.503900816895686,0.32235506866475916,0.03386125254614125,0.0005995036048469515,0.0009526076417807339,1.2396031613626235e-05,1.475419608164028,5.3102584097062,0.18149952308598172,0.03463377010354485,0.000597501561619751,0.000952621765653916,1.2395996374259255e-05,0.670210870024678
27.0,5.12143142601062,0.2455639336855575,0.0378143316403694,0.0006882119576183676,0.0011135446932257764,1.507229656194653e-05,0.8665515173655978,4.07831338349706,0.1474612469518144,0.03714119808373573,0.0006811152940455756,0.0011136530333524242,1.5072184447184611e-05,1.0296304245684929,6.7443035150555914,0.3256220945711541,0.03740850746923563,0.000682498776821916,0.001113586506809483,1.5072185157283258e-05,1.9635786218311937,6.166136819352385,0.7047266039096445,0.039232321379869095,0.0006974095770084787,0.001113479044103638,1.5072412400396473e-05,1.6877258464173073,6.25370744384794,0.3026685144329222,0.039489177674834064,0.0006858827301794435,0.0011135181376271674,1.5072246191127903e-05,1.2366642360231328,5.105393134043529,0.10712773507006723,0.03824590176013398,0.000684583269436434,0.0011135622357700825,1.5072260537429827e-05,0.3683311255680439,4.136808239924298,0.2724991219803563,0.03781673613962644,0.000697431636198953,0.0011135428331323638,1.5072453724673807e-05,0.3098658174196305,4.345262329718041,0.3559167367869853,0.03764467106775449,0.0006954068348923315,0.0011134991011969575,1.5072406223115564e-05,0.6950647693845462,4.053952092135088,0.11440445268190214,0.03754258611138317,0.0006821386589623835,0.0011135940478674833,1.507221205443443e-05,0.33013159271448167,4.437545597015241,0.351214210016042,0.03741584410087473,0.0006901123942744114,0.0011134930837548573,1.507231270947429e-05,1.4490360429458509,5.253805409907318,0.19656380609990975,0.03833139865804469,0.0006878016448066404,0.0011135037468141817,1.5072295649787293e-05,0.6470590333093278
28.0,5.061023940716169,0.26521114483180064,0.04159419646117213,0.0007875009140070333,0.0012899422411676298,1.814384689335924e-05,0.8442973112068946,4.023987712750501,0.15849626592479682,0.04076135449968454,0.0007787382417392408,0.0012900789119973943,1.8143694389571863e-05,1.0073311019594313,6.720605736992675,0.35294941938813995,0.04110579852526364,0.0007804677481093591,0.0012899945395723478,1.8143694199057592e-05,1.9458462257416231,6.140293607673084,0.7670442685515977,0.04332225978443516,0.000798952020258259,0.0012898588701588665,1.814401732858073e-05,1.665037652318523,6.241282346561288,0.3279174560987319,0.04360612648373596,0.0007846260428578944,0.0012899094810858713,1.8143773782064443e-05,1.210149923970766,5.059644267116013,0.11480119731239302,0.042092692563727496,0.0007829694989038849,0.0012899664302712388,1.814378762610147e-05,0.353331005679987,4.103694525735856,0.2938550244217719,0.04159420785764745,0.0007988773560074769,0.0012899405900439476,1.814406532085755e-05,0.3009462177609903,4.2846394421716765,0.3853254018281005,0.041408690119589586,0.0007964501340160801,0.0012898833336860704,1.814401008903843e-05,0.6738167560024468,4.015377665755241,0.1225220018073303,0.04125003437368502,0.0007799701166812945,0.0012900066871823768,1.8143721315588834e-05,0.31969431398799575,4.373024159296842,0.38106803914626397,0.04114154892880606,0.0007899456741213839,0.001289876510334409,1.8143879211507397e-05,1.4229809303611782,5.198671958435945,0.212020147305918,0.042219209898893606,0.0007869848727293238,0.0012898914372887482,1.8143840225359753e-05,0.6244090485628799
29.0,5.0016933617239125,0.28534274415422667,0.0455475546655828,0.0008950227980233372,0.0014841557977076647,2.163777553265689e-05,0.8224440745687929,3.9710551992497587,0.1697260967654679,0.044528620129965724,0.0008843222380412463,0.0014843261078913983,2.1637573252686337e-05,0.9854048897635153,6.694438042479375,0.3811051472202487,0.044964307515949375,0.0008864418687402065,0.0014842212475665306,2.1637570960741925e-05,1.9274988545684688,6.1111486405537185,0.8314539147956257,0.047636012313336806,0.0009090497124932817,0.0014840504649269448,2.1638007596358477e-05,1.6424124488082685,6.224823971608314,0.3539163124354694,0.04794684549933104,0.0008915164171416912,0.0014841159773233414,2.163767550689144e-05,1.1840351032049101,5.015835943321351,0.12257898342056484,0.046119947182962306,0.0008894754131079097,0.0014841875586153463,2.1637693022658055e-05,0.33865585014785493,4.072556911394101,0.3156577076135769,0.04554457795903444,0.0009089199210037258,0.0014841537660097437,2.1638068965046386e-05,0.2921023001354901,4.225856115112681,0.4155418423552959,0.0453465878579129,0.000905978468957791,0.00148407978916687,2.1637999623624893e-05,0.6529989005010393,3.9790796445035737,0.13073053626409425,0.04511785952376135,0.0008858158535764993,0.001484238124883852,2.1637603654145465e-05,0.3093775015264377,4.310303901861436,0.4118675027117824,0.045036473567837465,0.0008980432575818043,0.0014840723391356114,2.1637821931541623e-05,1.397262372076554,5.144938135664396,0.2278396832411822,0.046296903866439365,0.000894393492835377,0.0014840932535724605,2.1637763945925315e-05,0.6022542362344692
30.0,4.9434890146678505,0.3059205163914003,0.04967272572418491,0.0010114843131430185,0.0016959943758014795,2.5585444575426664e-05,0.8009857866594015,3.919457677983729,0.18112826132503868,0.04843861645546266,0.0009985165669021967,0.0016962048660116302,2.5585178819564902e-05,0.9638449458302665,6.666125481000803,0.41004307577151344,0.04898116855375623,0.0010010923291616791,0.001696075600090552,2.558517375073066e-05,1.9086194426622156,6.079093184977418,0.897828429351033,0.05217744515883771,0.0010285294639817977,0.0016958627045400299,2.5585755136781074e-05,1.619875269218264,6.204765468949545,0.3806219572380831,0.05251467380748531,0.0010072400993306196,0.0016959462713779239,2.558531024554611e-05,1.1583149892045093,4.973956935744974,0.13044636088186623,0.050326353730517415,0.0010047493656153428,0.0016960352894006547,2.5585332616540057e-05,0.32430908163453376,4.0433053572847575,0.3378578115018027,0.049666121590885126,0.0010283344219113033,0.0016959918214252134,2.5585833674846015e-05,0.28334638063503537,4.168861922098346,0.4465073987152124,0.049457016516583074,0.001024789766054468,0.0016958976978349583,2.5585746251888253e-05,0.6326079633692996,3.9449663805753477,0.13901193645225574,0.049142894483579,0.001000316348066299,0.0016960981527498475,2.5585213724088618e-05,0.2991899185254896,4.249349577611037,0.4435629069090252,0.04909889698258807,0.0010151788053631705,0.0016958895238836647,2.55855087498702e-05,1.3718871940474666,5.092666218566305,0.24399422567513263,0.05056440567947984,0.0010107236142991027,0.0016959178383393336,2.558542679986786e-05,0.5805885425229138
31.0,4.8864480272988935,0.3269068509275619,0.05396820118903811,0.0011371532162707254,0.001925927823468676,3.0016557563516955e-05,0.7799171173441537,3.86914122338053,0.19268115679022646,0.0524870215360167,0.00112154460263314,0.001926185585848117,3.0016212397843134e-05,0.9426453024952095,6.635955552536756,0.4397170307028997,0.05315363403272322,0.0011246540917073666,0.0019260277877917176,3.0016202623883714e-05,1.8892819447189257,6.044477879219394,0.9660373821984747,0.05695093848707522,0.0011577283255990167,0.001925764336597524,3.001696953042199e-05,1.597448109365338,6.181498474214003,0.40799135781027784,0.05731338445252909,0.0011320508000771667,0.0019258704474922617,3.0016378572472746e-05,1.1329853899128413,4.933990282800176,0.13838952168533591,0.05471076821032428,0.0011290303119055878,0.0019259802848314855,3.001640674549222e-05,0.3102935899392585,4.015855131254811,0.3604068252452075,0.05395729123672899,0.0011574446225459667,0.0019259246419243148,3.001706842464813e-05,0.2746894945927574,4.113606735110078,0.4781635672480866,0.053738838161290214,0.0011532047670392842,0.0019258054339355013,3.0016960478107535e-05,0.6126408475716039,3.9129510901003637,0.14734902870900068,0.053322065097644256,0.001123697797163814,0.0019260578747726242,3.001625003884456e-05,0.28913950507330544,4.190124138699282,0.4761041937194488,0.05332729150023674,0.0011416444395639935,0.0019257969916179896,3.00166457485318e-05,1.346861109020911,5.041903740041733,0.2604563534926907,0.05502188437485467,0.0011362395735372566,0.001925835215136118,3.0016530533583108e-05,0.5594064020625193
32.0,4.830597465694701,0.34826487567082953,0.058432658827020756,0.001272201160226416,0.0021745189652619956,3.4960025990127264e-05,0.7592332808559208,3.820055855694602,0.20436408826595365,0.056669587480812744,0.0012535267291409191,0.0021748308925535476,3.4959585041960395e-05,0.9218006919365602,6.604183057452133,0.47008108565478324,0.05747908949808522,0.0012572643857571286,0.0021746410111171954,3.495956452415072e-05,1.8695524906520928,6.007617520098249,1.035947970560589,0.06196140544829998,0.0012969065479579989,0.0021743158464300194,3.4960573424225316e-05,1.575150337598008,6.155377602389773,0.43598176816185497,0.062347198765099865,0.0012661047368882627,0.002174452415818262,3.4959786069155285e-05,1.1080425778197789,4.89591453205507,0.14639557602067477,0.05927222755451922,0.0012624510387162502,0.0021745874022478517,3.495981998646869e-05,0.2966117668512904,3.990126381673319,0.38325726789869563,0.05841673190525398,0.0012964818793257393,0.0021745151480594416,3.4960692357088874e-05,0.2661415259333584,4.060041051167362,0.5104522804092815,0.05819113977976409,0.0012914621080351019,0.0021743620891188087,3.49605681937426e-05,0.5930945377535402,3.882951507131338,0.1557255904942756,0.057652405081892955,0.0012560811668502758,0.0021746830041555754,3.495961427724126e-05,0.2792334443747446,4.132589391736291,0.5094411912772845,0.057720337640979835,0.0012776516807573302,0.002174355640083725,3.496015046522416e-05,1.3221888502142396,4.992685984664136,0.2771994872283323,0.059669765542405884,0.0012711084483933988,0.002174409420093504,3.495998164648739e-05,0.5387026255184333
33.0,4.775956078607736,0.3699585707205322,0.06306497240349485,0.0014151967794480136,0.0024448250489617074,4.0437328422626706e-05,0.7389299165251328,3.772155268946343,0.21615729026895902,0.06098215363778481,0.0013929293472898507,0.0024451860948673243,4.0436806396204616e-05,0.9013064033012643,6.571034229708174,0.5010897575172035,0.06195506422625563,0.0013974740509032912,0.002444973286889862,4.04367261204186e-05,1.8494903596795225,5.9687952017203525,1.1074259076316095,0.06721430647124826,0.001444917686731273,0.0024445517228852687,4.043811953025056e-05,1.5529990346406053,6.126724381505096,0.4645508995953751,0.06762079592729897,0.0014079540104035004,0.0024447637422460033,4.043696699973509e-05,1.0834831836875742,4.859704735829828,0.15445253868585862,0.0640099583146756,0.0014034279659602689,0.0024449352594109186,4.0436994693582307e-05,0.2832655366537189,3.9660437538777598,0.4063628426461907,0.06304329198434244,0.001444053744841245,0.0024448215885239932,4.0438209683912874e-05,0.257711319173926,4.0081162301634015,0.543316155694622,0.06281324398132071,0.001438335684683878,0.0024445852120553724,4.0438158908973065e-05,0.5739660525272461,3.854889566249183,0.16412634724504382,0.062131066716771155,0.0013959002811887444,0.002445059263845639,4.0436713044211814e-05,0.26947821994707466,4.0767065065436885,0.5435238397048936,0.062276934569080566,0.0014220088716383472,0.002444603974369741,4.043755543481353e-05,1.2978742829529941,4.945038035175157,0.2941979480815893,0.06450873948294422,0.001413884026745471,0.0024447150850868127,4.043720909141513e-05,0.5184723080821865
34.0,4.72253572888832,0.3919528635933123,0.0678642185129954,0.0015717570794562263,0.0027293601001199264,4.6498483470713836e-05,0.7190029918416752,3.7253965793081063,0.2280419385862409,0.06542065688544163,0.0015457210930054366,0.00272982553743617,4.649774421761066e-05,0.8811581660261054,6.53671027307852,0.5326981784871654,0.06657923890996464,0.0015508159469761473,0.0027295418906154723,4.649774776233073e-05,1.8291488070097115,5.928265905304953,1.1803362527370687,0.07271566021632747,0.0016058869569683942,0.0027290736646587987,4.64992428952371e-05,1.5310092778452198,6.095830705624252,0.4936570702228438,0.07313931915789063,0.0015632817834472235,0.0027292552772433254,4.649815321133843e-05,1.0593041088395498,4.825333251266169,0.16254930943039536,0.06892338240481966,0.0015584421316199304,0.002729443730345338,4.6498253167825965e-05,0.2702563837916898,3.943536045085814,0.4296785666966674,0.06783603115506942,0.001605793228439456,0.002729349449087426,4.6499516485276615e-05,0.24940677740397676,3.9577846654581847,0.5766987150962599,0.0676047167017435,0.001598367464679562,0.00272915166419585,4.649920375321415e-05,0.5552524076065168,3.8286911118723674,0.17253696219932557,0.06675532867681566,0.0015494237567450497,0.002729577943306527,4.64979280350164e-05,0.25987966614259284,4.022436411230326,0.5783023937251452,0.06699620756288427,0.0015788826503975173,0.0027291261016992863,4.649858469152335e-05,1.27392049922347,4.898976458955733,0.31142700306854065,0.06953976628861192,0.0015703141935015097,0.002729186206870793,4.649848123650102e-05,0.498710755430825
35.0,4.67034257371172,0.41421370768285115,0.07282968140505597,0.0017384728287859197,0.0030328142824034288,5.3158501811534364e-05,0.6994487239609315,3.6797400926678434,0.24000015380979844,0.06998113996850641,0.0017077492630264146,0.0030333701725151485,5.3157556254568306e-05,0.8613520547667406,6.5013903980210115,0.5648622464345521,0.0713494513960713,0.001713833831423539,0.0030330290236562085,5.315756021495588e-05,1.8085757695180624,5.886259622780489,1.2545441805319846,0.07847205210478636,0.0017791261596276087,0.003032473511930256,5.315954059925687e-05,1.5091943810065365,6.062961874121258,0.5232593349136017,0.07890837944475582,0.001728466930164263,0.0030326908507181116,5.3158058992863744e-05,1.0355024532652677,4.792770385721264,0.17067564831841686,0.074012120844833,0.0017225632238204724,0.0030329200291911995,5.315815099393717e-05,0.2575853786448734,3.922535893621827,0.4531608788834385,0.07279422631147181,0.0017786312943748328,0.00303280444377263,5.315984353426728e-05,0.24123494875610385,3.9089999035850265,0.6105445768468898,0.07256537285971776,0.0017701380868775374,0.003032564714453123,5.315949118678276e-05,0.5369505878851144,3.8042856324539125,0.18094402034482204,0.07152260194345983,0.0017119967182739337,0.0030330799257134444,5.315773825342873e-05,0.25044301360779064,3.9697400987707763,0.613727603364822,0.07187751345229998,0.001747257717702233,0.003032535363306721,5.315868975674931e-05,1.2503298987927138,4.854510704501072,0.3288628978392216,0.07476407879363256,0.0017367267321146684,0.0030326087108907274,5.315847172182586e-05,0.4794134242260295
36.0,4.619378042078509,0.43670814555516024,0.07796085630111715,0.0019146662511979606,0.003357915648878773,6.043764404317642e-05,0.6802635164289157,3.635149089962619,0.25201499774780034,0.0746597583730999,0.0018786970287933968,0.0033585726424765205,6.043646669384728e-05,0.8418844121502032,6.465234439208767,0.597538755095286,0.07626370097388913,0.001885849496807257,0.0033581706498369,6.043645921760543e-05,1.787814471414619,5.842984082997604,1.3299156877612228,0.08449064088232072,0.0019624452870696807,0.003357506819590572,6.043897725049874e-05,1.487566098318867,6.028359273820483,0.5533175971525917,0.08493405729428627,0.0019029624030553194,0.0033577740407153556,6.043707322778147e-05,1.0120754571218749,4.761984919231588,0.17882214708650146,0.0792759960008258,0.001895973862860778,0.0033580476280845595,6.043718079329352e-05,0.24525320196737166,3.902979498798139,0.4767677269457238,0.07791737598061443,0.0019617052933793566,0.0033579041854201463,6.0439338402051845e-05,0.23320210328820945,3.86171672545182,0.6447996212457685,0.07769528045860774,0.0019518579660777746,0.0033576095798180106,6.043892516505167e-05,0.5190575268413049,3.781606017727012,0.1893350075336686,0.07643043429866214,0.001883624054560773,0.0033582384786865482,6.043665873800563e-05,0.2411729307785646,3.918578864454637,0.6497508740819691,0.07692044452054692,0.0019251031113540762,0.0033575796131346536,6.043790237475477e-05,1.2271042596090478,4.8116442630809795,0.34648287859393445,0.08018318388961987,0.00191261775356244,0.003357676052186509,6.043758861506987e-05,0.46057587467724925
37.0,4.5696396477727035,0.4594043586094143,0.08325745134015872,0.002101718025819377,0.003702954618083787,6.836742181492994e-05,0.6614439084482004,3.591589628770998,0.26407046381291543,0.07945278588192384,0.0020598187678282365,0.0037037276467186686,6.83659637918943e-05,0.8227517862234603,6.428385119480776,0.6306855056010008,0.0813201513541002,0.002068173983679422,0.003703256035592073,6.836594318171407e-05,1.7669039467227567,5.798627138017278,1.4063182369601912,0.09077916331228497,0.002157553939132306,0.0037024675887544767,6.836910658458706e-05,1.4661347991310967,5.992242751875034,0.5837927042625402,0.09122290260477328,0.0020880973064549835,0.003702792464294724,6.836669811471907e-05,0.9890204535201201,4.732944528736708,0.18698019737709348,0.0847150324597421,0.0020798903000365243,0.003703116629075076,6.836682655020354e-05,0.2332601683148674,3.88480636811149,0.5004586364043062,0.08320520337858239,0.0021565508643091036,0.0037029409532522983,6.83695407550644e-05,0.22531380176724136,3.8158911983624346,0.6794111323796614,0.08299476326907529,0.0021451556117875192,0.003702583424660233,6.836905068885457e-05,0.5015700919054455,3.7605883370845135,0.19769828570563197,0.08147651353945395,0.0020655185433957612,0.0037033427893575777,6.83661721567752e-05,0.23207356216322728,3.8689144890892146,0.6863244076613539,0.08212483100859913,0.0021140092212128536,0.003702552489460942,6.836776164620417e-05,1.204244799514571,4.770375639199785,0.36426520444202026,0.08579886233957623,0.002099332279774657,0.0037026758418288175,6.836733810988704e-05,0.44219373307961485
38.0,4.521121667945363,0.48227170455139357,0.0887193880764463,0.002299912547274019,0.004068058971266719,7.697330181022366e-05,0.6429865344578252,3.549030359592887,0.2761514623883876,0.08435661873708522,0.0022513219880058166,0.004068963430983175,7.697150838970046e-05,0.8039508800046837,6.390970014426646,0.6642614008248127,0.08651713226459545,0.0022610380937937435,0.0040684134314310505,7.697146880891736e-05,1.7458794921300864,5.753358857548913,1.483621337240153,0.09734593687813753,0.0023648729690517456,0.0040674815300487666,7.697541528894902e-05,1.444909618695874,5.954812719935675,0.614646527400422,0.09778193255559886,0.002284131497610975,0.004067874710157682,7.697239098458653e-05,0.966334830762035,4.705616133273207,0.19514195663562273,0.09032945646095403,0.002274538652900393,0.004068256727595809,7.697254365579553e-05,0.2216062486239947,3.867959088632933,0.5241947628584609,0.0886576580243359,0.002363548364153978,0.004068042678559536,7.697593358013677e-05,0.21757495752529188,3.7714807058273094,0.714327917543125,0.08846440201477446,0.002350418550317812,0.004067610849054937,7.697535729755955e-05,0.4844850746435574,3.741171637094843,0.20602306506407375,0.08665866933928124,0.0022578877946641818,0.004068523395384105,7.69717287338878e-05,0.22314856392868032,3.820709379369666,0.7234013252124338,0.08749074214762187,0.0023143192119672307,0.004067580039941898,7.697374383219824e-05,1.181752230801099,4.730699164424873,0.38218915145156407,0.0916131670103506,0.002297146918212256,0.004067736656409249,7.697318053345725e-05,0.42426266256676026
39.0,4.4738157112896015,0.5052807440285467,0.09434680039048393,0.0025094339624955886,0.0044534854921889355,8.62793952265406e-05,0.6248880921768496,3.507442355272905,0.2882438020667477,0.0893677782741924,0.0024533100252379647,0.004454536356353511,8.627720826703822e-05,0.7854785109888427,6.353103262457078,0.6982265239694851,0.09185313952651164,0.0024645716277964524,0.004453900202427974,8.627713563491568e-05,1.724773061217649,5.707333371907099,1.5616970629719429,0.10419986031321571,0.0025847324323069465,0.004452801916975169,8.628204142357987e-05,1.4238985890104807,5.916252024069129,0.6458420276745658,0.10461862734290239,0.0024912247408810373,0.004453279336134486,8.627824949680729e-05,0.9440160024552187,4.679966175148695,0.20330031236292845,0.09611969374477658,0.0024800409886767127,0.004453727867619772,8.627842726394164e-05,0.2102910920154244,3.852383119710889,0.5479389294274095,0.09427491577064728,0.0025829785663624705,0.004453466246393312,8.628264743792968e-05,0.20998989232176601,3.728443960384286,0.7495004061232935,0.09410503392177816,0.0025679403063332273,0.00445294288131759,8.628198926885489e-05,0.4677991847973626,3.723297756160845,0.21429937394783494,0.09197487361827283,0.002460835483714341,0.004454041541638976,8.627741674160916e-05,0.2144011371472807,3.7739266742016615,0.7609357735703459,0.09301848558269477,0.002526283350000824,0.004452916117208439,8.62799742340492e-05,1.1596268087786026,4.692605682118938,0.40023500953291435,0.09762841938162214,0.0025062385047971425,0.0044531172038881905,8.627921640869118e-05,0.40677834060185614
40.0,4.427711194946896,0.5284032576646758,0.1001400317330754,0.0027300970830634874,0.004859985853172599,9.630694064099998e-05,0.6071453175740902,3.466798952095828,0.3003341675454618,0.09448291194720015,0.0026654949837254804,0.004861192278438509,9.630431480012192e-05,0.7673315788252584,6.314887057597576,0.7325422027497175,0.09732683353144678,0.0026785409906042723,0.004860468625792702,9.630416511940965e-05,1.7036136090603708,5.660690497512187,1.6404205117527848,0.11135041183717265,0.002817183888026875,0.004859169519984441,9.631029003775993e-05,1.4031087530064967,5.876727609811644,0.677343309646008,0.11174092365427946,0.002709165936707336,0.004859765185357912,9.630547607120121e-05,0.9220613841567502,4.655960848876879,0.21144884531412167,0.10208636573672747,0.002696101227800618,0.004860292255100873,9.630566987617328e-05,0.19931404683816956,3.8380266043558766,0.571655650939209,0.10005737717017382,0.002814747077413582,0.004859963680706514,9.631095367401699e-05,0.20256238696610707,3.6867410033459302,0.7848807296481297,0.09991775055202856,0.002797708439173263,0.004859311680199596,9.63102757491896e-05,0.45150904737994724,3.706911154398389,0.22251802703724843,0.0974232393414649,0.002674059504050419,0.004860663166617041,9.63044144910441e-05,0.20583405895691165,3.7285303237634912,0.7988830163446803,0.0987086051103736,0.0027498707676931744,0.00485930352253483,9.63077349931396e-05,1.1378683752587544,4.656083125122665,0.41838407318414594,0.10384720424938543,0.00272640947716285,0.004859577749113608,9.630664784365806e-05,0.38973644197062285
41.0,4.382795745567628,0.5516122546160829,0.1060996307523352,0.0029556133472183888,0.005297592880267654,0.00010704120927984562,0.5897549654897407,3.4270756012164587,0.3124100948537678,0.09969879279002702,0.002881335120776818,0.005298888938428892,0.00010703832140679381,0.7495070396916934,6.276412956067924,0.7671710604334736,0.10293703616940553,0.002896771591078817,0.005298155086093548,0.00010703776180864821,1.682427394595925,5.613557173756209,1.7196702035234956,0.11880764511123099,0.003056988205186517,0.005296490123645192,0.00010704597179023168,1.3825462647038167,5.83639200754976,0.7091156633847628,0.11915720590909462,0.002931688039731206,0.005297446623521829,0.0001070390426534118,0.9004683754049632,4.63356628722468,0.21958179213525497,0.10823028411659852,0.002915864856967154,0.005298099104515508,0.00010703913959630995,0.1886741809456174,3.824840196979846,0.5953111463420901,0.10600566422466962,0.003052381220001177,0.0052975703435529375,0.00010704627567781344,0.19529572732015588,3.6463331944618953,0.8204227846138878,0.10590389397121447,0.003034146056014375,0.005296529089021007,0.00010704627359370278,0.43561120216320903,3.6919587569774452,0.23067059242923627,0.1030020177921176,0.0028908678532921783,0.005298575502933556,0.00010703748765283905,0.19744971181887472,3.68448514661835,0.8371995107924723,0.10456187678245232,0.0029798789890262967,0.005296670190308994,0.00010704271075745453,1.1164763976633352,4.6211170041906655,0.4366186270088601,0.11027236267368146,0.002951341581792999,0.005297250030570577,0.00010704040402798043,0.3731326262459378
42.0,4.339055537070445,0.574881973656427,0.11222634550049637,0.0032028490110960206,0.005744071989433941,0.00011858699330424827,0.5727137948548648,3.3882497292461955,0.32445994448085713,0.10501231750499684,0.0031193568180247766,0.005745682078042158,0.00011858335926762109,0.732001886145436,6.237763022694288,0.8020770549166079,0.10868272640298837,0.003135635060874442,0.005744747167565123,0.00011858306912593264,1.661238246885064,5.566048735772937,1.7993284231061413,0.1265821830735132,0.003313076998929354,0.005742957529788484,0.00011859089895072117,1.3622164774492362,5.795384659943107,0.7411255961566421,0.1268762954416216,0.003175987567194838,0.00574378982911794,0.00011858512652995756,0.8792343461769434,4.612748711886601,0.22769400783530847,0.11455244396918607,0.0031605377866279483,0.005744451818678886,0.0001185858836798559,0.17837030118317587,3.8127769054903444,0.6188733406855462,0.11212061571212306,0.0033128822551162784,0.005744006924101264,0.00011859241633338513,0.18819274619539028,3.607183193825449,0.8560822796163658,0.11206505144867851,0.0032885098677279956,0.00574313640887425,0.0001185909461520751,0.4201021050101543,3.6783898093901506,0.2387493580196809,0.10870959451292705,0.00313131868540939,0.0057449479702564865,0.00011858403104980653,0.1892501110145579,3.6417568690960636,0.8758429716189853,0.11057930357475287,0.003225551934749049,0.005743124367097341,0.00011858738128367463,1.0954500043258482,4.587690821692924,0.4549219268031446,0.11690698336858141,0.0031985775297393992,0.00574351727970468,0.00011858686150301168,0.35696252886843505
43.0,4.2964755754076105,0.5981878776929972,0.11852111653653186,0.00347058163319236,0.00619571776047545,0.00013098827304336425,0.5560185576413659,3.3503006069837493,0.3364728728839306,0.11042050348584587,0.0033749379834002724,0.006197645323657408,0.00013098339326278463,0.7148131314478885,6.1990108391174115,0.8372255069195189,0.11456303480171481,0.00339385974206019,0.0061964701564196645,0.00013098345315354365,1.6400678003656912,5.518270044110475,1.8792815087677117,0.13468520993516986,0.003599004869453637,0.006194531843894957,0.0001309934784763378,1.3421240219800996,5.753833110207543,0.7733408547281861,0.13490743792596405,0.003439638169169257,0.0061953289846119475,0.00013098606913963806,0.8583566269691687,4.593474554918327,0.23578092840907727,0.12105401583318809,0.003420979402493529,0.006196111108075719,0.00013098659344645824,0.16840097206703764,3.801791946072713,0.6423118578988252,0.11840328140579714,0.0035968718028782654,0.0061956697002854,0.0001309950971202234,0.1812558615805191,3.569254937887053,0.891816768220639,0.11840304900520904,0.0035702540163393692,0.006194816375713064,0.00013099319261833386,0.4049781306059983,3.666155743361907,0.2467472975468077,0.11454448422668229,0.003387927311741201,0.006196647336982775,0.00013098446037940192,0.18123693049446787,3.600312150357661,0.9147724227411724,0.11676210893802885,0.003498590332328355,0.006194703925988421,0.0001309891370313565,1.0747880164546002,4.555786422528053,0.4732781769060357,0.12375439285265921,0.003465328695979153,0.006195007379478756,0.00013098820347101636,0.3412217551363885
44.0,4.255039938878654,0.6215066425256888,0.12498506930357411,0.003742646550387363,0.006681465666789066,0.00014414539030882523,0.5396659908244299,3.3132092254409806,0.348438802777582,0.11592048514622899,0.003634034185417523,0.0066836567967243354,0.00014413957783387943,0.6979377975311118,6.160222392423241,0.8725831183184751,0.12057723741333914,0.0036556385965176297,0.0066823244978539975,0.00014413959039050184,1.6189357033630456,5.470316489360453,1.9594200896875869,0.14312846167989157,0.003889262160591933,0.006680098214684627,0.00014415182508420443,1.322272875738053,5.711854067645439,0.8057304391993525,0.1432602894056796,0.0037075214677448898,0.00668103890652727,0.00014414266008921928,0.8378325018254045,4.575710555998366,0.24383853385893328,0.1277363370288631,0.003686005202751197,0.006681938450711744,0.00014414322701350457,0.1587645336372865,3.7918426092976976,0.6655980054869692,0.12485491556215234,0.003886146797516421,0.0066814125894349985,0.00014415364799980068,0.1744871115710822,3.5325136110998505,0.9275856689202833,0.12491994418684671,0.0038563542398555306,0.006680403377224753,0.00014415152627700323,0.39023557622350014,3.655210052362959,0.2546580365794826,0.12050532511131973,0.0036485865483841806,0.006682554860832468,0.0001441406523516875,0.17341152717492658,3.560118595949354,0.9539482379882736,0.1231117296103812,0.00377512040038841,0.006680292862519366,0.00014414657426842226,1.0544889771383126,4.525384292181097,0.4916725044201331,0.13081814474162679,0.0037366319952294447,0.006680670501382657,0.00014414520438998935,0.3259058765206202
45.0,4.214731981128081,0.6448161405841724,0.1316195061583989,0.004027676491772603,0.007188157432980624,0.000158131931422556,0.5236528107788407,3.2769581784482598,0.3603483925456774,0.12150950992476739,0.0039047939569210044,0.007190642871393926,0.00015812503681500445,0.6813729059363127,6.12145686007182,0.9081179815609919,0.12672474934777078,0.003929317548678313,0.007189136414767372,0.0001581249986486455,1.5978598034617941,5.422274887319696,2.039639275425573,0.15192421540445133,0.004194213110911615,0.007186585841908677,0.0001581397422709685,1.302666424642915,5.669554364737765,0.8382646092101842,0.15194490128889093,0.003987962357999031,0.007187689146801901,0.00015812860894603986,0.8176592037659267,4.5594238397522755,0.2518633118121416,0.1346009026436441,0.00396337655618062,0.007188717676714695,0.00015812924845626242,0.1494591184771754,3.782888136461471,0.6887047521712963,0.13147697005290349,0.004190167730381056,0.007188096785869291,0.00015814183035933738,0.16788818632571179,3.496925614459919,0.9633502734628507,0.13161801844010634,0.004156751270813608,0.007186913830139474,0.00015813942621356603,0.3758706662361484,3.645508175893749,0.26247581868069414,0.12659087280403636,0.003921113204094606,0.00718942282649726,0.00015812615989085899,0.1657749637681727,3.5211447621801297,0.9933321716649157,0.12962980806757507,0.004064919742555961,0.0071868041913503156,0.00015813344670956297,1.0345511777369767,4.496463810235754,0.5100909308380652,0.138102008562754,0.004020852547283127,0.007187266766321532,0.00015813163288092014,0.31101042882952346
46.0,4.175534502793262,0.6680954203165279,0.13842589837104757,0.004326209729514918,0.007715302020831594,0.00017296856550297335,0.5079757096236373,3.2415315512336864,0.3721930050706468,0.12718493428133293,0.004187609272807258,0.007718112460783466,0.00017296041937253648,0.6651154711593819,6.0827673047067385,0.9437995810613775,0.13300511839090579,0.004215346288015898,0.007716414680253969,0.00017296031870017714,1.5768563127630122,5.374224278155992,2.1198388006477975,0.1610852777749643,0.004514735684374216,0.007713502073805056,0.00017297797298798656,1.283307518313694,5.627031818320612,0.8709148833147973,0.1609717046084591,0.004281447170891184,0.007714790095009416,0.000172964554987054,0.7978339121489739,4.5445819766843645,0.25985222189305546,0.14164935649623445,0.0042534772645721475,0.007715961337892541,0.0001729652809041582,0.14048266789564545,3.774889605257827,0.7116066994203374,0.13827108745723038,0.004509653304017647,0.007715232278139084,0.00017298036630331026,0.16146045733057024,3.4624585319840913,0.9990737447515929,0.13849976940385655,0.004472236824642817,0.0077138530453062515,0.0001729776398420313,0.3618795571435385,3.6370073918723254,0.2701954719368227,0.13279999445144153,0.0042058738409052054,0.007716764881457117,0.0001729615940719853,0.1583280302219725,3.4833601532654734,1.032887379861065,0.1363181849280921,0.004368718816441408,0.007713745745622003,0.00017297046547870565,1.0149726819295068,4.469003466323854,0.528520341554537,0.14560995841091673,0.004318500806634873,0.007714306955092454,0.00017296813526401777,0.29653091182993796
47.0,4.137429896809197,0.6913246818515217,0.14540587831475627,0.004638505173955476,0.008262868123434686,0.0001886732271132452,0.49263135312732675,3.206914814458438,0.38396467624079333,0.13294421990487448,0.004482611261368508,0.008266033118168092,0.00018866364754765996,0.6491624959519773,6.0442012905047795,0.9795987874282708,0.13941801886866845,0.004513900734528953,0.008264128632639256,0.00018866345693524522,1.5559399556086957,5.326236641248306,2.1999231284785026,0.17062497277117616,0.00485134627548689,0.008260810831880239,0.00018868451750853055,1.264198519588216,5.584376005813723,0.9036540322730469,0.17035149374695413,0.004588195201927103,0.008262313368587737,0.00018866840221232195,0.7783537515892633,4.531153030685788,0.2678026609841955,0.14888348230180704,0.004556457502862266,0.00826364304236682,0.00018866922017668486,0.13183294727848205,3.7678098240348183,0.7342800477466294,0.14523909433231452,0.004845017905614757,0.008262787991490939,0.00018868723827170086,0.1552050042230988,3.4290810959761164,1.0347211054730643,0.14556790333441016,0.004803260815433141,0.0082611812876765,0.00018868417831807704,0.3482583429285544,3.629666716564702,0.27781237601514963,0.13913166302682356,0.004502993877155692,0.008264556487610708,0.0001886648354330056,0.15107126384097658,3.446735212850427,1.0725784333596255,0.14317889153132057,0.0046869036584835655,0.00826108220756927,0.00018867560010704665,0.9957513476713831,4.442981044385649,0.5469484536997915,0.15334616166724313,0.0046298212827373675,0.008261762947320062,0.00018867262285393593,0.2824627900058658
48.0,4.100400271549403,0.7144852495123577,0.15256123195342397,0.004964623870159279,0.008831066301001833,0.00020526177828106285,0.4776163798522104,3.173094723251939,0.39565608336965097,0.13878493024310812,0.0047897233278582085,0.008834610520786157,0.00020525058283116238,0.6335109682016649,6.005801431085342,1.0154878453352412,0.14596324586982234,0.0048249644875646425,0.008832489582106806,0.00020525024138917658,1.535124100963051,5.278377535813382,2.2798015159015694,0.18055712877506824,0.005204411850415092,0.008828713094040097,0.0002052753396526441,1.2453413490523215,5.541668966092074,0.9364560669717781,0.18009540971135696,0.004908229283610677,0.008830476041920221,0.00020525596276943503,0.7592157921168994,4.519105595582501,0.27571242949238073,0.1563051951480845,0.0048722464820323275,0.008831982879971001,0.00020525686374606167,0.12350756061877721,3.761613233973809,0.7567025585806109,0.1523829947674229,0.005196468878494898,0.008830974665186009,0.00020527836918171616,0.14912263939760662,3.3967631517531025,1.0702592185418247,0.1528253277674141,0.005150107198224063,0.008829091701990865,0.00020527503056344543,0.3350030606022645,3.6234468115556204,0.28532242989159906,0.14558495202383037,0.0048123850122432366,0.00883302115560225,0.00020525165954277114,0.14400496815730746,3.4112413112301114,1.112371322960506,0.1502141427942596,0.005019711055460618,0.008829016241417964,0.0002052647738928215,0.9768848472741221,4.418373780167142,0.5653637826947033,0.16131496788775523,0.004954859762972497,0.00882985285445459,0.00020526091312689232,0.2688014941935979
49.0,4.064427555280719,0.7375595417187886,0.15989389162851886,0.005303856369074822,0.009421018393945602,0.0002227443893279002,0.46292740127574206,3.1400592208391824,0.40726051373887184,0.14470472736124274,0.005108060920772317,0.00942494544717487,0.00022273144919449095,0.6181578590826509,5.967605877597247,1.0514403558053464,0.15264070983111644,0.005147784935865651,0.00942262011372108,0.00022273078995160844,1.5144208813228568,5.230706676082452,2.359388044641799,0.19089606495227196,0.005573754244995399,0.009418300807918722,0.00022276086273897988,1.226737525184269,5.4989858333825135,0.9692962216500423,0.19021492293590025,0.0052408072659164695,0.00942042168989321,0.0002227372779035619,0.740417050315556,4.508408822744939,0.283579698722467,0.16391653328618316,0.005199887551095905,0.00942213229658595,0.0002227382057946592,0.11550396424234011,3.7562658185790743,0.7788535124715223,0.1597049642214392,0.005563390225165055,0.009420914540918535,0.00022276403736487538,0.14321393059201082,3.3654756223406452,1.105656760394178,0.16027514441447765,0.005512439552328274,0.009418650722153643,0.00022276070351523458,0.32210969582479665,3.6183098972797176,0.2927220203742853,0.15215903053158142,0.005133113768952313,0.009423320366451549,0.00022273201440992096,0.1371292306146441,3.376850729325692,1.1522334580073257,0.15742633034707332,0.005366845786089147,0.009418645561976913,0.00022274833407021077,0.9583706857934726,4.395158496069141,0.5837556078958417,0.16952089786328006,0.00529288253270721,0.009419724895123771,0.00022274304142788637,0.25554242388043713
50.0,4.029493584812053,0.7605310387737374,0.16740592906670004,0.005648579305171264,0.010042630335010738,0.0002410849348568611,0.4485610026738085,3.1077973463938173,0.4187718334549295,0.15070136905713305,0.005429679093214457,0.010046798969231219,0.00024107058079581023,0.6031001222222421,5.929648754395183,1.0874312536381803,0.15945043140817283,0.005475040295544797,0.01004443039578895,0.00024106881166297,1.49384129976099,5.1832784486236685,2.438601620914833,0.2016565767941052,0.005953575456346005,0.010039269021603126,0.00024110631468010624,1.2083882006297584,5.456395411502904,1.0021509330638168,0.20072181551170676,0.005578389791949689,0.010042199953810282,0.00024107553658581082,0.7219544912226659,4.4990324413978255,0.2914029794488249,0.1717196501593663,0.00553083617343475,0.010044192647939987,0.00024107614421664536,0.10781947974771544,3.7517350198912887,0.8007136643049595,0.1672073435628878,0.005937635523584284,0.010042513875879067,0.00024110850569236675,0.13747922163464388,3.3351904735024895,1.1408841881010834,0.1679206422125743,0.005883824740762655,0.010039389423798895,0.00024110693621848256,0.309574188515394,3.6142196726341753,0.3000079915331333,0.1588531586153792,0.005456968215876046,0.010045619610977496,0.00024106857370487234,0.13044393912739416,3.3435366402463664,1.192133658866481,0.16481801586753786,0.0057226612521881215,0.010039703923497179,0.0002410912007326793,0.9402062178888442,4.373311716768917,0.602113937668296,0.1779686327715937,0.005636231968845884,0.010041460170726602,0.00024108210556983423,0.24268094999342216
51.0,3.9955801807150544,0.78338424898861,0.17509954848320053,0.01559807538057445,0.00906793433988895,0.0002958441949760804,0.43451374458894154,3.0762991467894834,0.43018445678795425,0.15677270611376537,0.01940877510427841,0.010296958189037753,0.0003010399703828881,0.588334693671758,5.891960548686151,1.1234367806616596,0.16639253650882813,0.015591411792073462,0.009095976881065226,0.00029590273558355307,1.4733953264819304,5.136142378400219,2.5173659473521903,0.21285392064329045,0.01578810217885529,0.008954243529259553,0.00029586171873274836,1.1902941950472758,5.413960694835003,1.0349978161833095,0.211628162697723,0.014380467418937837,0.00886449147019075,0.00029365781291668114,0.7038250308105223,4.490946772938902,0.2991810917611293,0.17971680654631284,0.015302641896777658,0.009198493733048707,0.00029514123937346426,0.10045130618371845,3.747989660850268,0.8222651961656391,0.17489263318545056,0.015868280985785077,0.009132054958732816,0.00029631148346709324,0.13191865151212534,3.305880679349426,1.1759137012044363,0.17576529039842415,0.01800719434373077,0.009403239803972063,0.00029941067492522677,0.29739243838459206,3.611141240187561,0.30717761513003206,0.16566668288055286,0.014682224234316976,0.009135054569976653,0.00029432346245350516,0.12394879757422839,3.3112730890765127,1.2320421440671403,0.17239192448872132,0.015369814355732814,0.008909693560774645,0.0002953553311018098,0.9223886632944525,4.352809768444872,0.6204294741922012,0.18666300329674756,0.014177894228503796,0.008813668770936811,0.0002931133023524879,0.23021241803668113
52.0,3.962669211055446,0.8061046735568089,0.1829770796462964,0.00642227476835977,0.0113040386873835,0.0002808033305150559,0.42078216474138097,3.0455555919381085,0.4414933161371626,0.16291667955824662,0.006154288280598941,0.011309826547945878,0.0002807821670409716,0.5738584925105745,5.854568459585085,1.159434455438424,0.17346725135533214,0.006206845683260909,0.01130634944417519,0.0002807824214468013,1.4530919860881468,5.089343549258761,2.595609470282747,0.22450379701961332,0.006786830849766279,0.011300386674854224,0.00028082491898606676,1.1724560249059932,5.371739341580364,1.0678156369687763,0.2229463135609615,0.006336235963614989,0.011303038120241915,0.00028079410518477843,0.686025538902352,4.484122740307669,0.3069131362454658,0.18791036268529604,0.006283818666907859,0.01130534438042785,0.0002807969557343526,0.09339653149013616,3.74499987324612,0.8434916684109894,0.18276348706190815,0.006780903074383726,0.011303825692306368,0.00028083251089316974,0.12653217190387833,3.27752018866062,1.2107191991090027,0.18381273147113086,0.0067042019401397646,0.011301099665061098,0.00028082372828341917,0.285560310338246,3.6090410364869747,0.3142285621262664,0.17259903208565763,0.006190460849878843,0.011306906390131655,0.0002807875050141462,0.11764334028349799,3.2800349713469794,1.2719305127625447,0.18015093814490157,0.006501257336185784,0.011300756640515885,0.0002808062204087136,0.9049151210352235,4.333628863939371,0.638693578274574,0.19560897858189996,0.0064083141680280065,0.011301934468940011,0.0002808034942534121,0.21813215146355525
53.0,3.9307426453110486,0.8286787705425325,0.19104097078901816,0.006830907804280528,0.011962516719177252,0.00030210928302931706,0.40736278025453787,3.0155584935206075,0.4526938327442731,0.16913131781530844,0.006533014861047626,0.011968939450834881,0.00030208453788693745,0.5596684219283912,5.8174967114414,1.1954030400110072,0.18067489746173715,0.006591974840662207,0.011965060367526092,0.000302084854850726,1.4329394365692503,5.042922983903039,2.6732653054303124,0.2366223325871495,0.00724024461271755,0.01195850513436536,0.0003021356899006733,1.1548739305505573,5.329784104284987,1.1005842827265155,0.23468887062006516,0.006735092880985061,0.011961419475378321,0.00030209817302218056,0.6685528423873159,4.478531873222048,0.3145984665453927,0.19630277026684562,0.006675128559005206,0.011964000905960503,0.00030210086127668845,0.08665214322876214,3.7427370307303462,0.8643779694635256,0.19082270662045753,0.007229988071433269,0.011962305545177188,0.00030214380286430753,0.12131956331292093,3.250083892040921,1.2452762347989665,0.19206677392775529,0.007147147582268865,0.011959279097770725,0.0003021342211164679,0.27407363971127996,3.6078867670172095,0.3211588753259753,0.17964971269093066,0.006572073808236212,0.011965727320442987,0.0003020899261270138,0.1115269455653487,3.249798010605911,1.311771723131363,0.18809808874194323,0.006922335881745401,0.011958900841289477,0.00030211367748345097,0.887782582469872,4.315745175809837,0.6568982344055962,0.2048116549040282,0.006814881243737858,0.01196019184344621,0.00030210901517202515,0.20643545518776607
54.0,3.89978259972828,0.851093918301542,0.19929378129711273,0.007251863382803592,0.012646567560135935,0.0003243573517641707,0.39425209011247464,2.9863004268015176,0.4637818882482114,0.17541473368338334,0.00692203483432241,0.01265365136144414,0.00032432889493616557,0.5457613706824493,5.780766835290775,1.2313225042003162,0.18801588645457823,0.006987627678270769,0.012649385012986514,0.00032432905089230246,1.4129450409481112,4.996917987578189,2.750271144870311,0.2492260606518646,0.007707596506278502,0.012642089849626004,0.0003243886330182022,1.1375479008345653,5.288143221773536,1.1332847304882687,0.2468686684139807,0.007145790272756081,0.01264540572305961,0.00032434418535753906,0.6514037286515872,4.474146309944691,0.3222366633278506,0.20489656422508595,0.007078447322208081,0.01264827957024961,0.0003243470352085609,0.08021503863486679,3.7411736863732195,0.8849102647611518,0.1990732343698185,0.007694129961311358,0.01264633670442894,0.00032439754016078126,0.11628044991359587,3.2235475898709467,1.2795619655588952,0.20053138469995124,0.007603679350637993,0.01264288640993394,0.0003243870774807256,0.2629282373074391,3.6076473453060753,0.3279669431934007,0.18681830426891688,0.00696469858398352,0.012650201950402895,0.00032433434713707854,0.1055988483456578,3.2205387352578843,1.351540067270196,0.19623655108116989,0.007355128890720319,0.012642518299695649,0.00032436302374350134,0.8709879433005137,4.2991348988597915,0.6750360162576619,0.21427624400328815,0.007233951713803588,0.01264403883576648,0.0003243566537545206,0.19511761916374892
55.0,3.8697713753501017,0.8733383786137905,0.20773817415448592,0.007689154756639116,0.013350696368701342,0.00034758976638427086,0.38144657775452995,2.9577746554549447,0.47475379715421706,0.18176512111111354,0.007324854893515198,0.01335849842164416,0.0003475571428532831,0.532134214814453,5.744397922199589,1.2671739879373534,0.19549071471625634,0.007397544092483166,0.013353815151843751,0.00034755711969136627,1.3931154323360055,4.95136245940866,2.8265691479717026,0.26233190013550933,0.008194770412918384,0.013345703492732675,0.00034762639667862416,1.1204776955514966,5.246860776456392,1.1658990138196046,0.2594987509750193,0.007572042737928442,0.013349469046545437,0.0003475743321996738,0.6345749491226638,4.4709387961111435,0.32982750966301877,0.21369435431059713,0.007496883470119009,0.013352657850076888,0.00034757743097202365,0.07408203401877778,3.7402835143282447,0.9050759452577162,0.20751814725208373,0.008178148388889195,0.013350439420667826,0.00034763626495415423,0.11141431322096418,3.197887961135331,1.313555101329953,0.20921068127208553,0.008079211645339424,0.013346521273418954,0.0003476247485858508,0.2521198942188074,3.608292835817637,0.3346514748650775,0.19410445475534566,0.007371509749665606,0.013354792610737576,0.00034756276055913915,0.09985815195279146,3.1922344549762323,1.391211143097959,0.20456963551810814,0.007804902701951555,0.01334616433496194,0.0003475967696946469,0.8545280145917191,4.283774303535955,0.6931000527977305,0.22400806105319404,0.007669275315314028,0.013347946658006649,0.00034758864089523556,0.18417392197195293
56.0,3.840691489631979,0.895401259762354,0.21637690817851762,0.008143458903329126,0.014074174731691258,0.0003718214353125582,0.3689427137520376,2.9299750592159537,0.4856062802654515,0.18818075180160454,0.007741912632399206,0.014082749872802225,0.000371784137086717,0.5187838195565546,5.708406851452034,1.302939762042099,0.20309995788101665,0.007822266273340261,0.014077621083498304,0.000371783897165745,1.3734565731081876,4.9062871746837375,2.9021058188127813,0.2759571330266244,0.00870309721568896,0.014068617058350608,0.00037186409447720337,1.103662865892201,5.205977020297317,1.1984101884080212,0.2725923482416772,0.008014436447773665,0.014072884089181503,0.0003718034429485151,0.6180632228715077,4.468882681073163,0.33737096780900977,0.22269881647891587,0.007930822856830666,0.014076413332736681,0.00037180682820814326,0.06824987354938639,3.740041255198713,0.9248635758045731,0.2161606497529842,0.008683023174395732,0.014073887428325271,0.00037187502864544086,0.10672050468032834,3.1730825330844823,1.347235851248496,0.21810892351250644,0.008574902829626474,0.01406945041436991,0.00037186235457387085,0.24164438641407315,3.60979440023974,0.34121147635931326,0.20150787556846916,0.007792881232147941,0.01407877838706284,0.00037178991782660376,0.09430383910847517,3.164863236799335,1.4307618237276487,0.21310078038812197,0.008272731589916482,0.014069110555971598,0.0003718299448980389,0.8383995329025105,4.2696397813455995,0.7110839951464465,0.23401251231035802,0.008121471248324408,0.01407119101050025,0.0003718198226034808,0.17359963436525438
57.0,3.812525702511606,0.9172724797598031,0.22521283011796633,0.008615057158340544,0.014816841180699036,0.00039706343059187077,0.3567369585123368,2.9028960642860766,0.4963364391080738,0.19465997171135552,0.00817328466538525,0.014826238855661256,0.00039702091957227736,0.5057070413571658,5.672808496331301,1.3386031878245985,0.21084426525330136,0.00826195757118331,0.01482064167605035,0.00039702038405975415,1.3539738088006272,4.861720041099823,2.976831872396448,0.29011938035347207,0.00923335964812022,0.014810660783531215,0.0003971129914188687,1.0871027731174214,5.165528672497452,1.2308022967443022,0.28616285149098086,0.0084731889376215,0.014815496360288005,0.00039704250537031527,0.6018652402146145,4.467951912150909,0.3448671573795581,0.23191268416983046,0.00838033698113394,0.014819394646419237,0.0003970461822726534,0.06271523745103025,3.74042266477169,0.9442628437006717,0.22500406683987473,0.009209275740891698,0.014816519787852478,0.00039712503187461223,0.10219825726438936,3.1491096517470885,1.3805858688614592,0.2272305052897079,0.009091398336470213,0.014811495590165258,0.0003971111868734667,0.2314974790854989,3.6121242468717982,0.34764622797216926,0.20902833666544174,0.008228861870283488,0.014822011257923595,0.0003970267368158531,0.08893478217116835,3.138403881077813,1.470170224724614,0.22183354427110435,0.008759184703682976,0.01481118863126607,0.0003970737328646834,0.8225991695927761,4.256707883315052,0.7289819842921874,0.24429508252352594,0.00859079035799537,0.014813618434700526,0.0003970612028449949,0.1633900227392382
58.0,3.7852570376748513,0.938942729891592,0.23424886671069478,0.009103918601231165,0.015578855719174278,0.0004233241019431233,0.3448257649701185,2.876532576433277,0.5069417313651603,0.20120119753516663,0.008618730312265566,0.015589112681658968,0.00042327583556822646,0.49290072997478784,5.6376159098735785,1.3741486758396793,0.21872435424277104,0.008716489385701909,0.015583037518092091,0.0004232748464181313,1.3346719172665509,4.817686331612256,3.0507020917961825,0.30483657675026254,0.009786097338618127,0.015571977463185505,0.00042338171723432794,1.0707966056179368,5.125549191608336,1.2630603321725564,0.300223787897846,0.008948214487324968,0.015577479545585415,0.00042329974240162827,0.5859776662750358,4.468121027146689,0.35231633486179526,0.2413387395771167,0.008845155989601228,0.015581780186797456,0.00042330366623932747,0.05747474964543864,3.7414044658386665,0.9632645076556878,0.23405183682198194,0.00975707497036149,0.01557849662858013,0.00042339478095954064,0.09784669615828978,3.125948453298977,1.4135881964550312,0.23657994596907272,0.009629071904210917,0.01557278345444324,0.0004233799309609765,0.2216749307507091,3.615255582860617,0.35395526283774625,0.216665661628769,0.00867917526210693,0.015584675791782132,0.0004232813388500567,0.08374975267871454,3.112835897404863,1.5094156696274985,0.23077159819123594,0.009264601762475788,0.0155725444994812,0.00042333666046490137,0.807123539370636,4.244955352386787,0.7467886197438611,0.25486132220668845,0.009077173609637779,0.015575405051588831,0.00042332101630471186,0.15354035249920184
59.0,3.7588687996812844,0.9604034387202232,0.24348801680451926,0.009609139864807936,0.016361171438634692,0.0004506056217832288,0.3332055812345609,2.8508799167583527,0.517419947323785,0.2078029132756165,0.009077108608013695,0.016372287894328874,0.00045055113483449816,0.48036173059816223,5.602840492710753,1.4095616440908243,0.2267410049165397,0.009184930485895748,0.01636576212169416,0.0004505493378808012,1.3155551535686572,4.774208896268695,3.1236751781825234,0.3201269436963674,0.010361288276209635,0.01635347590098979,0.00045067302072121507,1.0547433945158096,5.086069024522271,1.2951702025529177,0.31478879433762375,0.009438573590427435,0.01635982155904392,0.0004505770612981408,0.5703971444702249,4.469365145444424,0.35971887444426365,0.2509798050149179,0.009323992406674364,0.016364568286309833,0.00045058106675677223,0.05252498486993318,3.7429643028756683,0.9818603473750143,0.24330750423365943,0.010325596173788032,0.016360770830882387,0.0004506866959741451,0.0936648486056173,3.1035788363035666,1.4462272088840122,0.2461618818917506,0.010187621032048177,0.01635418241074138,0.00045067148048261174,0.2121724971089174,3.6191625690851534,0.36013834662328437,0.2244197228828404,0.009142593858735726,0.01636778534382577,0.00045055541869221116,0.07874743023480146,3.0881394806575315,1.548478654072989,0.23991871785368035,0.00978879942330213,0.01635409576171476,0.0004506213066326481,0.7919692081408631,4.234359150555573,0.7644989291875603,0.26571683488737596,0.009579681918853389,0.016357546268193524,0.00045060116391670846,0.14404589130371193
60.0,3.733344587537594,0.9816467366729542,0.2529333436338601,0.010125717306758375,0.017168587839751837,0.00047888270343010575,0.3218728531684385,2.8259337601216847,0.5277691873318702,0.2144636669864579,0.009543125355125248,0.017180423138305034,0.0004788219636067126,0.4680868859602705,5.568492144883145,1.4448284759478747,0.23489505475908157,0.009662593854246726,0.01717361617480817,0.00047881832289631276,1.2966272910292589,4.731308355144775,3.19571359550356,0.33600896149902404,0.010955948955340133,0.01715978179923283,0.0004789634400585996,1.0389420279444903,5.047115834548686,1.327118693754159,0.3298715905392986,0.009939342732560696,0.017167451082794827,0.00047884834288236533,0.5551202999027209,4.47165995798984,0.36707525011138387,0.2608387344764833,0.009810923129377258,0.017172725828437763,0.0004788518388538776,0.04786247530233023,3.7450806993959596,1.0000431139450927,0.2527747128307003,0.010909280335131832,0.017168139381301906,0.0004789760752421657,0.08965165298219224,3.081981434841611,1.4784885572459339,0.2559810579258395,0.010763333945793985,0.0171601711093472,0.0004789628915795596,0.20298593465435788,3.623820277529552,0.3661954583252003,0.232290437130795,0.009613543546327374,0.017176361862119904,0.0004788221723295294,0.07392641078151296,3.0642954872677164,1.5873408088343544,0.24927877600894766,0.010328890876342811,0.01716050244424938,0.0004789037792560791,0.7771327002102844,4.224896481459609,0.7821083391977268,0.2768672644304342,0.010093269813122419,0.017165000030717525,0.0004788754404199125,0.13490191217047398
61.0,3.708668305241293,1.0026654213185804,0.26258796732124834,0.010603302856226016,0.01805324252228102,0.0005078171435251022,0.31082402688166244,2.801690076241975,0.5379878402566973,0.22118206775754734,0.009966976585366716,0.01806451598973524,0.0005077533680819535,0.4560730384213718,5.534579403301436,1.4799364780162572,0.243187393707049,0.010103313562146887,0.0180587839751829,0.0005077423017834093,1.277891658813747,4.689003274280273,3.2667834114232974,0.352501340068442,0.011528073030527608,0.018041339897132413,0.0005079279945308102,1.023391264131659,5.0087147105684835,1.3588934331708624,0.34548595167509877,0.010402014251313929,0.018053584908139353,0.0005077699157531868,0.5401437426363964,4.474981716419778,0.37438601895939616,0.2709184054573792,0.010251790670610994,0.01805983784946319,0.0005077689630894611,0.043483716722003685,3.7477330178204946,1.0178064811715548,0.2624571987661013,0.011449512455510291,0.01805269410295196,0.0005079276543358269,0.08580596715892952,3.061137592547858,1.510359112705324,0.26604231915634546,0.011310289906389048,0.018040019475542124,0.0005079326477956947,0.1941110040523304,3.629204651013982,0.37212677213054324,0.24027776107925503,0.010040789830742636,0.018064459509610664,0.0005077328249858404,0.06928521429794054,3.04128541183174,1.6259848620564288,0.258855735011867,0.010846921858429504,0.01804250234368343,0.0005078566152532105,0.7626105049023018,4.21654480906516,0.7996126470426601,0.28831828251379266,0.01056806055677928,0.018051206708553202,0.0005077994769693284,0.12610369643510166
62.0,3.684824169752167,1.0234529234247791,0.27245505764155453,0.01018717904073263,0.020011864125444756,0.0005286519583806992,0.30005555112681215,2.7781450734898003,0.5480745629343509,0.2279567829794047,0.00949390953243201,0.01993960949850493,0.0005292510465553235,0.44431703200232464,5.5011095663538025,1.5148738381721105,0.25161895949570834,0.009689135849964003,0.0200190414430228,0.0005285864913382454,1.259351176380921,4.647310326310706,3.3368541359594484,0.3696229885054927,0.011067404690940918,0.01998454168444841,0.0005287665584243761,1.0080897433960505,4.970888359058061,1.390482853440047,0.36164568044318335,0.010011427507949477,0.020069894307280567,0.0005282205627379355,0.5254640708460401,4.479307221578815,0.3816518056896556,0.2812217110839823,0.009837403684270107,0.02004429446071132,0.0005285115015380981,0.03938517423534371,3.7509014217318315,1.03514499800055,0.2723587839804775,0.010950448449641215,0.01999953222350692,0.0005288057554366787,0.08212657621009978,3.041029337566862,1.5418269107391702,0.276350602748896,0.010871853731047931,0.019911039417362275,0.0005292842946729159,0.1855434732851453,3.6352924651704104,0.3779326403085359,0.24838168748821854,0.009608402510786096,0.02007019182533787,0.0005283266816578092,0.06482229196245592,3.0190913641517394,1.664394600945165,0.2686536396109829,0.010408191676493317,0.019998333313091088,0.0005286176875536341,0.748399082628695,4.209281873008674,0.8170079936160146,0.30007557630137605,0.010183642019240935,0.020082404551508226,0.0005281426599283989,0.11764653655715529
63.0,3.6617967167888894,1.0440032738751226,0.28253782705367136,0.011842533500331154,0.019668491617214734,0.0005702862053311719,0.28956387958856755,2.7552951454083736,0.5580282605979114,0.2347865358937633,0.01109338537213933,0.019685141855291022,0.0005701957526422774,0.4328157143548319,5.468088806998846,1.5496295839561292,0.2601907333207798,0.011239567409925932,0.01967530330356526,0.0005701964910524993,1.2410083850995663,4.606244437313018,3.405898559107774,0.3873929834929357,0.012884367983591272,0.01965762320402309,0.0005703777349279626,0.9930359991589883,4.933657280599325,1.421876156514661,0.37836457866954953,0.011603803982157324,0.019666299917123986,0.0005702469855091152,0.5110778738330124,4.484613811623728,0.3888732882367574,0.2917515525547971,0.011453861994055625,0.019672865681102714,0.0005702601019952347,0.03556328759252114,3.7545668403843115,1.0520540421339097,0.28248336980926947,0.012862520617423101,0.01966767028453642,0.0005704104587676007,0.07861219951881093,3.021639358431176,1.5728810960431328,0.2869109299893391,0.012644456228976697,0.01965906583814414,0.0005703731269246504,0.1772791205769928,3.642061292556064,0.3836135770980098,0.2566022415506932,0.011191988020681443,0.019677203318398284,0.0005702187742597786,0.06053603281395503,2.997696046790621,1.7025548331472917,0.2786766099710487,0.012070962822137155,0.01965814148838607,0.0005702977157704403,0.7344948704651877,4.203085701090562,0.8342908375196489,0.31214483632517,0.011805079529810136,0.0196626258381718,0.0005702874550297388,0.10952573877088678
64.0,3.6395708047850333,1.0643110715147186,0.29283952397499835,0.012466848093805716,0.02051805804223461,0.000603043588476293,0.27934547306067703,2.7331368199953494,0.567848068271628,0.2416701034075759,0.011649382277431286,0.02053619870010559,0.0006029398775875272,0.4215659386570456,5.435522275519456,1.5841935414999941,0.26890373579018156,0.01181025019274795,0.020525359368932072,0.0006029416008064281,1.2228654772889174,4.565818921207391,3.4738925885920224,0.40583053645643563,0.013618138799431634,0.020506574060423777,0.0006031522869074379,0.9782284680564137,4.897039932301,1.4530632782354846,0.3956564184293838,0.012205263703081393,0.020515615458936765,0.0006029981182908983,0.4969817348995287,4.490879349887768,0.3960511844915837,0.3025108318725138,0.012036373607440698,0.020522771102873705,0.0006030101543359478,0.03201447612103525,3.7587109353506714,1.0685297749315925,0.29283493077926837,0.01358243977077045,0.020517267854023302,0.0006031868999443191,0.07526149732727117,3.0029509808522827,1.6035118683096816,0.2977283984719161,0.01335208215553152,0.02050820504498896,0.0006031458759001573,0.16931373710651432,3.6494894688000037,0.3891702435582678,0.26493947757726133,0.011753000661044677,0.02052740307198775,0.0006029639617377569,0.05642476994506396,2.9770827331855303,1.7404513480346462,0.2889288349021877,0.012728162728808279,0.020507057438434728,0.0006030606516849168,0.7208942872663102,4.197934619338274,0.8514579303177405,0.32453174455905787,0.012423857858889775,0.020511604667729166,0.0006030436885251511,0.10173662558001562
65.0,3.6181316172908233,1.0843714519813608,0.30336342625137513,0.013099990794493532,0.02139920356445124,0.0006367791430141878,0.2693968015100383,2.7116667117839914,0.5775333331167376,0.2486063141255972,0.012211093939527018,0.02141877215527277,0.0006366627125671265,0.410564565430966,5.403414193007288,1.6185562951381427,0.2777590231176652,0.012386965357388036,0.021407101651080396,0.0006366640537645019,1.2049243229327136,4.52604560292022,3.5408150887390577,0.4249549594457731,0.014360558681794977,0.021386724570738647,0.0006369047920196103,0.9636654992398137,4.861052877436716,1.484034853525833,0.4135349126698551,0.01281538576138086,0.021396697184000946,0.0006367267137639132,0.483172234084023,4.498082212631749,0.4031862400805353,0.3135024448217778,0.012628659393780772,0.021404477152241252,0.0006367390210666457,0.028735143300212762,3.763316069179341,1.0845690976772504,0.30341750854465044,0.014314497938831217,0.02139836320404287,0.0006369418454981179,0.07207307677619212,2.9849481454048465,1.6337104290600335,0.3088081743870754,0.014068410796007846,0.02138833179030941,0.0006368978627846467,0.16164312951927018,3.6575560606717556,0.39460343335199655,0.27339347593806984,0.012321793948238735,0.021409509741842747,0.0006366869533143138,0.05248678625835668,2.957235246375944,1.7780708780852628,0.29941456524704657,0.013391102701653779,0.021387207327624225,0.0006368009175945488,0.7075937383674358,4.193807260002927,0.8685062929762499,0.33724196264507666,0.013052491335619365,0.021392328121943027,0.0006367777634022076,0.09427453809867536
66.0,3.597464664049493,1.104180057570756,0.31411283476297047,0.013753169501907081,0.02229971066477532,0.0006715918731208248,0.25971434602425614,2.6908814767599223,0.5870835977138578,0.25559404654328777,0.012788441040714194,0.02232079724570335,0.000671461607613999,0.39980846427298733,5.371767936494023,1.6527091478412625,0.2867576834972363,0.012980043905044703,0.02230826191772195,0.0006714624590049567,1.187186494263309,4.486934931369952,3.60664772134782,0.4447856296819155,0.015128630436760382,0.022286118095032226,0.0006717355017027415,0.9493453629281703,4.825710923427178,1.5147821823196028,0.4320136853092382,0.013444294510475352,0.02229716077216004,0.0006715319769696748,0.46964595075136284,4.5062012767816295,0.41027921716404236,0.3247292741350716,0.01323920940325074,0.022305602856223405,0.0006715449245562333,0.02572168099933192,3.768365275934194,1.1001696092686775,0.3142352059002107,0.015072832838710415,0.022298798347463844,0.0006717754995793079,0.0690454974733119,2.967615386070637,1.6634689296880834,0.32015548484779854,0.01480904365017377,0.022287678716683246,0.000671728116734549,0.15426312224851468,3.666240835953163,0.399914059429729,0.28196434020145356,0.012907095558789106,0.02231106778194114,0.0006714863271524152,0.04872031981440328,2.938137938346906,1.81540106053508,0.3101381073652276,0.014074665594894675,0.022286595075271087,0.0006716183353394634,0.6945896198971635,4.1906825677776025,0.8854331934967585,0.3502811202208833,0.013701177906430217,0.02229239815777717,0.0006715890822888149,0.08713483824046309
67.0,3.577555780939414,1.1237330081723096,0.3250910671038487,0.014428072920266821,0.023217746881881496,0.0007075006181636034,0.25029460064521203,2.670777770147199,0.5964985842641535,0.26263222733810876,0.01338263355053737,0.02324044147346882,0.0007073551726990424,0.38929451549776983,5.340586116557806,1.6866440825869722,0.29590083359437225,0.013590927695585453,0.02322699898597369,0.0007073554587591069,1.1696532884147381,4.44849608322066,3.6713747892957604,0.46534195272199286,0.015925812578602816,0.02320294726594252,0.0007076639008847252,0.9352662582824243,4.791027249193617,1.5452971963157736,0.45110624079073514,0.014093431936391454,0.02321516858431627,0.0007074325489444533,0.45639946604258075,4.515215907718818,0.41733088421707976,0.33619418278632995,0.01386892116995364,0.023224313209968095,0.0007074462855833907,0.022970473400895308,3.773842233486002,1.1153295653784667,0.3252921808069349,0.015859844948212576,0.0232167501399001,0.000707707161069937,0.06617727662873607,2.950937809600963,1.6927804208470665,0.3317756101916638,0.01557696910095041,0.023204442086607102,0.0007076560475978155,0.14716955965636513,3.6755242349917583,0.40510314158517247,0.29065219440486745,0.013509854485588058,0.023230238728229047,0.0007073804726998034,0.0451235687988758,2.9197756699996997,1.8524303994514213,0.3211038166521236,0.01478170636021403,0.02320341146029481,0.0007075321470342288,0.6818783227387586,4.188539804483895,0.902236125746847,0.3636548032956597,0.014371396240881129,0.023209979648064483,0.0007074963281574753,0.08031291075998981
68.0,3.5583911289339074,1.1430268733020155,0.3363014512798772,0.015125225280479437,0.02415282249710682,0.0007445136968500243,0.24113407408896048,2.6513522070940403,0.6057781796889072,0.2697198297024195,0.013993860436334327,0.024177203849800044,0.0007443516259093563,0.3790196116921636,5.309870648125452,1.7203537247656087,0.3051896150961517,0.0142199722067895,0.024162821000711432,0.000744351203487259,1.152325748309837,4.410737058242758,3.734983083512462,0.48664332421098777,0.016753697375743393,0.02413671721546473,0.0007446988176216252,0.921426320656483,4.757013522787284,1.5755724266375792,0.4708259330826685,0.014763198576468461,0.024150241128974237,0.0007444365507458528,0.44342936518386056,4.525105947165185,0.4243420067539416,0.34790000735857785,0.014517873311501894,0.024160132246606292,0.0007444511100023199,0.020477900629219725,3.7797312374225873,1.1300478391166724,0.33659264037216685,0.01667646807145573,0.024151731260271703,0.0007447454828626299,0.06346689379102388,2.9349010756496225,1.7216388032867425,0.3436738762033942,0.01637347786893617,0.02413811423249701,0.0007446905104719903,0.14035830800481897,3.6853873438084537,0.410171794849723,0.29945718039960534,0.014130154220580948,0.024166550318240887,0.0007443773242408191,0.04169469613404875,2.902133791736013,1.8891482283603245,0.3323160910363936,0.015513433375441643,0.024137163123421956,0.0007445509801522476,0.6694562361651539,4.187358552421006,0.9189127894826488,0.37736854262950237,0.015063584619068315,0.024144595533165614,0.000744507657553406,0.07380416515101684
69.0,3.5399571922043216,1.1620586452487403,0.3477473193837728,0.015844679786298332,0.025104887216456984,0.0007826355342031022,0.23222929135462334,2.632601326283473,0.614922421603985,0.27685587167331605,0.01462187336032672,0.02513101403108342,0.0007824553354369712,0.3689806591792877,5.279622815108578,1.7538313057008126,0.31462519127553756,0.014867105100737188,0.02511567702438855,0.0007824539391347862,1.135204681935062,4.373664767028682,3.7974617338437433,0.5087090902130074,0.01761333008192567,0.025087358723340447,0.0007828452767100202,0.9078236282777574,4.723680010106833,1.6056009724590448,0.4911859341374174,0.015453561268057747,0.025102347193853625,0.0007825481630190367,0.43073223965801555,4.535851701187012,0.4313133389580659,0.35984955144580955,0.015185721455420964,0.025113033768378923,0.0007825634560498784,0.018240342103478913,3.786017176448553,1.1443238832134828,0.3481408347404278,0.017523047084655463,0.025103691901275038,0.0007828952364450359,0.06091279521557702,2.919491377626068,1.7500387802260242,0.35585564621710786,0.017199316050251934,0.0250886034335287,0.0007828366011404242,0.13382525726683747,3.695811868635363,0.41512121869329954,0.3083794552236454,0.014767664692773241,0.025119983810985236,0.0007824808454883758,0.0384318337585845,2.8851981246374354,1.925544673540076,0.3437793644145293,0.016270573211720762,0.025087784486269804,0.0007826796399195146,0.6573197511739961,4.18711871653842,0.9354610715522349,0.3914278020864792,0.01577773924718251,0.02509621819883323,0.0007826272821871427,0.0676040374063418
70.0,3.522240775468929,1.1808257133402278,0.35943200122406926,0.016585780780363102,0.02607437037602489,0.00082186590598754,0.22357679522473717,2.614521556486652,0.6239314851422284,0.28403941443132164,0.015265722072427934,0.026102260009802425,0.0008216660913005214,0.35917457939263464,5.249843329435646,1.78707062734754,0.3242087435426999,0.015531630802870566,0.02608599577185533,0.0008216632208393193,1.1182906801398569,4.337285111731358,3.8588020642331067,0.5315585061436372,0.018505286299715262,0.026055259566156508,0.0008221040030336191,0.894456208403243,4.69103567543169,1.635376470646972,0.512199201846308,0.016163810428778458,0.026071953331526565,0.0008217667722099087,0.41830468924125874,4.547433928328689,0.43824561617581637,0.37204557906756985,0.015871318706420112,0.026083493222988974,0.0008217825010796709,0.016254179633214072,3.792685509150293,1.1581576937276816,0.35994105086946515,0.018399049093818842,0.02607306072469484,0.0008221566493142873,0.058513397894020436,2.90469542421852,1.7779758113249478,0.36832631307622776,0.018054655952737697,0.026056254432041293,0.000822095193694139,0.12756632278679314,3.706780111763238,0.41995268699663857,0.31741918847398587,0.015421317953975056,0.02609102943070596,0.0008216900779651759,0.03533308659797996,2.868954942216722,1.9616106180749249,0.35549809999925985,0.01705344536719533,0.02605567174709389,0.0008219185544158236,0.6454652635450695,4.1878005255631745,0.9518790282614753,0.40583796695060936,0.016513151278710225,0.02606532197867706,0.0008218546036591334,0.061707991644697646
71.0,3.5052290006768576,1.1993258393260975,0.37135881790455816,0.017345921122629893,0.027062934820370366,0.0008621928569998438,0.21517314766018014,2.597109186070372,0.6328056705937768,0.29126956055803044,0.0159225232860285,0.027092502171404576,0.0008619721513896117,0.3495983101610789,5.22053238498108,1.8200660282142445,0.333941467975182,0.016211153926636523,0.027075438756343218,0.0008619667637903561,1.1015841330847698,4.3016030604268956,3.918997452559614,0.555210694354551,0.01942893141116997,0.027041976648342292,0.0008624650022310831,0.8813220429933173,4.659088274430875,1.6648930664529105,0.5338784475531417,0.016891369892046537,0.02706081090343515,0.0008620796269269704,0.40614332390896024,4.559833827882644,0.44513954823136803,0.38449080809415115,0.016571262496372086,0.027073282792259956,0.0008620950186730703,0.014515800273340318,3.7997222420132064,1.1715497752754866,0.3719976061856558,0.019301508622337593,0.027061497472668616,0.0008625185103636746,0.05626709327084667,2.8905004215410335,1.8054460683008022,0.3810912909488433,0.018938147312189013,0.027042523208554936,0.0008624566522157373,0.12157744679916771,3.718274948589297,0.4246675387586385,0.32657655966894605,0.016087988181749502,0.027081494917000626,0.0008619915512095844,0.032396536246669605,2.853390952717757,1.997337666745591,0.3674767835781019,0.017861341351023352,0.02704240411750769,0.0008622572201506529,0.6338891766408832,4.189384532195569,0.9681648688775613,0.4206043322146771,0.017267158133770888,0.02705367841072892,0.0008621768362044868,0.05611152161023014
72.0,3.4889093031060856,1.2175571338672153,0.383531075368571,0.018114848619936286,0.028077245203128598,0.000903558451168962,0.2070149310930547,2.580360335460119,0.6415453918314085,0.29854545225976503,0.016581949832008558,0.02810807539111959,0.0009033165083325301,0.34024880690613735,5.1916897068373995,1.8528123505417082,0.3438245718362283,0.01689662737097075,0.028090669915236788,0.0009033059426593049,1.085085245450685,4.266622715644051,3.978043195393095,0.5796846004491423,0.020378241980435696,0.02805380670751667,0.0009038759503603444,0.8684190739414066,4.627844440246363,1.6941453852775368,0.556236103212691,0.01762640088140044,0.028075867050770587,0.0009034265824845455,0.3942447656144328,4.573033028299216,0.45199581351802465,0.3971879036985153,0.017273597980362876,0.028089419643135827,0.0009034394199596285,0.013021598954746416,3.8071139085893506,1.1845011077647793,0.384314842130828,0.020217845669306733,0.02807565248745325,0.0009039245706472521,0.05417225067142439,2.8768940558633673,1.8324463922162826,0.39415600701442477,0.019842015874637298,0.0280533905749909,0.000903869731212481,0.11585459981398483,3.730279805766969,0.42926716950084653,0.33585175560809244,0.0167567106096298,0.028098512588865532,0.0009033230460548936,0.029620244381546534,2.8384932819425575,2.032718111817977,0.37971991669612404,0.018689016836631822,0.028054353677017474,0.0009036420881809448,0.6225879039691726,4.19185161247243,0.9843169402395158,0.4357320908700122,0.018029503860576668,0.028068299748892134,0.0009035336249079151,0.05081015205032546
73.0,3.473269426948366,1.2355180341143046,0.39595205793675836,0.01882943995206343,0.029161831249109316,0.0009455739953212472,0.19909874962114227,2.5642709325508717,0.6501511654862435,0.3058662695782708,0.01718360485829651,0.02919172359899047,0.0009453152366560857,0.331123043753355,5.163314596333416,1.8853049087588447,0.3538592701047669,0.017532952495103338,0.029176262673460407,0.000945289392633164,1.0687940505114337,4.232347377554359,4.035936377858842,0.6049989484314837,0.021302874029609953,0.029132950150942527,0.0009459760969989794,0.8557452078944605,4.597309763200798,1.7231285055195356,0.5792842882995437,0.018309311538040607,0.029163210782168214,0.0009454089426359502,0.38260564994525703,4.587013575742972,0.4588150538204028,0.4101394718652154,0.017910408098052777,0.029178431505664015,0.0009454095578123045,0.011767980905667219,3.814847549727491,1.1970131146118845,0.3968971176272209,0.021068446787415596,0.02915994247460363,0.0009459924941292996,0.05222722046331629,2.8638644768889243,1.8589742524530628,0.40752589305199427,0.020709067673224002,0.029129381341520322,0.0009459783822522994,0.11039378187688653,3.7427786403739676,0.4337530233302722,0.34524496775191693,0.017364747951385873,0.02918925964778296,0.000945275477424623,0.027002255925363983,2.8242494565885212,2.0677448997778702,0.3922320097911749,0.019494099941342213,0.029134148279521987,0.0009457072952816503,0.6115578715246479,4.195182964390233,1.0003337124406353,0.4512263222404753,0.01873803655671491,0.029155608966353164,0.0009455251705201562,0.04579943997755809
74.0,3.4582974204500925,1.2532072823529639,0.40862502187620375,0.016618114574892928,0.037223634080930434,0.0009621565446256142,0.19142123010808643,2.5488366910442286,0.6586236008376778,0.31323122861862585,0.015224680713456618,0.036919627253481746,0.0009618214843887252,0.3222180145605127,5.135405972159905,1.9175394592241757,0.36404678204942575,0.015584654551950017,0.03724694197063183,0.000961769029095727,1.0527104231640019,4.198779602268186,4.0926757487391825,0.6311721948086677,0.018831686530206948,0.0369282855093549,0.000963804242041455,0.8432983206979796,4.567488864629305,1.751837932511786,0.603034776585643,0.016237655062294465,0.03743678117772742,0.0009618083495785967,0.37122262766224257,4.6017579228121,0.46559786982148355,0.4233480529958804,0.015822487275277464,0.037412082162672,0.0009614702451257173,0.010751363878124476,3.8229106947965743,1.2090876324110766,0.4097488024960976,0.018325306378912387,0.03718909412781146,0.0009627050967941919,0.05043033697103727,2.85140028155314,1.8850277073709587,0.4212063769690557,0.01822375608889537,0.03670369786443972,0.0009636342304371048,0.10519102371149369,3.7557559200328137,0.4381265856215544,0.35475638965241263,0.015391526088448515,0.037507781391689754,0.0009612601816311184,0.024540601977355525,2.8106473880827334,2.102411599046714,0.4050175753187153,0.01739741726008015,0.03698344531081332,0.0009633928984182916,0.6007955199270754,4.199360105877746,1.0162137655437986,0.4670919804128104,0.0165809705417157,0.037473744092952455,0.0009619464756118745,0.041074975821601356
75.0,3.443981630687376,1.270623905692072,0.42155318904199035,0.020516151941083027,0.03129969388624465,0.00103349416765397,0.18397902319050496,2.534053091700578,0.6669633903822758,0.32063957982867963,0.01864336510884579,0.03133676197901547,0.0010332113134539078,0.3135307338616542,5.107962407962038,1.9495121712614094,0.37438832788277576,0.019013999192913467,0.031317911429085576,0.0010331705716017936,1.0368340919907828,4.165921255686246,4.148261600916323,0.6582224817783509,0.02312760722118057,0.03126677248731369,0.0010338193449976885,0.8310762614815026,4.538385465345969,1.7802695735457341,0.6274989629117371,0.01994081614015819,0.03130076087770117,0.0010333313180526105,0.36009236612267337,4.617248917399902,0.4723448172493194,0.4368161156541843,0.01956647089000807,0.031316578720717025,0.0010334018245092835,0.009968180192887033,3.831291343814281,1.2207268820272388,0.42287427086945684,0.023073479633732408,0.031295770296520864,0.0010339280891868974,0.048779921162410034,2.8394904983244693,1.9106053666503175,0.435202874313676,0.022514245029419566,0.03126331380883762,0.0010338455768845733,0.10024238775023919,3.769196603908595,0.442389376280401,0.3643862144697678,0.018904581762952954,0.03132865640264404,0.0010332341632968145,0.022233302527221888,2.797675356915554,2.1367123687125478,0.4180811209065931,0.02107455892090293,0.03126736976173161,0.0010335296611208022,0.5902973063614652,4.20436487219832,1.031955777290674,0.48333388281906187,0.02044531171323527,0.03129075162143202,0.0010334735250805416,0.03663238447675132
76.0,3.4303106980068616,1.2877671967576898,0.4347397406302336,0.021622240954515703,0.03220744321011182,0.001081190837548096,0.17676880420459717,2.519915366408122,0.6751713010430405,0.3280906063629092,0.019597076474107133,0.0322520586722006,0.0010808207126054015,0.3050582377411488,5.080982166631041,1.9812195994624826,0.3848851255298382,0.019990603848478283,0.03222590800770808,0.0010808267241215752,1.0211646504630592,4.133773563177876,4.202695657112773,0.6861675896390924,0.02453610321549382,0.03217817907107401,0.0010815658674365736,0.8190768564529209,4.5100024490515365,1.808419713961904,0.6526878300784245,0.02097935750437685,0.03220366429107813,0.0010810331614137247,0.34921155060346454,4.633469791824767,0.4790564036181344,0.4505460504909937,0.020555744927556407,0.03222086784352296,0.001081083530644733,0.009414878615563893,3.839977950510456,1.231933441061499,0.43627789463177447,0.024444527532888838,0.032204754365614985,0.0010816955553676344,0.047274283124302485,2.8281245719782904,1.9357063552804576,0.44952077981004557,0.02385209912283992,0.03218028480245483,0.001081544550921798,0.09554396906346074,3.783086124597169,0.4465429435498547,0.3741346326085897,0.019849432138876022,0.032231611029232,0.0010809150791271094,0.02007836896760784,2.7853219974427064,2.170641928271657,0.43142714257782533,0.022282223134466594,0.03217745046160836,0.0010812411304117475,0.5800597063619151,4.2101794128797785,1.047558511757276,0.49995669902433804,0.021521493788577928,0.03219210643342141,0.001081197645604437,0.03246732625119053
77.0,3.417273550250836,1.3046366953780608,0.44818781107519223,0.02257604101524402,0.03326002785743487,0.0011286520162503422,0.16978727402242644,2.5064184851081532,0.6832481659894785,0.33558362255835394,0.020401439218538098,0.03330754725914131,0.0011282408094626106,0.29679758462250305,5.054463231700665,2.0126586572829375,0.3955383875390446,0.02082677467152827,0.03327953391267968,0.0011282481686016865,1.0057015673036869,4.102337155612803,4.255980961052641,0.7150248885629988,0.0257413413202916,0.033229404267989704,0.0011290817469427061,0.8072979123587265,4.482341921293614,1.836284994316193,0.6786119159786201,0.021882993848448606,0.033256053197644686,0.00112847364475277,0.3385768855123268,4.650404152076131,0.48573308552319006,0.4645401643839424,0.021416331356343576,0.03327438909178548,0.0011285219815024838,0.009087926075610042,3.8489594061544814,1.2427102176720917,0.4499640369229345,0.025614395505403564,0.033257344468568206,0.0011292181490585307,0.04591172434187918,2.8172923488531114,1.9603302792046273,0.46416545895134664,0.024995845239244474,0.03323156693653395,0.001129055856313066,0.09109189618837998,3.7974103707753732,0.4505888583261175,0.3840018295014769,0.02066337302214105,0.0332857096759005,0.0011283371058130598,0.018073806419047322,2.773576283202571,2.2041955284312342,0.4450601180730862,0.02331341212767324,0.033228419399824904,0.001128719306017878,0.5700792154064667,4.216786188230417,1.0630208089233562,0.5169649397666469,0.02246278309959404,0.03324365646865868,0.0011286545663011793,0.02857549772286605
78.0,3.404859396768772,1.3212321712135067,0.46190048211311696,0.023542377804239845,0.034340311303809656,0.0011771383246319544,0.16303115981588023,2.4935571454193264,0.6911948770306786,0.3431179725412772,0.021212624959284998,0.034390674441280744,0.0011766858966582028,0.2887458559933984,5.028403335990508,2.043826591879274,0.4063493181539184,0.02167059920370873,0.03436103640755661,0.0011766924239715593,0.9904441961244457,4.071612111890631,4.308121773876179,0.7448112898680321,0.026958999737260125,0.03430770296845109,0.001177622981847204,0.7957372196997592,4.455405264141148,1.8638623885837902,0.7052812810851368,0.02279909482296416,0.03433644821693882,0.0011769378717509937,0.328185095508859,4.668035967373261,0.4923752664476555,0.4788006748155742,0.022291021232928365,0.03435598995218969,0.0011769868057571742,0.008983809239267337,3.858225024240733,1.2530604256881839,0.46393704572311023,0.0268023630044798,0.03433748890891142,0.0011777670602217682,0.044690539797117346,2.806984062555809,1.9844771925592886,0.4791422396738496,0.026151918651581063,0.034309591234015,0.0011775948200853925,0.08688233186895644,3.8121556706777975,0.45452870894861164,0.3939879835580795,0.02148786634013211,0.034368043438579576,0.0011767831272213591,0.016217615880467662,2.7624275127039573,2.2373689229410276,0.4589845002944939,0.024351991897930247,0.034306498063508606,0.001177221151329011,0.560352350379846,4.224167965539678,1.0783415751047576,0.5343629462849355,0.023418684159884684,0.034323158705569234,0.0011771364067305612,0.024952632508092876
79.0,3.393057722300131,1.3375536073102046,0.47588077702423526,0.02453449522219131,0.03543798380765484,0.0012267572524322645,0.15649721574483877,2.4813257649373495,0.6990123775537604,0.35069302897286736,0.02204196251279278,0.03549131299524877,0.0012262607841289075,0.2809001570606675,5.002799987805444,2.0747209601922556,0.4173191105530645,0.022533852121489506,0.03546002811119964,0.0012262661593909208,0.9753917843690383,4.041597998362739,4.359123475819122,0.7755431969249553,0.02821201648597116,0.03540314985706505,0.0012272995596989134,0.7843925556866611,4.429193187037035,1.8911491833968652,0.7327054763980585,0.023739014992615992,0.035434310735453334,0.0012265334032672826,0.3180329265319548,4.686349559955923,0.49898329504537653,0.49332970450263147,0.023188707402431064,0.03545511918107502,0.00122658389213548,0.009099035946648293,3.8677645259238878,1.262987560988602,0.47820124752982807,0.028026931479773864,0.03543497103092719,0.0012274524032771517,0.043609019899246704,2.7971903201175774,2.0081475664960857,0.4944564041252848,0.027340938428518147,0.03540468406745889,0.0012272693694046488,0.08291147371012064,3.827308776319105,0.45836409643493115,0.4040932642871762,0.022332212280149477,0.03546795902789279,0.0012263596516541853,0.014507796217324564,2.7518652957120153,2.270158341479631,0.4732047108814794,0.02541710909033501,0.03540170471254722,0.0012268556601195968,0.5508756508906965,4.232307815020889,1.093519774214582,0.5521548799603107,0.02440063556680716,0.03542005930080805,0.0012267510408934257,0.02159450194781032
80.0,3.381858280764006,1.3536011845444573,0.4901316550530783,0.025555130252534308,0.03655079205812761,0.001277533036322609,0.150182223575972,2.4697184761053115,0.7067016559778416,0.3583081919315849,0.022891392721324344,0.03660721053141236,0.0012769891149266854,0.2732576173414669,4.977650494891547,2.1053396062484087,0.4284489442545887,0.02341885320912329,0.03657423519649905,0.0012769931475133944,0.9605434816226008,4.012293905380973,4.408992473040416,0.8072364558312461,0.02950679524680666,0.03651355963252412,0.0012781372970520621,0.7732616869652369,4.40370577410034,1.918142958292015,0.7608935119473621,0.024704967077535223,0.03654736868210229,0.001277284024286729,0.30811714674089385,4.705329595159274,0.5055574638644567,0.5081292762776957,0.024110551989176443,0.036569503176431706,0.001277336457381928,0.009430136522493804,3.8775680261985848,1.2724953790997495,0.4927609411259031,0.0292922846329029,0.0365475584541346,0.001278299597250676,0.04266545225957952,2.7879020885855272,2.0313422595445485,0.5101131805295847,0.028568325858493893,0.03651467624462423,0.0012781050455954457,0.07917555475275373,3.8428568484555568,0.462096630131934,0.4143178305880091,0.023197745115572932,0.0365831712145539,0.0012770898741143455,0.012942345998576243,2.741879540023348,2.3025604635855923,0.48772513391822203,0.026513929485838528,0.036511847377335815,0.0012776480514911093,0.5416456804610297,4.2411891055632305,1.1085544198123776,0.5703447122837275,0.02541087713282897,0.03653209055888906,0.001277522346393667,0.01849691571658596
81.0,3.3712510889948097,1.3693752669282766,0.5046560059974352,0.02660504727352153,0.03767804934510188,0.00132947380651105,0.14408299323637053,2.458729123558067,0.7142637396971496,0.3659628879199879,0.023761163419068865,0.03773765662335915,0.0013288787412184533,0.26581539119451003,4.95295198635195,2.1356806396584926,0.43973998267144765,0.024326151171971233,0.03770296317425004,0.001328881130163495,0.9458983473371587,3.98369848121871,4.457736109492512,0.8399063059836354,0.030846317739773532,0.03763825056929804,0.0013301456371390685,0.7623423721297016,4.37894252816677,1.9448415669476415,0.7898538259382741,0.025697479078357066,0.03767495042682878,0.001329197402518023,0.29843454737547015,4.72496107178213,0.5120980084799731,0.5232013082140372,0.02505642689384535,0.03769847262145154,0.0013292518260485942,0.009973664969402218,3.887626020788538,1.281587873972223,0.5076203914275643,0.030599864353102912,0.03767457082900494,0.001330317620283239,0.04185812332233452,2.7791106820366935,2.054062489478894,0.5261177351405979,0.029836413728591804,0.0376388663226086,0.0013301112809327442,0.07567084397507795,3.8587874422568453,0.46572792375737304,0.4246618291972215,0.02408442998925331,0.03771301409954653,0.0013289809894252436,0.01151926519289681,2.7324604387278306,2.334572393629726,0.5025501097627871,0.027644739716208733,0.03763624546648536,0.001329607280133871,0.5326590275980516,4.250795500346257,1.1234445679046057,0.5889362151533479,0.026449960532332284,0.037658586091799506,0.0013294580646459053,0.01565572235926549
82.0,3.3612264204548294,1.3848763877467674,0.5194566449489053,0.027684156416960093,0.03881963275852529,0.0013825816074928277,0.1381963633060188,2.4483512638331533,0.7216996894881933,0.37365656897631183,0.02465077115927805,0.0388824887306245,0.0013819315289009815,0.2585706582948859,4.928701432706541,2.1657424152882143,0.45119337079656185,0.025255553157287558,0.03884608490030361,0.0013819317531997832,0.9314553580173834,3.955809963583361,4.5053625837072815,0.8735673306830649,0.03223241401515908,0.03877707751854498,0.0013833281081168103,0.7516323640401623,4.354902411824229,1.9712431193891944,0.819594254621693,0.02671632874278096,0.03881696495623199,0.0013822750393059913,0.288981943539917,4.7452293127563685,0.5186051070061093,0.5385476089769847,0.02602551328056668,0.038841941457917084,0.0013823311520919646,0.010726200051704993,3.897929373711169,1.290269257894996,0.5227838233947062,0.03194992382738526,0.03881588676878911,0.001383509347558487,0.04118531986216478,2.7708077489992795,2.076309806649115,0.54247516427088,0.03114641853964395,0.03877707143132092,0.0013832916837741571,0.07239364672572002,3.875088493659348,0.4692595918081732,0.4351253932700443,0.024991555376907115,0.03885741205513371,0.0013820339711783092,0.01023655673375945,2.723598457950753,2.36619163681993,0.5176839289808477,0.028810872848278546,0.03877475905306227,0.0013827363625007472,0.5239123067575546,4.261110952360828,1.138189310460349,0.6079329514976606,0.02751766828962765,0.03879946196977668,0.0013825597621046626,0.013066809759870068
83.0,3.351774798946929,1.4001052364982036,0.5345363071637892,0.02879134311456033,0.039975897295431384,0.0014368528695616334,0.13251920145304652,2.438578167330965,0.7290105943575709,0.38138871186636125,0.025558760902027355,0.040041991856612835,0.0014361438253480685,0.2515206240559973,4.904895664259906,2.195523514074531,0.46281023299198676,0.026206015803666993,0.04000395158224723,0.0014361409776273426,0.917213413907469,3.928626208917262,4.551880870357454,0.9082334079109033,0.033666142274933364,0.03993034170849974,0.0014376832780857995,0.7411294119595753,4.331583885674915,1.9973459651388659,0.8501220029698691,0.027760350292245217,0.0399738244519674,0.0014365125875190898,0.27975617491527327,4.766119956119422,0.5250788799601502,0.5541698733804914,0.027015902533475078,0.04000033118217594,0.0014365695748406182,0.011684346277571755,3.908469305482205,1.2985439425061318,0.5382554159814057,0.03334130597746876,0.03997185980653084,0.0014378722184087422,0.040645330358363374,2.7629852602641556,2.0980860687343883,0.5591904863777386,0.032498635593345426,0.03992952690914198,0.0014376449991848617,0.06934030509346689,3.891748306368778,0.472693246313427,0.44570864106961583,0.025917424360156538,0.040016806920395886,0.0014362437131119066,0.00909222796232445,2.7152843250654377,2.3974160762271457,0.5331308263632577,0.0300130550701736,0.03992770125556078,0.001437033219573003,0.5154021592076088,4.272119699871419,1.1527877696072464,0.6273382662159079,0.02861278667359546,0.03995514301393044,0.0014368231344752402,0.010726105547129716
84.0,3.3428869923431552,1.4150626466075567,0.5498976430420912,0.02992330386428632,0.04114808723158214,0.0014922732593474208,0.12704840481564483,2.4294028223999433,0.7361975668079834,0.38915881732930746,0.026481623636342988,0.04121726841932949,0.0014915014115444158,0.24466252000215283,4.881531387925412,2.2250227249587695,0.4745916708553488,0.02717470659889276,0.041177802343814296,0.001491493830121371,0.903171345216566,3.9021447196638785,4.597300646441869,0.9439176614236864,0.035147244059878346,0.04109916568504435,0.0014932005933232517,0.7308312635242356,4.3089849440316925,2.0231486772849627,0.8814436162381982,0.02882633764463005,0.04114688745582118,0.001491894370130531,0.2707541064047527,4.787618946284859,0.5315193904523241,0.5700696781263952,0.028023208078146844,0.04117502013050567,0.001491950453525348,0.012844734786339629,3.9192373819203126,1.3064165208591993,0.5540392961039879,0.03476984171380382,0.041143728206563424,0.0014933933792518062,0.04023644625511391,2.755635497066878,2.1193934168753104,0.5762686341888168,0.03389162072990448,0.04109722557139772,0.0014931610413251306,0.06650719821857987,3.9087555394763385,0.47603049391157004,0.45641167473675015,0.026858138218643024,0.04119261961522369,0.0014915931942884875,0.008084291956450329,2.707509017363441,2.428243950817901,0.5488949750058976,0.03125102193781526,0.04109622208060948,0.001492486314424113,0.50712525380073,4.283806261843869,1.1672390924734555,0.6471552774268048,0.029731929519115408,0.04112701441863198,0.0014922324892356897,0.008629577440840919
85.0,3.3345540063404515,1.429749583883928,0.565543213194692,0.031070582513045508,0.0423399538305933,0.001548798335661239,0.12178090033408662,2.420817941414362,0.7432617385007223,0.39696640935227867,0.02741013842401996,0.04241172813207372,0.0015479604915671352,0.23799360409487447,4.858605202637075,2.2542390279054447,0.4865387611381644,0.02815377249510087,0.042371380554656835,0.0015479447929429568,0.8893279179167455,3.8763626696586706,4.641632221933902,0.9806324123244035,0.036671472648819314,0.04228697994202246,0.0015498438886725197,0.7207356665603535,4.287103148236188,2.048650037444195,0.9135649524978016,0.029905369361991063,0.04234017844919036,0.0015483731064573902,0.26197262871615035,4.80971252560251,0.5379266446765607,0.5862484777056323,0.02903618879385972,0.042370084106473804,0.0015484242998300424,0.014204024147661531,3.930225503512249,1.3138917505042236,0.5701395326065084,0.03622285542086123,0.04233522404700718,0.0015500310715590437,0.03995696311633212,2.7487510396209127,2.1402342531393415,0.5937144468520117,0.035318837843592465,0.042283292718899634,0.0015498044839592495,0.06389074255000127,3.926099195651159,0.4792729332319956,0.4672345791138417,0.02780369814616357,0.042389031007599165,0.0015480321915726236,0.007210768753554309,2.700263751166993,2.4586738344756887,0.56498048043286,0.03252152071711745,0.04228382348903059,0.0015490576213870177,0.4990782876617188,4.2961554333564855,1.1815424466415259,0.6673868680186099,0.03086562546562366,0.042319165799244995,0.0015487403724621096,0.0067732335429280255
86.0,3.326767078249212,1.4441671356920427,0.5814754835833034,0.032200625385746307,0.04356517550847583,0.0016062671997794098,0.11671364503640103,2.4128159687073865,0.7502042562934097,0.40481103445216515,0.02831404533055215,0.04363798459787693,0.0016053625834699936,0.23151116101613312,4.836113613466339,2.283171577973604,0.4986525536951891,0.029116471896021956,0.043598358686169014,0.0016053304715852867,0.8756818391447068,3.851276927787497,4.68488647472558,1.018389131281093,0.03821719557362746,0.043506342112552776,0.0016074763420492744,0.7108403707583144,4.265935657766832,2.0738490215887007,0.946491156229063,0.030967225817423394,0.04356823254751108,0.0016057801245974446,0.25340865888537767,4.83238722619407,0.5443005926780486,0.6027076004453504,0.0300188743597678,0.04360023701727345,0.0016058158876477435,0.015758901078462006,3.9414258952963315,1.3209745375421211,0.5865601302083387,0.03765558330159591,0.04355994973191768,0.0016076308148536,0.03980518168324121,2.742324755981226,2.1606112192724325,0.611532662099981,0.03675294538248686,0.04349935318574438,0.0016074407096975385,0.061487392052803624,3.9437686098693066,0.4824221525622985,0.47817742060067703,0.02872194527048899,0.04362109235837375,0.0016053835144242967,0.00646968647454127,2.693539971367092,2.488704615990762,0.5813913747488941,0.03380815996626829,0.04350329782024609,0.0016066055874519591,0.4912579867979985,4.309152281004114,1.1956970161803504,0.6880356774983998,0.03198177578906147,0.043546330965416935,0.0016061774411051388,0.005153122576989411
87.0,3.319517670818181,1.458316500807375,0.597696820724364,0.03313733253390527,0.04490642292851632,0.0016637524590650266,0.11184362628074096,2.405389090215788,0.7570262786319715,0.4126922609485151,0.02903626512118418,0.044973254397364215,0.001662790682233517,0.22521250241119795,4.814053044547684,2.311819690405308,0.5109340694499691,0.02991817131743879,0.04494152474229329,0.0016627136885003502,0.8622317622356719,3.82688408004153,4.727074789694852,1.057198391576641,0.039632933053479924,0.04483313758964025,0.0016652856471566224,0.7011431292149721,4.245479259289388,2.098744786707898,0.9802266330727845,0.03185043591108405,0.044918160883026026,0.0016631557361539429,0.2450591407446745,4.855629862048896,0.5506411293740521,0.6194482446918199,0.030790571247303333,0.04495365057080125,0.001663134238725661,0.017506081083453306,3.9528310972232115,1.3276699216113697,0.6033050234254693,0.03882352995051441,0.04490007428000364,0.0016652887208445932,0.03977940884198006,2.73634979121871,2.180527176688416,0.6297279084264567,0.03802216835352201,0.04481670885893596,0.0016652631495630565,0.059293638369627644,3.9617534386405633,0.48547972778263837,0.4892402460257803,0.029449626363731163,0.044978765404771526,0.0016626475499528226,0.005859082355531342,2.6873293413692974,2.5183354799950752,0.598131610813688,0.03499527889305609,0.04483178324316395,0.0016642986294415074,0.4836611066383587,4.322782138301051,1.20970199822108,0.7091040941448745,0.03290922981527977,0.044896562490501335,0.0016635813283567558,0.003765334079772309
88.0,3.3127974660964212,1.4721989799242396,0.6142094869554597,0.02988262396181174,0.05080292824203614,0.00169164741007366,0.10716786195735484,2.398529244687308,0.763728972275981,0.420609678217962,0.02628453740770187,0.050566871808784164,0.0016905471983506004,0.21909496709358844,4.7924198509012506,2.340182826694397,0.5233842983687143,0.027198829860205276,0.05085165370472566,0.0016903409365855993,0.8489762914156485,3.8031804500820536,4.768209001721462,1.0970698231866436,0.03596070062289547,0.05036288983555304,0.001696440177624492,0.6916416998535024,4.225730393786442,2.123336658273991,1.0147750258424573,0.028879613780956603,0.051026050612910545,0.0016905807445075638,0.23692104533890035,4.879427521368187,0.5569480958047746,0.6364714751265486,0.027773915239302838,0.051067629418240834,0.0016897864393152773,0.019442309024467086,3.9644339549574035,1.3339830617658577,0.6203780704646111,0.034427257959267266,0.050762130688640106,0.0016936002803324968,0.039877958508101496,2.730819556887306,2.1999851876469,0.6483046972791984,0.034259518402123046,0.050157244328188355,0.001695863688512489,0.05730601093968568,3.9800436496977682,0.4884472205490109,0.5004230815237367,0.026663858076600988,0.051178840901959344,0.0016891285324920347,0.005377003693688209,2.6816237334293396,2.5475658888173247,0.6152050564380946,0.032113047706589626,0.05042054489512626,0.0016950268369688715,0.4762844325056692,4.33703060108682,1.2235566000430453,0.730594247476049,0.029769348966899756,0.05104344585747844,0.0016910614290961412,0.0026059985478803505
89.0,3.3065983593362347,1.4858159667847293,0.6310156357700052,0.034920695730158435,0.04778204320421686,0.001778556387321828,0.10268340065304615,2.392228136313522,0.7703135093363689,0.428562895927346,0.030336374628979534,0.04783803330211356,0.0017778964133090547,0.21315592121528182,4.771210329265517,2.36826058159495,0.5360041974419025,0.031370858803318136,0.04782833643387274,0.0017774384632733842,0.8359139861779559,3.7801621184448546,4.808301342466519,1.1380120680933699,0.04130785270759896,0.047683090480285184,0.0017797925541045423,0.6823338467304234,4.2066851819075755,2.1476241184763123,1.0501391919064202,0.033652028760328356,0.04782168536736853,0.001777745496286176,0.2289913712933327,4.903767559107854,0.5632212805912995,0.6537782192198884,0.03263824577084806,0.04785274373666626,0.001778082575108364,0.02156435962358172,3.9762276110612085,1.3399192232017731,0.6377830470968866,0.04088849632766145,0.04776341822174279,0.0017800236137497372,0.040099152434246665,2.725727720764003,2.2189884975666674,0.6672674152822062,0.03974660423601062,0.04763304816534397,0.0017802332441130275,0.05552107707870224,3.9986295120935575,0.49132617670747614,0.5117259314161622,0.0310500096934736,0.047890286691841144,0.0017773753794489977,0.005021508713048739,2.676415219367996,2.5763955652263393,0.6326154886096567,0.03637106986382799,0.04768578493091358,0.0017787495336341053,0.4691247800281251,4.351883522922127,1.2372600366349285,0.7525080010503435,0.03486778059661155,0.047800189582068775,0.0017781771288882808,0.0016712875428188667
90.0,3.3009124529299614,1.4991689399001595,0.6481173072326074,0.037555495620716695,0.04845256998066638,0.0018496416824076434,0.09838732178029819,2.38647724859526,0.7767810646056983,0.43655154324900014,0.03265998580314644,0.0485542271067394,0.0018483837033169692,0.20739275840224192,4.7504207279262385,2.396052671034674,0.5487946886793695,0.033604086998639815,0.048496648868435965,0.0018483940295137558,0.8230433653594007,3.757824940413888,4.8473643907611885,1.1800327370530108,0.044775385529943534,0.04838109230493792,0.0018509024720976264,0.673217341234035,4.188339447616756,2.171606795197518,1.0863211820529592,0.03602296098367441,0.04845227052529388,0.0018491065112513638,0.22126714513537582,4.928637589801652,0.5694604215783294,0.6713692638331321,0.03497711776824408,0.048490780028927816,0.0018492982399180846,0.02386903790471706,3.988205496588413,1.3454837647963225,0.6555236405247373,0.04452705438445648,0.04844390159404055,0.0018513469625252021,0.04044132094671049,2.721068196856333,2.2375405184319175,0.6866203165063123,0.043046869521781606,0.04837833192722707,0.0018508466398410306,0.05393544202257816,4.0175015867313375,0.4941181249219784,0.5231487771003143,0.033261547325261986,0.04851387880295022,0.0018487046346287173,0.004790667355858869,2.6716960616316894,2.604824476045735,0.650366587761475,0.03919500772736573,0.04837350675037566,0.0018497966462827087,0.462178995494094,4.36732701051575,1.2508115286985277,0.7748469456253724,0.03733449826733137,0.04842057678697964,0.0018496735269373232,0.00095741375728009
91.0,3.2957320503988097,1.5122594548289592,0.6655164234925373,0.03907513876175628,0.04964311805292754,0.0019143689137073316,0.09427673567375194,2.38126785935608,0.7831328131593862,0.4445752680667585,0.033870265862522064,0.049751192976602354,0.0019129768833141547,0.20180289986062228,4.730047255759605,2.4235589208842256,0.5617566571299406,0.034875433014558865,0.04968863159962211,0.001913004421661313,0.8103629109484274,3.736164562768872,4.885411026391166,1.2231383680385775,0.04688705324350462,0.049571677180316076,0.001915792677872119,0.664289963187898,4.170688740317321,2.1952844516866254,1.1233222209518066,0.03742662279013764,0.04964135062090813,0.0019137797610309093,0.2137454215737553,4.954025480494797,0.5756652076392665,0.6892452519847847,0.036279613958343226,0.0496815998026916,0.0019139577307454303,0.02635317957801986,4.000361322957894,1.3506821274125502,0.6736034432608404,0.046540175313960486,0.04963502265158137,0.0019162656903470854,0.040902803616112315,2.7168351356520937,2.255644813227362,0.7063675148125919,0.04501244673986582,0.049570346517196384,0.0019157064671624369,0.052545748937715686,4.036650717206903,0.4968245754979206,0.5346915759548501,0.03447335008105057,0.049704846211102716,0.0019133234835200241,0.004682562004594715,2.667458704718142,2.6328528165890885,0.6684619321033836,0.04091395321822899,0.049562686058934435,0.0019145747139313052,0.45544395615348066,4.383347419119946,1.2642103010590855,0.7976123927034346,0.038813589762681566,0.04960758319814129,0.0019143955979270544,0.00046063104540028377
92.0,3.2910496504207494,1.5250891369852138,0.6832147844159939,0.04054660015580369,0.050886991144203364,0.0019797207007945516,0.0903487836560779,2.3765910566797857,0.7893699282095423,0.4526337361849726,0.0350291562905074,0.05100012867095138,0.001978208218117228,0.1963837944526885,4.710086090401339,2.450779256549578,0.5748909489398897,0.03610015575601677,0.05093453378575408,0.001978236295227198,0.7978710716334261,3.7151764393747064,4.922454387140509,1.2673343865836788,0.04891307450186577,0.05081274409189085,0.0019813070029601754,0.6555495018606896,4.153728355486754,2.218656976905522,1.1611426893249734,0.03879327911614494,0.05088573752199688,0.001979068820682439,0.20642328373750107,4.979919343935493,0.5818352806226867,0.70740667980008,0.037552908879343594,0.05092790929511626,0.0019792443169501794,0.02901365137119649,4.012689074181454,1.355519822936695,0.6920259470416052,0.04847981199126927,0.05087873190080394,0.0019818012994701206,0.04148194986711218,2.713022914614055,2.273305081365151,0.7265129762961959,0.04689905100331826,0.05081064831012272,0.0019812097010349916,0.05134867890042205,4.056068021033135,0.4994470193853817,0.5463542602755234,0.03564980431887843,0.05095211558880841,0.0019785585807778894,0.004695288139486387,2.6636957669224572,2.6604809959045994,0.6869049920376997,0.04255977396444477,0.05080272593830237,0.0019799753126106268,0.44891657047109446,4.399931347961644,1.2774555814513744,0.8208053684948116,0.04025853106227251,0.05084997965435578,0.001979734378847464,0.00017723441958228392
93.0,3.286857940915121,1.537659674945071,0.7012140633592678,0.04203944773947432,0.05215183069347118,0.002046153203840717,0.08660063807506901,2.3724377556655485,0.795493579191513,0.4607266305545914,0.03619886423320473,0.052270029485379066,0.0020445161925723987,0.19113291874541005,4.69053338569607,2.477713693342327,0.5881983694665234,0.037337632633749784,0.0522016439670705,0.00204454252788544,0.7855662661134515,3.694855845764435,4.958507828903294,1.3126250682507776,0.050964391291648425,0.052073970494146415,0.002047905440755393,0.6469937568904132,4.137453353965105,2.2417243765088024,1.199782107934729,0.04018091148610203,0.05215150514759426,0.0020454358851824672,0.19929784337689815,5.0063075319230546,0.5879702374195017,0.7258538936639436,0.03884854625657708,0.0521957108579687,0.0020456130040891196,0.031847351311621086,4.025182999363569,1.3600024240069608,0.7107945367992397,0.05045156951807028,0.05214320025432784,0.0020484226005712536,0.04217711953136716,2.7096261289067236,2.290525145046689,0.7470605118596172,0.04880947353301002,0.052070688469964654,0.0020477998830790156,0.05034095084757961,4.075744881172098,0.5019869273455901,0.5581367362558014,0.03684272844037517,0.05222104572116937,0.002044870729562387,0.00482695493607288,2.6604000324163684,2.6877096227859076,0.7056991246831061,0.044221114778091763,0.052062919490729165,0.0020464552126515656,0.44259377833325075,4.417065635678151,1.290546599648117,0.8444266083305081,0.04172816207998942,0.052113638543424656,0.002046154467487238,0.00010356001627664924
94.0,3.2831497931861477,1.5499728142229041,0.7195158031040245,0.0435665556939373,0.053431110811804405,0.002113756687601054,0.08302950231413542,2.3687987158349326,0.8015049300653487,0.46885365053060113,0.037389898585564296,0.053554505656556284,0.0021119879132451835,0.18604777703353337,4.6713852784490575,2.504362327588976,0.6016796814622998,0.03859880798455473,0.05348334526389564,0.002112011930369029,0.7734468861879065,3.675197892763222,4.993584888704654,1.3590135034426307,0.053067362691936015,0.05334924044651057,0.002115682758384807,0.6386205391297635,4.121858579973712,2.264486764425744,1.239239123489638,0.04159978201454706,0.05343190966207434,0.002112970552203386,0.19236624102938338,5.033178628842036,0.5940696321314887,0.7445870875966705,0.040173652458067366,0.05347823107459915,0.002113151115515688,0.034851208962812574,4.0378376054763745,1.3641355543979672,0.7299124847158964,0.0524758085385022,0.05342201148221015,0.002116224546817591,0.04298668334792444,2.706639582351329,2.307308936513759,0.7680137699434235,0.05076682261780752,0.053344580095762595,0.0021155693270711318,0.049519321500852254,4.095672937879133,0.5044457492655896,0.5700388830269589,0.03805986282813967,0.053504764352194645,0.0021123479615243745,0.005075685806977148,2.657564443645313,2.714539492521668,0.7248475685294267,0.045918870857781346,0.05333709268030873,0.002114107236272922,0.43647255121251316,4.4347373557778615,1.3034825869003108,0.8684765515542421,0.04323278247010176,0.053391808236027405,0.0021137458237037166,0.00023598503301958118
95.0,3.279918256134626,1.5620303514895717,0.7381214119737498,0.04513139835380464,0.054722863741764716,0.0021825582653161035,0.07963261077786044,2.3656645590492897,0.8074051378150515,0.4770145111735329,0.03860461418360828,0.054851576942747116,0.002180649366928744,0.18112590133853068,4.65263789454038,2.5307253284404263,0.6153356033435049,0.03988656502285881,0.054777635495163235,0.0021806706404623455,0.7615112996395483,3.6561975392276778,5.027699250470117,1.4065015647680053,0.05523193493321177,0.05463669632031731,0.0021846695075886657,0.6304276714173169,4.106938677955834,2.286944355012217,1.2795114965601808,0.0430524491145694,0.05472495780827913,0.0021816989243537144,0.18562564615236443,5.06052144537599,0.6001329783230869,0.7636063008692275,0.04152908388582777,0.05477346721597831,0.0021818835938836045,0.03802218561866377,4.050647650391765,1.3679248800258659,0.7493829443814581,0.054558468733508114,0.054713231955387354,0.0021852368625343566,0.04390902341469127,2.7040582786056966,2.3236604861423116,0.7893762294405495,0.052779272377991404,0.05463048500173073,0.0021845480056863487,0.04888058526629857,4.1158440808451005,0.5068249136070446,0.5820605517706126,0.03930244952405726,0.05480125062998953,0.0021810151876979766,0.005439618891834197,2.655182094039092,2.740971574352833,0.7443534382439108,0.04766081042003156,0.05462337621415836,0.002182960616682994,0.430549892292861,4.4529338121340665,1.3162627756601397,0.8929553369200387,0.0447749259565442,0.05468250326026425,0.002182534720690743,0.0005709276388596862
96.0,3.277156550546489,1.573834129206324,0.7570321601468093,0.04673475515597936,0.0560264195157667,0.002252567164642727,0.07640722885436357,2.363025787797261,0.8131953511298051,0.48520894260503233,0.039843104641984706,0.05616052383544057,0.002250509132705858,0.17636485138511437,4.634287354451728,2.556802930343549,0.6291668075538728,0.04120149544305951,0.05608382737999573,0.0022505270334960414,0.7497578529251809,3.6378496039654395,5.060864713388238,1.4550898771621679,0.05746317019194169,0.05593568860342524,0.0022548781303690646,0.6224129892800105,4.092688108322892,2.3090974557414667,1.3205960915841715,0.044539283826207754,0.05603000492068677,0.0022516291819929535,0.1790732572252205,5.088325012401892,0.6061597513397787,0.7829114158713155,0.042914008522839,0.05608077275180623,0.0022518177425747687,0.04135727445856219,4.063608136158249,1.3713761005404645,0.7692089450731241,0.056701292491389665,0.0560162039595804,0.0022554707934210327,0.044942533594417355,2.701877412566422,2.339583911334091,0.8111511928162174,0.05485056942589406,0.055927719923320574,0.0022547482064601,0.04842157411125525,4.136250441628044,0.5091258269760779,0.5942015649136927,0.040569964077357135,0.056109861413805806,0.0022508794828999257,0.0059169074990164106,2.6532462210311034,2.7670069996073554,0.7642197196459803,0.049450821021722824,0.05592112114523129,0.0022530266533178356,0.42482283655829,4.471642534523171,1.328886399558722,0.9178627985169823,0.04635491797368019,0.055985089210402794,0.0022525294814741414,0.0011048468601804196
97.0,3.274858063466434,1.585386030649798,0.7762491761769867,0.048375907100234095,0.057341691935677286,0.0023237843689809523,0.07335065285604792,2.360872803717902,0.8188767092525961,0.4934366894238269,0.041104198905964395,0.057481180867941184,0.0023215677163515025,0.171762214556753,4.616329778254683,2.5825954261388095,0.6431739190297643,0.042542972955920355,0.05740182292186269,0.0023215812138777103,0.7381848736871213,3.620148776895788,5.0930951627180505,1.504777790950321,0.05976408890253637,0.05724610541812636,0.0023263133697577487,0.6145743415716587,4.079101162184733,2.3309464604045527,1.3624888690298316,0.04605939113953195,0.057347020398347937,0.0023227610798657317,0.17270630182250457,5.116578575066873,0.6121493906778852,0.8025021562404557,0.04432640707882207,0.057400119842701436,0.002322952363952968,0.04485350066635352,4.076714302511517,1.3744949414729457,0.789393386170695,0.05890369074244184,0.05733084443903769,0.002326929322827187,0.04608561987835991,2.7000923619910924,2.355083406163583,0.8333417794515512,0.05698244675685871,0.0572361069545102,0.002326174662615532,0.048139157420179046,4.156884386367097,0.5113498738024491,0.6064617154116942,0.04186075192349392,0.05743058437045789,0.002321939318224331,0.006505720502542722,2.6517501993815626,2.792647050483601,0.7844492648631691,0.05129122443157641,0.057230223815714076,0.002324308876741732,0.41928845084743394,4.4908512742181514,1.3413526936130515,0.9431984622370604,0.047971765733178184,0.05729954961133066,0.0023237299867284733,0.0018342424438113625
98.0,3.2730163426649432,1.5966879753046936,0.7957734437278741,0.05005233955381083,0.05866910277844717,0.002396203293978605,0.07046020994042346,2.3591959262325033,0.8244503409828541,0.5016975101843659,0.04238517118289176,0.05881383969439424,0.0023938181787297452,0.16731560583190186,4.59876129010665,2.6081031607489957,0.6573575137688787,0.04390898286352085,0.05873203269130389,0.002393825570643049,0.7267906730979679,3.60308962950827,5.124404542898127,1.555563358028452,0.06213626905347169,0.05856829365645444,0.002398973940227922,0.6069095910525388,4.0661719751379,2.352491842792268,1.4051848797714306,0.04761027953807684,0.05867652253739353,0.002395086348041975,0.16652203666051646,5.145271587049253,0.6181013023920956,0.8223780852557265,0.04576244435186094,0.05873203521897885,0.002395277834813303,0.048507921515832386,4.089961620608604,1.3772871469090453,0.8099390317171515,0.06116231095880931,0.05865757190922283,0.0023996082581572153,0.04733670071066287,2.6986986793388095,2.3701632317393173,0.8559509192242984,0.05917490470653686,0.058555881805188115,0.0023988261658014487,0.04803024183116911,4.177738508772516,0.5134984161174017,0.6188407661219095,0.043171557490295775,0.058763977261049316,0.0023941846254249555,0.007204242697306018,2.6506875348000336,2.8178931494541493,0.8050447876764548,0.053183337473813985,0.058551050347340095,0.0023968044854711934,0.41394383387716793,4.510547999648698,1.353660894637978,0.968961542796309,0.04962276147853917,0.05862642593760414,0.0023961280561231035,0.002755654699202026
99.0,3.2716250912052542,1.6077419146025695,0.8156057985228289,0.05175815378638937,0.06000990085524549,0.0024698046194622236,0.06773325801239238,2.3579854111644885,0.8299173638211443,0.50999117693625,0.04368034904477147,0.06015951245302098,0.002467241034566303,0.16302266770222218,4.581578022297296,2.633326525426005,0.6717181175003937,0.04529494134728029,0.060075691487305516,0.0024672394225961902,0.715573548049738,3.5866666246714805,5.154806832821057,1.6074433113212532,0.06457917421506698,0.05990333646288226,0.002472849274178124,0.599416614914059,4.053894540179988,2.373734150832285,1.4486782617195089,0.0491863975753839,0.06001993707784736,0.0024685829849406815,0.16051774761900806,5.174393705005244,0.6240148615285479,0.8425386044948344,0.047214616767717654,0.060077964289297014,0.0024687698459735508,0.05231762642532667,4.1033457869753756,1.3797584726594914,0.8308485051298895,0.06346861138514104,0.059997622866228006,0.002473491637219105,0.04869420727617513,2.6976920838264533,2.384827707240924,0.8789813463356833,0.0614250886053318,0.05988792720999081,0.0024726923193596484,0.048091771054638244,4.1988056233850415,0.5155727934207222,0.6313384492640415,0.04449595515530058,0.060111546743423894,0.0024675904504691815,0.008010675115545318,2.6500518578623296,2.842746849263351,0.8260088590588763,0.055127121139579405,0.05988472547428714,0.0024705007037519877,0.4087861162373727,4.530720892137523,1.3658102418412055,0.9951509413137845,0.051301877465895096,0.059967187247107034,0.0024697016948951322,0.003865664321316853
100.0,3.2706781621157113,1.6185498279862465,0.8357469255084511,0.053479475219211814,0.06136726200554721,0.0025445392102367848,0.0651671856095346,2.357231469235824,0.8352788832447722,0.5183174748190589,0.04497717359113995,0.06152088477151407,0.0025417874054620704,0.15888107007435215,4.5647761188864,2.6582659525238483,0.6862562044506264,0.046690221276059596,0.061435954600356,0.002541771518604019,0.7045317831981128,3.5708741258404935,5.1843160231421965,1.6604130476619852,0.06708709645551103,0.061254020786536856,0.0025479071784029195,0.5920933052528374,4.042262719812882,2.394674001156092,1.4929622387352435,0.050774987192471865,0.061380806653877684,0.002543196900188782,0.15469074973994612,5.203934783201763,0.6298894145726242,0.8629829527490798,0.04866683501431357,0.06144149784738939,0.002543369729291367,0.0562797369836705,4.116862717656449,1.381914679900944,0.8521242840642897,0.06580180505868594,0.061354139630457105,0.0025485358735286567,0.05015658375438914,2.6970684536980114,2.3990812015947283,0.9024355933889585,0.06372328065412214,0.06123462151118009,0.002547741214886212,0.048320725675710996,4.220078759097534,0.5175743226286311,0.6439544659616847,0.04582010103011669,0.06147701665331695,0.002542097035576951,0.008923235307251254,2.6498369182159642,2.867209823492336,0.8473439029077405,0.05711923417918374,0.06123413148556445,0.0025453615427109,0.4038124603594806,4.551358341721038,1.3777999775807004,1.0217652434479683,0.052995261805814486,0.06132546704804476,0.002544396629425627,0.005160892195815503
101.0,3.2701695531711668,1.6291137192810035,0.856197356226533,0.05517948831359254,0.06275013874086266,0.0026202695477728355,0.06275941177172184,2.3569242843356273,0.8405359921045541,0.5266762017041575,0.0462435804746919,0.06290569898431064,0.002617321143412621,0.15488851015649363,4.548351738969665,2.6829219107675772,0.7009721961954325,0.04806675608207689,0.0628217439743759,0.0026172802596504674,0.6936636528714208,3.555706405706711,5.212946095498561,1.7144666142237477,0.06963736279670085,0.06262821768766358,0.0026240498711063154,0.584937569497888,4.031270257392162,2.4153120740721934,1.5380291218469306,0.05234268389008534,0.06276899300971905,0.0026187796623742265,0.14903838720498808,5.233884868333777,0.6357242819019238,0.8837102051876342,0.05007910695761231,0.06283263534737049,0.002618918244521762,0.0603914069497824,4.130508542555755,1.3837615292623084,0.8737686954287125,0.06810582571378587,0.06273597391726815,0.0026246145411921162,0.05172228754196606,2.6968238187032165,2.412928125753091,0.926315985722483,0.06603857290078619,0.0626028462109467,0.0026238752936946774,0.048714122941720284,4.241551152930253,0.5195042980950748,0.6566884858553825,0.04710937560359829,0.06287072668455806,0.0026175428409729307,0.009940157587028153,2.650036579067327,2.8912838576668243,0.8690521919679752,0.05914522093741814,0.06260739054091191,0.002621281238159856,0.3990200604609506,4.572448943060131,1.3896293482657285,1.0488027180863884,0.05466673612660289,0.062711348322539,0.0026200637762991974,0.006637999187979915
102.0,3.270093401785829,1.639435613354312,0.8769574663876072,0.056734038533011955,0.06419127598333407,0.0026965041387931876,0.060507385896441335,2.3570540314663013,0.8456897701334021,0.535067167873037,0.047374891398804575,0.06434276562700925,0.002693355557070287,0.15104271233123612,4.53230105960728,2.7072949009889724,0.7158664605888152,0.04932969514581753,0.06426578440694275,0.0026932634905927344,0.6829674228535065,3.54115765433052,5.240711003518537,1.7695966986166671,0.07213143598798544,0.06405462719850341,0.002700909319313549,0.5779473307945784,4.0209107877751,2.4356491089224863,1.5838703127758809,0.05377822909855112,0.06422021674085432,0.002694809199357273,0.14355803329338546,5.264234194524007,0.6415187602358063,0.9047192727604112,0.05132467951260988,0.06428761539951822,0.002694860262816512,0.06464982222776339,4.144279599955374,1.3853047753323278,0.8957839105485594,0.07019042443859647,0.06417547568600845,0.0027012647149340374,0.05338978944621031,2.696954352781631,2.426372925543556,0.9506246359985884,0.0682516287736914,0.06401818811513849,0.0027007240084664375,0.049269016536216625,4.263216244050202,0.5213639916996171,0.6695401467758919,0.04825305041021277,0.06433005520642787,0.0026933661645354157,0.011059693249717562,2.6506448119431014,2.9149708408831287,0.8911358439426245,0.061139424964585576,0.06403405779264215,0.0026978695910369055,0.3944061424679388,4.593981491445033,1.401297605383749,1.0762613165812644,0.0561959731245234,0.06416123651604178,0.0026961791282706926,0.008293685916740845
103.0,3.2704439800174954,1.649517553047366,0.898027473638618,0.0574687765157349,0.06590125308947314,0.002770297547513678,0.05840858758104028,2.357610894280177,0.8507412835585271,0.543490195720985,0.04782545970011354,0.0660204947160481,0.002766959865308838,0.147341428015765,4.51662027844524,2.7313854523009384,0.7309393107565549,0.04995895047072407,0.06597914927041248,0.0027667299166678205,0.6724413520487826,3.5272219867926737,5.2676246555095,1.8257946227502346,0.07388658132843862,0.06571626058164082,0.0027761902146385964,0.571120528348593,4.011177847313638,2.4556858998001996,1.6304763097696346,0.05448233450604567,0.06596176581579094,0.0027682125160790605,0.13824709032177207,5.294973178499405,0.6472721250739721,0.9260089018279625,0.05176751848926653,0.0660370056336661,0.0027679583447897116,0.06905220081945895,4.158172431198134,1.386550161565836,0.918171940476519,0.07103015132293189,0.06588053038791575,0.0027756514359271733,0.05515757385170428,2.6974563669470752,2.439420075056007,0.9753634390491319,0.06961499011872663,0.06564769104092782,0.0027759361551060735,0.04998249634075691,4.285067668022914,0.5231546529960673,0.6825090544655232,0.04868726259004852,0.06609211939186999,0.0027662997986253046,0.012280110756976992,2.6516556917172416,2.9382727579292323,0.9135968177860843,0.06262802433706938,0.06570215070257701,0.002772731898156522,0.3899679639180955,4.615944978894979,1.4128040066369785,1.1041386725226934,0.0569372685881846,0.06590586123061559,0.002769665108482311,0.01012469251510062
104.0,3.2712156896823927,1.659361596361979,0.91940743551773,0.04401560950198746,0.10890711178318968,0.002712179298287154,0.05646052645312505,2.358585082126622,0.855691584809184,0.5519451194748353,0.03731300308945773,0.10012667841036205,0.002707466810119019,0.14378243551076597,4.501305616048526,2.7551941186825823,0.7461910041441029,0.03886984480344324,0.10888629818492879,0.0027075940477074845,0.6620836940370722,3.5138934503938453,5.293700898713065,1.8830503405450352,0.05522579362371882,0.10555653376954055,0.0027458998113769617,0.5644551177337624,4.002064883231371,2.4754232916074614,1.677836715731572,0.042195146550662255,0.11399873388231896,0.0027088230366398847,0.13310298956738897,5.3260924149437425,0.6529836331170391,0.9475776740070323,0.040303133352201925,0.11120706671126879,0.0027045806997803012,0.07359579275612083,4.172183775522509,1.3875034155667532,0.9409346314469831,0.05292791546380338,0.10789768491430607,0.002718998215985202,0.05702413886222235,2.698326302368108,2.4520740705363075,1.0005340669794314,0.051947410421808726,0.09998266274987344,0.0027336317893964512,0.05085168818573704,4.307099251287984,0.5248775094161306,0.6955947823356521,0.03811754105119336,0.11306096634780882,0.002702545009983126,0.013599695896798991,2.653063391892873,2.9611916818776507,0.9364369101762864,0.04779642704119258,0.1067764764836574,0.0027393171559282337,0.3857028138453371,4.638328590355444,1.424147817173016,1.1324321020401111,0.04385441020267056,0.11529517697076308,0.0027107285106371393,0.012127798378125831
105.0,3.2724030575804255,1.6689698138873998,0.9410972475903154,0.05888570862579412,0.06939934422737792,0.0029139742573995875,0.05466074199006066,2.359966846557025,0.8605417123128389,0.5604317849146243,0.04801156729687506,0.06948274937999166,0.0029118528405738253,0.14036353983838223,4.486353318030153,2.778721475954533,0.7616217416093756,0.05091037252996067,0.06950381083367496,0.0029103102636214295,0.6518926985255944,3.5011660314543445,5.318953505037869,1.9413524395632304,0.0742658461696113,0.06916603945924793,0.002918327413027555,0.5579490711600288,3.993565262448992,2.4948621764376733,1.7259402486284934,0.056255544011730496,0.0695579532672368,0.002910918877607749,0.1281231911755043,5.357582671980641,0.6586525246629082,0.9694240062217192,0.053397871226440685,0.06961124203718905,0.0029119385291589417,0.07827788001066249,4.186310565014391,1.3881702447281308,0.9640736604743472,0.07205241671996454,0.06933987824171428,0.002918735359059621,0.05898799641985519,2.699560723634003,2.464339424760782,1.0261379645334614,0.07031615961099025,0.06898268547092279,0.002920228128474811,0.05187375359135604,4.3293050058179094,0.5265337665230785,0.7087968712497839,0.049832050738909395,0.06970276551960986,0.002909431091214554,0.015016751917873883,2.6548621801383963,2.9837297671285956,0.9596577521636727,0.06283185361669608,0.06916530237374863,0.0029148408998560527,0.38160801264810695,4.661121699964722,1.4353283108955672,1.1611386046236536,0.05905443700340385,0.06951158710735506,0.0029122245325021723,0.014299821899631748
106.0,3.274000730822367,1.6783442864517983,0.9630966417633995,0.06509096853529872,0.06973583279534745,0.0030180401072632534,0.05300680332908447,2.3617464971758553,0.8652926903716129,0.5689500490910673,0.05369536072760983,0.0699473799495105,0.003013981510495256,0.1370825725724365,4.471759656819768,2.8019681191013435,0.777231666553484,0.05589935842556093,0.06983279664203934,0.00301400170017585,0.6418666127046841,3.4890336616735746,5.343396158137059,2.000688146609094,0.08240316337764408,0.06957563112909604,0.003022105554168153,0.5516003777242622,3.9856722798124693,2.5140034902462083,1.7747747541502017,0.061600093249180254,0.06976125724817717,0.003016313364177403,0.12330518405396385,5.389434886891354,0.66427802597262,0.9915461509522778,0.05907543806108073,0.06983882853942935,0.003016955331023752,0.08309577639240207,4.200549919718702,1.3885563322058259,0.9875905310972035,0.08164602831166112,0.0697105073633848,0.0030234942350491067,0.06104767240328801,2.7011563122164275,2.476220661851831,1.0521763447260497,0.07815238801250413,0.06954589508609654,0.003021974014669304,0.05304588949997635,4.3516791240259876,0.5281246083100299,0.7221148293238091,0.05507688613006323,0.06988229212796693,0.0030149849109712967,0.01652959964056322,2.6570464140403782,3.005889242879356,0.9832608059967951,0.06908180068058556,0.06954112198872942,0.003018545047228205,0.3776809119438438,4.6843138674605616,1.4463447718396383,1.190254864457458,0.06465198081794954,0.06967927658398665,0.003018155608999429,0.01663762019860293
107.0,3.276003472265342,1.6874871029838778,0.9854051847765191,0.06767117364136777,0.07102012044713835,0.0031041298090466185,0.05149630906817393,2.36391441686847,0.8699455291135627,0.5774997800325639,0.0556504864166838,0.07124562156347114,0.003099675111430944,0.13393739165803886,4.457520933384103,2.8249346599447467,0.7930208640845633,0.05794493795138367,0.07111832900849802,0.003099765833945778,0.6320036825128263,3.477490224183621,5.367042441793379,2.0610433373393175,0.08635734702451492,0.07086604085695658,0.0031086278523768662,0.5454070436120397,3.97837916588864,2.5328482098176064,1.824327220588438,0.06389873237603716,0.07103950187917274,0.003102277215679905,0.11864648575312842,5.421640161870483,0.6698593516004991,1.0139421966756546,0.0611598581651811,0.07111910486849249,0.0031028770991246013,0.0880468274249191,4.214899142799186,1.3886673332121213,1.0114865692732784,0.08541161248682805,0.07099753154641064,0.003110150268641476,0.06320170670678849,2.7031098600958385,2.487722312525278,1.0786501847494527,0.08177375084195715,0.07084294302345917,0.0031083649334515684,0.05436532800057936,4.374215973777337,0.529651197538703,0.7355481317370955,0.05698397261137744,0.07116028958891762,0.0031008157248515467,0.018136577546087107,2.659610537107841,3.027672407001636,1.0072473621274671,0.07213121046407389,0.07082650185901684,0.0031047525243046437,0.37391889440853454,4.707894834597168,1.4571964956006922,1.2197772522599282,0.06709928453647152,0.07095236753455403,0.0031042579193463204,0.01913808883628665
108.0,3.2784061560446887,1.6964003585707044,1.00802227687181,0.06998060444929344,0.07239828916183555,0.003189834578073203,0.05012688705934831,2.3664610762774188,0.8745012245105244,0.5860808564388869,0.057346739430125915,0.07263224109921618,0.0031850451987494033,0.13092588122525406,4.4436334786249905,2.847621725115257,0.8089893602134755,0.05976511932122275,0.07249933943309461,0.0031851440796568653,0.6223021538172988,3.4665295592093894,5.389905829470212,2.1224025498993777,0.08988218232216827,0.07224189966892292,0.003194784549138685,0.5393670922867191,3.971679094224071,2.551397349983393,1.8745837958952412,0.06598726366117313,0.07241897171984268,0.0031878136243990163,0.11414464233515087,5.4541897599966855,0.6753957066828442,1.0366100684951176,0.06304488166020938,0.07250099166477852,0.0031883986658987062,0.09312841020903617,4.229355715827285,1.3885088716056138,1.0357629194329245,0.08871361406392575,0.07237582991922453,0.003196374342616881,0.06544865330164429,2.7054182635742388,2.498848909725757,1.105560222165014,0.08498745474394331,0.07221723175677797,0.0031944766397487,0.05582933604652096,4.396910093619548,0.5311146761133756,0.7490962205516407,0.05868882869381675,0.07254267992210117,0.003186204684011429,0.019836041845522345,2.6625490749737186,3.0490816203030513,1.0316185364004644,0.07485142873270689,0.07219887672466285,0.003190595050055478,0.37031937360544864,4.73185452169062,1.4678827908025616,1.2497018276257443,0.0693366885766471,0.07232749101163716,0.003189928348995341,0.021798161524899662
109.0,3.281203763204,1.7050861526972794,1.0309471506468557,0.07227216684576465,0.073805589639929,0.0032764155437488007,0.048896194194700815,2.3693770475375375,0.8789607584565573,0.5946931673606177,0.05901448201269588,0.07404733253754925,0.0032712891752773032,0.12804595139518593,4.430093654641151,2.8700299543145236,0.8251371210822547,0.06156292872460645,0.07391005873863632,0.0032713870492302455,0.6127602735153901,3.4561454694201275,5.41199967497475,2.1847490025889442,0.09335838911867578,0.07364452797253751,0.0032818225372994725,0.5334785646472504,3.9655651881728087,2.5696519610876334,1.925529806873898,0.06806855606474693,0.07382914236385307,0.0032742193465384872,0.10979722823176452,5.4870751012978145,0.6808862891801004,1.059547528958273,0.06492977116901155,0.07391381087627291,0.0032748016023385063,0.0983379332717007,4.243917294128703,1.388086536761901,1.0604205407015765,0.09197935679823122,0.07378255867545569,0.0032834732563293834,0.06778708028141889,2.7080785172542625,2.509604984633853,1.1329069513924268,0.08815649274618664,0.07361665749485757,0.003281484111749222,0.05743521516725414,4.41975618814245,0.5325161654855881,0.7627585045388283,0.06038364400499763,0.07395654840239363,0.0032724600134463877,0.02162636653003691,2.665856631809423,3.0701193011529737,1.0563752674356683,0.07752852774492247,0.07359815685593851,0.003277311988115983,0.36687979380225144,4.756183024212374,1.4784029805930032,1.2800243418674784,0.07157240733291426,0.07373318909405446,0.003276474734315915,0.024614809828757078
110.0,3.2843913774207967,1.7135465876554101,1.0541788700971417,0.07459455970212092,0.0752285679966711,0.0033641305917733177,0.04780191618608143,2.372653017224268,0.8833250989004848,0.6033366118664802,0.06069519847317384,0.07547809060594801,0.0033586533962250975,0.12529553808002003,4.416897855812325,2.8921599988410396,0.8414640522291386,0.06337770752200811,0.07533675638823745,0.00335874824301019,0.6033762905610711,3.446331724970465,5.433337204146387,2.2480646155376873,0.09687751425429392,0.07506183721158743,0.0033700084826575605,0.5277395191632102,3.960030527292753,2.5876131266781233,1.977149780448074,0.0701801510396729,0.07525562737900593,0.0033617528886322745,0.10560184609211776,5.520287758939386,0.6863302920676384,1.0827521790653125,0.06684522052017439,0.07534306603421914,0.0033623383718883737,0.10367283640198988,4.258581702195343,1.387405880707937,1.0854602033040175,0.09529335591838795,0.07520466679778393,0.0033717215822082203,0.07021556989239652,2.7110877081874687,2.519995063018743,1.160690620511121,0.09136372366897616,0.07503014225498816,0.003369642620286939,0.05918030117482509,4.442749123480918,0.5338567670851879,0.776534359016039,0.06209986985830973,0.07538701416176163,0.003359838372215762,0.023505943403707263,2.6695278869359056,3.090787920453515,1.0815183142125373,0.08023151947625484,0.07501201280156433,0.0033651642003538207,0.3635976297782815,4.780870609451355,1.4887564041553913,1.3107402413549032,0.07384443646280126,0.0751549854673832,0.003364157009960067,0.027585042858606634
111.0,3.2879641808256324,1.721783767108207,1.0777163298558872,0.0769613766184638,0.07666308862368076,0.003453059301493422,0.046841767338983153,2.376279798491794,0.8875952000259746,0.6120110987022498,0.062399593180838764,0.07692046013191378,0.003447213598185783,0.12267260277735126,4.404042509723512,2.914012520357001,0.8579699978956961,0.06522051596539402,0.07677518980541542,0.0034473046596081858,0.5941484569215874,3.437082068250619,5.453931507494952,2.312330036353071,0.10047236269254833,0.0764901218353744,0.003459430249124651,0.5221480319875202,3.955068153337704,2.6052819614059652,2.029427466946468,0.07233195519757807,0.07669408711956516,0.0034504917805611157,0.10155612662127966,5.553819455523978,0.6917269054704089,1.1062214594706932,0.0687970902350381,0.07678437072098276,0.003451083221498674,0.10913059047534102,4.273346929148286,1.3864724155027885,1.1108824851648524,0.09868007517979738,0.07663814745467468,0.003461207263540267,0.07273271855039187,2.7144430101882624,2.5300236619119465,1.1889112283893053,0.09463726570270792,0.07645418436058016,0.0034590369777776075,0.06106196386578322,4.465883922946842,0.5351375627731603,0.7904231256974423,0.06384433555775137,0.07682959454466776,0.003448414801327626,0.02547318210023386,2.6735575916230245,3.111089996935059,1.107048253868066,0.08298523180849449,0.07643667712275981,0.003454235851684473,0.3604703866225014,4.805907713236002,1.4989424182250843,1.3418446713504664,0.0761625905580674,0.07658853991788117,0.003453053145607843,0.030705906959913598
112.0,3.291917449914467,1.7297997947983546,1.1015582546401381,0.07937673125630873,0.07810761973082325,0.0035432319853692107,0.04601349032127544,2.3802483423833527,0.8917720024732678,0.6207165459469084,0.06413038471936083,0.07837286331534354,0.0035369981038941845,0.12017513235945598,4.391524077940818,2.9355881898753644,0.8746547403830438,0.0670947614728159,0.07822377425258775,0.003537084641214605,0.5850750284683834,3.428390218362325,5.47379553371915,2.3775246696808443,0.10415808472324573,0.07792800392437815,0.003550125586000874,0.5167021970484598,3.9506710758680317,2.622659609117266,2.0823458653322113,0.07452656964846982,0.0781429656930448,0.003540464129022425,0.0976577284102369,5.587662059495335,0.6970753187371126,1.1299526518824128,0.07078534255517832,0.07823614716161353,0.0035410619576494717,0.11470869726692667,4.288211124243263,1.385291610849606,1.1366877687206047,0.10214751299035552,0.07808151929436313,0.0035519661502791955,0.07533713684504662,2.718141678311887,2.539695286580552,1.217568522156681,0.09798914858612306,0.07788741797635534,0.0035497037678338117,0.06307760671913476,4.489155762781436,0.5363596153120276,0.8044241125649116,0.06561781366602837,0.07828268828562512,0.003538215044375015,0.02752651008471485,2.6779405660699993,3.1310280927579415,1.1329654797202595,0.08580120967187321,0.07787075450695546,0.0035445618545986157,0.3574955995231006,4.831284936713242,1.5089603986004008,1.373332480339489,0.07852928382883251,0.07803231019923818,0.003543191538571744,0.0339744853957451
113.0,3.296246551554641,1.7375967733883546,1.1257031989120332,0.08184091857648346,0.0795616219923283,0.003634660271029322,0.045314855927289344,2.3845497483024234,0.8958564335968133,0.6294528806723125,0.0658871788406139,0.07983466238219794,0.0036280171251750204,0.11780113885791188,4.379339056650243,2.9568876869471072,0.8915179994647202,0.06900082775680749,0.07968193746356356,0.0036280980026917042,0.5761542658062995,3.420249875337002,5.492942084039177,2.4436267105971208,0.10794296378972135,0.07937498639848872,0.003642113887338816,0.5114001261222918,3.946832277502946,2.6397472411215706,2.135887250297243,0.07676363368552375,0.07960176887575443,0.003631679240984731,0.09390433775804885,5.621807581642791,0.7023747224499832,1.1539428806633465,0.07280753582020516,0.07969789033693475,0.0036322817757934445,0.12040468925518333,4.303172592410979,1.3838688919237363,1.1628762379590558,0.10569697820130575,0.07953426365697291,0.003644014537797613,0.07802744953258367,2.72218104349616,2.54901442777856,1.2466619950364337,0.10142504998099833,0.07932928580533227,0.003641661741020208,0.06522466659085069,4.512559968020959,0.5375239688498423,0.8185365937655851,0.06741865969441152,0.079745794635937,0.0036292459196847204,0.029664372641631687,2.682671696559908,3.1506048094024663,1.1592701995291321,0.08868591381760904,0.07931374787093448,0.003636158960381053,0.3546708335493647,4.85699304318273,1.518809741638587,1.405198224852227,0.08094389575780303,0.07948582107363933,0.0036345817553007365,0.037387898024912936
114.0,3.300946939085233,1.7451768034216064,1.150149546763576,0.08435155784925463,0.08102510911581984,0.0037273453116393185,0.04474366283772957,2.389175273637864,0.8998494077533281,0.6382200386128303,0.06766743603790504,0.08130572013936455,0.003720270598408071,0.11554865924401136,4.367483977168603,2.9779116990292054,0.9085594318636843,0.07093709223856148,0.08114966700360338,0.003720343988702357,0.5673844350447261,3.4126547241105083,5.51138380728057,2.510613181728864,0.11183178084002066,0.0808310567563062,0.003735405835493033,0.5062399488876794,3.9435447188356045,2.6565460546217246,2.190033201132783,0.07904059788211004,0.08107060557319379,0.0037241355254864494,0.09029366848678988,5.656248171702546,0.7076243103666036,1.1781891146383088,0.07485910192684697,0.08116970509580623,0.0037247386111758374,0.12621612941629934,4.318229789826683,1.382209637402736,1.1894478757006133,0.10932512192363397,0.08099639973633321,0.0037373583750248685,0.08080229551791485,2.726558507365967,2.5579855592560885,1.276190884550771,0.10494706177695923,0.0807796614975036,0.0037349210340988925,0.06750061340540014,4.5360920084703675,0.5386316494139787,0.8327598095428823,0.06924328913630529,0.08121904180966588,0.0037215028024131236,0.03188523285007383,2.6877459327816773,3.169822783829641,1.1859624340063575,0.09164337970841796,0.08076565792467028,0.003729034945506804,0.35199368342641035,4.883022954984943,1.52848986572792,1.4374361747733948,0.08340347779317625,0.0809492082227643,0.0037272224373934293,0.04094330097592502
115.0,3.3060141485135044,1.7525419823940336,1.1748955120318474,0.08690293980982933,0.0824986196865245,0.0038212781206468094,0.04429773737587661,2.3941163425429344,0.9037518266154243,0.6470179638513174,0.06946595518999654,0.08278633852050366,0.0038137483863001087,0.11341575520539848,4.355955406337112,2.9986609210155923,0.9257786308002407,0.07289955739322673,0.08262747504908496,0.003813811367368025,0.5587638085143798,3.4055984382696876,5.5291331956518475,2.5784599739778296,0.11582653907288654,0.08229665393404506,0.003830005875906206,0.5012198129632259,3.9408013430325135,2.673057271291628,2.244764632277996,0.08135204896782078,0.0825501755282918,0.0038178203131322697,0.08682346174990574,5.690976115053591,0.712823281290691,1.2026881691095022,0.0769322655104876,0.08265229402352237,0.0038184163121699477,0.13214061101058272,4.333381319504587,1.3803191776850454,1.2164024611356803,0.11302287019202506,0.0824684594562024,0.0038319944501790104,0.08366032782692923,2.7312715372012457,2.5666131355077404,1.3061541711127402,0.10855387359936097,0.08223879746176355,0.0038294854065226147,0.06990294984476764,4.559747494780748,0.5396836654112858,0.8470929662072182,0.07108537475530285,0.08270317989903786,0.003814968795231799,0.034187571547211526,2.6931582853141176,3.1886846848965145,1.213042015583489,0.09467598271478828,0.08222695512606748,0.0038231905818530976,0.3494617733034704,4.909365750443976,1.5380002127280945,1.4700403191323677,0.08590194380087146,0.0824232134586933,0.003821101092321033,0.04463788631734067
116.0,3.311443794809206,1.7596944039268125,1.1999391386500617,0.08948353590912417,0.08398350174639102,0.00391643378869766,0.04397493326045954,2.399364553871903,0.9075645795062481,0.6558466085265522,0.07127290080566295,0.0842774638791659,0.003908424440562275,0.1114005129192801,4.344749946806893,3.0191360549142043,0.9431751256164094,0.07488015020911609,0.08411667707426052,0.003908472276565433,0.5502906654329176,3.399074683583953,5.546202581160999,2.647141890701385,0.11992532536975542,0.08377290211919997,0.003925910490374385,0.49633788392915035,3.938595080137466,2.6892821359888175,2.3000618254402565,0.08368747452457193,0.08404210630993214,0.003912703131430106,0.08349148583454324,5.725983829507469,0.7179708408694618,1.2274367080812199,0.07901329703299265,0.08414729916584829,0.003913278798894471,0.13817575736138288,4.348625926914352,1.378202793284815,1.2437395676297305,0.11677119822056037,0.08395176730418008,0.003927905817038724,0.08660021356965064,2.736317661068552,2.574901589742471,1.3365505770146076,0.11223885718785898,0.08370750040654373,0.003925350194680988,0.07242921103528088,4.583522174627897,0.5406810081315871,0.8615352361515147,0.07293359265109478,0.08419994139665876,0.003909606785862607,0.036569887280903046,2.698903823266119,3.2071932100106437,1.2405085874465946,0.09778402483712068,0.08369882909976889,0.0039186170737686155,0.3470727565161691,4.936012660865958,1.5473402493719024,1.5030043723644981,0.0884275650388191,0.08390953709850679,0.00391618730985499,0.048468881724981205
117.0,3.3172315682989386,1.7666361570310762,1.225278301237398,0.09206962858509282,0.08548277626812473,0.004012754262058049,0.043773131355594685,2.4049116882835393,0.9112885437510787,0.6647059325661613,0.07306881802849041,0.08578136222550903,0.004004239551512523,0.1095010428225649,4.333864237226283,3.039337809654503,0.9607483814805997,0.07686227570007631,0.085620247793456,0.004004264246191713,0.5419632925225728,3.3930771213357995,5.562604132620219,2.7166326951828736,0.12411783945501087,0.08526232565980285,0.004023100115679856,0.491592345334249,3.936918851099908,2.705221915589844,2.355904463171606,0.08602566966251946,0.08554994814916661,0.004008716483021146,0.0802955359583688,5.761263862190953,0.7230662033155033,1.2524312466925558,0.08107604372552357,0.08565831149899594,0.004009248428528345,0.14431922162744026,4.3639624956169625,1.3758657133911334,1.2714585608060265,0.12053027457207532,0.0854492856917961,0.004025046932699894,0.08962063389500363,2.7416944631165094,2.582855332058225,1.367378565820414,0.11598410977171136,0.08518770435392886,0.004022493470722033,0.07507696423266719,4.607411928989505,0.5416246522517909,0.8760857579151642,0.07476620168655845,0.08571309873521571,0.004005337535731179,0.039030696252340125,2.704977672068145,3.225351082009069,1.268361602843246,0.10096339439768087,0.08518394271726049,0.0040152862121574096,0.3448243153433932,4.9629550675948835,1.5565094686220204,1.5363217810310172,0.09095676913077622,0.08541186723362815,0.004012413424695271,0.05243355014654316
118.0,3.3233732311626376,1.773369325457006,1.250910705928542,0.09460781316523104,0.08700368951925164,0.004110098019464825,0.04369023941816197,2.4107497145249503,0.9149245850424581,0.673595903447358,0.07481113524197891,0.08730366170345283,0.0041010509676793205,0.10771547937933734,4.32329495233924,3.059266901011226,0.9784977991747228,0.07880848795564299,0.0871453617951472,0.004101038011352198,0.5337799845828233,3.3875994114626478,5.578349853191797,2.7869051612045905,0.1283708655264042,0.08677094850601907,0.0041215130958218715,0.4869813986892422,3.9357655715463435,2.720877897937657,2.412271663778717,0.08831950797543398,0.08708208740280732,0.00410570059668558,0.07723343406145133,5.796808886521703,0.7281085930519104,1.277668153854774,0.08306494548869114,0.0871938299479873,0.004106144556582869,0.15056868656917155,4.379390042918911,1.3733131145808741,1.2995585969132843,0.12420966549069412,0.0869681097093844,0.0041232989375372675,0.09272028393775633,2.7473995790356325,2.590478747806495,1.3986363421676735,0.11974255610627971,0.08668419141936212,0.004120847579275555,0.0778438085056048,4.631412768519548,0.5425155563383632,0.8907436362983829,0.07653666455447805,0.08725155681197894,0.004101977490023945,0.04156853224945589,2.7113750114099586,3.2431610462484484,1.296600324665023,0.10419736907126032,0.08668864070491811,0.004113119874287197,0.3427141607592832,4.990184499127869,1.5655073909778938,1.5699857309817964,0.0934373292777293,0.08693888219435086,0.004109619030597589,0.05652918946397634
119.0,3.329864614034112,1.7798959871195663,1.2768338914413966,0.09695745597988914,0.088566781890842,0.004208064654973143,0.04372419184296339,2.4168707949128776,0.9184735578156644,0.6825164959861776,0.07639059067849097,0.08886072378702492,0.004198456584625365,0.10604198084597893,4.313038803004141,3.078924051630967,0.9964227149638343,0.08061959481517889,0.08871244886342655,0.004198376493863343,0.525739045020841,3.3826352155220922,5.593451578430848,2.857931126518502,0.13257331766961222,0.08831566915930678,0.004220949907248084,0.4825032634474682,3.9351281553128894,2.7362513908907826,2.4691420174366416,0.09044615927584232,0.08866202237872933,0.004203213530308947,0.0743030285936559,5.832611699277901,0.7330972462798191,1.3031436550874904,0.08484158695168631,0.08877770715247957,0.004203474233131832,0.15692186430970922,4.394907715543848,1.3705501196750491,1.328038621483472,0.12757087246435317,0.08852832100049035,0.00422231032469611,0.09589787275829353,2.753430691682632,2.597776196132182,1.4303218519804064,0.123374232166658,0.08821075426502123,0.004220193310834119,0.08072737441814493,4.655520830019001,0.543354663346336,0.9055079425269654,0.0781279606306029,0.08884024945241586,0.004199027099406116,0.04418194657191021,2.7180910733195316,3.2606258678933697,1.3252238253068676,0.10742409659182606,0.08823069777611625,0.004211880475012197,0.3407400321808791,5.017692628292792,1.574333565728252,1.6039891549423402,0.09573359411356241,0.08851480638616316,0.004207360616643285,0.06075313215411615
120.0,3.3367016127067917,1.7862182135945326,1.3030452303792655,0.0986379305275693,0.09025100146882803,0.004305156715974867,0.04387294940598485,2.423267290033446,0.9219363056319962,0.6914676921541867,0.07744469504332985,0.09051686470890896,0.0042949528019278205,0.10447872903426125,4.303092536141588,3.0983099911495904,1.0145224005466575,0.08195280535253957,0.0904003802931701,0.0042947342414505485,0.5178387863423604,3.3781781994916384,5.607920974784277,2.9296815489933135,0.13625441869636212,0.0899603015182664,0.004320598255854513,0.4781561769739131,3.9349995177551462,2.7513437214652714,2.526493623371,0.09198922102154938,0.09037905775639477,0.004299638254706473,0.07150219429802984,5.868665217760375,0.738031412468052,1.3288538355459067,0.08596237920910133,0.09050070748588102,0.004299457262846751,0.16337649609113614,4.410514785319835,1.367581796729287,1.356897368282565,0.12980530327738027,0.09020698981563058,0.004320718713917593,0.09915212327571421,2.7597855268684506,2.6047520086759635,1.4624327830930968,0.1263397814121925,0.08982105199374857,0.004319622637970699,0.08372532371123809,4.67973237300036,0.5441429011132404,0.9203777144657317,0.07916019682618636,0.09057380710824603,0.0042946862372925665,0.04686950794827016,2.725121140377818,3.2777483293912213,1.3542309868019542,0.11036200117938577,0.08987715137208685,0.004310638095077923,0.3388996972118501,5.045471269488876,1.582987572145913,1.6383247405036103,0.09738764127834854,0.09023130242761912,0.0043040185331468805,0.06510274494789847
121.0,3.343880184946121,1.7923380696787428,1.3295419307621121,0.09697472484911174,0.0926429850026329,0.0043913667525181665,0.04413449900611344,2.4299317626846273,0.9253136615676105,0.7004494809201391,0.0760414346588063,0.09276013553898554,0.0043804474468300825,0.10302392907280744,4.293452934619773,3.1174254563893045,1.0327960630838877,0.08085216536978157,0.09279792447855684,0.004379874737544309,0.5100775306054781,3.3742220364136033,5.621769538507955,3.0021265652022597,0.13602676164271754,0.09216223755884467,0.004414812550297853,0.47393839450356046,3.9353725788511493,2.766156235060997,2.5843041279688723,0.09063339316981933,0.09288790857952822,0.004384459814865682,0.06882883199066425,5.904962477048052,0.7429103557650696,1.3547946432295923,0.08417105943387249,0.09302745161946202,0.00438270397958096,0.16993035202656026,4.4262106448822465,1.364413158149702,1.3861333585551776,0.1265784229693958,0.09257605888196707,0.004409085925008327,0.1024817721948259,2.766461849309902,2.611410488426822,1.4949665662830105,0.1251542982863274,0.09191746868915596,0.004412458684510234,0.08683534898369283,4.704043776345367,0.5448811828468392,0.9353519568774291,0.07765899004445398,0.09314283797126732,0.004377473923884878,0.04962980244608195,2.7324605440643968,3.2945312281224726,1.3836205012292746,0.11081718206087254,0.09210845341338203,0.004403099974787494,0.33719095138294586,5.07351237599338,1.5914690206220161,1.6729849384910147,0.09586831676426177,0.09275673336512735,0.00438909938630605,0.06957542848854903
122.0,3.3513963340383457,1.7982576114010262,1.3563210351617436,0.06099648478488895,0.07329147548621684,0.003250486887385051,0.04450685348029726,2.43685700225023,0.9286064493711721,0.709461856890929,0.04819863914282907,0.07339039511328149,0.0032444861165106254,0.1016758089223444,4.28411687766959,3.136271190244193,1.0512428429077354,0.0506284291755974,0.07332489724148772,0.003244630215351041,0.5024536016696786,3.3707604425797237,5.635008611213621,3.0752355456858105,0.08151318565666488,0.07324142096191455,0.003256743964890507,0.4698481908719745,3.9362402711356257,2.780690292752741,2.6425507578371645,0.057440041932398156,0.07334292758271488,0.003248202789182031,0.06628086791189336,5.941496512091457,0.747733357233118,1.3809618901048557,0.05441420451597212,0.0733703761056601,0.0032490476110633715,0.1765812305334249,4.441994722657401,1.3610491598132324,1.4157448979673193,0.08002199307049729,0.07327635343564065,0.003258471749038705,0.10588557066645254,2.7734574527834543,2.6177559090278413,1.527920374294336,0.07556789408453346,0.07319798643492703,0.0032555226333732534,0.09005517394638307,4.728451472934956,0.5455704079028867,0.9504296398492587,0.05003380285816039,0.07335342265738509,0.003246344245038557,0.05246143352522159,2.7401046639524482,3.310977379595097,1.4133908684366134,0.06551877922940896,0.07315800736069633,0.003251461969080882,0.3356116158904743,5.1018079570703385,1.5997775542003367,1.7079619680514537,0.06063320723393595,0.07326501432410559,0.003250721600470463,0.07416861740179348
123.0,3.3592461726676657,1.8039788937356271,1.3833794357596174,0.09823234219265586,0.09624864062486571,0.004570637018316059,0.044988050969692495,2.4440359213996334,0.9318154800332468,0.7185048263011451,0.07373798577214696,0.09640351375843981,0.004562122781175404,0.10043262035909395,4.275081037744909,3.1548479489112746,1.069861825652311,0.08125829292393627,0.09645775745664809,0.004559372920362126,0.4949653664319644,3.3677870114683386,5.647649298280813,3.1489771852564177,0.13404172954346327,0.09579446652067336,0.004584420371300801,0.4658838515442585,3.9375955173081203,2.7949472807222775,2.7012103885316376,0.0930924140017928,0.09668195302324234,0.004561390570368751,0.06385625562802089,5.978260931429103,0.7524997116103904,1.4073512669265202,0.08536355144564123,0.09676269250935476,0.004563515554100839,0.18332695965443913,4.457866882260939,1.3574947009754479,1.4457300894125864,0.12575869186119526,0.09610027886195605,0.0045851521474404855,0.10936228050948449,2.7807701861978478,2.623792512325005,1.5612911357331383,0.12435829532293186,0.09532834800629653,0.004589758492926421,0.09338255023532094,4.752952257076628,0.546211460772672,0.9656097084944286,0.07792038806523482,0.0969372499563832,0.004555861943761119,0.05536302118628189,2.748048922677028,3.3270895885182172,1.443540411743022,0.10864503362786682,0.09575040566204596,0.004573766482688146,0.33415954732683106,5.130350476728298,1.6079128472717308,1.7432478438809973,0.0992081888762355,0.09657201990649567,0.004565403748234331,0.07887977788949163
124.0,3.3674257863439596,1.809503954243461,1.4107138503389938,0.11205518532669068,0.09628260411773937,0.004718846257576903,0.0455761554053824,2.4514617695502685,0.9349415598323985,0.7275783946842074,0.08671003848577907,0.09667892875503581,0.004706464802273658,0.09929263628466867,4.266342486111586,3.1731564884598473,1.0886520185650168,0.09170803123928684,0.09647609683438141,0.00470659060890366,0.48761115348349904,3.3652955528307316,5.659702631302275,3.223319512204536,0.1518836388548812,0.09596193672763542,0.004731249889722733,0.46204369036790727,3.939431283037421,2.808928589576074,2.7602595262074683,0.10455258709029547,0.09640691469696439,0.0047136265713243475,0.06155297154772921,6.015248762155967,0.7572087374876935,1.4339583243538323,0.0986280411681939,0.09654133642797103,0.004715540899391524,0.19016539364823926,4.473826610898874,1.3537546225868624,1.4760868071780355,0.14938209419360993,0.09621578989134649,0.004735228513287559,0.11291068151110784,2.7883978904292612,2.6295245107488974,1.595075513171897,0.14178384235909647,0.0958353485983392,0.004730951098980807,0.09681526282769948,4.777542660239411,0.5468052145184887,0.9808910645846698,0.08976401244203913,0.09660668745318679,0.004709432259290658,0.05833320336082748,2.7562887918822776,3.3428707007127767,1.4740672496060747,0.12151181854328463,0.09583942956977243,0.004720498984176924,0.3328326174233336,5.159132048586557,1.6158746111429778,1.7788343492175533,0.11133023141770293,0.09620722376100854,0.00471923800585472,0.08370641151351244
125.0,3.3759313643421014,1.8148348289205773,1.43832085083569,0.1167898190704344,0.09761138881912013,0.0048317818612764185,0.04626925550016692,2.4591279224481886,0.937985483079784,0.7366825789899529,0.09020854113837196,0.09803572787870252,0.004818375904471317,0.09825415293263529,4.25789808670691,3.191197579061631,1.1076123747173825,0.09524377729361833,0.09780411782295273,0.004818668989680308,0.4803893351358042,3.3632797579521867,5.671179405867206,3.2982300092592616,0.15971941881828045,0.09731207717120283,0.004845208073853247,0.4583260316751385,3.9417405291199383,2.82263563395728,2.8196744063864654,0.10857234695675277,0.09771720591714006,0.004826296722408863,0.05936901894723823,6.052453600097509,0.7618597694254303,1.4607784993362203,0.10226741462078381,0.09785264589782638,0.004828147962720131,0.19709441588124088,4.489873822457989,1.3498337079645917,1.5068127233028847,0.15714524699848198,0.09755356449336183,0.004849746461287996,0.1165295639459627,2.7963384545066567,2.634956083520712,1.6292699298805582,0.1489115593050414,0.09720642594616713,0.004844462501004898,0.10035112398822621,4.802219569239599,0.5473525282590508,0.9962725856715928,0.09303423006554379,0.0979082762024488,0.004821853584870084,0.06137063430023115,2.764819783788027,3.358323547571307,1.5049693265952588,0.12722014659986236,0.09717502779933707,0.004833623925739161,0.33162873277253313,5.188145236081752,1.6236625902870583,1.81471308181789,0.11564245736339096,0.09750503649540221,0.0048322787989376614,0.08864605072608311
126.0,3.3847591301879323,1.8199735439660158,1.466196852806216,0.12055574646385114,0.09908751208318334,0.0049422197921291655,0.047065464860477135,2.467027988578515,0.940948036338034,0.7458174013737784,0.09280459121235074,0.09952479400703451,0.004927945804399592,0.09731548840220494,4.24974479874076,3.208971998543404,1.1267417813865088,0.09804418876474186,0.09928303694865948,0.004928261939451062,0.4732982868716036,3.3617333700765735,5.682090263322566,3.3736756529038594,0.1661137224632827,0.09879066849331153,0.004956816715421031,0.45472921911103814,3.9445162388549573,2.8360698420311126,2.8794310053582954,0.11185990609309515,0.09919582044129305,0.004936307380797977,0.05730242561086918,6.089869031224485,0.7664521634880095,1.4878071077689454,0.10513528605372002,0.09933276732468777,0.004938113668193189,0.20411193698963892,4.506008449591559,1.3457366818590866,1.5379052952918744,0.16306203816342313,0.09903128450652687,0.004961590176538522,0.12021773217430987,2.8045897825547943,2.6400913776730284,1.6638705607524131,0.15463277094318473,0.09868256613263604,0.004955916849787023,0.10398797581888841,4.826979912722966,0.5478542491021532,1.0117531161278128,0.0955762243317606,0.09938617558729135,0.004931499139060325,0.0644739852072247,2.7736374537233317,3.3734509713375616,1.5362444003178517,0.13190917356870946,0.09864362341415589,0.00494440573439503,0.3305458245639006,5.2173826487791,1.6312765654667682,1.8508754456443968,0.11920289847329091,0.09897437783348595,0.004942631843541712,0.09369626059079161
127.0,3.393905352467148,1.824922117236163,1.494338120785324,0.12414281462582633,0.10060633193344293,0.005053026722914744,0.047962921650404944,2.4751557880329025,0.9438299980475606,0.7549828903151603,0.09522598638521584,0.10105394631660802,0.005037889603872081,0.0964749826612179,4.241879615761483,3.2264805342544034,1.1460390628372248,0.10069916708830062,0.10080593926258707,0.005038206941270662,0.4663363957897211,3.3606501526105714,5.692445675289449,3.449622986644595,0.1721772655459417,0.10030623744289979,0.005068816745344762,0.45125161376257417,3.947751415131499,2.8492326570887094,2.939505086679567,0.11502633592868383,0.1007219215339279,0.005046666731320482,0.05535124402357505,6.127488744683717,0.7709852973118281,1.5150393508002553,0.10789625177241913,0.10086083442124805,0.005048451396298503,0.2112158949308771,4.5222305202155475,1.3414682102830011,1.569361769682454,0.16861791979203167,0.10054965423385731,0.00507376295524864,0.12397400380390833,2.813149796645751,2.644934507278771,1.698873338071977,0.16004113720509539,0.10019060758563558,0.005067816142668935,0.10772368936869103,4.8518207204298465,0.5483112122859213,1.0273314694413473,0.09800103510035996,0.10091357983475868,0.0050414732437937815,0.06764194396439471,2.782737398408204,3.388255818231398,1.5678900463000365,0.13635659066450412,0.10014984655455805,0.005055573913549605,0.3295818503131498,5.246837020325257,1.6387163540163985,1.887312664583273,0.12264766883561862,0.1004913081803811,0.005053345399334219,0.09885463802815497
128.0,3.40336634236161,1.8296825581246345,1.522740771199318,0.12771638084009762,0.10214469631906375,0.005164832359108029,0.04895978833084769,2.483505352004805,0.9466321389143628,0.7641790805082254,0.09761570900386962,0.1026020475025442,0.005148806968847008,0.09573099730465673,4.234299565284549,3.2437239835745446,1.1655029807569997,0.10333318773947386,0.10234899657608532,0.005149121249230504,0.45950206085626144,3.3600238909096802,5.7022559446421806,3.526038189331346,0.17819579086017168,0.10183899672632002,0.005181841976182877,0.4478915940641537,3.9514390824060373,2.862125537179707,2.999872241766038,0.11819474057412016,0.1022694290211108,0.0051580136335349636,0.05351355113694556,6.165306530646342,0.7754585710034956,1.5424703189823332,0.11066541379136474,0.10241050340728108,0.005159791638226441,0.21840425471849478,4.538540153273177,1.3370329003049686,1.6011791832973157,0.17413180843633036,0.10208672416657061,0.005186947675045239,0.12779720958792007,2.822016433838227,2.6494895530793094,1.7342739552328412,0.16540454612777067,0.10171397798132498,0.005180754096806517,0.11155616431815929,4.876739120406718,0.5487242416076477,1.0430064286468603,0.10041966471670527,0.10246301913510614,0.005152422802845891,0.07087321500873012,2.7921152550480803,3.40274093706608,1.5999036601487888,0.14076417312813394,0.10167316516236236,0.005167746777246407,0.3287347935921501,5.27650120619305,1.6459818105195412,1.924015792718448,0.12610315439713027,0.10202934532200292,0.005165063384501067,0.10411881147472446
129.0,3.413138451281213,1.8342568674728232,1.5514007754473318,0.13132543844537103,0.1036952244914513,0.005277840394820821,0.0500542513992821,2.492070921784909,0.949355222293593,0.7734060127441635,0.1000141563863508,0.10416211829588207,0.0052608912526910245,0.09508191531377541,4.227001708401473,3.260703154438973,1.185132234733751,0.10598364808149574,0.10390455552787614,0.005261201654059633,0.45279369313345175,3.3598483939651995,5.711531206682383,3.6028871437743186,0.1842727992535691,0.10338273543049281,0.0052961120832675235,0.4446475556981735,3.9555722885524367,2.8747499547818167,3.0605079302843317,0.12139999029098236,0.1038301984849972,0.005270548334307179,0.051787448134509084,6.203316278226177,0.7798714079706315,1.5700949965138338,0.11346974209071004,0.10397349684690127,0.005272327745883043,0.22567500815587538,4.554937554501139,1.3324352999163191,1.6333543647765603,0.1797003630012033,0.10363551281617056,0.00530137408119824,0.13168619332036524,2.831187643361253,2.6537605621909988,1.7700678708109234,0.17081555091011946,0.10324726711175636,0.005294939098314355,0.11548332866529432,4.901732336278401,0.5490941498431678,1.0587767467645532,0.10286016501625106,0.10402589977283849,0.005264545403295351,0.07416651920278117,2.8017667005105986,3.416909177971772,1.6322824599429593,0.14520596627450644,0.10320715487990118,0.0052811338690896825,0.3280026637588791,5.306368181478358,1.653072827420925,1.960975724772282,0.1296044338504725,0.10358028448524381,0.005277987258485162,0.10948644054325385
130.0,3.4232180685890357,1.8386470375074637,1.5803139631452128,0.134986875226633,0.10525505706387861,0.005392133239142893,0.05124452113041045,2.5008469472917865,0.9520000045676791,0.782663733784219,0.10243453544312064,0.10573132262187546,0.0053742196108492735,0.09452614081610378,4.2199831393721325,3.2774188658724235,1.2049254627755381,0.1086637778035624,0.10546962065308296,0.005374525785647233,0.4462097159876093,3.360117495997264,5.720281430486955,3.6801355053855707,0.19045479980263202,0.10493507827484772,0.005411725694306924,0.4415179114911538,3.960144106590921,2.88710739650194,3.1213875202150705,0.12465320257118151,0.10540115871928535,0.005384348568811426,0.05017106019663453,6.241511973463207,0.784223255686598,1.5979082655659815,0.11631485374132744,0.10554667303028342,0.0053861321320973765,0.2330261735690926,4.57142301219603,1.327679897965064,1.6658839363892453,0.18535802393392853,0.10519332463216546,0.005417140482523841,0.1356398117295199,2.840661383939658,2.657751547882614,1.8062503129862986,0.1763134172655465,0.1047883016939708,0.005410465197108305,0.11950313841320392,4.926797684575599,0.549421739156184,1.0746411472452455,0.10532977224022755,0.10559897477415969,0.0053779145208849854,0.07752059370273523,2.811687450578842,3.4307633912178592,1.6650234888496627,0.14971585924940323,0.10474936504561239,0.005395826489545286,0.32738349568776215,5.336431038745455,1.6599893355721407,1.9981832066889371,0.1331622296317443,0.10514105936761986,0.00539219534438784,0.11495521568407252
131.0,3.4336016194174124,1.8428550518024278,1.6094760255278429,0.138705779308681,0.10682300672292921,0.00550774872729054,0.052528831317801394,2.5098280851715637,0.9545672355182933,0.7919522962234704,0.10488042018673305,0.10730836973219615,0.005488826266381697,0.09406209884635519,4.213240985201717,3.293871948528544,1.224881241872605,0.11137794830825776,0.10704292290622108,0.005489127509330949,0.4397485652770454,3.3608250579574985,5.728516420412262,3.757748770580829,0.19676602960236345,0.10649505216221256,0.0055287371637904315,0.438501091305485,3.965147636301319,2.8991993628052204,3.1824863274655257,0.12795687350806162,0.10698110177490783,0.005499447447839145,0.04866253626513162,6.279887697367885,0.7885135863908133,1.6259049106857013,0.11919917479488928,0.10712878197403386,0.005501233219531887,0.24045579553916863,4.587996892980319,1.3227711241527151,1.6987643161245036,0.19111611963425634,0.10675904761009658,0.005534296642307979,0.13965693436955195,2.8504356212582636,2.6614664894178652,1.8428162843074336,0.18191680779462072,0.10633610841115271,0.005527384078422681,0.12361357725955635,4.951932572113256,0.5497078014973722,1.090598324421753,0.10782857238128374,0.10718096275436162,0.005492558542587567,0.08093419182379247,2.821873259275511,3.4443064261277856,1.6981236179630086,0.15431210821758423,0.10629879578540624,0.005511872765456616,0.32687534950037733,5.366682985917258,1.6667313047120436,2.0356288463377967,0.13677843904151832,0.10671048445002196,0.005507721230111784,0.12052285784789563
132.0,3.444285562572734,1.8468828852613628,1.6388825190060827,0.14248119580101637,0.10839867219338162,0.005624704031111705,0.0539054390167113,2.5190091965001624,0.9570576586909696,0.8012717583462825,0.10735065278612099,0.10889267949765058,0.0056047253072759595,0.09368823510849689,4.206772405204269,3.310063245228423,1.2449980886027436,0.11412612344583861,0.10862400182062348,0.005605020191378429,0.43340868952147327,3.361964968945451,5.736245817735941,3.8356923446823608,0.20322024581296239,0.10806233642586394,0.00564718239685158,0.43559554192751726,3.9705760057263544,2.9110273677673204,3.2437796549146642,0.13130898491448928,0.10856970054356063,0.005615857099153576,0.04726004880786583,6.318437624022404,0.7927418977258927,1.6540796232696966,0.12211724629549625,0.10871946870204141,0.005617638224630461,0.24796194463387033,4.6046596375680835,1.3177133490886517,1.731991720062731,0.1969741197336936,0.10833231504098251,0.005652870533010557,0.1437364435106967,2.860508325562509,2.664909331956178,1.8797605667910693,0.18763439215858302,0.10789026649072309,0.005645729375652664,0.12781265628801464,4.977134493415311,0.5499531189927365,1.1066469439672857,0.11035293880608998,0.1087715133731999,0.005608484163784677,0.08440608290305818,2.8323199182524985,3.45754113007934,1.7315795493621735,0.15900585477092655,0.10785512444027834,0.005629302406011671,0.32647631029696544,5.3971173442072296,1.6732987438818592,2.0733031243149105,0.14045024340571244,0.10828826539525815,0.005624577495458638,0.1261871181501304
133.0,3.4552663885277557,1.8507325041183376,1.6685288688750592,0.1463072949757227,0.1099821650820374,0.005743003195299412,0.05537262428819645,2.5283853441209336,0.9594720117514988,0.8106221839754233,0.10984041185776006,0.11048409938044745,0.005721917732513848,0.09340301573901666,4.200574590554058,3.3259936114936717,1.2652744597820917,0.11690491053412178,0.11021291697051794,0.005722203787954072,0.4271885500536907,3.3635311475425818,5.743479102420448,3.9139316090721525,0.2098249679111821,0.1096370314165318,0.005767089259660629,0.4327997269520707,3.9764223725703607,2.9225929388460736,3.305242830779453,0.13470365395845096,0.1101672180364135,0.005733575590403106,0.04596179358346397,6.357156018735193,0.7969077133130886,1.6824270061044806,0.12505980180583087,0.11031897672107416,0.005735339182643795,0.2555427171393876,4.62141175653138,1.312510884397684,1.7655621650273359,0.2029220324535599,0.10991324907247169,0.005772877686486488,0.14787723402823838,2.8708774693930375,2.6680839865060246,1.9170777273510193,0.1934682282672,0.1094506925742813,0.005765526311415581,0.1320984136617862,5.0024010281828355,0.5501584643208179,1.12278564336287,0.11289590713753528,0.11037090291120721,0.0057256826097180635,0.08793505216034347,2.8430232562414592,3.470470347584398,1.765387819386147,0.16380443058926142,0.10941847055592113,0.0057481362082447696,0.32618448788873167,5.427727546090324,1.6796917017757185,2.111196404821274,0.14417062620657983,0.10987471202357124,0.00574276262918838,0.13194577753692238
134.0,3.466540617499328,1.8544058659538876,1.6984103731706441,0.15017215924087868,0.1115741129210841,0.0058626373902157525,0.056928689944645505,2.537951789649246,0.961811026833217,0.8200036423174843,0.11234041903358838,0.11208285832123455,0.005840391365687481,0.09320492707154271,4.194644763826022,3.3416639160699013,1.2857087531637115,0.11970692049977405,0.11181024094510494,0.0058406646197926015,0.42108662115469864,3.3655175430673565,5.750225594983567,3.9924319873535836,0.21658230197717687,0.1112196551069271,0.00588848248912166,0.43011212666379084,3.9826799254987244,2.9338976166691544,3.366851246197271,0.13812992778522748,0.11177453234633505,0.005852586231585022,0.044765989406348794,6.396037236245411,0.8010105832674386,1.710941577967616,0.12801205810368677,0.11192817164465652,0.005854311002057244,0.263196234791891,4.638253826068442,1.3071679828765337,1.799471471517235,0.20893821283544156,0.11150246705495093,0.005894323228689657,0.1520782132905132,2.881541025451872,2.670994329925591,1.9547621235485195,0.19941369024621203,0.11101761101261998,0.005886795833448311,0.13646891431937958,5.027729838801839,0.5503246010783602,1.1390130323762042,0.11544593532860947,0.11198006476176126,0.005844127722991921,0.09151990055699599,2.8539791385604203,3.4830969194423744,1.7995448021223202,0.1687124566033429,0.11098939980005396,0.0058683898404190415,0.32599801653117355,5.45850713331032,1.6859102670273352,2.149298946597381,0.147926909703747,0.1114707736583509,0.005862260294448252,0.13779664645293144
135.0,3.4781047976108073,1.8579049197235697,1.7285222066708754,0.15405392524590233,0.11317590408391665,0.005983578930488509,0.058571961296787656,2.5477039901747984,0.9640754308742094,0.8294162078074869,0.11483421753084544,0.11368970452355764,0.005960114466807553,0.09309247540280818,4.1889801785263145,3.3570750414360706,1.3062993081866532,0.12251835717915993,0.1134172944473888,0.005960368662292215,0.4151013901730911,3.367918136754974,5.756494458461243,4.071159010289734,0.22348692917137392,0.11281133123872156,0.006011386365343263,0.4275312379154821,3.9893418853434426,2.9449429548338313,3.428580391925024,0.14156840551641503,0.11339344750190028,0.005972849957823101,0.043670877912153294,6.435075718975174,0.8050500846539399,1.7396177782857496,0.1309497468616243,0.11354885483056343,0.005974501690192646,0.27092064450935016,4.655186483776765,1.3016888386949366,1.8337152669199472,0.2149821360059776,0.11310131923974831,0.006017198465980478,0.15633830104612212,2.8924969645983998,2.6736442049650933,1.9928079096558484,0.20545616958347512,0.11259166850713065,0.006009555966490776,0.14092224967265832,5.0531186678891595,0.5504522841339066,1.1553276935548138,0.11798375191224242,0.1136009258779147,0.00596376610958016,0.09515944465315407,2.8651834666726383,3.495423681961285,1.8340467131055718,0.1737313883726559,0.11256913267860824,0.005990074645240373,0.32591505465840775,5.489449754921951,1.6919545684334203,2.1876009138935313,0.15169688749774268,0.11307837051245029,0.005983031648957748,0.14373756451107855
136.0,3.4899555031381175,1.8612316057969158,1.758859425038616,0.1579118247175364,0.11479035574907437,0.006105764547090331,0.060300785902284826,2.5576375946910157,0.9662659459437406,0.8388599599560123,0.11729185625621774,0.11530634045794841,0.0060810182798221035,0.09306418676009454,4.1835781186140615,3.372227884296548,1.3270444067780893,0.1253132642851238,0.11503680060673638,0.006081243440256401,0.4092313576296913,3.370726942865385,5.762294700450612,4.150078379298022,0.23051922715659412,0.1144143006092726,0.006135826145021728,0.42505557400377114,3.9964015062201854,2.9557305197162576,3.490405894062093,0.14498358009220524,0.11502751392690769,0.006094285419881551,0.04267472332369904,6.474265995327403,0.8090258218862711,1.7684499718447437,0.1338306067056232,0.11518459422840666,0.006095808123389723,0.2787141181237258,4.672210424433663,1.2960775876376562,1.8682889890039487,0.22097755912443517,0.11471253215806332,0.00614146885753275,0.16065642931053237,2.903743253973028,2.6760374203464776,2.03120904302399,0.21156193148562252,0.11417428068388391,0.006133820319450756,0.14545653730725983,5.078565335874597,0.5505422599690668,1.171728182736472,0.12047544298440904,0.11523729140016226,0.006084492666436958,0.09885251646357407,2.8766321777936312,3.507453466241688,1.8688896132240123,0.17885666120273402,0.11416010367741958,0.006113195361601154,0.3259337846186927,5.520549165366749,1.6978247751150466,2.2260923874558034,0.15544016214664325,0.11470125662666542,0.00610499533801967,0.1497664001643204
137.0,3.502089332838583,1.8643878560044058,1.7894169691011599,0.16166459199730232,0.11642344947046812,0.006229051731686308,0.062113533315953706,2.5677484402801274,0.968383289557162,0.8483349832018527,0.11965482575141495,0.11693660008112294,0.00620295175377672,0.09311860667015859,4.178435898015481,3.3871233560524794,1.347942274210757,0.12803948161679113,0.11667459712543815,0.006203131350084767,0.4034750373081941,3.373938009722826,5.76763517522092,4.22915602829265,0.23762575680794829,0.11603322680800732,0.006261827640843265,0.42268366454220807,4.003852076562088,2.9662618902870563,3.5523035487101207,0.14830555781498456,0.11668413571572689,0.006216718378759811,0.0417758122176215,6.51360267802732,0.8129374270694711,1.7974324535471622,0.13657479544565998,0.11684286282514433,0.006218015621479278,0.28657485211350586,4.68932639578807,1.2903383073837182,1.9031878896883656,0.22677207889985906,0.11634187514375638,0.006267040414643432,0.16503154225220884,2.915277855246407,2.678177750875772,2.0699592907438666,0.2176540934017086,0.11576854921658031,0.006259589974813018,0.15006992068542635,5.104067738618032,0.5505952670070036,1.188213029579693,0.12285634889796482,0.11689711547701043,0.00620608954353008,0.10259796331220938,2.8883212445431723,3.519189097518234,1.9040694128264652,0.18406854330360334,0.1157673860591375,0.006237741215463277,0.3260524124111255,5.551799222581247,1.7035210966178793,2.2647633755072727,0.15907757524716848,0.11634722470838366,0.006227976753728548,0.15588105037944988
138.0,3.5145029083623536,1.8673755936906034,1.8201896692617865,0.16513175148831305,0.11808942080522034,0.006353091358503704,0.06400859484164778,2.57803254808111,0.9704281749787347,0.8578413667729881,0.12179570188311617,0.11858998582358549,0.006325549780235029,0.09325429992966638,4.173550860131646,3.4017623832497423,1.3689910800174685,0.13058000982849816,0.11834468211678928,0.006325654590523921,0.39783095633270715,3.3775454206904905,5.7725245858818734,4.30835818367985,0.24465869710969246,0.11767892996973961,0.00638941039165708,0.4204140553321194,4.011686920075897,2.9765386579310182,3.6142493554893957,0.1513806357938301,0.11838069822168862,0.0063397370237630035,0.04097245329172239,6.553080462508264,0.8167845602882662,1.82655945321161,0.13901383647630405,0.11854126802936404,0.006340627472519067,0.2945010673372108,4.706535194368864,1.2844750178194886,1.9384070390862904,0.23202811182015282,0.11800303621073738,0.006393657201329894,0.16946259607835845,2.9270987229927594,2.680068937584217,2.1090522365892634,0.22354228886854033,0.11738195873196,0.006386822305505913,0.15476056885127765,5.129623845061997,0.550612035928002,1.2047807381166225,0.12498865242930846,0.11859910349550784,0.006328054010531048,0.106394647685907,2.9002466746388422,3.53063339455439,1.9395818760259727,0.1893015960918918,0.11740276860369336,0.006363656356713765,0.32626916742358425,5.583193886138642,1.709043782952826,2.303603824704079,0.16243581507365557,0.11803449198195493,0.0063515632961062,0.16207944031324217
139.0,3.5271928727454673,1.8701967337717629,1.8511722500371777,0.16784181920353225,0.11982927614320493,0.006476872611552498,0.06598438328586997,2.5884861190662263,0.9724013115119701,0.8673792045582518,0.12338887318079905,0.12029481165875966,0.006447763192291678,0.09346985037721378,4.1689203773408305,3.4161459080013223,1.3901889389637443,0.13262488686314367,0.12008765825249235,0.006447736369383339,0.3922976552328854,3.3815432950834223,5.77697148659942,4.387651422324557,0.25114841428489143,0.11938147830498202,0.006518553902497892,0.4182453082313118,4.019899396625396,2.986562426268704,3.6762195498379744,0.15381038746038422,0.12016666597917602,0.006462185793449482,0.04026297713318394,6.592694125338907,0.8205669098426394,1.855825140407851,0.14073176133960885,0.12033005088581517,0.006462276356163255,0.30249100876732893,4.723837661313077,1.278491681382583,1.973941329817193,0.23587281345110656,0.1197353235051617,0.006520520168525223,0.17394855892041683,2.939203803184827,2.681714687894472,2.1484812882281767,0.2286736712967139,0.11903615382684052,0.006515297030950773,0.15952667613853544,5.155231694918729,0.5505932899718902,1.2214297873302433,0.12652776084723438,0.12039651029485876,0.00644900466412901,0.11024144708714534,2.912404510628246,3.541789169086167,1.9754226251922296,0.19432235384485308,0.11909908807813707,0.0064907302385637244,0.32658230217197337,5.614727215422596,1.7143931245784994,2.3426036310455984,0.1650678146105049,0.11981463528504532,0.0064745993529879975,0.16835952299068868
140.0,3.5401558889845455,1.872853182796308,1.8823593347136924,0.1682060916313861,0.12180754826541973,0.0065964568359264675,0.06803933271313412,2.599105529651463,0.9743034047771104,0.8769485949912368,0.12336784803726086,0.12216828452271589,0.006565519799402342,0.09376386066691555,4.164541850497369,3.4302748883820833,1.4115339120787227,0.13310557224975827,0.12206758494224257,0.006565236794413121,0.38687368799743016,3.385925789023299,5.780984284850119,4.467002727322048,0.25514249203313666,0.1212544097176882,0.006649066694925043,0.4161760010209248,4.028482903047607,2.9963348109780963,3.738190634026431,0.15425742009534948,0.12223786768967404,0.006579706202791247,0.03964573598768073,6.632438522694346,0.8242841924324695,1.8852236293210116,0.14042178153499618,0.1224085016592551,0.0065779097903049255,0.31054294522565673,4.741234678220615,1.27239220343359,2.009785481582014,0.23544493233153485,0.12169596753105916,0.006644309405663407,0.17848841071938004,2.951591031808624,2.6831186758086467,2.188239684687889,0.23094920753844583,0.12081739805490521,0.006643850974544563,0.16436646188077475,5.180889396392933,0.5505397452273009,1.2381586317567939,0.12637158089696587,0.12249999259129662,0.00656384653972264,0.11413725388631102,2.92479082965719,3.5526592253109213,2.0115871456249628,0.19805776821618482,0.12098104753831151,0.006618101960772282,0.3269900920408233,5.646393367834921,1.7195694523272853,2.381752650717937,0.1654820274431823,0.12189065310834613,0.006592741164534566,0.17471927898579231
141.0,3.5533886386918474,1.8753468390071326,1.9137454501146571,0.1579472432576532,0.12541534553236566,0.00668315523100782,0.0701718982030961,2.609887327164179,0.9761351569757082,0.8865496409475115,0.11635222791757727,0.1252249530947278,0.006649193284632204,0.09413495204361189,4.160412708427809,3.4441502987946326,1.433024007743707,0.1261491937082937,0.12568155111093038,0.00664844737500081,0.38155762211665323,3.3906870962372553,5.784571243706149,4.5463795414232315,0.24319071694972205,0.12411759465978278,0.006783350636701879,0.414204727270552,4.0374308739063265,3.005857439614954,3.800139406827831,0.14566660527188446,0.12622536668884932,0.0066618632558155255,0.039119103529501764,6.672308588867912,0.8279361532931273,1.9147489836371925,0.13187878989939295,0.12642928306551582,0.006653270860599303,0.31865516911926806,4.75872716303931,1.2661804326532033,2.045934045993411,0.21709747301852733,0.1252098986012009,0.006739177014918329,0.18308114311095203,2.964258333595265,2.684284542115263,2.2283205040577294,0.2175980808778255,0.12342725904579455,0.006762574848917513,0.16927817012408441,5.206595123939806,0.5504521109078575,1.2549657021139393,0.11911729506550461,0.12665113645068304,0.006638159369900087,0.11808097517332294,2.9374017432706068,3.5632463594178887,2.0480707903987936,0.1920164565176714,0.12397272120568203,0.006742918389600838,0.3274908350252348,5.67818659703653,1.72457313727703,2.4210407108494705,0.15589179885424365,0.12594208636982884,0.0066758191101548015,0.1811567161045482
142.0,3.5668878208323584,1.877679592403525,1.9453250314696557,0.11849235738195452,0.10029940146760641,0.016101283485637552,0.07238055560930956,2.620828225185312,0.9778972671419739,0.8961824496553312,0.0906155228348915,0.10061402256634189,0.015567002240124861,0.0945817641197233,4.1565304074071765,3.4577731303011716,1.4546571828369759,0.09614545573714839,0.10056355831377806,0.01467938386785006,0.37634803861716737,3.3958214488039293,5.787740484133286,4.625749817978112,0.1633318303840312,0.10215291572321794,0.012300597253962042,0.4123300962035801,4.0467367821795595,3.015131951426504,3.8620429917897403,0.11149720861540757,0.10070201223140929,0.015432033728642658,0.03868147463279392,6.712299334892284,0.8315225662841241,1.9443952214427562,0.10511531913506555,0.10162796031283383,0.013386831524910825,0.32682599617765096,4.776316066005899,1.2598601614615368,2.0823814116522694,0.16139544511038473,0.10425508206152179,0.022667075285226268,0.1877257593100441,2.977203620870843,2.6852158946105864,2.2687166714121973,0.14868015967239012,0.10178628902550502,0.012938583270925452,0.17426006934167537,5.232347116082402,0.5503310896154168,1.2718494059540681,0.09689918605972814,0.10156753479521008,0.013202893919709524,0.12207153260886461,2.9502333972401056,3.5735533591544555,2.0848687853692454,0.1270854742446108,0.10190342247591744,0.01217433024905823,0.32808285147422955,5.71010125124444,1.7294045905697608,2.460457620157768,0.11800428025429266,0.10360279745055401,0.01766571973495834,0.18766986907011152
143.0,3.580650150530274,1.8798533248087779,1.9770924273762365,0.15556907101639794,0.1288127870573086,0.006891291572932889,0.07466380132103989,2.6319250988244107,0.9795904313824821,0.9058471326189976,0.10398254495048809,0.12898711286998843,0.0068615121015467295,0.09510295465387175,4.152892430751989,3.471144390947729,1.4764313439320298,0.1229769332359556,0.1291815250740882,0.006859081824404978,0.37124353207244853,3.401323117860305,5.79049998736463,4.705082069281248,0.2351837398585328,0.1280375708479471,0.006933025084983058,0.4105507325509157,4.056394139944648,3.024159997185425,3.9238788640639517,0.1469047469338891,0.13006032864299666,0.006861629829505667,0.03833126514373397,6.752405846813257,0.8350432339323044,1.974156320125522,0.12553740917249057,0.13007142436469543,0.006864316565522444,0.335053765193412,4.794002365519689,1.253435126462008,2.1191218094595268,0.20650815390004507,0.1284484655053757,0.006933068561009392,0.1924212739995803,2.9904247925024707,2.6859163083448467,2.3094209669363677,0.2123314789246309,0.1268000752118894,0.0069501081091463135,0.17931045215487718,5.2581436731342155,0.5501773775905017,1.288808128340278,0.11217565247914418,0.1304027297112551,0.006841608624260864,0.12610786227662896,2.9632819714467837,3.5835830034427474,2.121976234329793,0.18317968809081453,0.12786036264829947,0.006901957898167055,0.3287644838361081,5.742131771443268,1.7340642631838654,2.4999931794657395,0.15913600880010081,0.12987206556329367,0.006871862206073054,0.19425679921325045
144.0,3.5946723579770006,1.881869909922964,2.009041904843624,0.1895898768294373,0.1281649176338968,0.007117286250281296,0.07702015202387491,2.6431749798366515,0.9812153431001103,0.9155438055547003,0.13604919755911027,0.12881039653752602,0.007081682383430987,0.09569719933102938,4.149496288123446,3.484265105999791,1.4983443485477377,0.1472401909368397,0.12850944186020374,0.00708249200667499,0.3662427106408721,3.40718641423282,5.792857597139614,4.7843454122077596,0.2767465210225364,0.12760555680716568,0.007153034221410337,0.40886527642963966,4.066396498886065,3.0329432389607858,3.985624875748777,0.17473127743152617,0.1286011418446833,0.007102417606651201,0.03806691165448495,6.792623284977845,0.8384979874333598,2.0040262212772118,0.16112827139193575,0.12878052245118798,0.007107495732054048,0.3433368377584034,4.811787064333179,1.2469090088948187,2.156149318154409,0.2678300410671417,0.12800242601411327,0.007163289804226647,0.1971667132084578,3.0039197329912506,2.686389325853895,2.3504260342337835,0.25366617335142516,0.12718064466737378,0.007152552922742306,0.18442763504673376,5.283983155287586,0.5499916649508241,1.305840232546994,0.14264979667045408,0.12883933974689654,0.007089743078095179,0.13018891453229342,2.976543679719282,3.5933380619936295,2.1593881243041126,0.21141888988524205,0.12723166171736766,0.007122648428115053,0.32953409640418085,5.774272689931159,1.738552645649809,2.539637192069205,0.18899483365625436,0.128144913376242,0.0071183960884306785,0.20091559415818372
145.0,3.608951187384186,1.8837312133930162,2.041167654407606,0.19951759538223524,0.12946106883813258,0.007266763272797405,0.07944814446635373,2.6545750517866322,0.9827726932097702,0.9252725883354813,0.14351925854756953,0.13016292414826447,0.007228843152352837,0.09636319154466966,4.146339515224721,3.4971363182226733,1.5203940064445334,0.15417676248606194,0.1297981001867461,0.007229815999997502,0.3613441960462964,3.4134056890648576,5.7948210221409,4.8635096110693485,0.29350947735355826,0.12895627462402048,0.007304517523233134,0.4072723831856533,4.076737450928771,3.0414833499624594,4.047259279722961,0.18268739374416665,0.12984099108317615,0.007251523775946289,0.037886871277711176,6.832946882068088,0.8418866866112129,2.0339988355731213,0.16874333657270446,0.13001807805112886,0.007256775098992918,0.3516735980094259,4.829671185436629,1.2402854351196457,2.193457870063029,0.2863819213248888,0.1293252495438697,0.007317002576987086,0.2019611142043174,3.017686311621705,2.6866384574361013,2.391724388797893,0.26907812887954563,0.12859448422270026,0.007302571520009238,0.18960995809139636,5.309863980302587,0.5497746359173572,1.3229440607759448,0.1493181768649161,0.13004588140690876,0.007238730483305034,0.13431365385686167,2.990014769789511,3.6028212949976757,2.1970993309673643,0.22289920628886062,0.12854374763168108,0.007272060083527876,0.3303900750655604,5.806518628505302,1.742870267732326,2.5793794739312097,0.19756799694016536,0.12935345794262787,0.007268476339747032,0.20764436752069315
146.0,3.6234833960350783,1.8854390928674558,2.073463795305925,0.2061070752785943,0.13099276085499367,0.007408618674242362,0.0819463352254668,2.6661226450899926,0.9842631703390414,0.9350336049449077,0.14790723782707538,0.13171301758145226,0.0073686160063344275,0.09709964218062339,4.143419673208477,3.5097590880737806,1.542578080965268,0.1587896178340782,0.1313294211893501,0.007369585384985555,0.3565466235879162,3.419975334371201,5.796397838288286,4.942545117607057,0.3057256687369003,0.13050589780078958,0.007449170227678437,0.4057707232624037,4.087410628699988,3.0497820143220955,4.108760751936979,0.18816512914226458,0.1313748203763363,0.007392362504143879,0.037789621423057085,6.873371942151338,0.8452092198402172,2.0640680476340423,0.17343557267758047,0.131548420966904,0.007397543784208871,0.3600624523695082,4.847655768267989,1.233567977104506,2.2310412570488842,0.29798331044735793,0.1308638142366494,0.007462534361110773,0.2068035253755678,3.031722381750052,2.6866671814118215,2.433308426626402,0.2799077215704582,0.13014330608603064,0.007446738535691111,0.1948557846761103,5.335784621562523,0.5495269690294569,1.340117934891361,0.1534061416464132,0.13156500514678493,0.007378783832313829,0.13848105870693228,3.0036915231971153,3.6120354528104293,2.2351046241772026,0.23140955128340135,0.13006744397317593,0.007414633892576017,0.33133082705086414,5.8388642969807485,1.7470176980612062,2.619209863688469,0.20353573784365064,0.13086762868254498,0.00741014712782917,0.21444125860163155
147.0,3.6382657533990885,1.8869953980547494,2.1059243807025156,0.21190447551135083,0.13259093551124623,0.007549523292782023,0.08451330047536709,2.677815232062936,0.9856874610184008,0.944826983436112,0.15158647508260392,0.1333217777146647,0.007507440216984129,0.09790527940283056,4.140734348209121,3.5221344938863086,1.5648942904152374,0.16283773587713846,0.13292994579436002,0.007508392626569549,0.3518486421277043,3.4268897835653926,5.797595491086309,5.021423108076062,0.31663159317105904,0.13210986798936997,0.007593014232059936,0.40435898205809995,4.098409706003778,3.0578409268922924,4.170108412150135,0.19309319609233677,0.13298884526417876,0.007532175300371868,0.03777365957483392,6.913893839379216,0.8484655039305644,2.0942277208518267,0.17756489950189236,0.13315967057617684,0.007537286370593588,0.3685018292933062,4.8657418648764885,1.2267601529323646,2.268893136649365,0.3078534755021085,0.1324632533255965,0.007606919796474099,0.21169300611810282,3.0460257801766604,2.6864789444005766,2.475170432958194,0.2894623165490344,0.13173177898021438,0.007590278923979454,0.20016350122973092,5.361743606034908,0.5492493373488272,1.3573601571671672,0.1569618635269059,0.13316935436523192,0.007517684965588689,0.14269012136651238,3.0175702552406904,3.620983275677412,2.273398673605174,0.2390511918265128,0.1316477817190358,0.007556410981334416,0.3323547806859466,5.8713044916258035,1.7509955437253422,2.6591182324484426,0.2089429222328496,0.1324633505052506,0.0075508059117819215,0.22130443208603667
148.0,3.6532950403186097,1.888401970778708,2.138543402950274,0.21748089583193453,0.13421690437568712,0.007691010662199016,0.08714763575790085,2.6896504219569586,0.9870462498601951,0.9546528558940133,0.15505321988232534,0.13495603278406998,0.00764679700428017,0.09877884844102214,4.13828115086198,3.5342636320186127,1.5873403094778213,0.16671726610621374,0.13455951638037433,0.007647736374145175,0.34724891407346803,3.434143511947274,5.7984212979548495,5.100115517384847,0.3271135347447536,0.13373654407185054,0.007737511783033835,0.4030358597845001,4.109728398249651,3.0656617930365626,4.231281843102536,0.1978861882301297,0.13463584402595385,0.007672549999367728,0.03783750307125988,6.95450801679271,0.8516554839799095,2.124471702172696,0.18157314668272884,0.13480420967473217,0.007677613887794976,0.3769901790138528,4.883930536170038,1.2198654273194887,2.3070070383860206,0.31720807919868976,0.1340882025688015,0.0077518516992949316,0.21662862672167815,3.060594326615888,2.686077161602509,2.517302591112884,0.29860784321219347,0.1333376346520394,0.007734521493314439,0.2055315169531644,5.387739512292077,0.5489424086532346,1.3746690110443147,0.16038395588115018,0.13480823372405748,0.007657102100670166,0.14693984779897118,3.0316473149396375,3.6296674934817363,2.3119760544543175,0.24640416973457713,0.13325100716594918,0.007698817780913636,0.3334603851455342,5.903834093652531,1.7548044498286508,2.699094493360996,0.21422341570455572,0.13409186770152592,0.007692059626391412,0.22823207774447907
149.0,3.668568048263735,1.8896606450316478,2.1713147988811796,0.2230137422619105,0.13585806271957157,0.00783359265285366,0.08984795575522053,2.7016259559987406,0.9883402197268154,0.9645113583985574,0.15845536034370777,0.1366045103804523,0.0077871780655867084,0.09971911138040923,4.1360577158296135,3.546147616973012,1.609913770661993,0.17055292302290592,0.13620490611062674,0.007788109621052808,0.34274611535564947,3.4417310371542227,5.798882450548328,5.178595070268226,0.3374990988326121,0.1353759686448761,0.007883189062051876,0.40180007132561135,4.121360462846183,3.0732463284138745,4.292261108119137,0.2026679241482583,0.1363008062700879,0.007813996639137066,0.037979688885315,6.995209985165362,0.8547791331930243,2.154793826828941,0.18557585841195223,0.1364667417932819,0.007819030921398351,0.3855259732911138,4.902222848231605,1.2128872121450307,2.3453763702350985,0.3264328271656378,0.1357271895614196,0.007897921350340287,0.22160946825677286,3.0754258232565435,2.685465217084624,2.559696991412968,0.30765124159296153,0.13495349655421984,0.007879955210494227,0.2109582635524223,5.413770968567845,0.5486068456202542,1.3920427618950244,0.16378197385579263,0.1364654352702841,0.0077975563528140945,0.15122925749942517,3.0459190850088023,3.638090825514211,2.3508312532500706,0.253686539722247,0.13486652226755247,0.00784235395752031,0.3346461102089284,5.9364480677411215,1.7584450990107259,2.739128610948579,0.21950456850888234,0.13573784647708376,0.007834422166670851,0.2352224101371565
